Basin_ID,Rasterstat_Cell_count,Rasterstat_CellArea_sum,Rasterstat_CellArea_range
"26088",1,1396.84191894531,0
"2077",1,278.623199462891,0
"13455",1,784.06396484375,0
"408",26,15032.9736022949,293.367645263672
"47782",8,22829.6545410156,998.736572265625
"345",4,1485.30902099609,196.796081542969
"39108",251,663246.536132812,621.207763671875
"37772",1,2569.435546875,0
"2576",1,168.778961181641,0
"55818",1,521.025817871094,0
"56034",1,520.599792480469,0
"29405",4,8668.17993164062,19.030517578125
"44311",1,2218.09936523438,0
"5823",1,1052.40942382812,0
"66522",1,479.889923095703,0
"39",1,183.278259277344,0
"33304",3,6218.48828125,850.330322265625
"66914",1,47.0773315429688,0
"18791",1,49.7419281005859,0
"56964",1,335.106079101562,0
"66917",1,171.197692871094,0
"56611",1,183.20832824707,0
"66521",2,2265.61751556396,2134.73844146729
"66920",1,93.1064910888672,0
"64257",8,21444.2329101562,52.3935546875
"66922",1,16.7083358764648,0
"33511",2,4741.14111328125,17.083984375
"56042",2,3064.78241729736,2881.04131317139
"374",52,29828.0898742676,266.958038330078
"3888",2,1794.87835693359,52.8787231445312
"66927",1,1.59822928905487,0
"23522",72,141076.757446289,258.606079101562
"5174",6,5355.62896728516,882.198669433594
"5387",1,657.194519042969,0
"16453",2,2792.21936035156,293.105834960938
"22026",1,598.623962402344,0
"65944",4,9749.69921875,16.34033203125
"49673",1,332.181945800781,0
"3994",1,923.878540039062,0
"32941",1,984.7998046875,0
"11793",1,1327.29077148438,0
"44316",1,85.3115081787109,0
"49267",2,6018.3486328125,0
"18377",1,588.687255859375,0
"47998",1,237.745758056641,0
"48755",1,89.7450561523438,0
"55625",1,2116.32373046875,0
"66944",1,126.881240844727,0
"54450",2,4612.67065429688,1537.55688476562
"42297",2,5008.86743164062,525.792724609375
"66342",3,6119.30236816406,756.318237304688
"4272",3,2216.99124145508,709.603240966797
"20323",1,1748.00988769531,0
"5704",1,1052.40942382812,0
"57994",1,513.372131347656,0
"66952",1,196.578491210938,0
"66861",2,3374.0625,253.961669921875
"3212",1,409.84228515625,0
"47281",1,2942.47802734375,0
"47789",9,25650.2725830078,1176.62561035156
"55847",1,3062.35180664062,0
"55238",1,2548.9384765625,0
"37224",1,1701.556640625,0
"10122",1,37.6050567626953,0
"15084",1,1471.92138671875,0
"37552",1,1992.61450195312,0
"52486",2,5899.4033203125,245.80859375
"65978",2,4891.18994140625,0
"62127",1,85.0032653808594,0
"4800",1,165.840347290039,0
"49516",1,332.181945800781,0
"36588",9,20493.1835327148,1715.67120361328
"7099",1,756.106140136719,0
"7048",6,6814.33325195312,208.275390625
"66971",1,37.3755073547363,0
"66972",1,374.71728515625,0
"26655",1,61.3378639221191,0
"20413",1,384.562194824219,0
"44799",2,5611.88159179688,75.552490234375
"35582",1,147.704772949219,0
"13990",1,113.933219909668,0
"6245",1,301.802703857422,0
"38722",1,2612.65478515625,0
"66980",1,85.6247482299805,0
"54646",1,584.271606445312,0
"66982",1,0.298516452312469,0
"9825",1,313.37548828125,0
"66984",1,132.649780273438,0
"65876",1,1772.45739746094,0
"52219",1,583.145446777344,0
"38919",8,20765.7954101562,302.74072265625
"2581",1,276.183715820312,0
"66989",1,98.1349792480469,0
"4195",1,175.536926269531,0
"62303",1,2597.11694335938,0
"782",1,528.033447265625,0
"6083",6,6039.86663818359,327.172485351562
"8200",2,1887.50250244141,520.094909667969
"7773",2,1790.26330566406,567.336059570312
"65421",7,17651.0808105469,465.815185546875
"14369",2,2606.22241210938,242.108154296875
"66998",1,42.7307281494141,0
"461",1,327.306884765625,0
"57989",1,1419.32287597656,0
"58601",21,61748.4050292969,929.26123046875
"47944",139,391872.719116211,1653.07214355469
"23416",1,526.040649414062,0
"67004",1,32.5388832092285,0
"35242",1,415.751159667969,0
"15460",1,1405.88525390625,0
"5618",1,378.867370605469,0
"15070",1,323.822723388672,0
"17494",1,492.654266357422,0
"67010",1,15.0383281707764,0
"8272",1,129.667953491211,0
"22044",3,3693.14761352539,1683.31271362305
"13457",1,196.015975952148,0
"40758",1,757.811889648438,0
"105",1,326.652801513672,0
"55747",1,2543.83178710938,0
"6744",1,915.686340332031,0
"60353",2,5129.45263671875,739.72802734375
"67019",1,48.1513977050781,0
"3606",1,148.227081298828,0
"50269",1,515.80419921875,0
"40171",1,2519.84130859375,0
"4547",1,185.350982666016,0
"54045",1,1969.38623046875,0
"2520",1,253.168426513672,0
"16423",1,1064.43713378906,0
"1242",7,4097.43060302734,26.6806640625
"48962",6,16693.6085205078,1321.54309082031
"11770",1,1181.28881835938,0
"67030",1,0.977595865726471,0
"67031",1,169.177154541016,0
"1279",1,290.767852783203,0
"67033",1,773.171569824219,0
"5593",1,410.439697265625,0
"19041",1,829.032165527344,0
"3959",4,3155.75305175781,435.998657226562
"8864",1,168.531814575195,0
"67038",1,22.0019416809082,0
"6646",1,1103.23657226562,0
"54590",2,3322.03497314453,2830.01678466797
"50884",2,4906.95483398438,1185.88305664062
"25375",1,1051.28552246094,0
"7669",2,1628.74459838867,728.854766845703
"2979",1,23.803897857666,0
"6446",1,118.56534576416,0
"23580",3,5009.00439453125,605.723999023438
"54242",1,584.574890136719,0
"14006",1,1068.1240234375,0
"67049",1,0.562371850013733,0
"22335",4,7364.47497558594,21.5687255859375
"67051",1,326.131622314453,0
"12166",1,337.918762207031,0
"67053",1,257.608337402344,0
"65838",2,4939.45458984375,15.9619140625
"62882",2,3878.39587402344,1702.02990722656
"27063",1,681.325073242188,0
"6227",4,4160.56591796875,150.9013671875
"49449",3,9043.62744140625,10.66162109375
"8945",2,2178.87567138672,228.721740722656
"12958",1,1334.67163085938,0
"16417",1,1260.93908691406,0
"50260",1,2791.41088867188,0
"2368",4,2804.62268066406,79.4022216796875
"49714",1,90.7448883056641,0
"67065",1,0.0207908879965544,0
"43611",2,3441.64880371094,2204.25793457031
"67067",1,49.2542953491211,0
"42358",34,95181.1159667969,88.142822265625
"49090",2,3934.59429931641,2072.41986083984
"31392",7,14675.3902587891,992.517456054688
"67071",1,110.938301086426,0
"13008",1,1224.59558105469,0
"49916",1,515.03173828125,0
"54396",1,2399.30004882812,0
"67075",1,60.7896575927734,0
"38478",1,285.829132080078,0
"20304",1,811.09228515625,0
"3051",2,1432.81726074219,154.109252929688
"23119",1,826.63525390625,0
"49888",2,3029.59865570068,2847.82273101807
"30638",2,4145.60607910156,329.156127929688
"44873",1,2376.80786132812,0
"62711",29,80844.291015625,413.802490234375
"66270",2,4346.25024414062,343.272705078125
"2696",1,383.588531494141,0
"4893",10,9618.69494628906,466.172180175781
"47574",2,4998.33068847656,916.853393554688
"8213",1,200.395950317383,0
"20053",1,379.660217285156,0
"3538",1,26.1577186584473,0
"5768",1,610.3974609375,0
"47338",2,5664.27880859375,236.01171875
"55072",1,337.986663818359,0
"279",3,1261.54428100586,53.90283203125
"52325",2,2914.64050292969,336.523559570312
"30080",1,416.47607421875,0
"8206",6,6658.19635009766,639.300354003906
"7158",1,214.418151855469,0
"23426",1,56.9996643066406,0
"67100",1,0.18357264995575,0
"37989",12,31122.7426757812,43.21923828125
"66851",1,598.6240234375,0
"28850",6,11908.8726806641,962.158569335938
"173",1,269.136810302734,0
"17822",1,274.089172363281,0
"504",1,275.127532958984,0
"1663",1,634.847106933594,0
"32642",2,2996.40899658203,1693.11395263672
"67109",1,17.4228057861328,0
"67110",1,48.2443923950195,0
"5374",6,5791.52679443359,369.671936035156
"67112",1,14.9162378311157,0
"16425",1,92.5597534179688,0
"6459",16,17573.8963623047,431.5341796875
"12903",2,2080.92858886719,622.421508789062
"1696",1,330.712921142578,0
"67117",1,0.301461726427078,0
"21137",5,8549.83459472656,300.925903320312
"58928",1,238.813171386719,0
"57370",1,425.384460449219,0
"11281",1,104.223937988281,0
"3245",1,776.012329101562,0
"8271",2,1992.17144775391,365.427917480469
"50058",1,757.399658203125,0
"3599",2,1578.03863525391,217.837219238281
"67126",1,10.5921678543091,0
"40295",1,750.591003417969,0
"5701",1,1052.40942382812,0
"20833",1,194.716735839844,0
"34238",1,670.883422851562,0
"6025",1,183.237365722656,0
"49101",8,22418.5252685547,1591.85876464844
"10427",1,1278.20227050781,0
"26230",3,5263.34765625,870.438598632812
"65788",1,74.8043746948242,0
"54718",31,94446.9296875,428.988525390625
"2319",1,266.698120117188,0
"32049",6,13697.2785644531,17.987548828125
"65910",3,6006.66101074219,1378.57800292969
"61752",7,17743.0075683594,2331.03686523438
"33699",1,190.329010009766,0
"24041",1,633.966491699219,0
"27655",11,23027.83203125,19.69970703125
"3952",1,563.56591796875,0
"49678",1,754.958984375,0
"50771",474,1416709.00463867,158.191650390625
"47787",2,5521.5654296875,422.07861328125
"67148",1,0.125350192189217,0
"9411",1,135.157028198242,0
"53314",1,2061.39575195312,0
"30082",1,1448.24291992188,0
"6644",1,1103.23657226562,0
"67153",1,15.9672021865845,0
"27509",1,1563.36364746094,0
"4188",1,618.998596191406,0
"6447",1,603.605407714844,0
"25227",1,372.950317382812,0
"64763",2,3102.95745849609,2205.19732666016
"48905",1,509.594757080078,0
"18786",1,547.161254882812,0
"11181",1,898.931396484375,0
"25363",2,3291.88012695312,633.912841796875
"54383",1,338.362854003906,0
"922",1,528.033447265625,0
"55245",1,583.491943359375,0
"4057",1,923.878540039062,0
"2357",1,696.378356933594,0
"34711",1,1676.18566894531,0
"52629",2,5622.86889648438,522.343017578125
"35385",1,541.584167480469,0
"44009",1,708.360534667969,0
"67172",1,48.869197845459,0
"66158",1,261.702392578125,0
"2787",1,618.9013671875,0
"49908",3,7483.10864257812,1514.79931640625
"44055",10,28301.4602050781,41.52587890625
"34914",1,72.8776397705078,0
"67178",1,135.950912475586,0
"46669",3,8528.67797851562,225.792236328125
"3040",1,680.338195800781,0
"56803",1,579.511169433594,0
"67182",1,288.210235595703,0
"67183",1,45.1589508056641,0
"36819",2,5048.88916015625,0
"1705",1,310.870147705078,0
"46381",3,7823.98779296875,896.08349609375
"2518",1,145.763641357422,0
"29577",1,1090.65893554688,0
"2795",1,87.2809524536133,0
"373",9,4991.90026855469,213.965423583984
"54232",1,184.602600097656,0
"67192",1,228.421325683594,0
"39265",2,3102.95748901367,2205.19729614258
"51807",1,183.741119384766,0
"30583",2,4437.732421875,0
"30783",1,178.990493774414,0
"67197",1,339.76123046875,0
"38245",2,5182.48681640625,14.40673828125
"36721",1,75.7333374023438,0
"7159",4,4288.36315917969,157.992309570312
"41855",1,164.616577148438,0
"17351",1,297.539581298828,0
"50886",1,2043.53942871094,0
"14338",1,1267.50708007812,0
"55023",6,17775.6218261719,680.533447265625
"37162",4,10173.5441894531,14.997314453125
"5172",1,30.0371932983398,0
"24945",1,1962.896484375,0
"347",1,147.66194152832,0
"67210",1,169.159271240234,0
"27519",2,3627.98498535156,501.257690429688
"66074",1,2267.96313476562,0
"48332",1,1251.01391601562,0
"38168",1,77.5212020874023,0
"67215",1,608.052673339844,0
"3605",1,217.980987548828,0
"8809",1,469.481506347656,0
"50869",1,1858.31555175781,0
"63903",35,94540.6166992188,63.955810546875
"56936",27,82351.8469238281,18.198486328125
"60646",6,16311.4448242188,1247.015625
"56225",1,428.346649169922,0
"19578",4,6476.9482421875,470.528076171875
"53668",2,3323.35754394531,2830.97448730469
"30642",1,488.150573730469,0
"41",1,102.63582611084,0
"49702",1,181.489791870117,0
"67228",1,21.4454231262207,0
"20703",2,3443.57946777344,52.4403076171875
"59201",2,3060.97668457031,2882.66735839844
"7884",2,1384.44595336914,738.371185302734
"1754",1,92.5996170043945,0
"606",1,474.357788085938,0
"6085",1,571.269409179688,0
"26225",1,1234.88916015625,0
"32608",2,2751.87225341797,1867.49346923828
"48571",3,6203.08920288086,2745.84439086914
"5702",1,1052.40942382812,0
"48527",2,3313.53265380859,2656.79644775391
"53464",1,769.29150390625,0
"65416",4,10130.4074707031,234.566162109375
"21006",4,7080.6083984375,0
"2072",1,100.018585205078,0
"7115",1,282.129150390625,0
"57677",54,160767.423828125,1843.28637695312
"22050",1,146.858123779297,0
"3958",3,2189.59210205078,230.969665527344
"67248",1,210.355926513672,0
"47365",1,2625.62939453125,0
"13499",1,700.057067871094,0
"44858",46,131646.789306641,532.8037109375
"6746",1,827.427429199219,0
"3608",1,383.646545410156,0
"50271",1,242.731384277344,0
"30401",1,865.357849121094,0
"1143",1,255.875717163086,0
"1272",1,110.49178314209,0
"27934",1,526.046142578125,0
"17384",1,95.3524398803711,0
"65725",1,702.536315917969,0
"3520",1,871.923889160156,0
"28347",1,169.897537231445,0
"63335",6,15517.5093994141,992.006713867188
"7829",3,2738.32202148438,798.077026367188
"66438",1,2058.390625,0
"5661",2,1641.75872802734,294.674621582031
"6986",1,349.840148925781,0
"60405",1,1141.32836914062,0
"67269",1,150.192916870117,0
"35732",1,198.216659545898,0
"1250",1,581.535705566406,0
"23740",1,1899.98876953125,0
"36575",1,551.992858886719,0
"9804",8,9729.99560546875,24.9014892578125
"6141",1,959.301513671875,0
"29987",1,418.033813476562,0
"36723",1,151.466674804688,0
"4193",1,304.879943847656,0
"21338",1,1200.74291992188,0
"67280",1,0.286362409591675,0
"11214",1,1302.79919433594,0
"3961",1,461.939270019531,0
"35013",1,2445.59497070312,0
"12920",2,2751.90014648438,0
"2350",1,429.680267333984,0
"7103",1,67.7109985351562,0
"21776",3,4578.45904541016,928.720520019531
"49313",1,421.284393310547,0
"31546",2,4365.86108398438,181.910888671875
"1469",1,103.396781921387,0
"16068",1,167.112411499023,0
"35591",1,147.704772949219,0
"4055",1,923.878540039062,0
"67294",1,51.2268562316895,0
"50120",5,13378.2027587891,1755.25891113281
"6701",1,364.068054199219,0
"61223",3,8244.43383789062,403.57373046875
"11280",12,14099.5332946777,991.586456298828
"38301",1,1870.88171386719,0
"67300",1,2.50770044326782,0
"8811",20,24208.5160522461,278.424987792969
"63008",4,8725.6728515625,2389.833984375
"3033",1,549.188659667969,0
"4817",2,1951.06298828125,0
"22477",1,514.00341796875,0
"58922",2,3641.90075683594,2149.31848144531
"67307",1,13.1152181625366,0
"56984",1,182.785140991211,0
"29378",21,44983.6174316406,77.13330078125
"49656",1,3019.8359375,0
"67311",1,22.4571170806885,0
"19481",1,664.29052734375,0
"46851",2,3482.51495361328,2370.45135498047
"2519",1,191.79426574707,0
"45322",2,5660.31176757812,86.197509765625
"3127",1,819.6845703125,0
"1070",1,554.807373046875,0
"15952",5,6483.82794189453,994.285461425781
"54433",1,3076.7099609375,0
"63371",1,2287.12670898438,0
"14002",2,2710.34619140625,89.882080078125
"66685",1,1457.57409667969,0
"50498",1,2707.87182617188,0
"67324",1,23.5287094116211,0
"17383",1,492.654235839844,0
"66235",1,1675.66491699219,0
"66159",1,190.329010009766,0
"67328",1,2.21562004089355,0
"52640",1,3075.11376953125,0
"31757",1,1637.19787597656,0
"33697",5,11144.2548828125,802.0068359375
"43183",1,2801.33813476562,0
"56951",1,1188.10339355469,0
"4551",4,3713.97613525391,136.574462890625
"9431",2,2383.67846679688,73.721923828125
"28333",2,4183.72680664062,63.711669921875
"3540",1,148.227066040039,0
"67338",1,0.291815668344498,0
"2054",1,474.685729980469,0
"36728",1,353.422241210938,0
"18780",1,779.290283203125,0
"1109",4,1973.43789672852,229.147369384766
"19195",1,941.222229003906,0
"1281",1,290.767852783203,0
"30645",7,14388.3911743164,1401.30731201172
"67346",1,15.4659147262573,0
"42166",1,523.55908203125,0
"49273",1,90.2752304077148,0
"6606",1,308.906219482422,0
"16625",1,509.078643798828,0
"10133",2,1453.69255065918,1102.71199035645
"6544",1,827.427490234375,0
"40261",2,4852.03466796875,509.32958984375
"65583",1,1193.62927246094,0
"60756",2,3395.48208618164,2406.21420288086
"156",1,393.557586669922,0
"29183",1,1210.88098144531,0
"46930",4,11722.1469726562,8.107177734375
"1524",1,514.226135253906,0
"7105",1,282.129150390625,0
"28118",20,42512.4536132812,38.902587890625
"2305",1,474.129974365234,0
"32639",1,768.013122558594,0
"37228",1,203.170944213867,0
"48759",1,2004.30627441406,0
"28356",1,1359.18029785156,0
"3707",1,26.9381370544434,0
"32943",1,328.2666015625,0
"20027",6,9807.16088867188,591.77197265625
"43168",1,697.55322265625,0
"6247",1,204.794708251953,0
"67372",1,39.8474273681641,0
"15963",1,1048.25061035156,0
"67374",1,7.01837158203125,0
"27071",1,1940.74401855469,0
"242",1,256.521026611328,0
"44886",1,2462.716796875,0
"67378",1,39.7396545410156,0
"61370",14,39138.0428466797,1291.82556152344
"46402",2,3072.14126586914,2605.23617553711
"2363",2,1455.24652099609,26.4096069335938
"56593",1,1709.94445800781,0
"2786",1,23.803897857666,0
"3521",6,4996.43402099609,78.460693359375
"39776",1,1539.36486816406,0
"46108",3,7736.28356933594,957.279907226562
"30635",1,1597.58374023438,0
"65729",3,7527.17504882812,0
"23279",1,1878.71655273438,0
"35736",1,74.3312454223633,0
"36564",1,200.724670410156,0
"19057",1,134.460311889648,0
"626",1,390.948638916016,0
"66867",1,1648.78112792969,0
"29575",1,1156.09851074219,0
"33678",1,190.329010009766,0
"3046",1,680.338195800781,0
"50662",3,6845.74365234375,2281.91455078125
"54444",2,3936.47399902344,1721.73547363281
"50673",1,760.63818359375,0
"10131",1,701.961120605469,0
"8088",4,4614.81982421875,0
"61939",1,2445.5966796875,0
"49671",1,3014.6171875,0
"3889",2,1669.16693115234,178.590026855469
"9991",1,388.585601806641,0
"53673",1,769.348510742188,0
"944",1,355.076721191406,0
"8675",1,1131.57080078125,0
"45648",1,636.210754394531,0
"4553",1,565.808227539062,0
"49315",1,1504.58715820312,0
"30252",2,3608.29187011719,792.064086914062
"58697",3,6042.83383178711,2752.18179321289
"67415",1,208.013549804688,0
"4689",4,3742.48321533203,211.059265136719
"46143",2,4277.12902832031,1192.94079589844
"46727",9,26020.2924804688,72.705322265625
"23430",2,3360.70776367188,396.725341796875
"506",1,147.050918579102,0
"67421",1,0.306918680667877,0
"39116",2,4779.25244140625,501.689453125
"51705",10,30053.2814941406,520.599853515625
"29374",2,4324.57470703125,0
"4273",2,1763.81878662109,187.244201660156
"25223",1,1589.94616699219,0
"67427",1,251.571136474609,0
"59796",6,16718.9647216797,1083.72912597656
"18383",1,228.933929443359,0
"39033",5,13160.9311523438,13.807861328125
"46661",1,1872.94921875,0
"12737",1,343.987518310547,0
"3213",1,385.251739501953,0
"122",1,153.487457275391,0
"31764",5,9809.59722900391,1455.28704833984
"52696",2,3750.24780273438,2397.69946289062
"58776",1,2423.11669921875,0
"67438",1,56.4023628234863,0
"20465",1,139.840789794922,0
"2071",1,457.227813720703,0
"25361",6,10681.0573730469,971.11767578125
"13741",460,720988.35144043,445.210693359375
"42429",2,5368.62036132812,166.039794921875
"41046",85,233055.064697266,109.53076171875
"1096",1,453.597839355469,0
"58293",3,7174.70129394531,1829.92907714844
"61423",4,10707.3364257812,813.92578125
"62349",14,38629.8796386719,1047.08764648438
"20829",5,7849.58581542969,1176.75732421875
"3439",1,584.189025878906,0
"6233",1,388.032043457031,0
"68",1,366.556518554688,0
"33747",1,1831.22912597656,0
"1753",1,125.670913696289,0
"67455",1,12.4383554458618,0
"11762",1,809.647399902344,0
"30253",4,7804.00476074219,1052.77185058594
"43170",2,3498.89135742188,2103.78491210938
"41208",2,4147.5712890625,1265.37060546875
"66843",1,1266.6513671875,0
"67461",1,27.9150772094727,0
"61494",1,545.918395996094,0
"48515",4,11605.7299804688,328.3681640625
"4231",3,1215.67206192017,607.836055755615
"34582",1,193.018142700195,0
"44037",1,170.006530761719,0
"21604",1,54.4203643798828,0
"7719",1,1153.70495605469,0
"50284",2,4132.30627441406,1944.61462402344
"33018",2,4431.59912109375,257.923828125
"4192",1,304.879913330078,0
"12168",1,419.019287109375,0
"63821",2,4377.68188476562,1060.43237304688
"66192",1,70.8608551025391,0
"67475",1,7.18032455444336,0
"20726",1,495.642578125,0
"65987",1,415.751129150391,0
"20029",1,51.7718467712402,0
"67479",1,50.3522872924805,0
"27932",1,526.046142578125,0
"61826",6,17092.4846191406,10.060791015625
"59302",1,416.055084228516,0
"42912",1,167.412780761719,0
"48526",3,7867.71435546875,1068.09912109375
"49511",1,2174.28198242188,0
"58230",3,7353.27111816406,1690.58044433594
"4224",2,1899.48754882812,0
"16623",2,2869.35241699219,215.972778320312
"7883",1,576.852478027344,0
"57349",1,759.615112304688,0
"67491",1,68.1710739135742,0
"62073",1,396.681884765625,0
"1475",1,103.396781921387,0
"2361",1,740.828063964844,0
"66805",1,626.996276855469,0
"67496",1,1.01215636730194,0
"58142",1,2924.1787109375,0
"67498",1,301.327545166016,0
"25228",1,824.416564941406,0
"249",1,71.4894638061523,0
"54722",2,5378.08618164062,767.125732421875
"66415",1,67.1214370727539,0
"53664",1,677.026672363281,0
"14876",58,80561.6320800781,202.734252929688
"633",2,170.413516044617,140.340542793274
"67506",1,11.9765100479126,0
"35738",1,421.210388183594,0
"37149",1,2539.63671875,0
"67509",1,525.25390625,0
"46106",1,551.1611328125,0
"67511",1,3.41386294364929,0
"1290",1,48.6573104858398,0
"340",1,447.460418701172,0
"3126",1,819.6845703125,0
"40793",2,3761.99462890625,1650.947265625
"67516",1,213.004989624023,0
"37009",7,16075.3880004883,1533.98626708984
"52153",1,2484.38012695312,0
"56390",1,2200.79443359375,0
"17063",1,438.479400634766,0
"58139",1,180.877029418945,0
"5660",3,2433.36663818359,616.4267578125
"2673",2,1008.27282714844,578.653686523438
"39780",2,4588.06762695312,746.894775390625
"34",1,29.3245220184326,0
"67526",1,631.205932617188,0
"54231",1,769.177490234375,0
"63452",1,468.447631835938,0
"25376",2,2162.74662780762,1845.37739562988
"41237",15,39510.7403564453,1154.38391113281
"67531",1,4.51801013946533,0
"20469",3,4125.30334472656,1118.72631835938
"23574",2,3533.97924804688,265.99853515625
"60039",1,2765.92944335938,0
"10128",1,1040.40661621094,0
"42914",1,1785.73620605469,0
"45666",2,4115.43237304688,1686.26391601562
"14000",1,754.8076171875,0
"58301",1,1745.32104492188,0
"48761",1,2243.62646484375,0
"62357",2,3302.85540771484,2343.05133056641
"7102",8,7796.05332946777,979.099746704102
"9834",3,2694.28974914551,1140.31706237793
"7683",2,1407.52003479004,899.889877319336
"31671",9,20464.4428710938,36.152099609375
"6452",2,1886.26696777344,269.466674804688
"17091",1,93.9598693847656,0
"30255",1,1276.10314941406,0
"50281",1,2187.69165039062,0
"56759",1,854.016479492188,0
"969",1,449.393981933594,0
"56226",1,1529.80944824219,0
"12451",1,256.818267822266,0
"67554",1,23.5863361358643,0
"48587",4,9201.15121459961,2752.18179321289
"38080",2,5153.4755859375,14.6044921875
"45924",1,493.144195556641,0
"31898",1,1650.14892578125,0
"2241",1,100.018585205078,0
"45356",1,2643.39428710938,0
"57204",2,3038.46046447754,2673.84519958496
"54624",1,92.2534103393555,0
"60581",4,10480.0876464844,1242.05932617188
"8211",1,589.399841308594,0
"10413",2,1444.3685760498,958.65168762207
"41422",1,163.886215209961,0
"67567",1,4.47635173797607,0
"781",5,2693.71508789062,26.77392578125
"30762",2,2434.71192932129,2076.73094177246
"15600",1,89.7373580932617,0
"216",1,290.163116455078,0
"21902",11,19756.9770507812,43.8599853515625
"62834",1,2706.50659179688,0
"410",2,921.818206787109,26.8973693847656
"66122",1,527.122680664062,0
"67576",1,0.229187354445457,0
"761",1,501.216217041016,0
"35388",1,467.731811523438,0
"40639",16,42888.8747558594,52.3935546875
"2535",1,429.619140625,0
"45682",1,1041.07214355469,0
"19892",1,289.562561035156,0
"67583",1,4.79576206207275,0
"20722",1,831.971496582031,0
"50926",1,854.016479492188,0
"67586",1,30.7103633880615,0
"44321",1,227.497360229492,0
"67588",1,3.53198289871216,0
"37944",14,35845.3107910156,688.633056640625
"32849",1,2344.76147460938,0
"67591",1,423.248657226562,0
"67592",1,3.66726326942444,0
"42163",1,2452.4609375,0
"6091",1,689.834777832031,0
"53927",1,2892.5361328125,0
"2125",3,2143.25537109375,0
"67597",1,35.5792236328125,0
"37774",6,15445.822265625,14.6044921875
"31346",3,6821.48095703125,36.152099609375
"64261",20,52884.4047851562,82.2353515625
"10699",2,2415.80224609375,140.602294921875
"67602",1,9.82234382629395,0
"4650",1,975.531494140625,0
"1909",1,213.264602661133,0
"50887",1,1525.02941894531,0
"31144",1,1511.33325195312,0
"34912",1,534.435974121094,0
"67608",1,0.120379865169525,0
"36714",2,2675.91125488281,2372.97790527344
"40493",3,7043.29406738281,1063.32678222656
"22151",4,6773.8310546875,569.0751953125
"23714",2,3821.09936523438,21.121826171875
"65647",33,84029.0617675781,59.595458984375
"66292",3,4688.65617370605,2055.6177520752
"37306",24,60071.4111328125,92.8876953125
"11208",1,547.175659179688,0
"38869",1,577.865905761719,0
"61690",1,314.998657226562,0
"45928",1,1131.33081054688,0
"6035",1,538.933410644531,0
"17064",1,1002.23858642578,0
"44802",5,12574.0456542969,1426.88891601562
"24792",1,1413.28540039062,0
"33221",2,4706.7900390625,17.26708984375
"51880",1,2298.64306640625,0
"46397",16,45724.8693847656,1162.40234375
"10130",1,902.521423339844,0
"497",1,407.947692871094,0
"67629",1,0.221886619925499,0
"31512",2,4479.55541992188,68.216552734375
"4804",14,13425.5137634277,617.143218994141
"47362",1,88.5043563842773,0
"67633",1,385.822235107422,0
"23582",1,208.998764038086,0
"55609",2,6136.32275390625,2.05078125
"62620",1,2801.33813476562,0
"25226",2,2669.53924560547,1256.25372314453
"20453",4,6288.70251464844,629.283569335938
"43452",4,10428.8358154297,776.516723632812
"113",1,74.7759399414062,0
"57202",1,1612.55297851562,0
"39278",3,7893.79711914062,13.807861328125
"2507",2,930.159240722656,604.194885253906
"2585",1,406.603851318359,0
"65686",1,2322.48901367188,0
"1934",1,323.336639404297,0
"6608",1,397.165161132812,0
"49896",3,9088.7958984375,0
"59625",2,4672.99548339844,1242.18859863281
"784",4,2102.68984985352,116.539642333984
"7821",1,69.222297668457,0
"67652",1,23.1492958068848,0
"8204",1,389.00390625,0
"463",1,327.306854248047,0
"21603",1,108.840728759766,0
"7109",1,473.976989746094,0
"10073",2,1980.16339111328,576.241149902344
"26948",1,1533.44653320312,0
"37543",1,2401.35595703125,0
"35530",5,12276.4289550781,16.1513671875
"29647",1,719.834899902344,0
"17809",1,532.055480957031,0
"107",1,263.68359375,0
"21898",1,1814.01208496094,0
"43303",1,1316.62890625,0
"5824",4,4184.0947265625,25.54296875
"47761",5,12902.1062011719,1900.08471679688
"50279",1,333.755645751953,0
"9019",1,1071.380859375,0
"31929",1,68.7562026977539,0
"2524",1,237.824890136719,0
"1468",1,608.216369628906,0
"67673",1,0.673463821411133,0
"22479",1,1431.86669921875,0
"67675",1,6.26897001266479,0
"17056",32,49423.8726806641,242.44921875
"27514",1,979.707885742188,0
"67678",1,0.202440842986107,0
"20723",1,1469.22619628906,0
"61205",243,704035.854736328,202.1689453125
"18247",1,817.621154785156,0
"45895",1,87.0254440307617,0
"55999",1,336.858703613281,0
"49236",10,29968.7075195312,24.009765625
"6648",187,194619.852600098,355.564025878906
"65397",14,36184.1259765625,262.7822265625
"21160",1,752.704406738281,0
"4995",3,2593.2109375,330.409118652344
"2788",1,349.123840332031,0
"34918",3,7190.8408203125,178.246826171875
"61242",2,4948.7763671875,797.73291015625
"4556",1,595.07421875,0
"1683",1,317.423553466797,0
"6703",1,88.2589263916016,0
"26661",2,2657.97406005859,1308.54107666016
"35351",1,1575.51770019531,0
"1901",1,41.2770195007324,0
"33892",1,2117.41015625,0
"6643",1,1103.23657226562,0
"38171",1,77.9533996582031,0
"47256",2,5473.00903320312,411.947021484375
"6231",2,1642.16998291016,564.303161621094
"49452",1,512.484924316406,0
"29579",2,4057.25122070312,305.384521484375
"44307",1,1649.35583496094,0
"50477",1,1002.69195556641,0
"65655",1,984.533386230469,0
"440",1,447.460418701172,0
"12340",1,40.5502548217773,0
"17476",1,746.927368164062,0
"67711",1,3.33012223243713,0
"28358",1,169.897537231445,0
"6595",1,1037.04235839844,0
"16635",2,2028.28237915039,1010.12509155273
"39049",1,2626.6630859375,0
"1897",1,419.649688720703,0
"65199",1,2598.44677734375,0
"67718",1,22.8911228179932,0
"5334",1,1026.86645507812,0
"4794",1,185.350982666016,0
"2120",1,714.41845703125,0
"35722",1,1783.94995117188,0
"24927",1,58.8868942260742,0
"14898",1,608.202697753906,0
"1077",1,554.807373046875,0
"54618",3,8547.67602539062,676.525146484375
"49464",6,16722.2747802734,1326.43151855469
"44763",14,39133.0434570312,542.2177734375
"47997",1,742.955505371094,0
"57156",1,182.553161621094,0
"49904",2,5816.82934570312,242.367919921875
"439",1,447.460418701172,0
"18661",1,1376.19348144531,0
"67734",1,17.6636714935303,0
"39502",43,111040.459472656,145.63818359375
"19156",120,211799.473007202,1744.25624084473
"73",1,66.9047927856445,0
"3527",1,871.923950195312,0
"19905",1,1535.89819335938,0
"3542",1,148.227066040039,0
"7311",1,157.992324829102,0
"33015",3,6863.970703125,204.847900390625
"281",2,867.986694335938,26.9341430664062
"35378",2,3914.17663574219,615.436645507812
"32606",1,977.47119140625,0
"26522",2,3741.60974121094,224.905395507812
"40246",11,29300.8649902344,40.211181640625
"8210",1,719.067810058594,0
"67749",1,150.111740112305,0
"67750",1,2.83865642547607,0
"56032",2,4345.806640625,1773.43115234375
"27074",1,165.169708251953,0
"24488",1,1728.45141601562,0
"175",2,657.723556518555,237.197280883789
"67755",1,20.0419216156006,0
"12170",2,1367.84102249146,1286.74052047729
"67757",1,1.99074840545654,0
"15454",7,9867.4638671875,373.90576171875
"33755",2,2569.19885253906,1769.99304199219
"666",1,95.2310791015625,0
"49290",6,16792.7545166016,998.470336914062
"14873",9,11958.2188110352,810.936950683594
"12911",1,921.886535644531,0
"43586",13,36525.2614746094,32.740478515625
"10416",1,1201.51013183594,0
"58949",4,11433.1801757812,507.47802734375
"3207",1,270.495910644531,0
"60162",4,11554.1787109375,176.075439453125
"1700",2,1303.00891113281,19.8427734375
"62484",4,10781.6264648438,488.7841796875
"57996",2,4195.53662109375,1844.13525390625
"3603",1,505.715881347656,0
"23985",1,57.6333160400391,0
"17379",1,349.625610351562,0
"35257",2,4455.76086425781,467.731811523438
"61882",1,713.444458007812,0
"59268",1,832.110168457031,0
"60471",6,16971.1435546875,562.776123046875
"1092",1,554.807373046875,0
"21899",2,3649.73852539062,21.71435546875
"174",4,1506.38650512695,283.455169677734
"21578",4,6666.81079101562,501.802978515625
"66380",1,135.343276977539,0
"50325",2,5130.68017578125,937.6044921875
"46285",1,1949.43969726562,0
"1312",1,18.2464904785156,0
"53675",1,1784.88854980469,0
"53448",1,1353.95300292969,0
"63229",26,71722.6254882812,58.77587890625
"20725",1,495.642578125,0
"66625",1,521.121215820312,0
"10697",34,39268.929901123,831.695220947266
"66041",6,13750.0172119141,890.871948242188
"54723",1,1444.767578125,0
"9830",1,1153.22180175781,0
"24791",2,2707.60998535156,1176.55065917969
"34569",1,675.563537597656,0
"816",7,3479.32485961914,147.849365234375
"23109",4,5899.17010498047,1615.69635009766
"67800",1,110.22061920166,0
"20450",1,821.564636230469,0
"65991",1,1565.18078613281,0
"55118",140,425558.622802734,67.503173828125
"3655",1,350.195770263672,0
"4848",1,670.830627441406,0
"35705",1,619.427062988281,0
"67807",1,177.438247680664,0
"46849",3,8198.2197265625,547.705322265625
"67809",1,485.192779541016,0
"22033",1,852.585693359375,0
"14519",1,680.607788085938,0
"54742",43,132282.338867188,4.7880859375
"67813",1,495.363647460938,0
"1291",1,170.300582885742,0
"65594",1,431.738250732422,0
"23595",2,2526.98504638672,1272.99249267578
"16637",26,36370.6710662842,1395.79072570801
"4061",1,923.878540039062,0
"60939",1,2891.8671875,0
"42000",1,2287.12670898438,0
"26633",2,2412.20257568359,1717.04010009766
"3522",2,1717.76275634766,26.0851440429688
"44021",3,8510.60131835938,10.27490234375
"35740",1,1090.19165039062,0
"6610",3,2912.54449462891,364.068054199219
"31928",2,3575.32275390625,1008.42431640625
"46683",1,175.588989257812,0
"76",1,98.3893966674805,0
"64694",5,13270.1843261719,27.01025390625
"3044",1,663.944458007812,0
"46875",1,1141.32836914062,0
"21340",1,304.666076660156,0
"33682",1,523.40478515625,0
"47995",1,326.900421142578,0
"26946",1,347.581207275391,0
"54425",1,861.287231445312,0
"37549",1,715.297546386719,0
"3890",1,520.803955078125,0
"22566",197,373095.142211914,274.443359375
"67840",1,127.826919555664,0
"27810",2,3073.45159912109,1095.51812744141
"12732",2,2068.06274414062,554.186767578125
"9442",2,2482.2021484375,24.8017578125
"54859",2,5715.04711914062,430.164794921875
"7309",1,880.242980957031,0
"3208",1,49.1810760498047,0
"21605",1,907.006042480469,0
"64931",7,18550.3166503906,54.01904296875
"67849",1,18.620002746582,0
"6545",17,18867.508972168,359.374572753906
"67851",1,411.593109130859,0
"66406",1,2255.72143554688,0
"17359",1,219.239685058594,0
"60759",1,1131.33081054688,0
"60173",2,4724.6904296875,1144.490234375
"970",1,432.749725341797,0
"59125",1,2472.24169921875,0
"48765",7,19422.4702148438,1492.69384765625
"66120",1,71.8803634643555,0
"48763",1,1316.26086425781,0
"36268",2,2951.46929931641,2003.94720458984
"2583",1,444.962707519531,0
"30192",3,6600.53393554688,0
"43040",1,2622.80004882812,0
"43579",1,84.367561340332,0
"41815",13,35797.4926757812,35.89306640625
"4274",1,655.323181152344,0
"3609",1,287.734924316406,0
"52315",1,521.761779785156,0
"22199",1,201.929931640625,0
"55840",1,122.594299316406,0
"1273",1,145.383926391602,0
"22219",76,146386.168945312,869.73046875
"3214",1,270.495910644531,0
"22499",1,148.583618164062,0
"4994",2,1285.91580200195,665.147186279297
"67877",1,331.251831054688,0
"3706",1,772.226623535156,0
"66411",1,67.6716461181641,0
"10063",1,764.63623046875,0
"29247",4,7901.87182617188,651.10888671875
"2230",1,714.41845703125,0
"65787",5,10334.7244873047,2053.81677246094
"5386",1,82.1493148803711,0
"45166",1,1350.4296875,0
"4678",5,4526.46612548828,351.191345214844
"4261",2,1244.1643371582,655.323211669922
"6230",2,1674.50598144531,531.967163085938
"67889",1,387.518524169922,0
"3962",1,230.969635009766,0
"51872",3,8512.55981445312,671.7626953125
"39121",7,17370.4654541016,1029.78356933594
"43448",1,1321.75842285156,0
"67894",1,115.163307189941,0
"45044",1,801.814758300781,0
"67896",1,40.7325553894043,0
"18802",2,2072.58041381836,1243.54824829102
"3612",1,148.227066040039,0
"44008",2,3048.78964233398,2597.11709594727
"54241",1,246.136795043945,0
"22192",2,3693.02197265625,21.56884765625
"39257",2,3102.95745849609,2205.19732666016
"35053",1,464.663055419922,0
"66450",1,2041.35681152344,0
"4082",1,461.939270019531,0
"60584",3,7448.60559082031,1280.22912597656
"61499",1,172.395278930664,0
"11765",2,1805.11547851562,849.466064453125
"18395",1,130.819381713867,0
"65493",1,2120.34619140625,0
"2268",1,42.8651084899902,0
"11600",1,1181.28869628906,0
"18660",1,878.774108886719,0
"6031",1,538.933410644531,0
"25231",1,1606.681640625,0
"19155",2,3311.08520507812,50.422607421875
"67917",1,13.713360786438,0
"618",3,1238.00405883789,265.644592285156
"26417",90,185894.600097656,159.529541015625
"35370",1,73.8523864746094,0
"47783",1,1571.353515625,0
"67922",1,0.270647078752518,0
"4207",2,1899.48754882812,0
"67924",1,407.694488525391,0
"2354",1,474.129974365234,0
"34705",1,1627.6005859375,0
"43473",1,1321.75842285156,0
"41261",43,117122.058349609,61.895263671875
"3430",1,871.923950195312,0
"40769",1,2706.47094726562,0
"1473",1,304.108184814453,0
"49326",3,6979.19708251953,2090.29852294922
"42752",3,6508.58032226562,1884.30883789062
"23885",1,326.588806152344,0
"67935",1,447.021026611328,0
"43059",1,1171.88940429688,0
"6705",1,915.686401367188,0
"4059",1,923.878540039062,0
"51613",1,91.7885665893555,0
"35186",13,32145.0275878906,47.88427734375
"53853",1,2061.85400390625,0
"51306",4,10769.9792480469,1433.44287109375
"55610",2,6131.99365234375,2.2783203125
"3037",1,434.432830810547,0
"12452",1,256.818267822266,0
"55438",1,1872.20397949219,0
"3541",4,2842.04084777832,749.710861206055
"2589",2,1069.64700317383,517.279510498047
"66164",3,7011.49047851562,159.646484375
"66016",1,2429.25463867188,0
"498",1,474.357757568359,0
"10816",349,479167.552001953,479.2646484375
"46884",40,114031.350456238,2854.44031524658
"3419",1,653.942932128906,0
"56956",1,2102.02905273438,0
"59855",1,88.5043563842773,0
"66704",2,3186.45837402344,501.015502929688
"4479",254,298123.924804688,401.931335449219
"18355",80,140032.957519531,292.531494140625
"7512",1,631.969299316406,0
"6448",1,743.728149414062,0
"67962",1,118.226684570312,0
"48317",2,2894.88793945312,2239.59497070312
"114",1,74.7759399414062,0
"17099",2,2474.27655029297,469.799377441406
"42619",3,7019.01147460938,1306.07202148438
"9832",2,1491.29760742188,1065.10693359375
"20452",1,926.445190429688,0
"51261",3,8393.63500976562,763.3681640625
"57679",1,757.399658203125,0
"67971",1,195.805618286133,0
"66837",1,1725.5830078125,0
"67973",1,71.1933822631836,0
"3779",1,520.804016113281,0
"40611",7,17481.69140625,1131.34521484375
"67976",1,0.000540038570761681,0
"67977",1,59.4394836425781,0
"44845",1,1826.41784667969,0
"46882",9,25117.2253417969,1084.64282226562
"66181",5,11723.4436035156,34.716064453125
"243",1,164.005249023438,0
"3544",2,1142.07662963867,653.799224853516
"43442",3,6672.94775390625,1697.69091796875
"16138",1,1428.05151367188,0
"464",1,384.229797363281,0
"21155",1,591.41064453125,0
"9828",1,488.865753173828,0
"66373",2,4365.86108398438,181.910888671875
"19997",6,8922.01516723633,1432.35446166992
"2475",1,22.2248420715332,0
"17500",1,222.489013671875,0
"53310",1,2492.13525390625,0
"27813",3,6332.08837890625,19.53466796875
"20307",1,1311.00732421875,0
"108",1,184.972061157227,0
"6087",1,722.170776367188,0
"52309",1,2209.814453125,0
"40277",25,67775.4897460938,101.496826171875
"55254",2,5713.6748046875,431.537109375
"68000",1,5.2976541519165,0
"59671",1,916.853515625,0
"3903",5,4259.080078125,360.312622070312
"23273",1,1878.71655273438,0
"54826",4,10145.2530517578,1968.48327636719
"5385",2,1571.10571289062,482.627197265625
"22483",1,312.073516845703,0
"2309",1,288.922943115234,0
"36917",3,7113.40576171875,413.769287109375
"18366",6,9317.46789550781,382.575317382812
"11882",2,2097.11938476562,398.187255859375
"68011",1,54.900562286377,0
"50683",1,578.819580078125,0
"50051",3,8093.57202148438,1004.31127929688
"6140",4,4128.22998046875,183.2373046875
"59481",1,1986.42797851562,0
"21159",1,501.802978515625,0
"26632",2,2412.8815612793,1635.93533325195
"35373",1,1378.57788085938,0
"43614",12,32584.7230224609,1342.94860839844
"2776",1,793.463256835938,0
"68021",1,163.783828735352,0
"68022",1,16.4658069610596,0
"47116",2,3493.6611328125,2375.51953125
"66813",1,1878.71655273438,0
"50291",1,2096.53759765625,0
"755",1,501.216217041016,0
"3610",1,287.734893798828,0
"61238",1,172.960144042969,0
"2455",1,474.129974365234,0
"45859",9,23608.5720825195,1918.93841552734
"24794",1,1962.896484375,0
"4054",1,923.878540039062,0
"16091",1,1519.20373535156,0
"18397",1,719.506591796875,0
"49883",2,5630.28466796875,419.375
"42755",1,1611.74853515625,0
"60354",1,87.7944946289062,0
"23887",1,633.966491699219,0
"7827",1,34.6111488342285,0
"16592",1,1542.66259765625,0
"9541",4,4890.68225097656,98.5238037109375
"44186",1,2351.75708007812,0
"19063",1,235.305541992188,0
"26208",1,890.739685058594,0
"17074",1,1221.47827148438,0
"19070",1,1445.44836425781,0
"22347",3,5485.46520996094,21.7144775390625
"45169",1,1206.76696777344,0
"56976",1,1005.31823730469,0
"65690",1,1186.48901367188,0
"10138",1,551.540832519531,0
"54730",8,24007.2790527344,585.195068359375
"68053",1,0.220017790794373,0
"13468",1,938.076477050781,0
"65510",3,7678.70361328125,14.801513671875
"4052",1,923.878540039062,0
"55017",3,6056.82710266113,2982.93559265137
"32655",2,2530.94647216797,2158.57647705078
"46411",1,233.452545166016,0
"3940",1,332.596282958984,0
"29389",5,10734.4682617188,38.568115234375
"19629",3,4570.25451660156,584.511108398438
"44012",1,85.0032653808594,0
"54812",1,2889.53515625,0
"40161",1,1715.63659667969,0
"33568",34,80504.7998046875,119.57177734375
"47765",1,916.853515625,0
"68068",1,6.23636388778687,0
"56962",1,1279.49597167969,0
"18656",1,464.258026123047,0
"13450",1,504.041107177734,0
"46827",2,3102.07214355469,2750.89416503906
"60343",1,2604.57006835938,0
"68074",1,125.479827880859,0
"34597",2,4841.9814453125,16.52783203125
"50877",2,5239.84057617188,852.997314453125
"57002",4,11096.2447509766,1100.35070800781
"23405",2,2667.77752685547,1089.65557861328
"46674",1,819.415283203125,0
"68080",1,174.975891113281,0
"10062",2,1941.81726074219,537.895141601562
"68082",1,81.5855865478516,0
"35588",1,1575.51770019531,0
"57834",1,241.986389160156,0
"600",1,474.357788085938,0
"12910",5,6404.65576171875,426.544555664062
"44003",2,4393.10583496094,1231.39807128906
"50496",1,669.361572265625,0
"1094",1,554.807373046875,0
"176",3,1210.31552124023,132.065734863281
"38092",2,5168.080078125,0
"1935",1,399.011169433594,0
"47364",1,177.008712768555,0
"13465",1,742.060485839844,0
"21759",1,344.662292480469,0
"56420",1,764.164733886719,0
"30634",2,3195.16735839844,1242.56506347656
"46416",1,2597.15942382812,0
"16892",2,2075.0764465332,1056.91915893555
"32223",1,2124.908203125,0
"68101",1,13.6074829101562,0
"5586",52,58196.6195678711,357.920349121094
"49681",1,241.586868286133,0
"68104",1,0.217346638441086,0
"59269",3,8076.35180664062,832.110107421875
"68106",1,448.084289550781,0
"2229",1,714.41845703125,0
"63045",1,305.676452636719,0
"4084",1,332.596282958984,0
"52381",1,952.01318359375,0
"35730",2,3849.26293945312,1074.22973632812
"66736",1,1531.05920410156,0
"48950",1,1408.87951660156,0
"60409",1,175.089401245117,0
"6596",1,584.715393066406,0
"45827",9,25336.7836914062,549.454833984375
"40757",1,162.388259887695,0
"6743",1,154.453125,0
"35355",2,4636.54931640625,254.640625
"62258",2,5656.3955078125,10.48876953125
"1137",4,2244.72784423828,63.9689331054688
"17381",1,699.251159667969,0
"68123",1,139.570220947266,0
"23427",1,683.995971679688,0
"19042",2,1912.88290405273,1448.62490844727
"68126",1,100.502784729004,0
"25511",51,102079.401733398,81.698974609375
"49657",1,241.586868286133,0
"17775",14,20249.8934326172,1041.55944824219
"35513",5,12356.6174316406,15.9619140625
"11210",1,1120.40734863281,0
"27516",1,396.052124023438,0
"49515",1,241.586868286133,0
"36399",9,22534.2102050781,46.736328125
"11187",1,872.87548828125,0
"56569",1,2534.38208007812,0
"24053",8,15141.8687744141,289.92529296875
"7287",1,214.418167114258,0
"37250",4,10203.5388183594,14.997314453125
"68140",1,45.8006820678711,0
"762",1,501.216217041016,0
"44306",1,312.808868408203,0
"32977",4,7397.08520507812,2033.76196289062
"1514",1,476.135314941406,0
"4194",1,304.879913330078,0
"40753",2,3798.08715820312,1266.02905273438
"59927",39,113760.276245117,1944.21496582031
"1684",1,317.423553466797,0
"30784",5,10228.6905517578,939.700073242188
"68150",1,652.027648925781,0
"22966",1,1521.76037597656,0
"1472",1,304.108184814453,0
"6531",8,8767.77447509766,260.083312988281
"15064",1,1427.76379394531,0
"35754",10,23885.4500732422,454.802612304688
"56011",1,520.599792480469,0
"19064",1,1630.33129882812,0
"54940",3,7584.32177734375,1626.88549804688
"68159",1,674.492004394531,0
"13452",1,616.050170898438,0
"34142",3,7221.4658203125,16.714599609375
"68162",1,16.7676620483398,0
"38294",2,4353.61413574219,871.695434570312
"457",4,1413.5862121582,80.6408081054688
"20529",99,172689.750366211,312.71875
"13469",2,2664.05505371094,87.8450927734375
"21590",1,1684.62426757812,0
"54630",4,11013.4678955078,1293.59997558594
"33064",3,7016.83544921875,17.448974609375
"1706",1,125.670913696289,0
"66821",1,319.381805419922,0
"60161",1,176.075424194336,0
"101",1,362.072967529297,0
"30820",2,2371.62396240234,1610.91436767578
"68175",1,76.3562774658203,0
"65659",1,353.422241210938,0
"68177",1,266.48681640625,0
"52944",7,19135.7723999023,2062.37847900391
"20032",2,2485.04870605469,966.407836914062
"26210",1,566.834350585938,0
"53377",2,6154.33203125,0
"1144",1,273.32177734375,0
"26634",1,1083.63562011719,0
"49875",1,2268.62231445312,0
"68185",1,90.9033432006836,0
"57359",1,1002.69195556641,0
"31200",1,1263.20397949219,0
"68188",1,1.8524135351181,0
"47563",1,1892.85888671875,0
"68190",1,170.464660644531,0
"48732",1,1495.7509765625,0
"68192",1,109.062385559082,0
"66569",3,6429.26147460938,0
"55161",1,337.811126708984,0
"68195",1,2.10518217086792,0
"4552",1,809.691101074219,0
"68197",1,162.571990966797,0
"15566",13,17471.7108688354,1405.8853225708
"21341",11,19561.8881835938,348.239135742188
"32942",1,914.456970214844,0
"55434",1,2547.42504882812,0
"16401",4,5410.92486572266,806.395935058594
"59473",2,3379.89236450195,2549.74337768555
"1739",1,535.754943847656,0
"10068",1,213.095336914062,0
"51794",1,520.599792480469,0
"235",1,92.5157775878906,0
"68208",1,108.247169494629,0
"32988",4,7878.76483154297,1412.85552978516
"68210",1,4.1240062713623,0
"68211",1,65.263069152832,0
"60108",3,7667.16845703125,1152.3779296875
"66346",2,3660.95642089844,886.815551757812
"50674",1,1521.2763671875,0
"57363",4,9362.55047607422,2617.16827392578
"47142",1,1294.69030761719,0
"17",1,339.525329589844,0
"50057",1,2090.42309570312,0
"11190",2,2201.73059082031,325.699829101562
"41070",1,163.143432617188,0
"3418",1,723.696838378906,0
"16939",1,657.719055175781,0
"18636",1,866.678405761719,0
"1267",1,581.535705566406,0
"51994",1,337.134338378906,0
"34702",1,534.43603515625,0
"54011",3,7077.48193359375,1969.38623046875
"14874",1,608.202697753906,0
"57995",1,241.586868286133,0
"6232",2,1793.07135009766,413.401794433594
"47547",2,5074.25,826.04052734375
"16089",1,1519.20373535156,0
"1071",1,554.807373046875,0
"42130",1,82.6672286987305,0
"68235",1,59.8008232116699,0
"36390",1,200.724670410156,0
"19159",1,739.53173828125,0
"33698",1,71.3733749389648,0
"35725",1,198.216659545898,0
"4843",1,190.235549926758,0
"49500",85,259697.715576172,141.94091796875
"3778",1,224.484481811523,0
"433",1,447.460418701172,0
"7762",10,11057.2849121094,75.838134765625
"54807",1,2305.48022460938,0
"68246",1,584.786499023438,0
"55823",3,8251.07446289062,954.43505859375
"20704",1,1171.16662597656,0
"20039",2,2830.1943359375,621.26220703125
"33903",4,7415.93966674805,2134.3098449707
"6435",1,32.3360061645508,0
"68252",1,18.8467197418213,0
"43054",1,1925.24694824219,0
"1110",7,3788.14584350586,209.352874755859
"18784",2,2277.65704345703,1083.85076904297
"68256",1,65.0219268798828,0
"68257",1,41.4363555908203,0
"54635",2,4796.03735351562,1351.90991210938
"19066",1,1445.44836425781,0
"68260",1,626.555114746094,0
"49325",2,4763.09521484375,1266.13916015625
"61413",2,3409.54241943359,2317.70562744141
"30194",2,4400.35595703125,0
"6698",1,1103.23657226562,0
"35599",7,16939.8404541016,591.832153320312
"2356",2,1129.28216552734,299.554748535156
"34707",1,145.755279541016,0
"46132",12,33765.2670898438,899.262939453125
"55848",1,2819.66918945312,0
"35739",1,346.879150390625,0
"55036",2,5039.07373046875,1106.13818359375
"51677",5,14997.6838378906,345.51708984375
"65074",73,195947.842651367,1263.53698730469
"4836",1,80.0991821289062,0
"11259",1,872.87548828125,0
"50119",2,3796.99603271484,2279.92486572266
"367",2,572.74934387207,223.730209350586
"68278",1,61.6631317138672,0
"17385",1,444.97802734375,0
"68280",1,44.3610305786133,0
"68281",1,4.93605422973633,0
"68282",1,121.346954345703,0
"36565",6,14125.8310546875,439.470703125
"18645",5,7191.63641357422,1166.75396728516
"36717",1,1893.33349609375,0
"3039",1,680.338195800781,0
"58785",1,328.368103027344,0
"33558",1,1784.33447265625,0
"30099",208,502223.151855469,339.458740234375
"10673",1,102.25617980957,0
"57180",1,2799.1484375,0
"50258",1,1092.29125976562,0
"45921",5,14019.8601074219,501.907470703125
"66259",2,3915.52856445312,703.837158203125
"52638",6,15175.4820556641,2826.79748535156
"53111",1,2491.5810546875,0
"8201",1,589.399841308594,0
"59809",2,4513.72229003906,1386.56823730469
"33700",1,452.031372070312,0
"37538",1,204.370727539062,0
"15383",3,4415.76416015625,0
"39239",4,9164.04797363281,1518.87487792969
"25372",1,991.77880859375,0
"47555",1,1656.25158691406,0
"31720",3,6821.65795898438,0
"21777",1,1560.05041503906,0
"68307",1,91.8486633300781,0
"627",1,195.474319458008,0
"28998",7,14904.6037597656,38.902587890625
"68310",1,203.633728027344,0
"39294",109,275708.545654297,211.21630859375
"16137",1,1397.66748046875,0
"7662",10,11318.6747436523,499.070129394531
"52861",5,14332.5109863281,954.881591796875
"65500",1,281.009735107422,0
"47941",1,237.185440063477,0
"167",1,138.773666381836,0
"31910",1,825.074462890625,0
"5502",3,2936.83801269531,143.761352539062
"3195",1,65.5747680664062,0
"28964",12,25755.1108398438,38.568115234375
"53271",4,10183.6819458008,2123.38592529297
"46566",1,641.994506835938,0
"33681",1,142.74674987793,0
"59655",1,916.853515625,0
"66410",3,5887.43298339844,879.731323242188
"52316",1,767.296691894531,0
"57845",1,423.476165771484,0
"68329",1,658.326904296875,0
"15953",1,470.953155517578,0
"3395",3,2546.01788330078,69.7539672851562
"66856",1,1414.92944335938,0
"68333",1,90.6878051757812,0
"48525",1,2985.16455078125,0
"46662",1,497.502136230469,0
"49672",1,422.777038574219,0
"3423",4,3269.57104492188,270.152648925781
"66131",1,261.702392578125,0
"65068",2,4220.38244628906,1032.94372558594
"3591",24,21003.9320678711,52.0991821289062
"34598",2,4841.9814453125,16.52783203125
"50878",2,4999.65783691406,917.456420898438
"6436",2,1221.80192565918,984.67121887207
"9432",1,995.247131347656,0
"68345",1,411.321685791016,0
"66234",1,1617.88537597656,0
"5355",1,482.627227783203,0
"47890",81,243784.1640625,77.73486328125
"39256",3,6126.70080566406,1835.53137207031
"48762",1,987.195617675781,0
"2919",1,531.620361328125,0
"68352",1,431.675170898438,0
"39263",3,7090.67407226562,898.36572265625
"68354",1,574.965209960938,0
"9540",1,958.386169433594,0
"57167",1,517.233947753906,0
"53282",2,3937.52520751953,2029.96502685547
"16946",1,782.998901367188,0
"66336",1,504.212188720703,0
"49514",1,181.190155029297,0
"6777",2,1817.03527832031,338.698364257812
"28469",40,82953.5673828125,340.4853515625
"61053",3,7115.10144042969,1523.49157714844
"3785",4,2883.30490112305,476.831268310547
"31228",14,31741.4594726562,72.3017578125
"68366",1,299.407379150391,0
"68367",1,814.746459960938,0
"3944",1,517.371948242188,0
"20894",1,1469.22631835938,0
"21302",2,3082.50390625,501.802978515625
"50868",1,1005.31829833984,0
"29253",1,1383.86389160156,0
"40366",1,2680.68212890625,0
"22208",3,3769.66237258911,1802.2234916687
"36380",3,7527.17504882812,0
"29614",1,1875.93334960938,0
"2481",1,681.561767578125,0
"57684",1,242.367889404297,0
"42162",1,1598.23303222656,0
"56800",1,2958.55712890625,0
"7090",1,598.113830566406,0
"66129",3,5335.86169433594,1741.84338378906
"5173",1,170.21076965332,0
"34048",1,1198.00610351562,0
"16640",1,1064.43725585938,0
"56008",1,1010.57611083984,0
"54228",1,1199.91687011719,0
"54385",1,769.006469726562,0
"8199",52,64109.8621826172,513.9189453125
"68390",1,108.940238952637,0
"44287",1,170.623016357422,0
"20050",3,4816.41723632812,270.95458984375
"23871",2,3115.98156738281,683.995971679688
"8810",86,110238.952392578,677.547729492188
"20309",1,1118.72631835938,0
"66398",1,67.6716461181641,0
"45932",1,2262.66162109375,0
"9246",1,995.247192382812,0
"68399",1,1.40567147731781,0
"58954",6,15926.5434570312,1903.9453125
"39047",1,2626.6630859375,0
"47996",1,89.1546630859375,0
"44800",1,1255.66223144531,0
"4649",1,975.531494140625,0
"12918",1,990.68408203125,0
"16626",1,293.105895996094,0
"68407",1,6.85996103286743,0
"5703",1,1052.40942382812,0
"7290",1,67.7109985351562,0
"2461",1,740.828063964844,0
"8299",17,20113.9122314453,99.7969970703125
"2568",7,4528.48554229736,709.073783874512
"42026",7,19204.4360351562,36.51708984375
"37585",2,5124.06958007812,14.801513671875
"60997",3,7238.64892578125,1454.91455078125
"3593",1,871.923950195312,0
"43902",1,225.836273193359,0
"41381",1,1283.775390625,0
"35382",1,1501.66528320312,0
"32617",1,69.8193740844727,0
"5567",1,820.879333496094,0
"68422",1,361.653564453125,0
"68423",1,221.258972167969,0
"68424",1,0.789171755313873,0
"50267",3,8829.35424804688,182.048583984375
"3600",1,366.208038330078,0
"341",3,1288.5129699707,26.9341430664062
"57778",2,4027.79241943359,2031.40484619141
"4072",1,563.56591796875,0
"54728",1,92.2192077636719,0
"12174",1,378.469024658203,0
"60519",3,8762.79663085938,8.326416015625
"23431",7,12924.14453125,112.72314453125
"1348",3,1435.39059448242,121.643280029297
"59613",1,177.455520629883,0
"28843",1,1778.76232910156,0
"6026",1,183.237365722656,0
"3644",2,1239.09460449219,35.8577880859375
"53633",1,1446.37524414062,0
"35717",1,2056.498046875,0
"9251",29,33820.1240844727,688.072143554688
"68442",1,74.0145645141602,0
"1246",1,581.535705566406,0
"19062",1,470.611083984375,0
"17474",40,63553.7354125977,911.137023925781
"34699",1,194.340377807617,0
"35",1,62.3146095275879,0
"45389",4,9788.56335449219,1426.99670410156
"17913",178,306154.958435059,1051.15069580078
"64695",1,818.546020507812,0
"10132",1,313.37548828125,0
"66891",1,336.328887939453,0
"37541",1,562.01953125,0
"32483",5,11618.7521972656,35.07861328125
"55028",2,4270.92224121094,1874.28967285156
"19157",1,235.305541992188,0
"66779",11,19338.5743713379,1498.46627807617
"41699",1,1591.29357910156,0
"4927",13,12630.0955810547,51.4959716796875
"11597",1,1247.6533203125,0
"43046",1,1869.44262695312,0
"3880",1,197.546340942383,0
"1523",1,425.347564697266,0
"7104",1,191.84782409668,0
"63129",4,9464.26892089844,1605.05139160156
"49320",1,2502.13232421875,0
"44036",1,2673.09399414062,0
"7761",1,1153.70495605469,0
"20830",1,690.359313964844,0
"54233",1,1199.91687011719,0
"11586",3,3869.31359863281,39.083984375
"68472",1,17.705286026001,0
"4355",4,2820.73908996582,740.800216674805
"11884",3,3220.99346923828,834.031677246094
"5655",7,7109.79290771484,231.530090332031
"3027",1,475.417053222656,0
"4845",1,170.210754394531,0
"32976",1,140.685684204102,0
"40133",3,8002.24072265625,26.604736328125
"51447",1,1100.39721679688,0
"51030",5,15250.0676269531,7.05322265625
"36591",1,2524.44458007812,0
"4362",3,1956.47217559814,892.759147644043
"34583",3,5221.71231079102,1999.75350952148
"68485",1,58.4178886413574,0
"15601",1,164.518493652344,0
"56378",1,427.932250976562,0
"17533",1,889.9560546875,0
"4264",4,3327.66003417969,183.078369140625
"818",1,454.108764648438,0
"7091",1,90.2813262939453,0
"1941",1,570.998779296875,0
"31907",2,4148.291015625,435.4560546875
"7822",2,1892.07611083984,415.333801269531
"51795",2,4072.92785644531,2051.77575683594
"62442",2,5635.20532226562,10.701416015625
"23415",4,5778.39727783203,1594.27496337891
"32839",3,5913.52185058594,1206.73181152344
"18642",2,3270.48461914062,0
"4892",1,720.892639160156,0
"44881",1,314.998657226562,0
"66076",4,9451.43115234375,298.26806640625
"68503",1,375.520477294922,0
"6237",1,420.368072509766,0
"66268",1,907.65185546875,0
"4835",1,220.272750854492,0
"68507",1,37.2689170837402,0
"46162",4,10753.5570068359,910.524780273438
"17341",1,876.958740234375,0
"52805",7,19132.4522705078,2400.18493652344
"65722",32,78576.811340332,1576.10125732422
"37537",28,69552.5395507812,1368.75756835938
"68513",1,421.622528076172,0
"12980",5,6295.25537109375,777.46875
"34593",1,2429.25463867188,0
"68516",1,0.298516452312469,0
"29783",5,10753.4987792969,57.5986328125
"13458",1,350.028533935547,0
"2574",1,299.199035644531,0
"8674",1,734.317199707031,0
"31020",1,2170.259765625,0
"2046",1,41.2770195007324,0
"26641",3,4947.9208984375,1185.86535644531
"66443",3,5925.02648925781,823.797485351562
"5373",1,369.671936035156,0
"68526",1,139.273284912109,0
"50658",2,5507.0205078125,578.0849609375
"68528",1,61.0674934387207,0
"47284",2,4590.26574707031,1294.69030761719
"68530",1,0.144810169935226,0
"36571",1,75.2717514038086,0
"3192",1,590.172912597656,0
"61114",1,1041.07214355469,0
"66605",2,3492.94641113281,589.171752929688
"3598",1,749.854553222656,0
"68536",1,30.2298679351807,0
"7661",1,380.72265625,0
"19992",3,5199.46630859375,22.281494140625
"65727",2,2800.44100952148,2248.44815063477
"46660",1,2750.89404296875,0
"64882",21,54187.5693359375,1157.21752929688
"20960",313,524120.384765625,383.093872070312
"5501",3,2618.25207519531,538.976196289062
"35721",2,4426.091796875,560.86669921875
"6024",1,301.802703857422,0
"35574",3,7269.4580078125,163.666748046875
"39110",1,1392.13146972656,0
"1689",1,107.924011230469,0
"60407",2,3022.14172363281,2670.96374511719
"65055",10,26181.5810546875,42.024169921875
"19",1,339.525329589844,0
"68552",1,420.191589355469,0
"54442",1,1199.65014648438,0
"68554",1,152.738372802734,0
"15067",1,44.157642364502,0
"1293",1,200.711410522461,0
"28225",1,126.251068115234,0
"972",1,277.403686523438,0
"18634",2,1710.40384674072,1514.17476654053
"58956",1,179.109878540039,0
"58291",1,331.009185791016,0
"31775",3,6857.63305664062,17.987548828125
"42585",25,67088.9477539062,1699.61791992188
"46787",2,5844.63989257812,8.326416015625
"3951",2,1228.75848388672,101.626647949219
"39261",3,7671.57763671875,317.462158203125
"30200",2,4400.35595703125,0
"18896",238,408409.447631836,470.158935546875
"26945",5,9159.36755371094,1103.66149902344
"24936",1,1413.28540039062,0
"4278",3,2716.26715087891,132.964172363281
"49465",1,753.654296875,0
"53108",1,1538.01293945312,0
"3881",1,897.937927246094,0
"68575",1,187.464447021484,0
"6126",2,1681.47229003906,64.6719970703125
"37360",237,624770.257080078,219.1650390625
"22207",2,2606.73168945312,1064.72143554688
"41207",1,2338.38916015625,0
"17915",1,628.792846679688,0
"1275",1,191.906784057617,0
"20287",1,1725.72827148438,0
"50036",2,5821.373046875,246.91162109375
"40156",1,2224.96606445312,0
"2474",1,44.4496841430664,0
"51704",3,5259.66669464111,2964.78838348389
"53305",1,861.478759765625,0
"29251",2,3956.98583984375,237.8515625
"9538",5,5861.81097412109,405.698791503906
"4265",3,2744.75939941406,104.471862792969
"68591",1,136.805419921875,0
"44318",1,170.623016357422,0
"56796",12,35586.4450683594,1110.31420898438
"22494",5,8676.27221679688,458.931640625
"5568",1,1052.40942382812,0
"4682",1,809.691101074219,0
"2106",1,578.678955078125,0
"68598",1,11.369119644165,0
"68599",1,4.22832345962524,0
"63133",1,2767.330078125,0
"38802",2,4950.38500976562,274.924560546875
"6776",1,827.427429199219,0
"10058",2,2482.2021484375,24.8017578125
"51809",1,428.729248046875,0
"4073",1,637.476196289062,0
"16902",1,1249.55676269531,0
"3458",18,15198.0583496094,104.746887207031
"22604",5,7224.8787689209,1801.57655334473
"44606",2,3881.13781738281,1826.41784667969
"36727",1,353.422241210938,0
"64471",1,2587.45678710938,0
"4223",6,5196.48217773438,339.203125
"51633",1,1959.90515136719,0
"54626",1,184.506820678711,0
"52970",1,768.778442382812,0
"4922",1,1001.23974609375,0
"58597",1,239.809295654297,0
"26512",1,1680.25891113281,0
"68619",1,709.666259765625,0
"3645",2,1271.22091674805,373.282989501953
"2351",1,600.070739746094,0
"11773",1,955.649353027344,0
"54835",2,4518.7412109375,1260.3291015625
"35178",12,29652.1181640625,47.88427734375
"47143",1,323.672576904297,0
"16413",8,11752.0524902344,212.6884765625
"1745",1,548.983459472656,0
"28640",1,403.506652832031,0
"59300",1,1723.65673828125,0
"21593",1,197.136871337891,0
"68631",1,320.19677734375,0
"21773",1,1052.126953125,0
"55243",1,859.882873535156,0
"2454",1,370.414031982422,0
"9987",3,2972.08026123047,677.159362792969
"35747",2,4484.65197753906,470.764526367188
"21164",12,20733.7885742188,85.52783203125
"11238",1,78.1679534912109,0
"45674",1,318.105377197266,0
"36736",4,10128.1625976562,15.192138671875
"55032",1,1782.11145019531,0
"3034",1,680.338195800781,0
"4210",2,949.743789672852,683.815536499023
"68644",1,5.77818870544434,0
"9590",1,233.453033447266,0
"36258",1,274.28271484375,0
"66497",1,1782.14404296875,0
"49868",11,33191.427734375,15.655517578125
"60933",46,130616.978637695,1641.78356933594
"41732",31,84788.8959960938,974.033447265625
"37008",1,1980.91662597656,0
"66803",1,265.998443603516,0
"3193",3,2086.93411254883,293.455657958984
"21333",1,197.136871337891,0
"4885",1,440.545471191406,0
"46668",1,2282.65698242188,0
"6985",2,1909.81109619141,397.598815917969
"14538",2,2148.21612548828,700.114440917969
"24789",1,1256.25378417969,0
"68660",1,0.295014530420303,0
"47520",3,7352.75451660156,1223.50598144531
"3624",1,584.189086914062,0
"50885",1,2958.55712890625,0
"68664",1,227.855911254883,0
"12898",1,110.07600402832,0
"10070",1,313.37548828125,0
"66083",1,1133.98168945312,0
"55749",1,858.16015625,0
"28838",35,71481.1071777344,452.111206054688
"500",1,422.178436279297,0
"17806",1,935.127746582031,0
"1508",1,596.756286621094,0
"65112",4,7795.34036254883,2520.49337768555
"2055",2,1015.52850341797,327.578186035156
"68675",1,15.2380800247192,0
"34517",5,12162.4260253906,32.8681640625
"6451",1,150.901351928711,0
"59290",1,1812.81140136719,0
"68679",1,0.221886619925499,0
"4840",1,831.028991699219,0
"116",1,251.876861572266,0
"48331",2,5391.27416992188,565.934814453125
"33037",2,2558.09268188477,1593.75790405273
"34570",1,193.018142700195,0
"60532",2,4698.23229980469,1138.08117675781
"50278",1,849.559875488281,0
"24485",5,8069.45639038086,1493.85293579102
"34568",94,225739.003723145,1921.26287841797
"12450",2,1673.31860351562,1078.58154296875
"9988",1,350.980560302734,0
"34704",1,1287.50500488281,0
"53667",1,677.026672363281,0
"58299",2,5440.93823242188,566.075927734375
"59031",3,8929.03100585938,6.782470703125
"53826",1,1107.86181640625,0
"65201",32,83764.2852783203,640.692749023438
"34214",5,11963.1613769531,16.899658203125
"11215",1,1302.79919433594,0
"10411",1,1035.34387207031,0
"245",1,33.6421012878418,0
"2306",1,81.4910888671875,0
"3235",1,143.792602539062,0
"6440",1,388.032073974609,0
"43048",4,8787.873046875,2304.54052734375
"2479",152,126613.453216553,475.613800048828
"5760",1,1052.40942382812,0
"21748",1,308.382049560547,0
"15582",2,1683.72222900391,1354.68524169922
"38167",1,1214.49877929688,0
"68710",1,196.502792358398,0
"66487",3,6619.22216796875,18.688232421875
"41209",2,5262.384765625,150.55712890625
"59446",1,326.129974365234,0
"56043",1,1776.1640625,0
"1938",1,419.649688720703,0
"26514",5,8805.60943603516,1153.81060791016
"57376",1,1336.92260742188,0
"66747",1,912.777770996094,0
"42032",1,165.334457397461,0
"45681",1,2573.76171875,0
"2349",1,207.431854248047,0
"9823",2,2369.11877441406,137.885131835938
"53562",1,1538.69702148438,0
"66799",1,797.995300292969,0
"57163",1,3042.552734375,0
"42330",4,10245.8775634766,880.755004882812
"45611",19,53980.2087402344,403.57373046875
"66531",1,65.4395370483398,0
"1309",1,407.504974365234,0
"55022",7,19408.2070922852,2124.65814208984
"66087",1,603.181701660156,0
"66244",9,20910.1918945312,35.07861328125
"43613",3,6275.09094238281,2214.74670410156
"17061",1,172.259750366211,0
"47282",1,2942.47802734375,0
"37943",1,361.765594482422,0
"61424",1,86.197639465332,0
"68738",1,118.895706176758,0
"3032",1,475.417053222656,0
"38194",7,18087.0935058594,58.020751953125
"757",1,501.216247558594,0
"66096",1,265.399963378906,0
"66811",1,1352.67590332031,0
"6236",1,204.794692993164,0
"49109",2,5070.0361328125,925.1962890625
"66323",2,4601.55639648438,17.809326171875
"918",1,528.033447265625,0
"2459",1,740.828063964844,0
"45923",1,319.093292236328,0
"62967",1,2778.87670898438,0
"35576",2,3560.87670898438,1394.53979492188
"52616",2,4945.29992675781,1196.72058105469
"32781",2,4636.99536132812,17.629638671875
"14589",2,1969.41833496094,926.785034179688
"22031",1,108.840728759766,0
"38618",2,3344.19812011719,1881.11145019531
"68757",1,599.416809082031,0
"52801",13,38186.9619140625,1784.95703125
"55559",2,3833.91998291016,2300.35198974609
"68760",1,19.0167179107666,0
"68761",1,67.3197784423828,0
"52615",1,2212.2763671875,0
"12978",21,26856.8060913086,512.345520019531
"13301",1,658.053649902344,0
"1697",1,145.513687133789,0
"13994",1,1025.39904785156,0
"55038",1,2488.81079101562,0
"37010",1,203.170944213867,0
"1687",1,107.924011230469,0
"34680",1,194.340377807617,0
"29397",6,12877.5554199219,38.568115234375
"30761",1,738.335754394531,0
"44853",1,171.817443847656,0
"3597",1,871.923950195312,0
"2053",2,1326.69421386719,102.142700195312
"4546",2,1463.29724121094,487.765747070312
"18775",2,3083.99963378906,232.129028320312
"57685",2,3185.4860534668,2700.7502746582
"6442",1,183.237365722656,0
"18658",1,1425.93530273438,0
"40801",1,757.811828613281,0
"1512",1,69.8331832885742,0
"2671",3,2301.53118896484,0
"56960",1,2376.20678710938,0
"66437",1,1252.93347167969,0
"56612",1,335.881927490234,0
"7668",1,69.222297668457,0
"442",1,447.460418701172,0
"68789",1,105.347930908203,0
"66216",1,1313.06640625,0
"45904",1,2900.84814453125,0
"20826",38,69327.1320800781,767.091430664062
"66631",1,2084.48486328125,0
"18655",1,1193.80639648438,0
"48376",1,89.554931640625,0
"2064",3,2143.25537109375,0
"68797",1,9.22305870056152,0
"53860",1,92.3149795532227,0
"48372",5,13806.7158203125,1078.85766601562
"68800",1,322.236267089844,0
"32848",1,2344.76147460938,0
"68802",1,50.1374320983887,0
"2304",1,577.845886230469,0
"35590",1,615.436584472656,0
"12956",1,110.07600402832,0
"30590",6,13294.3356933594,37.203125
"10428",1,1175.94616699219,0
"2584",1,514.008605957031,0
"58778",1,927.365600585938,0
"602",1,474.357788085938,0
"40111",1,586.845886230469,0
"36682",1,1337.95556640625,0
"6086",1,355.696075439453,0
"37305",192,475678.207519531,158.621826171875
"68815",1,184.792465209961,0
"178",1,407.910491943359,0
"25655",1,119.013458251953,0
"1939",1,557.23974609375,0
"68819",1,11.6064367294312,0
"10052",9,10683.5147705078,99.7969970703125
"16900",1,725.051391601562,0
"68822",1,17.021520614624,0
"61688",1,1603.62939453125,0
"36913",4,9915.53930664062,151.466552734375
"55654",1,1717.59619140625,0
"35708",2,4277.42919921875,709.529296875
"49680",1,2083.68676757812,0
"4833",1,560.694274902344,0
"68829",1,0.281225174665451,0
"34717",1,194.340377807617,0
"68831",1,134.808609008789,0
"56046",2,4681.21691894531,1254.44372558594
"23277",2,3757.43310546875,0
"44305",1,938.426635742188,0
"66371",1,136.433166503906,0
"68836",1,466.652404785156,0
"9585",1,1019.82122802734,0
"35745",3,6013.68432617188,1371.5546875
"32991",23,52444.6026611328,498.398559570312
"32602",1,1489.47998046875,0
"68841",1,21.5287666320801,0
"6599",1,761.233215332031,0
"66547",2,2573.12191772461,1621.71548461914
"28599",4,8552.98071289062,19.367919921875
"66413",1,313.233367919922,0
"6747",1,308.90625,0
"52457",60,182134.921264648,1197.69396972656
"50275",1,2275.60668945312,0
"43043",2,3264.54907226562,2315.87670898438
"66865",1,645.175231933594,0
"1139",4,2102.17764282227,83.7634582519531
"59377",10,27084.810546875,2401.50244140625
"4796",1,243.882873535156,0
"2523",1,84.3894805908203,0
"29616",1,2006.8125,0
"15584",1,44.8686790466309,0
"370",9,4956.10342407227,249.762268066406
"68858",1,23.1464347839355,0
"68859",1,42.5901908874512,0
"47769",1,563.315368652344,0
"68861",1,6.61497402191162,0
"64400",1,2507.43237304688,0
"68863",1,178.183303833008,0
"10718",5,5790.25628662109,600.755065917969
"2738",1,621.413452148438,0
"21327",1,107.52921295166,0
"37550",2,4266.23889160156,843.029174804688
"66665",1,122.675727844238,0
"38250",4,8057.61657714844,2170.91882324219
"7291",1,530.40283203125,0
"45894",1,2581.7548828125,0
"32638",1,977.471313476562,0
"7878",2,2111.28009033203,196.129821777344
"45583",3,6976.05944824219,1671.94812011719
"5274",7,7259.43109130859,56.3489379882812
"51517",9,24908.327331543,2536.52374267578
"22963",1,1089.65563964844,0
"620",4,2112.1337890625,0
"35580",1,2117.10180664062,0
"11186",1,1081.32336425781,0
"29988",2,3186.94451904297,1250.78790283203
"6702",1,88.2589263916016,0
"68883",1,0.253963679075241,0
"68884",1,0.290084809064865,0
"1518",1,584.059326171875,0
"1900",1,116.951553344727,0
"15452",39,55388.0687255859,679.241333007812
"42024",3,6668.48962402344,1598.23303222656
"68889",1,5.79529237747192,0
"28434",1,1890.11010742188,0
"68891",1,447.920867919922,0
"56036",1,2113.02270507812,0
"63007",1,166.732604980469,0
"44598",1,2539.8623046875,0
"66534",2,2940.71081542969,1124.38952636719
"24932",1,765.529663085938,0
"28840",1,300.032196044922,0
"20458",3,4562.30578613281,384.562133789062
"58464",4,10928.7719726562,1090.69995117188
"35107",1,2445.59497070312,0
"66223",1,773.771301269531,0
"68902",1,424.378356933594,0
"60028",1,1382.96472167969,0
"103",1,283.361450195312,0
"64849",5,13229.1635742188,40.818115234375
"12318",3,3981.76501464844,48.8758544921875
"68907",1,0.299150198698044,0
"4187",3,2102.74076843262,746.490493774414
"68909",1,11.3750715255737,0
"3526",4,3487.69580078125,0
"28463",4,7237.20141601562,1120.27392578125
"21763",1,1668.89111328125,0
"21746",1,1505.63000488281,0
"65751",1,75.2717514038086,0
"34904",1,461.558380126953,0
"7097",1,936.668762207031,0
"33014",1,1946.15197753906,0
"32610",5,10879.8363037109,721.466918945312
"1105",1,34.8921432495117,0
"35756",1,1932.61242675781,0
"16634",2,2383.09478759766,655.312683105469
"17040",10,14106.4527587891,1440.02954101562
"65996",1,2234.91430664062,0
"4555",1,78.0425186157227,0
"68925",1,21.676420211792,0
"6243",2,1642.16998291016,564.303161621094
"68927",1,3.05361437797546,0
"2478",1,414.863708496094,0
"55444",1,2977.11108398438,0
"13500",1,1134.09240722656,0
"21304",1,842.312133789062,0
"56571",1,2534.3818359375,0
"44473",3,6339.36340332031,1639.08093261719
"68934",1,0.270647078752518,0
"152",1,393.557586669922,0
"42895",9,25308.9938964844,43.229248046875
"11816",1,663.645385742188,0
"68938",1,272.993438720703,0
"66089",1,1881.92687988281,0
"31901",1,572.968383789062,0
"45818",27,78786.9619140625,58.278076171875
"68942",1,2.03663086891174,0
"47713",1,88.7277603149414,0
"9587",2,2358.77685546875,48.820556640625
"16907",1,293.105895996094,0
"51811",1,1286.18774414062,0
"63174",4,10753.158203125,304.40625
"5000",3,2443.02502441406,530.657043457031
"21329",1,645.175231933594,0
"8273",1,200.395950317383,0
"38800",2,5253.326171875,0
"2355",2,1225.58981323242,203.247100830078
"36035",4,9851.79956054688,59.033447265625
"31322",3,6767.16430664062,0
"15387",3,3352.49899291992,991.806060791016
"3017",1,793.463256835938,0
"1269",1,581.535705566406,0
"46415",1,641.994506835938,0
"2458",1,696.378356933594,0
"3519",14,11789.2275390625,52.2393798828125
"622",1,140.340545654297,0
"1073",1,554.807373046875,0
"68963",1,59.057014465332,0
"68964",1,52.6738510131836,0
"48778",1,179.856979370117,0
"11607",3,3707.24975585938,201.147827148438
"35729",1,1164.52282714844,0
"51250",2,5926.8271484375,3.09130859375
"5585",4,4056.18548583984,204.367004394531
"59202",6,17169.9055175781,660.583251953125
"58137",1,1688.18566894531,0
"61997",1,1592.48156738281,0
"435",6,2819.24935913086,26.8973693847656
"29574",27,56752.8223876953,700.804321289062
"32836",1,651.647521972656,0
"20045",1,241.601959228516,0
"58130",9,26805.8293457031,241.16943359375
"5230",2,1080.40571594238,792.883102416992
"6439",1,355.696044921875,0
"30575",5,11149.8757324219,18.514892578125
"68981",1,574.495300292969,0
"277",64,30106.6947631836,267.868255615234
"57000",24,73258.2282714844,109.831298828125
"3887",1,700.3916015625,0
"50663",2,3559.78674316406,2525.31872558594
"68986",1,0.302482962608337,0
"65342",4,10195.5246582031,169.448974609375
"5759",1,1052.40942382812,0
"39445",1,1320.23547363281,0
"12939",1,1375.95007324219,0
"12162",1,889.284851074219,0
"10074",1,526.470825195312,0
"30202",4,8800.7119140625,0
"37156",4,10203.5388183594,14.997314453125
"43450",1,1321.75842285156,0
"2360",3,2169.66497802734,26.4096069335938
"14365",1,1424.16528320312,0
"662",3,1418.44189453125,85.2067565917969
"30586",2,4437.732421875,0
"53763",217,665236.362304688,34.84130859375
"37676",1,282.637908935547,0
"31759",1,2091.97509765625,0
"29856",2,2336.79278564453,1987.78192138672
"369",9,4964.24572753906,227.389221191406
"17976",1,225.720504760742,0
"4271",6,5169.1471862793,472.167266845703
"38159",1,155.042404174805,0
"32969",2,4290.91345214844,398.609497070312
"69009",1,195.446746826172,0
"21589",1,1684.62426757812,0
"25793",1,1843.73706054688,0
"18653",1,779.290222167969,0
"3043",1,639.353942871094,0
"3211",1,409.84228515625,0
"66827",1,1857.29528808594,0
"4079",1,286.40234375,0
"69017",1,86.3565902709961,0
"47785",1,2223.61328125,0
"53118",1,2645.38232421875,0
"35790",7,15854.2387695312,788.339477539062
"57158",1,91.2765808105469,0
"37548",1,1634.9658203125,0
"57290",1,3038.46044921875,0
"8205",1,554.035827636719,0
"34103",122,299839.710327148,717.901489257812
"65625",10,24610.3604736328,479.644409179688
"43755",1,84.6885986328125,0
"629",3,821.994613647461,170.413528442383
"32110",1,641.724609375,0
"49312",1,331.009185791016,0
"7154",1,191.84782409668,0
"69032",1,516.314819335938,0
"33893",1,1379.88525390625,0
"21750",1,961.426452636719,0
"5169",1,780.967041015625,0
"25669",1,1282.599609375,0
"58947",1,238.81315612793,0
"14372",3,4025.72265625,318.582397460938
"10626",2,2531.70422363281,24.7003173828125
"24786",1,1087.56494140625,0
"47521",1,560.527587890625,0
"53644",2,4092.93395996094,1692.56652832031
"22497",1,520.042663574219,0
"35723",1,148.662490844727,0
"7875",2,1822.85382080078,484.556091308594
"28642",2,3589.08544921875,403.506591796875
"72",1,31.4846076965332,0
"29277",116,220990.401977539,395.077270507812
"21330",1,788.547485351562,0
"12385",6,6701.38835144043,1178.60652160645
"29576",1,239.944961547852,0
"40754",3,6888.708984375,1123.92578125
"6017",2,2094.8740234375,111.59912109375
"51805",3,8605.20874023438,581.8466796875
"66225",1,70.3428421020508,0
"69056",1,562.204833984375,0
"31538",1,1273.37609863281,0
"39120",1,211.237670898438,0
"47554",1,236.607360839844,0
"5359",1,657.194519042969,0
"47905",1,563.315368652344,0
"56583",1,1771.01379394531,0
"61693",1,1341.27563476562,0
"11184",1,286.615814208984,0
"56192",20,60073.8455810547,1106.70153808594
"7666",1,92.2963943481445,0
"35050",1,538.030883789062,0
"37636",1,436.804016113281,0
"32282",7,14778.4172973633,1582.56610107422
"69070",1,96.4629898071289,0
"69071",1,21.9107818603516,0
"69072",1,237.354522705078,0
"69073",1,13.9879865646362,0
"66783",1,1383.19958496094,0
"31130",2,4082.85583496094,428.587036132812
"19193",1,319.343231201172,0
"43447",1,309.347717285156,0
"31353",3,6748.82397460938,18.34033203125
"6144",1,538.933410644531,0
"6605",1,915.686340332031,0
"19638",1,1379.68029785156,0
"69082",1,27.9052829742432,0
"58620",1,1166.68579101562,0
"69084",1,18.2632865905762,0
"24944",1,1531.05920410156,0
"30792",1,178.990493774414,0
"69087",1,90.4544296264648,0
"3236",1,118.417434692383,0
"46675",1,175.588989257812,0
"7094",1,1094.6611328125,0
"51442",1,947.564270019531,0
"23573",1,531.996826171875,0
"4058",1,923.878540039062,0
"32939",2,4361.25634765625,328.2666015625
"33686",1,856.48046875,0
"8203",2,1592.80258178711,814.794830322266
"26215",1,506.102111816406,0
"51871",2,5943.31811523438,181.385498046875
"65454",6,15093.4389648438,204.37060546875
"69100",1,233.520126342773,0
"66396",41,90736.7573242188,234.419189453125
"27806",1,1855.19152832031,0
"6695",1,1103.23657226562,0
"12735",1,302.709014892578,0
"62618",2,5591.55102539062,11.125244140625
"47363",1,324.515991210938,0
"64220",46,122473.250976562,120.6103515625
"7297",1,631.969299316406,0
"69109",1,95.8985595703125,0
"26519",1,122.675735473633,0
"26224",1,1579.03857421875,0
"28984",2,4266.80639648438,19.367919921875
"56994",2,5669.97900390625,430.138671875
"16632",1,1372.9697265625,0
"57162",1,1764.68054199219,0
"7819",1,357.648529052734,0
"66189",1,401.544860839844,0
"69118",1,90.9291839599609,0
"33907",1,2236.36572265625,0
"5170",1,560.694274902344,0
"14366",2,2648.94738769531,199.383178710938
"65955",2,4891.18994140625,0
"2465",1,162.982177734375,0
"32963",39,89014.2435302734,844.114135742188
"55234",5,12197.9696655273,2981.84332275391
"60042",1,559.07080078125,0
"45667",1,2891.8671875,0
"4837",1,60.0743865966797,0
"40170",3,5697.25012207031,2198.36145019531
"29573",2,3929.15478515625,395.419921875
"31711",9,20714.8347167969,53.426513671875
"21886",4,7256.04833984375,0
"32108",16,34409.0405273438,1988.82055664062
"7876",1,34.6111488342285,0
"66835",1,257.001708984375,0
"343",1,322.171508789062,0
"28578",3,6332.08837890625,19.53466796875
"35731",1,421.210388183594,0
"69139",1,33.8447799682617,0
"16593",1,1542.66259765625,0
"2920",2,1116.30090332031,418.05322265625
"36074",1,1047.26123046875,0
"16891",3,3300.66012573242,1256.95108032227
"372",9,4844.23834228516,361.627349853516
"50492",1,1764.68054199219,0
"6982",3,2841.74859619141,543.801208496094
"4051",1,923.878540039062,0
"51991",3,8951.66259765625,247.467041015625
"69149",1,0.156599774956703,0
"45129",1,629.997314453125,0
"59098",1,2799.88818359375,0
"37247",1,434.287780761719,0
"53852",1,430.835174560547,0
"37",1,120.963653564453,0
"12536",1,1351.67504882812,0
"25229",1,58.8868942260742,0
"66337",2,3185.70416259766,1398.04290771484
"28981",2,4266.80639648438,19.367919921875
"31755",2,2824.19293212891,1687.24993896484
"10139",61,81082.3734741211,645.860412597656
"55621",2,5275.47387695312,858.798095703125
"65596",2,2895.18585205078,2184.08758544922
"11605",1,623.82666015625,0
"56954",1,2102.029296875,0
"7293",1,1038.2353515625,0
"63671",116,323844.980224609,132.18701171875
"19899",1,483.203918457031,0
"7108",1,598.11376953125,0
"29685",2,3830.56066894531,515.389526367188
"55275",8,24087.810546875,427.63525390625
"39267",10,24706.4414672852,2033.56121826172
"7765",4,4488.69470214844,50.4683837890625
"5276",1,800.955810546875,0
"2928",1,706.182312011719,0
"4849",19,17961.1517333984,390.483581542969
"2070",1,657.264953613281,0
"69177",1,137.969329833984,0
"69178",1,27.7817420959473,0
"57985",1,332.181945800781,0
"10628",8,10176.1141357422,49.2972412109375
"69181",1,13.6888809204102,0
"39782",1,1840.56201171875,0
"12426",6,8142.32507324219,64.8253173828125
"46922",1,2934.59033203125,0
"12165",1,146.001983642578,0
"17541",1,1319.0419921875,0
"28848",1,128.585235595703,0
"7826",1,576.852478027344,0
"40583",4,9698.18737792969,1050.53479003906
"66663",1,867.140930175781,0
"48954",2,5346.24267578125,660.771484375
"7095",1,1094.6611328125,0
"3227",3,2166.7673034668,449.004547119141
"46412",1,817.083862304688,0
"19492",32,53072.9058837891,187.364013671875
"69196",1,0.21813178062439,0
"53317",1,246.173278808594,0
"6241",1,603.605407714844,0
"53134",1,338.362854003906,0
"34031",1,527.122680664062,0
"48590",9,24699.2567749023,2147.54400634766
"2264",1,257.190643310547,0
"17979",3,4611.14733886719,225.720581054688
"28524",11,23437.5476074219,58.102783203125
"2578",1,237.824890136719,0
"24342",1,153.688842773438,0
"764",1,501.216217041016,0
"13466",2,1732.19039916992,1116.14016723633
"57170",1,2281.91455078125,0
"104",1,263.68359375,0
"66190",1,70.8608551025391,0
"42329",1,525.792663574219,0
"66108",2,4792.0244140625,0
"7820",7,7142.02039337158,1109.57738494873
"18779",1,232.129013061523,0
"4138",1,923.878540039062,0
"59278",26,76586.8852539062,237.745849609375
"27929",1,231.460311889648,0
"29175",1,2032.55004882812,0
"65498",20,50682.3170166016,1054.32800292969
"48757",1,1824.81616210938,0
"9817",6,7430.84149169922,287.462585449219
"69223",1,0.0393557585775852,0
"51873",35,105746.077392578,947.60009765625
"43582",4,11058.4450683594,168.735107421875
"10721",1,1175.94604492188,0
"34512",3,7238.18041992188,0
"45791",1,636.210754394531,0
"9827",1,275.770446777344,0
"65968",1,1296.16540527344,0
"39598",1,2574.455078125,0
"69232",1,11.6776895523071,0
"57779",7,19362.6773681641,1754.40124511719
"49309",1,752.293579101562,0
"3602",1,340.050354003906,0
"41697",1,1838.21850585938,0
"238",1,420.526275634766,0
"10060",1,100.280158996582,0
"2517",1,168.778961181641,0
"30371",10,20071.8845214844,1645.46142578125
"69241",1,491.110992431641,0
"56168",145,439554.755371094,62.002685546875
"237",1,210.263137817383,0
"16139",1,1260.93908691406,0
"69245",1,285.677703857422,0
"6028",1,150.901351928711,0
"69247",1,0.144810169935226,0
"59106",3,8012.44604492188,923.367431640625
"51680",5,13129.6491699219,2213.5517578125
"12399",1,635.287231445312,0
"56201",1,428.346649169922,0
"69252",1,39.3571586608887,0
"45168",1,229.860366821289,0
"11206",1,104.223937988281,0
"29978",2,3410.27587890625,858.0693359375
"65897",1,2461.74633789062,0
"69257",1,0.295759201049805,0
"50678",2,4476.41870117188,1616.41918945312
"42587",1,608.812622070312,0
"65383",2,2929.1565246582,2209.7145690918
"20",1,339.525329589844,0
"43471",1,1574.86108398438,0
"3955",1,618.998596191406,0
"19477",1,749.455993652344,0
"63298",1,2755.57421875,0
"53115",1,2122.45776367188,0
"45578",1,1124.24096679688,0
"10054",2,2482.2021484375,24.8017578125
"47115",1,968.414794921875,0
"65658",3,5371.95965576172,2276.94512939453
"69271",1,22.9900684356689,0
"3699",2,1795.87585449219,0
"63696",3,6309.61950683594,1884.69152832031
"22947",1,1597.27392578125,0
"66734",1,922.561340332031,0
"47527",1,1239.06103515625,0
"53854",1,953.992126464844,0
"4847",1,500.619873046875,0
"69279",1,102.022644042969,0
"69280",1,128.146453857422,0
"1743",3,1918.01324462891,39.685546875
"436",3,1396.17599487305,26.8973693847656
"7665",1,219.203948974609,0
"45002",1,2548.62548828125,0
"36506",2,5018.11669921875,0
"1940",1,570.998718261719,0
"26223",4,7672.11840820312,546.315063476562
"69288",1,47.0937690734863,0
"294",1,349.019134521484,0
"28849",1,171.446960449219,0
"56392",1,672.464965820312,0
"7663",1,992.186279296875,0
"39847",8,19445.6723632812,1840.56201171875
"52216",1,521.76171875,0
"31930",8,17621.3133544922,641.724731445312
"30464",1,1410.29797363281,0
"64919",8,20929.0551757812,28.21630859375
"4077",2,1568.74237060547,330.745178222656
"46665",1,1551.0361328125,0
"48842",14,42137.5954589844,38.0966796875
"39515",7,16056.29347229,2508.23655700684
"58385",3,8030.69836425781,996.824584960938
"17062",1,93.9598617553711,0
"6778",2,1905.29425048828,250.439392089844
"45422",4,10732.7275390625,816.34521484375
"4924",1,1001.23974609375,0
"66624",1,126.251075744629,0
"3649",1,601.618408203125,0
"45152",2,3505.37066650391,2241.13861083984
"2573",2,1296.52923583984,23.0153198242188
"36037",1,199.478332519531,0
"54395",1,1107.36926269531,0
"22957",1,984.366516113281,0
"50495",1,2799.1484375,0
"63372",1,82.6672286987305,0
"15453",1,747.811340332031,0
"30206",1,2200.17797851562,0
"54580",8,24603.646484375,2.736328125
"56958",1,2376.20678710938,0
"43904",54,144931.495422363,1937.13641357422
"19641",2,2980.79089355469,425.827270507812
"46409",1,2276.162109375,0
"57535",1,1274.33972167969,0
"38476",3,7301.63549804688,493.704833984375
"54840",3,9214.62646484375,1.595703125
"3038",1,680.338195800781,0
"8202",2,1628.16659545898,779.430816650391
"32226",1,69.2904891967773,0
"12448",4,5125.22033691406,426.908081054688
"69330",1,191.662063598633,0
"36598",7,17746.8779296875,30.189453125
"69332",1,619.028442382812,0
"2921",1,134.888748168945,0
"14545",1,1448.10168457031,0
"7766",1,1153.70495605469,0
"21336",2,2602.55963134766,1025.46453857422
"8209",1,1049.13171386719,0
"66275",1,1016.26043701172,0
"7296",1,406.265991210938,0
"69340",1,0.221886619925499,0
"14544",1,43.4430503845215,0
"66823",1,1040.08544921875,0
"12167",1,567.703491210938,0
"14560",1,1448.10168457031,0
"69345",1,14.5939493179321,0
"56772",1,1342.02587890625,0
"69347",1,3.48035430908203,0
"4887",4,3498.65570068359,284.676025390625
"46676",1,87.7944946289062,0
"3628",1,165.665557861328,0
"1688",1,88.8785934448242,0
"60879",2,4516.34216308594,1267.39221191406
"9017",2,1816.81298828125,540.786376953125
"38484",2,4469.32836914062,727.565185546875
"23526",24,43681.5633087158,1747.98979187012
"69356",1,2.83035588264465,0
"7542",3,3299.59619140625,161.518676757812
"1088",1,554.807373046875,0
"35928",1,545.095825195312,0
"17810",1,1112.47961425781,0
"53999",5,13848.1591796875,1538.81103515625
"46826",2,3336.19079589844,2516.77551269531
"6600",5,5085.92059326172,364.068054199219
"1676",2,933.225250244141,298.378143310547
"17393",2,2781.11267089844,397.301879882812
"1752",9,5826.67486572266,26.5787353515625
"4797",1,185.350982666016,0
"2063",1,714.41845703125,0
"33687",1,927.853881835938,0
"57928",6,16662.2297363281,1524.22436523438
"66771",8,15557.1517333984,41.7860107421875
"34714",1,2016.28137207031,0
"27191",1,2064.62133789062,0
"69374",1,0.0420526266098022,0
"66436",1,2218.8662109375,0
"9992",1,213.095336914062,0
"37673",1,1567.35571289062,0
"58787",1,179.109878540039,0
"17378",2,2979.00756835938,245.571044921875
"49911",1,2181.31103515625,0
"34594",2,4841.9814453125,16.52783203125
"2310",3,1607.59692382812,311.147766113281
"47766",2,3372.66656494141,2542.51751708984
"12164",1,584.007934570312,0
"54423",1,676.725708007812,0
"22675",1,1801.57653808594,0
"7292",1,812.531921386719,0
"49082",1,660.771545410156,0
"49646",2,4529.75390625,1509.91796875
"6642",1,209.614959716797,0
"54592",1,768.778442382812,0
"33895",27,61277.7632446289,1767.25042724609
"54623",3,7012.09838867188,1968.07275390625
"18778",1,513.999938964844,0
"54412",3,8552.0361328125,677.40966796875
"1698",1,291.02734375,0
"5275",1,831.761840820312,0
"63744",159,450074.538574219,178.174560546875
"50489",1,2038.51037597656,0
"21312",1,788.547485351562,0
"11188",1,833.79150390625,0
"5361",1,287.522613525391,0
"11174",1,1302.79919433594,0
"62259",5,14145.806640625,31.465087890625
"47926",1,2045.72436523438,0
"66763",1,699.148864746094,0
"62612",2,3193.52548217773,2409.15078735352
"41992",1,164.616577148438,0
"17978",1,274.089172363281,0
"32987",1,844.114135742188,0
"44284",1,2351.75708007812,0
"2353",1,740.828063964844,0
"69413",1,137.008743286133,0
"9826",2,1378.482421875,1177.92211914062
"69415",1,0.764105319976807,0
"55043",1,2642.44116210938,0
"45431",2,5582.9638671875,163.54541015625
"1311",1,188.547073364258,0
"4844",1,220.272750854492,0
"69420",1,64.5742797851562,0
"65931",9,20450.5042724609,1140.86950683594
"10625",1,1278.20227050781,0
"69423",1,44.7132186889648,0
"4842",1,170.210754394531,0
"10127",1,940.12646484375,0
"23280",1,1878.71655273438,0
"20901",1,194.716735839844,0
"57841",1,241.986389160156,0
"42908",1,530.140441894531,0
"3036",1,500.007598876953,0
"15961",2,1753.88732910156,1237.35803222656
"14899",1,115.848136901855,0
"6240",1,722.170776367188,0
"69434",1,2.0327320098877,0
"69435",1,415.053527832031,0
"34094",81,189771.082397461,1300.73767089844
"4053",1,923.878540039062,0
"55975",90,275628.571533203,37.5654296875
"69439",1,27.7301616668701,0
"34250",1,2219.70874023438,0
"69441",1,317.568420410156,0
"43050",3,6411.17279052734,1913.91070556641
"3882",1,897.937927246094,0
"36578",1,476.721099853516,0
"29458",1,172.982986450195,0
"66344",1,1955.54187011719,0
"66031",1,1967.6962890625,0
"25274",14,28035.8897705078,40.850830078125
"35526",41,102180.540771484,62.6982421875
"61452",9,25877.4721679688,28.2431640625
"69451",1,20.045015335083,0
"52622",1,1536.30297851562,0
"69453",1,30.4398612976074,0
"4137",290,311205.32800293,355.564025878906
"58698",1,2662.43676757812,0
"41726",1,301.797058105469,0
"3200",1,139.346374511719,0
"36361",1,1530.52563476562,0
"56970",1,852.997314453125,0
"69460",1,67.1551513671875,0
"59926",3,7864.08361816406,978.684936523438
"69462",1,349.803680419922,0
"6697",1,1103.23657226562,0
"51793",2,3646.55401611328,2115.37811279297
"40292",3,7974.62280273438,93.417236328125
"26523",1,388.47314453125,0
"5035",4,4030.58575439453,25.626708984375
"52314",1,2731.576171875,0
"66583",1,1231.75720214844,0
"1138",1,372.182861328125,0
"8863",1,469.481475830078,0
"40157",20,51259.5574951172,1407.56066894531
"3601",1,287.734893798828,0
"64398",8,20210.9169921875,1285.70947265625
"48171",2,2912.38549804688,2555.76684570312
"56988",1,91.3925704956055,0
"49687",1,1330.92504882812,0
"21323",1,107.529205322266,0
"43202",1,2185.04370117188,0
"29056",2,4151.591796875,172.98291015625
"51676",4,11589.8149414062,680.55224609375
"21337",1,1039.44897460938,0
"63047",1,166.732604980469,0
"26659",1,388.47314453125,0
"8844",1,96.3038940429688,0
"4078",1,517.372009277344,0
"66559",1,2078.79467773438,0
"23986",1,422.644317626953,0
"33503",2,4724.05712890625,0
"3954",1,46.1939277648926,0
"6984",1,970.524291992188,0
"28577",3,6351.623046875,19.53466796875
"34586",48,115377.2109375,150.395751953125
"2308",1,511.17138671875,0
"10433",1,856.395568847656,0
"47111",3,6434.64056396484,2384.90582275391
"54600",24,72944.8967285156,523.681396484375
"15925",8,9682.54476928711,1139.40280151367
"16890",5,7111.03674316406,555.358520507812
"40112",1,213.398498535156,0
"54805",1,1106.63049316406,0
"21314",1,896.076721191406,0
"8265",3,2322.23541259766,719.067810058594
"3698",1,323.257659912109,0
"32994",1,187.580917358398,0
"3194",1,155.740081787109,0
"11207",1,78.1679534912109,0
"49330",1,1085.26220703125,0
"22504",1,724.345153808594,0
"22956",1,1337.25256347656,0
"17501",1,270.165252685547,0
"7177",10,11385.9194335938,25.1883544921875
"35352",1,2461.74633789062,0
"69514",1,52.686710357666,0
"69515",1,28.3338394165039,0
"66434",1,67.1214294433594,0
"36365",8,19372.2780761719,748.112060546875
"32607",1,69.8193740844727,0
"14559",1,1448.10168457031,0
"28332",483,1048461.88574219,361.203979492188
"3031",1,475.417053222656,0
"38503",2,5239.31787109375,14.00830078125
"4076",1,618.998596191406,0
"66854",1,1215.38806152344,0
"16595",1,215.972763061523,0
"34537",5,12013.490234375,16.714599609375
"69527",1,413.933349609375,0
"7157",9,8933.14540100098,945.244247436523
"46377",1,87.2883453369141,0
"50478",1,1519.23022460938,0
"43049",2,3476.42993164062,2081.32348632812
"11755",2,2136.93811035156,517.643432617188
"45325",1,2700.859375,0
"20036",2,3451.45654296875,0
"64168",13,34762.7197265625,495.683349609375
"3648",1,475.907104492188,0
"48514",1,89.5549392700195,0
"51675",6,17301.2825927734,1111.10510253906
"36716",1,1337.95556640625,0
"55723",104,313586.705566406,100.039794921875
"17540",1,1366.71826171875,0
"57368",1,1428.07641601562,0
"64617",3,7630.669921875,398.175537109375
"38297",3,6160.75042724609,1677.21392822266
"69545",1,0.204459547996521,0
"69546",1,220.032745361328,0
"9249",1,73.7220153808594,0
"589",4,1897.43115234375,0
"58933",1,328.368103027344,0
"19875",2,2980.79089355469,425.827270507812
"50286",1,3042.552734375,0
"7145",2,2132.89642333984,124.136779785156
"44764",13,36583.3327636719,218.241455078125
"55047",1,92.1781768798828,0
"32115",1,1466.79907226562,0
"69556",1,24.3047885894775,0
"163",1,138.773666381836,0
"2978",1,174.561920166016,0
"54192",2,5291.94116210938,861.478759765625
"49510",1,2929.24096679688,0
"1699",1,548.983459472656,0
"5700",1,1052.40942382812,0
"46534",5,13131.4865722656,1467.40478515625
"15087",5,6859.15380859375,412.137939453125
"2052",3,2116.78723144531,26.4681396484375
"51515",3,6966.82440185547,2199.96563720703
"26631",10,19814.30859375,286.243286132812
"48562",1,1253.76904296875,0
"65490",1,1353.9560546875,0
"69570",1,16.2306022644043,0
"48220",7,20902.0439453125,12.8974609375
"53663",1,92.3218231201172,0
"35734",1,148.662490844727,0
"57345",6,15678.1625366211,2517.60406494141
"65984",7,16488.6453857422,854.930541992188
"36078",1,274.28271484375,0
"63937",5,13005.3332519531,514.2294921875
"69578",1,3.55421710014343,0
"26516",1,668.054809570312,0
"59981",6,15192.2394104004,2552.87094116211
"69581",1,20.816162109375,0
"49316",1,571.743103027344,0
"69583",1,44.8972969055176,0
"239",1,407.910491943359,0
"61308",1,720.667297363281,0
"2303",1,533.396179199219,0
"66232",3,6670.20910644531,415.876586914062
"53825",1,430.835174560547,0
"61702",2,5697.49487304688,10.060791015625
"3327",1,25.3751640319824,0
"56515",8,22890.8012695312,1526.73608398438
"5659",2,1321.54107666016,732.191833496094
"18246",1,588.687255859375,0
"41106",2,4471.26208496094,827.725708007812
"7656",16,19222.5628051758,609.053405761719
"4191",1,304.879913330078,0
"35575",5,10918.03515625,1548.97729492188
"16941",1,219.239685058594,0
"2929",9,7303.26495361328,99.9833374023438
"38083",2,5168.080078125,0
"10126",1,664.356018066406,0
"69602",1,54.8456726074219,0
"48949",1,569.547058105469,0
"57835",1,241.986389160156,0
"16583",5,6950.78363037109,647.918273925781
"22506",1,1801.57641601562,0
"42913",1,83.7063903808594,0
"2563",1,168.778945922852,0
"7101",1,372.410491943359,0
"43620",1,2822.95336914062,0
"69611",1,16.693998336792,0
"69612",1,0.302482962608337,0
"66662",1,1899.45153808594,0
"69614",1,307.074157714844,0
"59993",6,14623.8954315186,2861.87092590332
"54720",5,15111.869140625,244.550048828125
"8397",1,35.3639907836914,0
"58140",1,90.4385147094727,0
"66301",4,8389.43627929688,831.48583984375
"3228",1,236.834869384766,0
"751",21,10873.9934387207,80.4495849609375
"28841",1,1435.86840820312,0
"69623",1,5.39569759368896,0
"63981",1,1948.65893554688,0
"66254",1,768.013122558594,0
"69626",1,51.9471893310547,0
"6115",1,183.237365722656,0
"2480",1,614.887268066406,0
"46105",1,1537.44946289062,0
"2265",1,100.018585205078,0
"296",1,398.239776611328,0
"7667",1,34.6111488342285,0
"2908",1,23.803897857666,0
"69634",1,442.118865966797,0
"53433",4,12309.3481445312,0.22802734375
"53862",2,3077.16595458984,2584.81939697266
"20321",1,1608.16906738281,0
"46681",1,234.11865234375,0
"35706",1,891.974975585938,0
"3125",1,819.6845703125,0
"60172",1,2846.552734375,0
"46399",1,175.089401245117,0
"54126",72,218532.323791504,2892.79144287109
"56388",1,672.464965820312,0
"40110",1,213.398498535156,0
"18781",1,1558.58056640625,0
"45155",6,16356.8226318359,966.786499023438
"52164",6,17880.5991210938,521.76171875
"32305",5,10031.2043457031,1432.38891601562
"4926",1,1001.23974609375,0
"48766",1,2008.40295410156,0
"57520",1,2518.33813476562,0
"20899",1,336.328887939453,0
"2781",1,769.659362792969,0
"43041",1,1562.51916503906,0
"49659",1,2446.06713867188,0
"4352",1,949.743774414062,0
"521",1,474.357788085938,0
"69659",1,0.300917416810989,0
"32838",1,1024.017578125,0
"2460",1,740.828063964844,0
"51443",1,2812.12622070312,0
"52935",1,1629.81030273438,0
"44426",3,7744.97119140625,806.301513671875
"49876",1,1512.41491699219,0
"24487",1,854.515380859375,0
"43947",340,937993.311279297,203.24609375
"65715",28,69799.3471679688,47.31201171875
"20028",1,379.660217285156,0
"30054",1,484.039154052734,0
"63290",1,387.426208496094,0
"65372",134,358036.188720703,197.89453125
"62179",6,15434.0469970703,1607.06335449219
"46044",2,4835.43542480469,948.298950195312
"8670",1,168.531829833984,0
"6588",1,154.453125,0
"26518",1,384.637603759766,0
"4891",1,780.966979980469,0
"57011",1,1005.31823730469,0
"52113",11,33759.4626464844,7.748291015625
"4993",1,390.483489990234,0
"46878",1,1229.12292480469,0
"48867",7,20888.4782714844,25.794189453125
"4791",1,517.031677246094,0
"14543",1,318.582366943359,0
"24506",12,23047.9562988281,313.36865234375
"69687",1,12.6575632095337,0
"31223",5,10866.638671875,338.4326171875
"3705",2,1768.93780517578,26.9381713867188
"30573",2,4437.732421875,0
"53680",1,523.156982421875,0
"69692",1,140.06282043457,0
"12901",1,110.076011657715,0
"54632",4,10023.810546875,1446.21557617188
"69695",1,0.292648315429688,0
"6229",1,625.162780761719,0
"1270",1,581.535705566406,0
"4353",1,949.743774414062,0
"51874",3,7899.58813476562,1284.734375
"1513",1,406.302154541016,0
"28480",11,23007.3107910156,59.097900390625
"59840",1,2861.64086914062,0
"16937",1,1519.01782226562,0
"65382",1,847.913696289062,0
"13306",1,1204.09814453125,0
"37692",11,27858.0988769531,75.956298828125
"65661",1,429.155578613281,0
"18394",12,18903.0083007812,742.328735351562
"16421",1,293.105895996094,0
"26657",1,674.716491699219,0
"32984",13,29937.3605957031,123.23681640625
"12364",1,1351.67504882812,0
"5261",1,965.254455566406,0
"69714",1,501.216217041016,0
"5647",2,2073.24658203125,31.572265625
"57014",6,16634.126953125,1616.41918945312
"4081",1,258.686004638672,0
"34729",1,2429.25463867188,0
"6121",1,452.704071044922,0
"30764",7,15309.9266357422,443.442749023438
"24790",3,5006.83056640625,884.335571289062
"11814",1,411.460144042969,0
"44801",1,399.528900146484,0
"47283",1,1059.29211425781,0
"69725",1,229.564865112305,0
"1933",1,96.3130416870117,0
"3199",2,1383.63616943359,203.290344238281
"38485",1,935.440856933594,0
"5356",1,996.060485839844,0
"62437",3,8425.84204101562,10.913818359375
"34592",2,4874.849609375,16.34033203125
"45644",1,1441.33459472656,0
"6772",1,154.453109741211,0
"4592",1,653.606140136719,0
"5211",5,4600.45159912109,287.522583007812
"69736",1,554.807373046875,0
"35054",11,25898.1762695312,969.933349609375
"69738",1,28.868989944458,0
"69739",1,0.295759201049805,0
"5557",3,2792.81939697266,364.408874511719
"44300",12,33979.2600097656,31.465087890625
"18336",1,637.744506835938,0
"60820",29,81926.7649536133,2375.32196044922
"66733",1,490.72412109375,0
"61560",2,2720.44290161133,2548.62545776367
"11173",1,1302.79919433594,0
"33928",5,12079.6008300781,49.582763671875
"40799",1,216.517669677734,0
"6523",1,1103.23657226562,0
"49654",4,10981.7652587891,1087.14099121094
"66584",1,1359.18029785156,0
"36570",1,2358.51489257812,0
"12401",1,486.60302734375,0
"58463",1,2432.84057617188,0
"69755",1,27.0919399261475,0
"5024",1,690.85546875,0
"48731",3,7389.00988769531,1585.49597167969
"27512",1,2021.95031738281,0
"6242",1,538.933410644531,0
"69760",1,14.5892705917358,0
"51812",1,428.729248046875,0
"19489",1,1226.38256835938,0
"44846",1,313.915557861328,0
"8671",1,72.2279205322266,0
"4539",3,2841.4365234375,162.28271484375
"53850",1,1631.01879882812,0
"69767",1,34.3352432250977,0
"64258",2,5348.16333007812,13.200927734375
"10056",3,3686.00085449219,49.7032470703125
"36036",1,1720.50073242188,0
"69771",1,138.59748840332,0
"7229",1,722.250671386719,0
"1682",1,406.302154541016,0
"19891",2,2878.59228515625,528.02587890625
"28492",4,8533.61279296875,19.367919921875
"20721",1,141.612167358398,0
"5603",1,115.765037536621,0
"48148",1,1307.60168457031,0
"49878",1,1270.42846679688,0
"69780",1,4.75558042526245,0
"16411",1,1260.93908691406,0
"56966",1,1279.49597167969,0
"16624",1,293.105895996094,0
"27203",2,4129.24267578125,0
"1140",1,244.245010375977,0
"56232",2,3487.55114746094,2631.68664550781
"36683",1,908.800048828125,0
"20410",2,2941.31872558594,598.985473632812
"39322",132,345902.968017578,139.044921875
"39705",6,15937.6655273438,27.01025390625
"36918",1,1337.95568847656,0
"3687",2,1499.55639648438,296.319580078125
"4198",9,8285.85406494141,339.203247070312
"69794",1,8.76485633850098,0
"34007",2,2450.99291229248,2307.23218536377
"69796",1,69.6104049682617,0
"1896",1,323.336639404297,0
"40155",23,59796.046875,589.750244140625
"35702",1,198.216659545898,0
"10698",46,54921.361328125,473.798583984375
"31902",2,3992.79113769531,554.980834960938
"4498",1,636.328308105469,0
"21331",1,340.509155273438,0
"26092",1,506.102111816406,0
"6211",2,1972.49627685547,183.237365722656
"22677",8,14909.919921875,268.117797851562
"23581",2,2201.71463012695,1555.7184753418
"51052",2,4575.08825683594,1525.02941894531
"51441",1,336.232482910156,0
"69810",1,45.0157508850098,0
"69811",1,0.0018040097784251,0
"4291",4,3798.97509765625,0
"7655",1,865.278747558594,0
"11302",1,221.475860595703,0
"62306",1,2512.42846679688,0
"66183",6,13860.8056640625,362.61767578125
"231",1,281.752593994141,0
"23713",2,3799.9775390625,0
"26206",1,161.952682495117,0
"69820",1,33.589771270752,0
"49834",4,9425.92782592773,2610.66616821289
"60044",3,6940.93542480469,1709.95007324219
"35936",1,1709.61865234375,0
"12979",1,302.709014892578,0
"65575",1,431.738250732422,0
"49089",1,750.876770019531,0
"52784",4,9470.02789306641,2398.83953857422
"52969",1,1445.30346679688,0
"69829",1,21.8554172515869,0
"65934",2,2983.62585449219,1907.56408691406
"13",1,339.525329589844,0
"5354",1,482.627227783203,0
"69833",1,25.4171810150146,0
"20903",54,97302.6669921875,250.176635742188
"52382",44,133734.641357422,1013.43334960938
"69836",1,35.2271270751953,0
"31765",1,1856.41748046875,0
"32965",2,4290.91345214844,398.609497070312
"12945",6,7975.48083496094,85.8009033203125
"53746",1,1015.5400390625,0
"10129",4,4726.50720214844,188.293579101562
"53278",6,17846.7145996094,431.1953125
"27386",1,2084.48486328125,0
"44013",3,7685.98498535156,782.875122070312
"6114",1,334.138702392578,0
"51681",7,18574.9280853271,2814.63075256348
"5177",1,580.719055175781,0
"69848",1,17.5838642120361,0
"69849",1,322.762908935547,0
"11593",1,915.830627441406,0
"56001",2,3891.54241943359,1870.39019775391
"3206",1,270.495910644531,0
"69853",1,26.3649959564209,0
"69854",1,1.54032301902771,0
"69855",1,4.90894556045532,0
"66682",3,5234.16442871094,899.621948242188
"35377",2,2840.44329833984,1757.27496337891
"56380",1,2628.7265625,0
"55811",3,8183.169921875,1011.40307617188
"46133",1,1682.49194335938,0
"69861",1,3.23909616470337,0
"9519",5,5514.70391845703,454.291564941406
"35746",3,5873.64752197266,1495.44012451172
"33894",4,7925.29907226562,1505.54809570312
"69865",1,23.6218700408936,0
"4802",1,185.350982666016,0
"14528",1,1288.810546875,0
"4670",6,4977.85055541992,815.888763427734
"45130",1,85.9087219238281,0
"59119",4,11259.125,655.29296875
"44601",1,627.831115722656,0
"60290",8,23154.3706054688,337.907958984375
"32286",1,2055.61767578125,0
"65308",1,490.967620849609,0
"30051",1,2024.16369628906,0
"34703",1,753.068908691406,0
"34049",3,5918.15014648438,1269.88647460938
"5749",19,19765.3843994141,76.6270751953125
"65586",3,7166.37377929688,497.5283203125
"62875",149,419501.47857666,2361.72674560547
"49289",1,331.009185791016,0
"66447",1,1175.99914550781,0
"6056",6,5982.16082763672,452.704040527344
"31760",2,4047.51696777344,500.255004882812
"30178",1,2200.17797851562,0
"54428",1,246.082077026367,0
"69887",1,0.307397365570068,0
"496",14,6549.21252441406,107.499267578125
"43057",1,781.259582519531,0
"44038",2,3371.79614257812,2295.08813476562
"69891",1,6.95881700515747,0
"69892",1,38.7221946716309,0
"51078",1,2198.5,0
"35724",1,74.3312454223633,0
"5280",1,513.433227539062,0
"59261",16,46380.3677978516,987.483764648438
"2228",1,714.41845703125,0
"53283",1,246.136795043945,0
"69899",1,42.6338157653809,0
"36358",11,27069.0725097656,185.1455078125
"50277",1,333.755676269531,0
"8298",1,1178.79968261719,0
"51864",2,5360.9951171875,763.70849609375
"29859",1,1766.86743164062,0
"49108",2,5070.0361328125,925.1962890625
"6740",1,430.262268066406,0
"4981",3,3003.71923828125,0
"55812",2,3831.07208251953,2298.64324951172
"3422",1,148.227066040039,0
"57377",2,4733.26208496094,1335.02258300781
"36491",2,5018.11669921875,0
"56760",1,1708.03295898438,0
"32780",4,9273.99072265625,17.629638671875
"69914",1,128.025970458984,0
"462",1,341.53759765625,0
"2828",2,1452.03778076172,134.888732910156
"5822",157,184878.011962891,274.88134765625
"54641",2,3935.00549316406,2212.94177246094
"34931",4,9749.69921875,16.34033203125
"66646",1,1486.52734375,0
"55160",1,522.071716308594,0
"8336",1,35.3639907836914,0
"4380",1,636.328308105469,0
"31688",5,11296.7717285156,18.16455078125
"59117",27,79184.84375,1180.66748046875
"3643",1,844.061645507812,0
"34035",1,2132.45092773438,0
"15899",2,1540.49139404297,1361.01666259766
"2911",1,571.293518066406,0
"69930",1,34.5971527099609,0
"61307",1,893.62744140625,0
"58539",4,9922.10961914062,2068.35522460938
"65152",1,285.829132080078,0
"12362",1,1351.67504882812,0
"106",1,251.876846313477,0
"2737",7,5155.42987060547,168.778930664062
"44004",1,84.6885986328125,0
"32581",43,98208.1206665039,1384.55731201172
"20415",1,297.161682128906,0
"69940",1,0.220017790794373,0
"17962",1,902.882019042969,0
"5370",1,482.627258300781,0
"18787",1,547.161254882812,0
"6542",2,1897.56695556641,242.712097167969
"69945",1,381.950256347656,0
"6441",1,452.704040527344,0
"2566",1,406.603851318359,0
"26227",1,789.519287109375,0
"43581",1,1406.1259765625,0
"69950",1,93.4078750610352,0
"26660",2,2412.20257568359,1717.04010009766
"39237",27,72055.2214355469,514.880126953125
"33396",1,525.319885253906,0
"32990",1,773.771301269531,0
"5178",1,891.103393554688,0
"69956",1,119.557922363281,0
"3026",1,524.59814453125,0
"49308",1,180.55046081543,0
"56585",1,763.368041992188,0
"6119",1,452.704040527344,0
"56423",1,1192.09692382812,0
"21339",2,1867.77668762207,1760.2474822998
"44427",16,43606.8847961426,2502.72775268555
"69964",1,0.281225174665451,0
"21600",1,108.840728759766,0
"53816",3,7078.00610351562,1969.5322265625
"4591",3,2792.66003417969,211.059204101562
"69968",1,317.790008544922,0
"69969",1,105.53458404541,0
"41071",2,4827.33544921875,585.6064453125
"52780",2,5716.22338867188,428.988525390625
"27506",1,1625.89819335938,0
"69973",1,22.6502780914307,0
"5347",1,451.821228027344,0
"49319",1,331.607879638672,0
"7712",1,796.056396484375,0
"2467",1,81.4910888671875,0
"41101",3,5862.38961791992,2244.23123168945
"5750",1,1052.40942382812,0
"29985",1,1518.12268066406,0
"4923",1,1001.23974609375,0
"44882",1,1746.81066894531,0
"16948",5,6734.47180175781,931.923461914062
"2099",1,235.758087158203,0
"61050",2,3846.18341064453,1937.55096435547
"45926",1,174.050888061523,0
"2785",1,23.803897857666,0
"2754",1,406.603851318359,0
"55220",1,1873.31628417969,0
"5023",1,690.85546875,0
"1679",1,425.347564697266,0
"69992",1,45.947868347168,0
"44852",1,229.089920043945,0
"66745",2,3219.15014648438,706.642822265625
"33857",3,7120.25366210938,17.083984375
"2464",1,451.905120849609,0
"51875",25,74975.6239013672,1100.84289550781
"2768",1,349.123809814453,0
"46376",2,3811.59118652344,2007.63195800781
"70000",1,21.8032627105713,0
"19996",1,431.432067871094,0
"64470",3,6895.30236816406,1133.54309082031
"38486",1,156.759292602539,0
"55113",45,138101.81640625,15.494873046875
"49293",2,4327.7138671875,1499.08984375
"40610",1,457.925415039062,0
"55806",1,429.080078125,0
"1738",1,496.069396972656,0
"66838",1,1266.6513671875,0
"438",1,447.460418701172,0
"66214",3,7016.83544921875,17.448974609375
"18230",1,709.407287597656,0
"45903",1,2900.84814453125,0
"16125",2,1686.31619262695,1109.01876831055
"4886",1,640.79345703125,0
"46672",2,3152.275390625,2684.0380859375
"5602",1,178.909606933594,0
"70018",1,67.2364044189453,0
"48371",1,1727.59057617188,0
"35691",2,2512.25816345215,2115.82484436035
"3625",1,680.100646972656,0
"51679",22,66462.0670166016,1115.20861816406
"22027",1,253.961700439453,0
"9230",1,1203.79870605469,0
"51609",3,6272.21873474121,2814.84938049316
"59472",1,177.889068603516,0
"5500",2,1766.21026611328,164.298645019531
"4288",1,949.743774414062,0
"7877",1,69.222297668457,0
"54943",1,2642.44116210938,0
"1858",1,661.425842285156,0
"12954",1,41.2785034179688,0
"51516",19,55471.6193237305,2383.54278564453
"7541",1,646.074768066406,0
"10123",1,213.095321655273,0
"36719",1,1186.48889160156,0
"1931",1,75.6745376586914,0
"26893",5,10222.9774169922,0.0001220703125
"1517",1,634.847106933594,0
"40120",2,5361.3642578125,0
"3335",7,5894.71740722656,26.1542358398438
"49679",1,2355.47216796875,0
"9829",2,2118.04858398438,438.35595703125
"6210",4,4236.67517089844,176.271118164062
"31201",1,2007.59204101562,0
"21891",11,20235.544921875,64.7044677734375
"70047",1,526.679077148438,0
"55053",2,3654.80535888672,2487.21514892578
"37555",1,77.0830688476562,0
"59658",8,21478.7017211914,2129.46624755859
"70051",1,12.9860162734985,0
"70052",1,23.9405612945557,0
"4841",1,610.756225585938,0
"21571",33,58961.6647949219,656.552490234375
"53855",1,338.513336181641,0
"1501",1,298.378143310547,0
"32601",1,2141.12744140625,0
"6125",10,9671.31564331055,750.606719970703
"35726",1,1437.07080078125,0
"70060",1,196.417114257812,0
"45930",1,1682.49182128906,0
"56399",1,1620.029296875,0
"3592",1,871.923950195312,0
"771",1,337.94140625,0
"66532",1,1016.27508544922,0
"57193",1,2799.1484375,0
"9533",1,270.314025878906,0
"1344",1,492.655242919922,0
"12447",19,26287.2551269531,72.490234375
"70070",1,24.4510250091553,0
"5598",4,4362.20678710938,25.3697509765625
"56387",1,764.164733886719,0
"25096",1,1962.896484375,0
"66884",1,336.328887939453,0
"43055",1,1395.1064453125,0
"3203",2,932.809631347656,654.116882324219
"5360",1,451.821228027344,0
"70078",1,41.397159576416,0
"70079",1,7.04922151565552,0
"27508",3,5921.89965820312,271.96435546875
"19878",3,4592.67370605469,584.511108398438
"58762",10,26895.5296630859,2410.21911621094
"3945",2,1616.78741455078,230.969665527344
"24338",1,326.588806152344,0
"1090",1,554.807373046875,0
"172",1,302.778930664062,0
"51305",3,6195.23077392578,2961.77239990234
"21761",1,108.840728759766,0
"61880",2,3728.38818359375,1959.0458984375
"70090",1,154.511322021484,0
"46533",2,3326.69860839844,2042.70959472656
"16067",11,15052.1151428223,1206.97396850586
"53998",4,12308.6640625,0
"7096",1,936.668762207031,0
"24653",8,15847.0166015625,82.328125
"53304",1,953.780090332031,0
"27937",1,2041.05895996094,0
"35052",1,269.015441894531,0
"1680",2,944.685333251953,271.747406005859
"59090",1,565.934814453125,0
"36489",1,2509.05834960938,0
"15085",1,250.226623535156,0
"55467",1,245.534942626953,0
"3021",1,24.5905380249023,0
"59259",5,12472.2816772461,2413.95831298828
"45887",52,145140.624282837,2651.31980895996
"4801",1,107.308464050293,0
"70108",1,172.633361816406,0
"17058",1,1221.47827148438,0
"26656",1,511.148864746094,0
"60582",1,729.539184570312,0
"70112",1,79.0871124267578,0
"4354",1,208.943634033203,0
"39109",1,1523.46459960938,0
"33658",2,2379.11247253418,2093.61897277832
"37539",1,281.009735107422,0
"42158",13,35643.5126953125,503.086181640625
"70118",1,53.3868751525879,0
"6023",4,3873.92315673828,589.583190917969
"37176",6,15192.2438964844,15.192138671875
"54193",1,2122.92993164062,0
"61692",1,229.089920043945,0
"54617",1,92.2534103393555,0
"70124",1,0.0687950327992439,0
"70125",1,37.586368560791,0
"10694",2,1713.65475463867,793.349151611328
"5279",1,513.433227539062,0
"51810",1,244.988143920898,0
"22028",1,507.923400878906,0
"3623",1,340.050354003906,0
"70131",1,25.0337734222412,0
"37141",1,2539.63671875,0
"34933",2,4907.34130859375,16.1513671875
"4834",1,420.520690917969,0
"26202",10,19586.4106445312,104.0732421875
"9407",1,958.386108398438,0
"53309",1,338.438110351562,0
"16418",1,638.065612792969,0
"70139",1,62.4080619812012,0
"16629",1,1203.27685546875,0
"28439",1,764.538940429688,0
"38401",3,7795.1416015625,28.61474609375
"4980",4,3927.83422851562,25.708251953125
"1507",1,425.347564697266,0
"7089",1,846.387451171875,0
"30763",1,134.242858886719,0
"1865",1,661.425842285156,0
"10134",2,1904.95324707031,651.451293945312
"24942",1,922.561340332031,0
"37557",4,10108.7744140625,154.166259765625
"70151",1,34.6320686340332,0
"6235",1,32.3360061645508,0
"2755",1,490.993316650391,0
"31235",11,24684.0285644531,55.019775390625
"13495",1,238.019409179688,0
"44589",1,2225.94677734375,0
"25359",8,14459.7623291016,971.11767578125
"70158",1,110.206031799316,0
"70159",1,17.6610794067383,0
"24483",6,11254.4681396484,271.891357421875
"5229",5,4466.35430908203,795.692810058594
"42604",18,50142.5812988281,44.921875
"29584",1,676.20849609375,0
"27382",1,166.7587890625,0
"5804",1,178.909591674805,0
"26769",17,34515.0831298828,61.0379638671875
"41415",1,2719.05712890625,0
"66081",2,2767.03637695312,2091.47290039062
"3886",2,1696.10516357422,151.651916503906
"56395",1,764.164733886719,0
"30566",7,15438.6223144531,18.688232421875
"56589",1,244.277770996094,0
"39444",1,739.331848144531,0
"3204",2,859.038024902344,727.888488769531
"11833",1,849.466125488281,0
"47925",2,4121.09680175781,1808.53894042969
"6541",1,981.880554199219,0
"62700",4,9932.16638183594,1338.24426269531
"44329",6,17031.0495605469,30.824462890625
"43441",1,2325.11083984375,0
"70181",1,511.885650634766,0
"968",6,3258.65216064453,26.77392578125
"61224",39,110057.911804199,2753.52301025391
"35611",1,2477.70825195312,0
"59104",1,1072.29760742188,0
"32986",8,17925.2735595703,586.190307617188
"51518",3,6201.91967010498,2964.87036895752
"41998",1,1543.12158203125,0
"66405",1,1443.66174316406,0
"10136",2,2431.42407226562,124.98046875
"35046",1,2298.859375,0
"6524",308,404014.180786133,368.684814453125
"70193",1,166.984115600586,0
"32968",1,1242.7236328125,0
"66888",1,991.28515625,0
"3210",1,385.251739501953,0
"55252",2,5621.54443359375,523.66748046875
"41175",4,10900.98828125,12.3798828125
"35253",4,9741.31469726562,89.519287109375
"65874",1,1238.85412597656,0
"49148",1,180.55046081543,0
"61892",1,2843.71704101562,0
"8963",1,168.531814575195,0
"35789",2,3663.82727050781,1323.13122558594
"37544",1,1634.96569824219,0
"21893",4,7364.32922363281,43.283203125
"57984",1,90.5950775146484,0
"2466",1,44.4496841430664,0
"47975",1,2466.6123046875,0
"5608",1,410.439666748047,0
"66042",1,72.8776397705078,0
"7230",2,2223.177734375,33.85546875
"29184",1,129.737243652344,0
"66221",3,5708.85699462891,1377.22869873047
"2226",35,26244.2479248047,79.0447998046875
"42885",2,4648.3193359375,909.43408203125
"44428",1,540.306213378906,0
"70218",1,402.726715087891,0
"27814",2,4208.369140625,0
"2098",1,200.037170410156,0
"46139",1,2356.78540039062,0
"56952",1,1614.60205078125,0
"57374",1,941.922729492188,0
"70224",1,371.026031494141,0
"34585",1,2429.25463867188,0
"28585",3,6371.15771484375,0
"30963",3,6730.48364257812,18.34033203125
"70228",1,0.12782022356987,0
"2739",1,337.557922363281,0
"61239",20,54435.3295593262,2469.6809387207
"57538",2,3544.63037109375,2514.56689453125
"21322",1,53.7646026611328,0
"50666",3,6758.33325195312,2285.78076171875
"37145",2,5079.2734375,0
"1263",1,581.535705566406,0
"39241",1,2059.5673828125,0
"59858",1,1711.08422851562,0
"2767",1,793.463256835938,0
"33902",2,3147.13568115234,1576.92144775391
"16399",1,91.1522216796875,0
"31758",1,2091.97509765625,0
"38193",2,5182.48681640625,14.40673828125
"1737",2,623.912845611572,518.084712982178
"9412",56,69382.5512695312,1068.77502441406
"5566",1,589.349243164062,0
"63983",65,175763.135047913,2741.75923919678
"3028",1,549.188659667969,0
"55432",1,521.761779785156,0
"70249",1,0.0931057184934616,0
"65502",1,638.658508300781,0
"46677",1,907.209777832031,0
"18381",2,2560.72985839844,663.848754882812
"70253",1,388.627868652344,0
"54955",289,882659.098144531,67.53564453125
"70255",1,336.835693359375,0
"11763",1,557.462097167969,0
"36595",2,5048.88916015625,0
"13839",1,616.050231933594,0
"70259",1,45.1249885559082,0
"1335",4,2427.60736083984,111.781066894531
"46176",1,901.979614257812,0
"24783",1,1825.55554199219,0
"70263",1,143.611785888672,0
"55278",2,4082.01837158203,2056.35516357422
"36715",1,1262.22229003906,0
"1106",1,180.276062011719,0
"57682",1,1696.5751953125,0
"38296",1,1740.95935058594,0
"70269",1,0.212371915578842,0
"70270",1,319.182556152344,0
"23110",1,263.020324707031,0
"55020",5,14514.099609375,864.43359375
"11595",1,79.637451171875,0
"43612",2,3526.01635742188,2119.89038085938
"65622",1,152.378204345703,0
"1500",1,317.423553466797,0
"38481",2,3326.01196289062,1143.31665039062
"59445",1,1719.59436035156,0
"7760",1,1153.70495605469,0
"9807",5,5615.95697021484,488.865783691406
"66809",1,413.317657470703,0
"2047",1,302.698150634766,0
"70283",1,162.55827331543,0
"112",1,55.0980606079102,0
"33412",42,101364.123535156,148.7177734375
"15422",1,658.073974609375,0
"8845",2,2070.53381347656,337.063598632812
"1740",1,661.425842285156,0
"42458",1,387.426208496094,0
"70290",1,63.2014236450195,0
"33179",1,1758.57104492188,0
"66086",1,1399.38159179688,0
"70293",1,0.223738104104996,0
"30966",4,8931.00952148438,18.514892578125
"241",1,315.394714355469,0
"61941",1,2360.28515625,0
"37050",1,1701.55651855469,0
"47479",2,5162.75415039062,737.536376953125
"70299",1,10.5033731460571,0
"623",1,220.535140991211,0
"43061",15,39127.4811401367,2165.02984619141
"39446",1,369.665924072266,0
"45430",2,3738.62023925781,1663.09851074219
"35597",1,2461.74633789062,0
"53197",4,8461.30842590332,2830.57316589355
"35049",1,342.38330078125,0
"70307",1,6.45023441314697,0
"34698",1,461.558380126953,0
"70309",1,268.852416992188,0
"37635",1,1361.80078125,0
"70311",1,8.33404922485352,0
"70312",1,18.9683036804199,0
"49506",3,7041.21160888672,2028.28399658203
"36689",3,7124.07360839844,494.836547851562
"47085",1,2699.82299804688,0
"19211",1,100.845237731934,0
"63856",6,13620.0452880859,2568.29357910156
"45580",1,1758.42822265625,0
"66761",1,427.257690429688,0
"61796",1,1426.88891601562,0
"22475",7,12587.5728759766,370.356689453125
"41550",10,26643.4760742188,695.031982421875
"62180",1,1331.7177734375,0
"60941",14,40335.2932128906,47.0703125
"18358",4,6628.31225585938,117.124145507812
"15054",5,6967.80688476562,367.980346679688
"58285",1,180.55046081543,0
"40485",127,324488.68371582,1791.76806640625
"8401",1,1143.43566894531,0
"70330",1,199.795181274414,0
"10692",21,25527.7974853516,99.402587890625
"753",1,501.216247558594,0
"21577",1,53.7646026611328,0
"66028",8,17580.5921936035,2048.77304077148
"18220",7,10114.3754882812,1351.72937011719
"59994",1,1647.78771972656,0
"7086",2,1966.23687744141,341.173034667969
"12423",1,486.602996826172,0
"48200",1,1310.58605957031,0
"46104",1,2726.79711914062,0
"3417",1,584.189086914062,0
"31908",2,2813.89501953125,1805.470703125
"2912",2,1436.16851806641,150.757995605469
"66720",2,3292.70568847656,555.396118164062
"38293",2,4639.44323730469,585.866333007812
"59483",1,563.315368652344,0
"26214",1,1396.841796875,0
"57361",1,1610.38403320312,0
"46850",4,9226.11856079102,2420.65463256836
"18744",6,9469.29357910156,569.850708007812
"57518",1,1426.046875,0
"65419",1,1361.80078125,0
"58176",124,368270.971435547,127.96875
"30791",1,67.1214294433594,0
"39266",2,3155.7668762207,2152.38790893555
"22048",1,1486.9384765625,0
"57191",1,425.957397460938,0
"66051",6,14115.7807617188,426.69140625
"33887",1,1927.08117675781,0
"57463",1,1183.31555175781,0
"50414",19,57683.5881347656,42.041748046875
"54900",3,9219.185546875,1.36767578125
"50037",3,8582.8515625,519.575439453125
"6434",1,355.696075439453,0
"37638",2,4074.31262207031,1093.76745605469
"49914",2,5210.90966796875,848.28759765625
"2473",1,103.715927124023,0
"29797",2,4343.60522460938,19.030517578125
"40579",4,8982.74304199219,1655.93615722656
"5756",1,1052.40942382812,0
"2105",1,435.795257568359,0
"70372",1,34.844409942627,0
"6591",1,639.877197265625,0
"56010",1,673.717407226562,0
"45128",3,6739.05114746094,1651.05578613281
"70376",1,46.6672859191895,0
"60228",2,3578.41662597656,2290.76403808594
"8255",1,389.00390625,0
"29249",1,172.982986450195,0
"18250",1,915.735656738281,0
"70381",1,15.7572898864746,0
"34029",1,407.322082519531,0
"43053",12,32616.3693847656,602.510498046875
"12902",1,192.633010864258,0
"2774",2,1412.36462402344,174.561889648438
"49083",1,2012.34973144531,0
"23921",1,1921.11059570312,0
"15461",2,2991.24536132812,0
"44855",1,171.817443847656,0
"21752",1,1015.84674072266,0
"70391",1,0.301461726427078,0
"22152",54,97495.4735565186,1768.57295227051
"16627",2,1611.76348876953,1426.64398193359
"19583",8,13648.8917236328,22.4193115234375
"7283",1,812.531921386719,0
"2453",1,325.96435546875,0
"55623",1,2116.32373046875,0
"30187",17,37192.6594238281,94.2939453125
"45896",2,4989.45874023438,812.237548828125
"70400",1,501.216217041016,0
"70401",1,0.221886619925499,0
"36186",2,4986.95849609375,0
"66787",1,211.322158813477,0
"26229",1,1356.35363769531,0
"2069",1,714.41845703125,0
"6592",2,2173.37609863281,33.0970458984375
"47999",3,8261.66528320312,653.80078125
"56202",1,428.346649169922,0
"7152",1,56.4258308410645,0
"20732",1,1327.61413574219,0
"61885",1,1819.97888183594,0
"70412",1,468.207489013672,0
"51882",2,2909.30950164795,2725.41803741455
"1937",1,343.975158691406,0
"6027",1,183.237365722656,0
"42909",1,1702.02990722656,0
"70417",1,103.960983276367,0
"58442",1,510.59619140625,0
"4289",1,949.743774414062,0
"44434",14,39859.5554199219,50.30126953125
"44755",1,1598.11560058594,0
"45167",1,632.116027832031,0
"45643",1,1527.81457519531,0
"7284",1,756.106140136719,0
"70425",1,63.7060813903809,0
"19612",5,8090.71826171875,425.827392578125
"6775",1,1037.04235839844,0
"48174",1,2644.92163085938,0
"32609",1,1163.65625,0
"8909",5,5635.42883300781,325.851196289062
"5658",1,84.1927490234375,0
"760",1,501.216217041016,0
"62171",3,7642.50915527344,888.641967773438
"19160",4,5451.68966674805,1406.3850402832
"3877",1,98.7731704711914,0
"11180",3,3607.18939208984,311.107360839844
"65656",3,5245.73742675781,2403.16735839844
"4190",1,461.939300537109,0
"38094",6,15460.4267578125,14.6044921875
"45934",1,1363.39868164062,0
"55442",2,4083.787109375,1873.97265625
"66816",2,3102.36730957031,697.610229492188
"48945",1,2428.06909179688,0
"24781",1,1301.19384765625,0
"4846",1,390.483520507812,0
"32225",1,577.420715332031,0
"59810",1,1799.58862304688,0
"70448",1,0.306485772132874,0
"2918",2,1499.64556884766,87.2809448242188
"455",1,104.358711242676,0
"35014",1,2103.21166992188,0
"70452",1,175.324615478516,0
"4884",1,110.136375427246,0
"46664",1,1872.94921875,0
"37458",1,2554.63403320312,0
"19058",1,941.222229003906,0
"34701",1,72.8776397705078,0
"70458",1,3.03500890731812,0
"6696",1,1103.23657226562,0
"1686",1,209.499542236328,0
"41084",1,2719.05712890625,0
"99",9,3464.34060668945,93.8734741210938
"70463",1,401.208709716797,0
"70464",1,0.220017790794373,0
"70465",1,554.632629394531,0
"70466",1,76.4254302978516,0
"5606",1,526.204711914062,0
"20031",1,431.432067871094,0
"39259",2,3234.98101806641,2073.17376708984
"3124",2,1639.369140625,0
"29180",1,670.30908203125,0
"55250",1,1351.24450683594,0
"16419",1,91.1522216796875,0
"1142",1,389.62890625,0
"22049",1,348.788055419922,0
"33350",1,1842.38232421875,0
"47110",1,2934.59033203125,0
"65687",1,429.155578613281,0
"14337",5,7048.67297363281,24.0511474609375
"54791",32,95561.9911499023,2892.95562744141
"11753",1,1181.28881835938,0
"57355",1,1184.99963378906,0
"15580",1,493.555480957031,0
"66479",1,1584.12817382812,0
"34006",1,1605.328125,0
"28462",5,10164.0153808594,238.055419921875
"70487",1,56.650146484375,0
"70488",1,561.128540039062,0
"31157",5,10610.3245849609,631.601928710938
"66070",1,2412.72680664062,0
"4548",3,2656.92376708984,243.8828125
"29613",1,65.4395370483398,0
"4839",1,580.719055175781,0
"8968",3,2913.19287109375,698.203247070312
"60210",37,106720.164794922,167.96826171875
"47770",1,504.01904296875,0
"43226",38,104587.662109375,94.8671875
"1735",1,443.155303955078,0
"30379",1,133.131973266602,0
"31399",1,2188.0498046875,0
"66353",2,4565.75952148438,17.987548828125
"233",1,105.131568908691,0
"70503",1,317.833221435547,0
"5564",1,231.530075073242,0
"26213",1,1396.841796875,0
"56770",1,1708.03295898438,0
"3056",10,7354.66888427734,131.734252929688
"22486",4,5654.0378112793,1688.8684387207
"45790",2,3932.93933105469,1850.79504394531
"46646",1,2428.98095703125,0
"36685",2,3801.85900878906,1277.41442871094
"32386",6,13804.6691894531,17.809326171875
"6016",1,1077.86682128906,0
"70514",1,17.0869045257568,0
"14565",4,5300.05224609375,362.025390625
"16590",1,1542.66259765625,0
"57160",1,334.680786132812,0
"61879",2,3386.23663330078,2130.57440185547
"52789",1,2213.26098632812,0
"64105",11,29932.1169433594,49.9306640625
"4992",3,1894.58770751953,866.166320800781
"15",1,339.525329589844,0
"3414",1,723.696899414062,0
"16932",1,1519.01794433594,0
"5358",1,595.58251953125,0
"70526",1,1042.62438964844,0
"3943",1,618.998596191406,0
"8400",3,3256.33312988281,355.06298828125
"52303",1,521.761779785156,0
"21163",1,1200.74279785156,0
"6228",18,19604.0964355469,582.435546875
"16588",1,169.692886352539,0
"6118",1,183.237365722656,0
"1069",1,554.807373046875,0
"58304",4,10767.1767578125,1263.85327148438
"62434",2,3969.98376464844,1485.78479003906
"19893",2,2692.13610839844,759.320434570312
"5181",1,174.567291259766,0
"35713",4,9685.59814453125,288.31884765625
"64321",2,5361.3642578125,0
"4502",1,417.887268066406,0
"13992",1,712.082641601562,0
"53932",2,3077.16607666016,2030.92962646484
"47781",6,16368.6489257812,1496.19555664062
"431",1,447.460418701172,0
"7758",54,58733.9487304688,126.838500976562
"43901",2,3539.18048095703,2127.70379638672
"4080",1,157.059341430664,0
"55815",1,766.214416503906,0
"56989",1,1340.42431640625,0
"49081",3,8505.59228515625,516.263427734375
"12890",3,3842.14465332031,261.430541992188
"1108",1,401.259643554688,0
"5753",1,1052.40942382812,0
"9537",2,2408.48010253906,98.5238037109375
"24928",1,765.529602050781,0
"70557",1,14.1389131546021,0
"66879",1,143.372268676758,0
"34713",1,2283.49926757812,0
"53632",2,6154.56005859375,0.22802734375
"32322",44,101758.991699219,106.30712890625
"1151",4,2043.18663024902,442.940322875977
"58754",2,3410.3122253418,2572.6916809082
"24926",1,1197.36694335938,0
"6694",1,1103.23657226562,0
"70566",1,253.19367980957,0
"2352",1,740.828063964844,0
"70568",1,4.01990652084351,0
"49910",2,3791.5419921875,2276.74267578125
"51974",2,4507.61901855469,1626.65295410156
"2267",1,57.1534767150879,0
"70572",1,387.930206298828,0
"4832",1,170.210754394531,0
"55251",1,1443.37487792969,0
"166",1,79.8999938964844,0
"4263",1,712.307861328125,0
"70577",1,337.009063720703,0
"44310",1,1734.66735839844,0
"55851",1,521.025817871094,0
"46178",3,7742.15502929688,951.408447265625
"25785",1,621.259216308594,0
"3035",1,729.519287109375,0
"16898",1,1496.38269042969,0
"62525",1,2109.18896484375,0
"12424",1,40.5502510070801,0
"4985",2,2002.4794921875,0
"18652",1,232.129013061523,0
"70588",1,262.491149902344,0
"66227",1,515.847534179688,0
"46657",1,556.031799316406,0
"70591",1,168.600006103516,0
"66258",1,2257.4931640625,0
"30372",2,2754.89453125,1645.46142578125
"66029",1,1141.74963378906,0
"4384",2,1925.27526855469,25.7877197265625
"625",1,290.705413818359,0
"3647",2,1274.07431030273,573.682769775391
"43005",96,272783.422363281,133.51806640625
"8338",2,1862.50341796875,353.639892578125
"15905",2,1869.52835083008,1121.71701049805
"21769",2,2467.05651855469,1160.96789550781
"53028",1,2060.9375,0
"591",1,474.357818603516,0
"58131",1,753.654296875,0
"43725",2,5399.52368164062,224.980224609375
"21149",3,4620.09692382812,690.359375
"11182",1,429.923736572266,0
"3415",1,776.012329101562,0
"5129",6,6263.28503417969,51.0003662109375
"48194",10,28367.5668945312,1508.31396484375
"70611",1,0.292648315429688,0
"8862",1,638.013305664062,0
"66581",1,233.609115600586,0
"3191",3,2432.83239746094,26.2213134765625
"9358",21,26125.4273681641,172.39501953125
"70616",1,86.1611022949219,0
"50083",2,4217.45776367188,1850.82690429688
"41698",1,82.3082885742188,0
"21444",3,5398.31896972656,21.858642578125
"44594",1,1969.10656738281,0
"31140",1,2075.26391601562,0
"5182",1,82.1493148803711,0
"70623",1,13.4525260925293,0
"70624",1,194.530166625977,0
"38077",2,5168.080078125,0
"48510",21,62682.0595703125,268.858154296875
"6123",1,355.696044921875,0
"57987",1,573.768798828125,0
"16396",1,91.1522216796875,0
"30053",1,484.039154052734,0
"51434",1,1008.69750976562,0
"4595",1,243.882873535156,0
"34430",2,4233.54663085938,591.906982421875
"20030",1,51.7718505859375,0
"6432",8,8707.23748779297,169.215148925781
"2307",1,577.845886230469,0
"66575",4,7725.05187988281,981.189086914062
"17529",2,2535.41424560547,596.581359863281
"5351",1,739.343872070312,0
"20046",2,2830.1943359375,621.26220703125
"27935",1,294.585845947266,0
"2471",1,311.147796630859,0
"46626",2,4469.19287109375,1367.12060546875
"62125",1,1331.7177734375,0
"26204",2,2894.8017578125,1113.322265625
"5754",1,1052.40942382812,0
"4925",1,1001.23974609375,0
"66311",2,2933.59820556641,1512.63665771484
"56779",1,2104.54052734375,0
"14339",1,982.674011230469,0
"3326",3,1850.82884216309,608.224868774414
"66808",1,319.3818359375,0
"32262",1,392.646087646484,0
"70654",1,163.958511352539,0
"60783",21,61142.8212890625,25.635009765625
"2103",1,457.227813720703,0
"28872",19,39393.9169921875,79.123779296875
"6773",1,308.90625,0
"36577",2,3352.43377685547,1696.45538330078
"67",14,5131.79125976562,0
"32107",1,1466.79907226562,0
"30160",10,22131.7336425781,56.063232421875
"8297",1,1178.79968261719,0
"48953",1,330.385772705078,0
"2772",1,460.208679199219,0
"19625",1,800.555297851562,0
"70667",1,1.45421135425568,0
"70668",1,120.083595275879,0
"7156",1,530.402770996094,0
"57991",1,181.190155029297,0
"1742",1,370.398468017578,0
"65992",3,5526.748046875,1744.48803710938
"50259",1,91.0242691040039,0
"2451",1,392.638885498047,0
"56573",1,3053.47216796875,0
"43477",1,2109.18896484375,0
"38303",1,155.906799316406,0
"70678",1,0.202440842986107,0
"61987",2,3469.33477783203,2218.09930419922
"51246",2,5007.6943359375,1099.25
"50476",1,91.1538162231445,0
"643",1,335.814880371094,0
"4890",1,720.892639160156,0
"64932",9,23045.6931152344,920.81787109375
"32126",1,2309.68286132812,0
"51674",3,8765.6162109375,433.513427734375
"70687",1,4.08768796920776,0
"36364",1,1179.25744628906,0
"20044",1,966.407836914062,0
"43044",1,1171.88940429688,0
"70691",1,115.217422485352,0
"54227",1,2984.40869140625,0
"60588",53,155947.952636719,84.31640625
"20869",8,13731.076171875,606.151611328125
"21162",1,788.547485351562,0
"12917",2,2641.82409667969,110.076049804688
"16587",1,1280.40991210938,0
"3690",1,502.845245361328,0
"42029",1,2287.12646484375,0
"70700",1,0.0687950327992439,0
"10051",19,21458.7840576172,252.26220703125
"36726",1,1893.33349609375,0
"27918",2,3282.52795410156,925.841186523438
"5699",1,1052.40942382812,0
"60040",1,88.2743377685547,0
"41693",1,1893.09057617188,0
"8295",1,1178.79968261719,0
"9837",5,5952.65539550781,438.35595703125
"70709",1,459.762725830078,0
"54481",85,261515.102050781,3.42041015625
"21751",2,2633.89172363281,1037.56115722656
"55070",1,92.1781768798828,0
"610",1,280.681091308594,0
"66036",1,1894.81860351562,0
"22955",1,1801.57641601562,0
"1505",1,266.635772705078,0
"70717",1,501.216217041016,0
"3596",3,2667.7998046875,26.0139770507812
"65069",2,3488.83917236328,1764.48699951172
"56227",1,1529.80944824219,0
"66327",4,8136.15112304688,962.5869140625
"339",1,447.460418701172,0
"18374",1,1455.36572265625,0
"22498",1,315.740203857422,0
"6022",5,5066.63262939453,359.508483886719
"4793",1,653.606079101562,0
"2594",1,107.40478515625,0
"928",5,1819.76821899414,416.105560302734
"57168",1,851.914733886719,0
"28871",4,8205.701171875,230.40673828125
"54430",1,184.561553955078,0
"66603",1,467.218231201172,0
"3942",1,849.96826171875,0
"46321",2,4277.12902832031,1542.09411621094
"33",1,29.3245220184326,0
"52594",51,156305.911376953,34.61328125
"30558",4,8838.08837890625,18.688232421875
"2256",3,1638.82818603516,583.656005859375
"57524",2,4645.73559570312,276.570556640625
"6779",2,2092.84448242188,62.88916015625
"50490",1,2707.87182617188,0
"32114",1,504.212188720703,0
"28466",112,217324.21472168,270.472778320312
"43451",1,309.347717285156,0
"55003",1,522.343017578125,0
"33889",1,190.329010009766,0
"10124",1,388.585601806641,0
"9405",8,9334.97900390625,245.41259765625
"70749",1,188.686645507812,0
"49509",1,2778.2490234375,0
"11185",1,1120.40734863281,0
"70752",1,1.39809548854828,0
"51984",5,12511.2268066406,2640.10668945312
"7100",1,530.40283203125,0
"55045",1,2980.427734375,0
"7757",3,3461.11486816406,0
"70757",1,30.0135707855225,0
"11604",1,995.468078613281,0
"40824",67,176632.332519531,137.035400390625
"357",1,398.239776611328,0
"70761",1,306.069305419922,0
"40118",1,160.840927124023,0
"18659",1,1425.93530273438,0
"56230",1,2294.71411132812,0
"57844",1,846.952331542969,0
"51247",1,671.763854980469,0
"70767",1,45.4950942993164,0
"70768",1,0.304641902446747,0
"50467",4,11228.0622558594,949.881103515625
"66871",3,4928.421875,197.136840820312
"52",1,62.3146095275879,0
"23933",1,1921.11059570312,0
"70773",1,0.158920720219612,0
"25102",1,1962.89636230469,0
"7087",2,2033.94787597656,273.462036132812
"65307",5,10692.2395324707,2328.41036987305
"54643",1,768.778442382812,0
"49276",1,2437.43115234375,0
"66717",2,3006.09301757812,1002.03100585938
"456",1,317.819732666016,0
"46680",1,1872.94921875,0
"42588",2,3390.22961425781,2167.52380371094
"30199",2,4400.35595703125,0
"3319",1,397.544250488281,0
"62658",1,2185.04370117188,0
"53114",1,1630.29370117188,0
"66701",1,160.324966430664,0
"6700",1,1103.23657226562,0
"3627",1,462.119689941406,0
"7713",1,219.20393371582,0
"61180",7,17686.0417175293,2497.27444458008
"4596",1,185.350982666016,0
"59032",2,4229.61840820312,1727.59057617188
"17934",28,45396.6501464844,519.905639648438
"26765",25,49667.5048828125,102.515258789062
"7711",2,2215.11352539062,92.29638671875
"41205",2,3915.44226074219,1522.67199707031
"61426",4,9855.10412597656,1599.39196777344
"100",1,326.652801513672,0
"63822",1,217.524566650391,0
"52308",4,10839.4719238281,1445.93701171875
"70802",1,17.0926189422607,0
"70803",1,13.0852565765381,0
"1511",1,158.711776733398,0
"16633",2,2583.64099121094,454.766479492188
"70806",1,152.066009521484,0
"41995",4,9069.82458496094,1751.60290527344
"66791",1,1899.98876953125,0
"66622",1,820.632019042969,0
"27928",6,12389.1256103516,314.120483398438
"9816",3,3434.2255859375,375.680908203125
"50470",1,1002.69201660156,0
"36919",1,1110.75561523438,0
"47786",4,11554.1540527344,333.134033203125
"60877",1,174.050888061523,0
"21303",1,1039.44897460938,0
"50479",1,243.076843261719,0
"70818",1,52.7513275146484,0
"3594",1,871.923950195312,0
"70820",1,37.9507598876953,0
"52061",2,5365.20971679688,764.505615234375
"18251",13,20681.3826904297,277.9912109375
"48147",3,6686.59954833984,2228.86651611328
"7818",1,738.371154785156,0
"46073",30,87719.1208496094,49.297119140625
"234",1,210.263137817383,0
"35930",1,2329.04565429688,0
"48904",1,839.33251953125,0
"48132",45,132268.158447266,1261.5078125
"53679",1,1877.21032714844,0
"70831",1,90.3254089355469,0
"45154",3,7383.55895996094,1282.84460449219
"70833",1,0.261265486478806,0
"16594",1,1542.66259765625,0
"53313",1,2553.66918945312,0
"23130",1,1465.39892578125,0
"14588",1,115.848136901855,0
"42011",10,27589.5483398438,47.439697265625
"65172",1,2520.49340820312,0
"16",1,339.525329589844,0
"53491",1,2554.0478515625,0
"31131",1,180.457717895508,0
"70843",1,14.051157951355,0
"34571",9,20551.6009521484,796.199829101562
"30782",1,984.447692871094,0
"36699",2,5048.88916015625,0
"3929",2,1439.39938354492,460.088165283203
"6122",1,118.56534576416,0
"52464",1,184.260620117188,0
"3691",3,2343.61791992188,197.54638671875
"42031",1,606.226318359375,0
"34913",1,534.43603515625,0
"70853",1,4.02368402481079,0
"12952",2,1736.94107055664,966.409027099609
"15048",3,4136.09912109375,279.6650390625
"6120",1,538.933410644531,0
"70857",1,584.837219238281,0
"34039",1,527.122680664062,0
"49151",4,9268.25695800781,2256.88073730469
"10618",2,2518.05847167969,38.3460693359375
"32804",8,18565.6110839844,17.629638671875
"2470",1,162.982177734375,0
"11306",1,286.615814208984,0
"1932",1,116.951553344727,0
"17826",1,983.496459960938,0
"49292",1,2918.89916992188,0
"46877",1,1287.65258789062,0
"2102",1,121.451133728027,0
"54851",1,1875.12390136719,0
"34986",18,43658.4150390625,66.482421875
"45082",25,69316.22265625,1250.1484375
"10050",8,9478.95886230469,150.265380859375
"36720",1,555.377807617188,0
"14535",1,362.025421142578,0
"54604",2,5474.61450195312,677.437255859375
"56194",1,91.7885665893555,0
"6771",4,4346.75207519531,66.1942138671875
"26231",2,3907.05126953125,182.1396484375
"24204",3,5763.33178710938,0.000244140625
"32338",4,9220.92211914062,17.809326171875
"28",1,91.6391296386719,0
"32116",1,1283.44921875,0
"2771",1,507.816497802734,0
"1265",1,581.535705566406,0
"1930",1,96.3130416870117,0
"1741",1,641.583068847656,0
"10019",1,350.980560302734,0
"2450",1,370.414031982422,0
"70889",1,102.984558105469,0
"51065",1,2104.54052734375,0
"13467",1,434.035400390625,0
"1467",1,608.216369628906,0
"21588",1,1738.38879394531,0
"64015",3,6143.68908691406,1813.33557128906
"32410",2,4636.99536132812,17.629638671875
"70896",1,38.348747253418,0
"16911",1,172.259765625,0
"3030",1,65.5747680664062,0
"4075",3,2518.48614501953,330.745178222656
"49859",1,2843.34008789062,0
"17792",1,1144.22924804688,0
"70902",1,0.247770816087723,0
"27510",1,2021.95031738281,0
"61751",1,627.831115722656,0
"57292",49,147281.814697266,858.7275390625
"70906",1,0.306235164403915,0
"50250",2,4217.45788574219,1850.82678222656
"50488",1,2525.31860351562,0
"6981",1,827.427429199219,0
"56963",1,670.212158203125,0
"40619",3,8106.62084960938,12.7919921875
"41991",1,2359.50415039062,0
"37094",51,129164.221923828,164.916748046875
"12904",2,2149.72607421875,553.6240234375
"38300",1,2156.7109375,0
"23131",1,413.317626953125,0
"1681",1,355.514373779297,0
"49310",1,1083.30285644531,0
"35707",1,1511.40197753906,0
"1892",1,385.252166748047,0
"54839",1,952.931823730469,0
"56205",2,3824.52362060547,2294.71417236328
"55041",1,1782.11145019531,0
"4386",3,2849.23132324219,0
"32860",9,21240.6237792969,34.35107421875
"53859",1,861.606506347656,0
"10061",1,388.585601806641,0
"61616",1,314.998657226562,0
"45321",1,632.116027832031,0
"21749",1,108.840728759766,0
"11603",1,1287.47204589844,0
"1504",1,298.378143310547,0
"7764",2,2282.22155761719,25.1883544921875
"48377",2,4799.55493164062,1157.65405273438
"752",1,501.216217041016,0
"21573",1,394.273742675781,0
"24785",1,1456.56018066406,0
"49640",1,1751.5048828125,0
"17974",3,3805.00268554688,806.144653320312
"37942",34,84983.5549316406,1369.54125976562
"70941",1,74.9147415161133,0
"297",4,1776.41787719727,13.4237976074219
"70943",1,61.554557800293,0
"31196",3,6586.70654296875,180.457763671875
"35698",1,1660.064453125,0
"6517",1,761.233215332031,0
"49124",1,2162.52490234375,0
"34903",1,72.8776397705078,0
"70949",1,113.668258666992,0
"48720",1,2243.62646484375,0
"70951",1,50.4269866943359,0
"53646",3,8708.79711914062,523.156982421875
"6468",1,739.168518066406,0
"20038",2,2428.11492919922,978.503234863281
"36075",1,2294.0009765625,0
"70956",1,0.62586373090744,0
"60693",7,18140.2910766602,2286.36859130859
"2302",1,414.863739013672,0
"54397",1,430.643615722656,0
"54050",1,92.3149795532227,0
"47904",2,5366.3203125,563.3154296875
"52641",2,4950.23767089844,1199.98986816406
"28839",1,535.771789550781,0
"31012",2,3736.42639160156,738.335815429688
"8659",5,5893.99841308594,0
"33676",4,8975.96142578125,523.40478515625
"19056",1,50.4226188659668,0
"66121",1,191.680969238281,0
"70969",1,344.115936279297,0
"70970",1,15.3853740692139,0
"5353",1,513.433227539062,0
"4209",1,579.343688964844,0
"70973",1,22.3138103485107,0
"32964",1,914.456970214844,0
"36493",1,2509.05834960938,0
"66403",1,383.47265625,0
"66759",1,116.52481842041,0
"2759",1,23.0153121948242,0
"1307",1,200.711395263672,0
"17977",1,1112.47961425781,0
"29214",3,5540.30102539062,888.96044921875
"42165",1,992.006713867188,0
"40490",1,2235.75341796875,0
"16597",1,771.331298828125,0
"18654",1,1193.80627441406,0
"49877",1,2692.0986328125,0
"8335",1,94.3039779663086,0
"48961",9,26677.6145019531,330.3857421875
"17794",1,301.949371337891,0
"63620",2,5475.04663085938,12.172607421875
"70991",1,385.763885498047,0
"33198",1,257.923767089844,0
"3421",1,287.734893798828,0
"46107",1,232.067855834961,0
"70995",1,3.47350215911865,0
"1091",1,554.807373046875,0
"227",1,164.005249023438,0
"56971",1,944.389892578125,0
"14587",12,16982.9947509766,202.734252929688
"71000",1,0.292648315429688,0
"71001",1,64.2352905273438,0
"5607",1,852.45166015625,0
"62614",1,2801.33813476562,0
"16949",1,1346.75805664062,0
"21437",3,5376.46032714844,0
"71006",1,0.105240941047668,0
"51792",2,4838.51586914062,1286.18774414062
"29457",1,670.30908203125,0
"8253",2,2157.20343017578,200.395935058594
"47083",1,2112.90502929688,0
"66461",1,2218.8662109375,0
"9",1,47.5335464477539,0
"53485",1,1630.89794921875,0
"59291",2,3202.56362915039,2727.07211303711
"71015",1,188.700897216797,0
"71016",1,264.545104980469,0
"52324",2,4603.78002929688,1166.29077148438
"71018",1,18.582347869873,0
"71019",1,190.190353393555,0
"51077",1,91.6041641235352,0
"10627",1,1278.20227050781,0
"20868",6,10620.9125976562,0
"66078",2,3901.01806640625,957.4912109375
"33901",1,2379.11254882812,0
"36563",1,1806.52197265625,0
"2758",1,84.3894805908203,0
"52458",2,3499.1282043457,2639.24533081055
"48758",1,568.385375976562,0
"51067",1,1525.02941894531,0
"1860",1,661.425842285156,0
"61311",2,5746.50927734375,0
"31695",3,6821.65795898438,0
"42475",1,2767.330078125,0
"6438",3,2562.16918945312,747.54052734375
"18231",1,177.351821899414,0
"58144",1,2260.962890625,0
"5346",1,338.865905761719,0
"61309",1,229.860366821289,0
"47767",2,4617.89001464844,1297.29406738281
"2477",1,325.96435546875,0
"7664",1,611.463623046875,0
"5565",10,10345.5919189453,686.504638671875
"5758",2,2079.27587890625,25.54296875
"20099",134,240052.761962891,219.23486328125
"21326",1,1451.64428710938,0
"35728",1,545.095825195312,0
"51627",1,244.769515991211,0
"8840",1,48.1519470214844,0
"1724",1,330.712921142578,0
"40652",106,278175.09375,154.042236328125
"12172",1,81.1005020141602,0
"35727",1,619.427062988281,0
"61890",1,2843.71704101562,0
"32835",2,3490.96875,1163.65625
"49294",1,2678.1650390625,0
"62788",13,35160.3658447266,1008.48181152344
"3642",2,1795.87585449219,0
"44472",2,3857.18029785156,1809.70397949219
"6759",1,518.521179199219,0
"71060",1,15.1821699142456,0
"12535",1,1351.67504882812,0
"46921",1,88.037712097168,0
"15451",1,1375.97290039062,0
"6055",3,2325.0384979248,984.67121887207
"54427",1,338.362854003906,0
"30162",2,4419.04418945312,18.688232421875
"22651",2,2377.33807373047,1225.81500244141
"45160",1,948.174011230469,0
"12950",2,2122.20709228516,581.143005371094
"59627",1,1153.4609375,0
"2457",1,637.112121582031,0
"55016",1,430.164825439453,0
"55630",2,4081.34161376953,2057.03192138672
"35098",2,2739.61169433594,1978.58166503906
"36902",10,24336.0391845703,706.844604492188
"43449",1,2334.16918945312,0
"9404",1,1056.68212890625,0
"53306",2,4707.822265625,1446.509765625
"64548",5,11744.4259033203,1552.76867675781
"62710",10,24999.5916595459,2749.40199279785
"359",2,894.920837402344,0
"7759",3,3410.73815917969,25.1883544921875
"51863",5,12422.1399993896,2878.46034240723
"44289",2,4966.22998046875,700.654296875
"55002",19,55771.0417480469,2554.36694335938
"32989",3,4842.72943115234,2069.38873291016
"65579",1,1904.7275390625,0
"62565",27,75797.0803222656,43.229248046875
"3025",1,295.086456298828,0
"2227",1,714.41845703125,0
"5550",3,3131.68530273438,25.54296875
"12403",4,5298.56616210938,108.134033203125
"49085",1,1321.54309082031,0
"71094",1,484.401519775391,0
"7153",1,248.273651123047,0
"14533",1,1288.81042480469,0
"65193",2,3418.17327880859,1807.13629150391
"55162",1,2733.19897460938,0
"35697",2,4187.32702636719,768.089477539062
"56425",4,10015.3887329102,2198.49993896484
"4874",1,360.446319580078,0
"5168",3,2783.44659423828,220.272766113281
"12887",5,6479.83203125,302.708984375
"71104",1,0.280133813619614,0
"71105",1,1070.13110351562,0
"19491",1,1277.48181152344,0
"66890",2,2533.85717773438,763.705078125
"50465",1,850.768920898438,0
"40036",1,2667.48120117188,0
"71110",1,126.471435546875,0
"4373",1,873.764221191406,0
"71112",1,0.158920720219612,0
"37463",2,5109.26806640625,0
"21762",1,1215.38806152344,0
"57347",1,334.230651855469,0
"71116",1,215.036575317383,0
"71117",1,20.6342372894287,0
"38248",1,441.735961914062,0
"6148",2,2155.73364257812,0
"40798",1,676.617736816406,0
"54830",1,430.356323242188,0
"71122",1,22.7156791687012,0
"28221",6,11494.0524902344,1052.09228515625
"45134",1,402.255645751953,0
"32059",13,29703.5295410156,53.96142578125
"65592",1,279.360046386719,0
"40479",1,2235.75366210938,0
"16638",1,478.225402832031,0
"2062",1,671.553344726562,0
"7698",1,253.815078735352,0
"71131",1,462.878143310547,0
"28426",31,63017.8559570312,681.292602539062
"38920",16,42395.9926757812,40.818115234375
"19994",1,621.262145996094,0
"45121",2,4457.40734863281,1250.14831542969
"71136",1,34.2363777160645,0
"59842",2,3916.02593994141,1968.93011474609
"35949",13,32507.9353027344,46.736328125
"2554",1,621.413391113281,0
"42131",2,4822.2548828125,688.8935546875
"56003",1,1102.44665527344,0
"56591",1,763.368041992188,0
"21328",1,304.666076660156,0
"66825",1,1392.97143554688,0
"37674",2,3509.03686523438,1659.04321289062
"2257",1,42.8651084899902,0
"71147",1,5.40300559997559,0
"47784",1,1660.29797363281,0
"3219",1,422.919403076172,0
"46380",5,11778.2644500732,2734.52217102051
"15904",2,1591.57119750977,1352.27157592773
"49503",1,1751.5048828125,0
"8455",84,110077.182189941,610.793518066406
"34710",1,1894.81860351562,0
"53311",1,523.040710449219,0
"366",21,11259.2227478027,388.474975585938
"41100",13,34379.4140625,585.6064453125
"7648",1,703.760009765625,0
"18243",1,686.8017578125,0
"43754",1,84.6885986328125,0
"5640",1,968.216674804688,0
"33017",1,2204.07568359375,0
"1929",1,213.264602661133,0
"11606",6,6925.45611572266,891.339050292969
"71165",1,130.525726318359,0
"57182",1,1612.55297851562,0
"6641",1,639.877197265625,0
"25196",124,229116.568847656,214.886596679688
"62795",1,2790.212890625,0
"30793",2,3535.06213378906,939.700073242188
"35953",5,12324.1237792969,47.88427734375
"2555",1,444.962677001953,0
"7093",1,812.531921386719,0
"59996",37,107424.887207031,927.2822265625
"5979",1,147.337326049805,0
"6239",4,3848.64312744141,564.303161621094
"32109",1,137.512405395508,0
"54316",6,18353.158203125,91.36865234375
"71179",1,16.0229530334473,0
"7151",5,5078.32464599609,372.410522460938
"3220",1,541.336853027344,0
"49485",1,241.169372558594,0
"10622",1,818.049438476562,0
"12161",3,3455.064453125,453.333129882812
"49150",1,240.733947753906,0
"2472",1,207.431854248047,0
"56385",1,1528.32946777344,0
"71188",1,480.915924072266,0
"35348",13,31840.8107910156,32.49169921875
"23406",2,2404.75720214844,1352.67590332031
"36701",8,20118.6254882812,15.38623046875
"37850",1,642.35888671875,0
"14364",2,2848.33056640625,0
"1891",1,364.613677978516,0
"43445",1,1932.92333984375,0
"36079",10,23266.2419433594,2006.06860351562
"71197",1,82.0791625976562,0
"2104",1,178.604614257812,0
"43861",2,3274.62579345703,2201.90350341797
"17936",2,2941.19665527344,329.287963867188
"71201",1,1.62825703620911,0
"71202",1,1.10122585296631,0
"14053",2,2136.24792480469,712.082641601562
"71204",1,132.972122192383,0
"50411",161,488786.526367188,69.519775390625
"27492",1,979.707885742188,0
"44429",2,5687.43408203125,0
"32283",1,1593.68115234375,0
"7142",1,936.668762207031,0
"36718",1,1691.3779296875,0
"5034",1,1001.23974609375,0
"57155",7,20512.4514160156,760.63818359375
"44856",1,85.9087219238281,0
"31897",3,5592.17138671875,1283.44921875
"16935",1,657.719055175781,0
"1266",1,581.535705566406,0
"6760",1,275.809143066406,0
"40119",1,670.170532226562,0
"2773",1,531.620361328125,0
"43013",2,4269.02575683594,1311.40002441406
"71221",1,46.5689353942871,0
"49333",15,42256.3062133789,2175.74310302734
"55465",1,1289.05847167969,0
"4505",1,29.2659454345703,0
"45428",1,86.4800720214844,0
"71226",1,8.13893413543701,0
"21305",1,143.372268676758,0
"45886",3,8030.19287109375,636.210693359375
"2452",1,325.96435546875,0
"56807",1,243.713516235352,0
"71231",1,248.006744384766,0
"46682",1,87.7944946289062,0
"63049",1,778.08544921875,0
"60227",1,557.572143554688,0
"6741",9,9659.71466064453,748.537414550781
"432",1,447.460418701172,0
"18218",1,225.720504760742,0
"37637",2,2943.7610168457,2224.3190612793
"57203",1,243.404220581055,0
"46645",2,4719.7451171875,1149.435546875
"56982",1,426.498657226562,0
"58133",1,1929.35498046875,0
"71243",1,47.7318954467773,0
"33182",11,25166.2075195312,398.609375
"24492",2,2293.05014038086,1632.74282836914
"3935",2,923.878540039062,776.057983398438
"54602",1,1537.55688476562,0
"4381",1,788.287292480469,0
"3697",2,1248.13372802734,547.742126464844
"37140",2,5079.2734375,0
"30047",2,2442.19763183594,726.058715820312
"71252",1,66.1272354125977,0
"3775",1,897.937927246094,0
"30925",1,2237.38110351562,0
"62305",1,790.426940917969,0
"56758",1,244.004699707031,0
"4497",1,683.815490722656,0
"754",1,501.216217041016,0
"1506",1,317.423553466797,0
"7088",1,1060.8056640625,0
"31754",2,3460.88098144531,1050.56188964844
"40177",2,4852.03466796875,509.32958984375
"31174",2,3229.89855957031,1244.86364746094
"18382",1,228.933929443359,0
"44320",1,227.497360229492,0
"51242",2,4152.72216796875,1954.22216796875
"2289",1,348.189178466797,0
"53849",1,677.026672363281,0
"71269",1,68.7202529907227,0
"61943",12,31087.9496917725,2778.31251525879
"43752",8,21118.6431884766,1411.47668457031
"17828",1,1257.58557128906,0
"43900",2,4160.23022460938,1506.65405273438
"45914",2,3306.96688842773,2494.72940063477
"46793",22,63255.1008300781,1684.16943359375
"19898",1,103.54369354248,0
"11241",2,1099.99181365967,1021.82386016846
"71278",1,194.860900878906,0
"12163",1,889.284790039062,0
"71280",1,138.327346801758,0
"42129",1,2369.7939453125,0
"54419",1,522.924377441406,0
"45156",1,2643.39428710938,0
"56419",2,3732.08386230469,2387.15393066406
"30940",12,26755.9987792969,18.514892578125
"34046",1,143.760726928711,0
"52539",1,92.1781768798828,0
"71288",1,182.648803710938,0
"14541",1,1332.25366210938,0
"51116",1,2961.86791992188,0
"56198",3,9081.14819335938,88.82861328125
"21150",1,141.612167358398,0
"6113",1,452.704071044922,0
"48115",3,7102.65466308594,1812.81140136719
"5348",1,112.95531463623,0
"2263",4,2522.53994750977,440.772308349609
"34440",3,7238.18041992188,0
"4584",1,975.531433105469,0
"5203",1,708.537841796875,0
"71300",1,308.263732910156,0
"2341",1,185.207015991211,0
"54994",2,6146.57958984375,1.36767578125
"32287",1,2055.61767578125,0
"36509",3,7527.17504882812,0
"5549",1,1026.86645507812,0
"3865",103,105229.807922363,230.578674316406
"50324",1,1002.69195556641,0
"44604",1,171.226669311523,0
"1308",1,492.6552734375,0
"29863",1,479.889923095703,0
"4792",1,136.574401855469,0
"65872",1,1511.40209960938,0
"49147",1,180.55046081543,0
"66399",1,699.273620605469,0
"33195",2,4672.07397460938,17.448974609375
"35735",1,74.3312454223633,0
"14546",6,8616.80090332031,23.9364013671875
"2747",1,682.78759765625,0
"71319",1,4.88382530212402,0
"71320",1,0.290084809064865,0
"71321",1,33.9634780883789,0
"4290",1,949.743774414062,0
"34342",14,33576.6730957031,50.14208984375
"71324",1,364.690856933594,0
"6203",1,150.901351928711,0
"16402",4,5886.88146972656,167.112426757812
"3234",1,143.792602539062,0
"71328",1,30.4440517425537,0
"29055",1,407.186553955078,0
"18227",1,580.424133300781,0
"34038",1,71.8803634643555,0
"34849",5,12129.5578613281,32.8681640625
"7285",1,157.992324829102,0
"35925",2,4865.12329101562,58.369384765625
"26211",1,121.464508056641,0
"3798",1,53.8762741088867,0
"56762",3,7296.46728515625,1863.94921875
"71338",1,3.89021992683411,0
"62790",3,8370.638671875,0
"71340",1,135.244674682617,0
"71341",1,224.438293457031,0
"57532",1,91.0242691040039,0
"28208",264,560776.499023438,367.6025390625
"38411",1,2598.44677734375,0
"6739",3,2808.65148925781,576.898315429688
"53452",1,2892.5361328125,0
"24345",1,602.044860839844,0
"32577",2,3077.69598388672,1541.66973876953
"57694",1,848.28759765625,0
"19630",3,3441.01690673828,1578.55548095703
"35252",5,10806.3425292969,1539.697265625
"33975",199,448669.019042969,291.82763671875
"65496",6,14824.7938232422,591.425415039062
"3205",1,254.10221862793,0
"24937",1,1688.09094238281,0
"6640",1,706.071411132812,0
"4379",1,636.328308105469,0
"40621",3,8068.0400390625,12.996826171875
"8454",7,7681.21771240234,495.095886230469
"42907",1,474.336181640625,0
"38295",2,4769.36572265625,455.94384765625
"47974",1,237.74577331543,0
"10078",7,8486.10681152344,237.795654296875
"645",1,416.009460449219,0
"7647",1,161.518692016602,0
"71366",1,72.0023422241211,0
"66886",1,1433.82312011719,0
"71368",1,131.967239379883,0
"5369",1,688.000549316406,0
"2090",1,121.451141357422,0
"2282",1,59.266242980957,0
"56950",3,6103.31272888184,2870.68702697754
"43056",3,7120.27258300781,1216.35754394531
"63046",1,83.3663024902344,0
"31021",1,559.345275878906,0
"46658",1,965.739440917969,0
"16470",1,1280.41003417969,0
"26216",5,8907.34008789062,1255.076171875
"52215",11,32696.2663574219,1110.83422851562
"48841",255,748560.985107422,239.3857421875
"71381",1,40.3369522094727,0
"39984",36,94627.4609375,96.64208984375
"3629",13,10898.7492828369,752.19743347168
"71384",1,18.091287612915,0
"49708",1,998.19384765625,0
"50659",1,1947.23376464844,0
"24031",1,1767.42175292969,0
"44286",1,2295.08813476562,0
"66506",1,1090.65893554688,0
"3866",20,18451.2534179688,51.805908203125
"3316",1,845.838806152344,0
"47580",112,333805.250976562,82.351806640625
"71393",1,38.4481658935547,0
"71394",1,0.204459547996521,0
"612",7,2977.76843261719,140.340545654297
"71396",1,132.518951416016,0
"6107",1,301.802703857422,0
"11237",1,1302.79919433594,0
"45577",9,25548.9184570312,163.545654296875
"71400",1,267.797821044922,0
"38501",1,2612.65478515625,0
"29454",1,1859.56713867188,0
"50099",3,9102.42700195312,0
"71404",1,212.517349243164,0
"20897",1,584.150207519531,0
"6598",1,33.0970993041992,0
"1331",1,407.504974365234,0
"26087",1,445.369873046875,0
"62881",1,697.55322265625,0
"2753",1,314.542602539062,0
"55746",14,42554.6474609375,242.682861328125
"37049",1,279.360046386719,0
"71413",1,41.6038970947266,0
"29174",2,3719.13427734375,605.4404296875
"2260",1,300.055755615234,0
"71416",1,141.681701660156,0
"34697",10,24097.6435546875,210.6806640625
"7289",9,9544.43670654297,964.381530761719
"26515",2,2854.31353759766,1153.81048583984
"29215",1,1686.58410644531,0
"37097",16,40737.8020019531,44.990966796875
"37461",1,2554.63403320312,0
"29702",88,195441.378417969,168.154296875
"32289",33,76768.1854858398,1581.24102783203
"41256",1,2719.05712890625,0
"36260",1,2493.47924804688,0
"6965",5,4534.3023147583,981.880546569824
"47593",49,144335.520751953,62.21044921875
"28224",1,1704.38940429688,0
"59673",9,24455.635925293,2234.28570556641
"2924",1,174.561920166016,0
"18356",21,35079.5668945312,799.569458007812
"71433",1,67.6640167236328,0
"35067",6,14722.0239257812,16.1513671875
"47335",2,3031.2123260498,2677.1949005127
"3989",1,665.192565917969,0
"55273",1,2487.51831054688,0
"40117",1,1340.34106445312,0
"71439",1,379.076263427734,0
"71440",1,12.501277923584,0
"9805",1,1078.01159667969,0
"26424",2,4048.81677246094,0.0001220703125
"1732",1,72.7568435668945,0
"42457",1,304.406311035156,0
"8841",2,1383.44546508789,974.153900146484
"22965",1,526.040649414062,0
"9440",1,1228.7001953125,0
"34044",1,2132.45092773438,0
"50675",1,243.404220581055,0
"51678",2,5790.35083007812,339.364501953125
"28425",5,10097.5515136719,383.971923828125
"6205",1,689.834777832031,0
"34344",3,7132.87084960938,88.594970703125
"1857",1,661.425842285156,0
"71455",1,7.31257820129395,0
"3416",1,584.189086914062,0
"18376",1,49.0572700500488,0
"3774",1,897.937927246094,0
"63776",2,3779.48937988281,1658.62487792969
"11205",2,2318.98254394531,286.615844726562
"2292",1,370.414031982422,0
"3223",1,702.046264648438,0
"36043",1,1720.50073242188,0
"40484",1,754.230102539062,0
"3334",1,702.046203613281,0
"54426",1,676.725708007812,0
"47478",3,6209.47204589844,2617.96203613281
"43060",1,781.259643554688,0
"22673",1,1392.97155761719,0
"54034",1,1446.26806640625,0
"10053",4,4889.79956054688,49.7032470703125
"37862",1,205.554840087891,0
"17940",6,9470.96850585938,248.673583984375
"102",1,295.168182373047,0
"5644",1,294.674652099609,0
"65022",1,862.176086425781,0
"71477",1,0.0501216202974319,0
"71478",1,394.580474853516,0
"39834",8,19003.321685791,2147.25595092773
"41999",8,20206.8499755859,1586.26843261719
"49712",1,1693.90466308594,0
"25950",5,10061.0029296875,20.3465576171875
"4185",1,923.878540039062,0
"71484",1,21.228458404541,0
"1303",3,1690.84149169922,133.8076171875
"18367",1,98.1145401000977,0
"2595",7,5053.57073974609,79.2267456054688
"35788",1,2493.47924804688,0
"36504",1,2509.05834960938,0
"6433",3,2659.17721557617,650.532501220703
"27917",1,1704.38940429688,0
"42459",1,857.872314453125,0
"71493",1,89.6284790039062,0
"32967",1,1102.03784179688,0
"9824",1,551.540832519531,0
"36688",1,706.844482421875,0
"33335",1,70.8608551025391,0
"34847",11,26819.8430175781,16.34033203125
"44563",1,1592.48156738281,0
"4503",1,180.451324462891,0
"5556",1,852.299133300781,0
"5755",1,1052.40942382812,0
"31165",2,2436.17915344238,2075.26371765137
"71504",1,11.9881563186646,0
"1466",1,608.216369628906,0
"37540",1,357.648773193359,0
"50493",1,1277.87219238281,0
"1895",1,213.264602661133,0
"236",1,12.6157884597778,0
"71510",1,283.200714111328,0
"66718",1,1269.47680664062,0
"21595",1,308.382049560547,0
"17536",2,3178.41455078125,0
"27500",3,5230.91174316406,895.183349609375
"18248",1,866.678405761719,0
"54413",1,1353.45141601562,0
"32111",1,1650.14892578125,0
"45153",1,488.453277587891,0
"71519",1,9.51096343994141,0
"18",1,339.525329589844,0
"16942",1,391.499450683594,0
"2091",1,492.94873046875,0
"66424",2,4493.1025390625,18.34033203125
"30790",2,2908.59539794922,1297.68096923828
"16567",20,29150.2657470703,1180.33215332031
"39240",3,5981.67633056641,2007.36346435547
"63135",1,2767.330078125,0
"5015",2,1251.54965209961,470.582672119141
"71529",1,29.451961517334,0
"30378",2,2688.32852172852,1712.02743530273
"3233",1,93.0422668457031,0
"37333",16,39220.5684814453,1741.01086425781
"6124",1,150.901351928711,0
"16093",2,3038.40747070312,0
"71535",1,442.324127197266,0
"71536",1,6.25846910476685,0
"43446",1,168.080291748047,0
"5176",1,170.210754394531,0
"58287",1,180.55046081543,0
"71540",1,178.053955078125,0
"434",1,447.460418701172,0
"71542",1,3.66330146789551,0
"1936",1,343.975158691406,0
"29275",5,9968.67687988281,629.886108398438
"28844",1,1735.90051269531,0
"18378",2,2740.6064453125,483.97216796875
"49490",1,331.607879638672,0
"292",1,187.933380126953,0
"71549",1,167.780242919922,0
"65413",2,4716.67163085938,451.408447265625
"24505",1,1184.6689453125,0
"60703",2,2909.61158752441,2735.03489685059
"16464",1,92.5597534179688,0
"6774",1,981.880554199219,0
"42721",26,70558.599609375,1739.19140625
"7654",3,3409.39587402344,177.001220703125
"45136",2,3993.82397460938,1752.68530273438
"955",1,510.422790527344,0
"20310",1,1118.72631835938,0
"66767",1,960.555297851562,0
"54302",165,501648.150146484,97.42138671875
"65850",1,1040.63745117188,0
"12957",1,798.051086425781,0
"57691",1,424.143798828125,0
"66490",3,6600.53393554688,0
"55231",1,1197.69396972656,0
"54803",1,1782.90466308594,0
"49670",1,1600.51306152344,0
"58136",2,5511.306640625,507.0419921875
"71570",1,63.736270904541,0
"19487",1,1141.21704101562,0
"39572",5,11982.9376220703,1446.26257324219
"61808",2,3728.38818359375,1959.0458984375
"7176",1,1128.5166015625,0
"19617",1,1464.84582519531,0
"50862",1,91.3925704956055,0
"11885",2,1603.86029052734,1099.48980712891
"29802",16,34595.7492675781,38.230712890625
"71579",1,4.28966188430786,0
"66474",2,2481.45639038086,1993.30581665039
"32224",1,1732.26220703125,0
"19900",1,534.975769042969,0
"45929",1,2262.66162109375,0
"71584",1,0.247770816087723,0
"56393",6,15596.7666625977,2717.23968505859
"18649",1,1293.29016113281,0
"61806",1,85.6133346557617,0
"71588",1,8.50172519683838,0
"8396",1,165.031951904297,0
"48196",1,506.362762451172,0
"59486",6,17077.0825195312,760.410400390625
"64904",2,4517.86047363281,735.465698242188
"29585",1,719.834899902344,0
"71594",1,2.56265830993652,0
"71595",1,285.164093017578,0
"71596",1,76.6685485839844,0
"19229",1,554.648803710938,0
"12912",3,3976.49572753906,151.3544921875
"71599",1,16.2453956604004,0
"66869",1,1541.251953125,0
"23134",5,9436.12731933594,21.2723388671875
"1685",1,279.332733154297,0
"34700",1,607.313659667969,0
"3622",1,52.3154373168945,0
"54854",1,584.054992675781,0
"65887",5,12372.3884277344,31.73291015625
"55039",1,430.164825439453,0
"1153",4,2298.0891418457,108.095672607422
"27502",1,687.880004882812,0
"10066",1,238.16535949707,0
"592",1,474.357788085938,0
"71612",1,72.5292129516602,0
"9517",1,540.628112792969,0
"7144",1,722.250610351562,0
"2344",1,496.354797363281,0
"5656",1,589.349243164062,0
"1086",1,554.807373046875,0
"168",5,1758.3286895752,303.673446655273
"770",1,205.933044433594,0
"53279",1,584.574890136719,0
"26081",1,1342.72155761719,0
"66330",3,5510.35888671875,1311.29907226562
"13297",1,938.076477050781,0
"43330",5,13731.2849121094,319.06103515625
"45933",1,2088.61059570312,0
"59668",1,739.398010253906,0
"48944",1,239.809295654297,0
"55425",1,2209.814453125,0
"31592",1,240.574859619141,0
"65399",2,3714.59167480469,1453.48840332031
"8787",5,6068.79650878906,24.9014892578125
"71632",1,89.8149337768555,0
"15065",1,942.029724121094,0
"46949",94,272955.243896484,70.96630859375
"26642",1,122.675727844238,0
"4838",1,30.0371932983398,0
"11771",1,1327.29077148438,0
"62702",1,224.107055664062,0
"60355",2,4887.22692871094,965.739379882812
"58294",5,13416.5584716797,1589.19519042969
"60208",30,87082.392578125,410.8427734375
"20737",2,3376.5498046875,119.469970703125
"30073",30,65077.9973144531,622.837646484375
"71644",1,39.6207237243652,0
"6238",1,743.728088378906,0
"28846",2,3731.03466796875,516.40380859375
"66814",1,1878.71655273438,0
"66852",1,1106.54736328125,0
"57720",102,305728.605224609,82.351806640625
"10603",8,9786.08843994141,611.497497558594
"6638",1,1070.13940429688,0
"23422",1,265.998413085938,0
"31164",1,812.059692382812,0
"5357",1,626.388549804688,0
"55277",1,859.882873535156,0
"16466",43,62441.8402099609,963.84521484375
"44602",1,85.6133346557617,0
"34030",1,599.003051757812,0
"31673",10,22684.1892089844,36.152099609375
"65546",4,8391.00543212891,1752.34930419922
"53137",2,3846.34350585938,2307.98852539062
"58755",1,329.065216064453,0
"59292",23,67231.2380371094,742.95556640625
"71664",1,170.560913085938,0
"33043",1,672.571411132812,0
"9410",4,3968.37408447266,688.072143554688
"53312",1,338.438110351562,0
"65481",216,580060.432617188,1903.28515625
"16945",3,3476.82464599609,1151.16314697266
"5033",2,2002.4794921875,0
"66477",1,1474.11926269531,0
"71672",1,1.12169075012207,0
"26658",1,1185.86535644531,0
"71674",1,104.568855285645,0
"47760",1,976.005310058594,0
"34005",1,1341.76684570312,0
"35709",1,2056.49780273438,0
"71678",1,201.211700439453,0
"24503",1,912.777770996094,0
"46175",2,5091.82006835938,727.403076171875
"10119",4,4600.35217285156,413.655639648438
"12383",11,14746.5041503906,24.38427734375
"20288",1,1052.69421386719,0
"56033",1,520.599792480469,0
"20893",1,584.150207519531,0
"58612",2,5581.45703125,425.55712890625
"22025",1,1015.84674072266,0
"34584",1,2429.25463867188,0
"31398",2,4493.1025390625,18.34033203125
"1093",1,554.807373046875,0
"451",1,237.178894042969,0
"25795",1,160.324966430664,0
"5204",1,739.343872070312,0
"66877",2,2598.62249755859,698.939758300781
"20054",1,138.058258056641,0
"11817",1,1181.28869628906,0
"20313",1,104.880592346191,0
"52771",1,860.712585449219,0
"6693",1,1103.23657226562,0
"63173",1,1992.47766113281,0
"4590",1,975.531433105469,0
"26",3,1078.34777832031,55.0980529785156
"32252",1,1154.84143066406,0
"52156",1,2484.38012695312,0
"10658",3,3602.59619140625,305.801391601562
"1859",1,661.425842285156,0
"71707",1,9.34783935546875,0
"51973",1,1532.42883300781,0
"16397",1,470.953155517578,0
"40109",1,1547.13903808594,0
"33331",5,10783.556640625,992.052001953125
"6518",5,4999.4905090332,643.092498779297
"41114",2,2948.96157836914,2513.91244506836
"71714",1,0.179215341806412,0
"13299",1,154.012542724609,0
"19225",1,134.460311889648,0
"37727",17,43620.0185546875,44.4033203125
"48513",2,2721.75970458984,2244.13336181641
"13454",1,434.035369873047,0
"50618",185,568471.454345703,34.84130859375
"47780",6,16890.8260498047,926.097778320312
"30781",2,3982.53833007812,492.223876953125
"47578",1,650.670227050781,0
"49870",1,2359.3671875,0
"12338",1,567.703552246094,0
"5022",11,10999,577.246948242188
"66523",1,2050.43896484375,0
"47469",4,11769.6916503906,15.554931640625
"21334",1,107.529205322266,0
"4074",1,618.998657226562,0
"55845",1,3062.35180664062,0
"60876",7,19458.3811035156,924.89794921875
"8669",3,3528.78125,157.3193359375
"71734",1,165.74267578125,0
"71735",1,0.234476149082184,0
"3646",2,1301.01248168945,546.744598388672
"66157",1,452.031372070312,0
"50484",2,4042.50286865234,2034.41802978516
"6980",3,3243.51550292969,66.1942138671875
"49508",2,4957.52478027344,1092.13488769531
"53631",71,218353.154052734,8.207275390625
"37046",1,76.1891021728516,0
"38868",5,12205.9858398438,800.25732421875
"47329",1,235.398239135742,0
"45161",2,2959.45240783691,2614.66184997559
"21306",1,340.509155273438,0
"16910",1,125.279823303223,0
"71748",1,181.111724853516,0
"59657",1,88.7277603149414,0
"45612",1,634.187194824219,0
"23063",4,6631.86944580078,882.996765136719
"11601",1,1101.6513671875,0
"33351",3,6529.74645996094,607.591186523438
"71754",1,77.0085525512695,0
"24939",2,3198.33410644531,685.826538085938
"7173",1,1128.5166015625,0
"50082",1,1608.09545898438,0
"71758",1,16.2206687927246,0
"7763",2,2282.22155761719,25.1883544921875
"43905",147,402548.185791016,790.427001953125
"5554",1,1026.86645507812,0
"62835",1,1869.44274902344,0
"22353",14,25548.1706542969,21.7144775390625
"49639",1,1268.3310546875,0
"3029",1,155.74006652832,0
"71766",1,430.506713867188,0
"66840",1,1376.794921875,0
"6209",1,808.400146484375,0
"62348",1,2512.42846679688,0
"27804",2,2981.79467773438,1147.44799804688
"71771",1,59.4745178222656,0
"30196",2,4400.35595703125,0
"12895",1,949.405578613281,0
"71774",1,8.64149761199951,0
"50473",1,425.384460449219,0
"57929",3,6698.81701660156,2355.47204589844
"17532",1,127.136581420898,0
"8294",1,1178.79968261719,0
"35938",1,2477.70825195312,0
"71780",1,15.9342498779297,0
"71781",1,55.3509178161621,0
"3198",1,475.417053222656,0
"71783",1,0.223738104104996,0
"3325",2,1454.84271240234,135.334167480469
"6150",1,1077.86682128906,0
"39381",2,5280.94189453125,0
"45421",2,4314.58923339844,1431.92004394531
"5210",1,626.388549804688,0
"71789",1,36.5258445739746,0
"48133",2,3470.0276184082,2459.6081237793
"40575",5,13455.1931152344,25.788818359375
"2048",3,1850.58636474609,192.626098632812
"8784",6,7090.37438964844,96.303955078125
"49873",1,756.207458496094,0
"26226",1,121.464508056641,0
"71796",1,238.75944519043,0
"35248",1,2103.21166992188,0
"31158",1,563.930358886719,0
"45579",1,403.573669433594,0
"65810",2,2842.56634521484,2144.39215087891
"57990",1,573.768859863281,0
"29855",2,3642.80090332031,719.834838867188
"17795",1,127.136581420898,0
"38559",12,29410.7963867188,1463.08666992188
"46679",1,2926.48315429688,0
"71806",1,214.487243652344,0
"35704",1,421.210388183594,0
"26511",12,23181.3139648438,506.102172851562
"61304",1,1614.29479980469,0
"56991",2,4999.76696777344,1100.35070800781
"2261",3,1738.84677124023,483.637420654297
"56592",1,427.486114501953,0
"17357",1,219.239700317383,0
"66573",1,600.064392089844,0
"44593",1,1341.27563476562,0
"37546",1,434.287811279297,0
"27505",1,1396.60498046875,0
"71818",1,0.306713581085205,0
"71819",1,38.5486831665039,0
"619",1,85.2067565917969,0
"66309",1,2108.52368164062,0
"7652",1,772.982360839844,0
"46141",1,87.2883453369141,0
"16934",1,266.219635009766,0
"18369",1,948.440490722656,0
"2925",1,134.888748168945,0
"71827",1,85.7182083129883,0
"22217",1,605.789794921875,0
"23523",3,4165.21926879883,1598.11251831055
"22500",1,148.583618164062,0
"33855",4,9566.96411132812,33.6142578125
"71832",1,120.524444580078,0
"7174",1,1128.5166015625,0
"57833",1,241.986389160156,0
"57291",1,941.922790527344,0
"47238",109,320334.852294922,111.909912109375
"4197",1,104.471809387207,0
"71838",1,21.7247257232666,0
"8394",1,554.035888671875,0
"71840",1,227.036437988281,0
"42164",5,12573.3895263672,980.042114257812
"3224",1,566.712036132812,0
"28437",2,2507.69122314453,1700.67791748047
"18216",1,225.720504760742,0
"54431",1,522.924377441406,0
"6111",1,657.498779296875,0
"71847",1,21.9002208709717,0
"47737",4,9212.14733886719,2380.53552246094
"2476",1,162.982177734375,0
"66635",1,2084.48486328125,0
"71851",1,0.40789520740509,0
"11005",4,3953.21440124512,1134.89436340332
"20414",1,192.28108215332,0
"65424",3,6874.99743652344,862.518188476562
"37853",1,436.804046630859,0
"22190",10,18248.6931152344,21.7144775390625
"71857",1,17.5947551727295,0
"36063",2,2543.34893798828,2144.39227294922
"47790",1,2971.82202148438,0
"23118",1,263.020324707031,0
"71861",1,109.292366027832,0
"49029",45,135353.220458984,44.43408203125
"39119",1,660.117736816406,0
"71864",1,403.446563720703,0
"32982",1,2344.76147460938,0
"21307",3,5223.04064941406,218.99560546875
"36725",1,1691.3779296875,0
"46347",2,4684.474609375,785.59521484375
"20891",1,1469.22619628906,0
"24659",2,3884.16076660156,0.0001220703125
"71871",1,11.6454343795776,0
"10020",1,1253.501953125,0
"1268",1,581.535705566406,0
"71874",1,27.3482837677002,0
"4348",1,949.743774414062,0
"55244",1,1965.44653320312,0
"50075",1,2029.8310546875,0
"40114",2,2975.55718994141,1796.05706787109
"39573",1,212.326187133789,0
"2456",1,474.129974365234,0
"8785",1,770.43115234375,0
"51881",2,4257.64624023438,1867.05737304688
"769",1,42.24267578125,0
"52778",7,18607.6419067383,2492.65496826172
"50466",1,3038.46044921875,0
"29781",3,6543.95361328125,0
"14026",10,14097.0053710938,72.151611328125
"20311",1,926.445251464844,0
"60342",1,1463.24157714844,0
"21597",1,308.382049560547,0
"6584",1,827.427490234375,0
"6964",1,209.614944458008,0
"8907",1,1203.79870605469,0
"65786",10,24016.9366455078,822.848022460938
"4979",1,1001.23974609375,0
"4385",1,949.743774414062,0
"53814",1,677.026672363281,0
"54832",1,676.274169921875,0
"3626",1,627.785217285156,0
"14537",2,1873.07681274414,975.253753662109
"63211",1,913.218933105469,0
"11886",247,361784.683898926,802.641906738281
"66784",1,1171.87744140625,0
"22950",2,3566.00695800781,148.583618164062
"30049",1,66.0053405761719,0
"20411",1,681.723876953125,0
"51993",1,183.891464233398,0
"28987",3,6409.8935546875,19.367919921875
"71909",1,30.597484588623,0
"12897",1,1073.24108886719,0
"2097",1,257.190643310547,0
"35701",1,1313.18542480469,0
"756",1,501.216217041016,0
"49495",1,2264.876953125,0
"71915",1,54.6749382019043,0
"7279",1,530.40283203125,0
"13305",1,1246.1015625,0
"1510",2,1072.8916015625,196.802612304688
"66601",1,361.032257080078,0
"71920",1,4.87844038009644,0
"165",3,1302.10980224609,26.8476257324219
"45120",2,5001.49584960938,706.059814453125
"71923",1,1103.59619140625,0
"31199",2,2417.83882141113,2056.92338562012
"2766",1,618.901306152344,0
"71926",1,173.370697021484,0
"24489",1,971.040161132812,0
"55628",1,582.755859375,0
"30081",1,574.459838867188,0
"42167",2,5208.03515625,303.11328125
"18745",1,132.645141601562,0
"18370",1,539.629943847656,0
"54205",2,4092.02429199219,1876.79309082031
"7817",2,2180.50231933594,126.907592773438
"41994",1,688.8935546875,0
"54446",1,1876.37585449219,0
"52060",19,56516.8231201172,1531.28967285156
"71938",1,220.563186645508,0
"58386",9,26208.6564941406,750.876708984375
"12160",18,22942.3961181641,49.2972412109375
"48131",1,2466.6123046875,0
"5352",1,400.477935791016,0
"6117",1,86.2293472290039,0
"45087",2,3350.44009399414,2376.80795288086
"54229",1,1292.21813964844,0
"15066",1,279.665069580078,0
"34930",1,2445.59497070312,0
"12959",1,1375.95007324219,0
"23128",8,14473.423828125,641.248779296875
"71950",1,341.643188476562,0
"2910",1,285.646759033203,0
"4501",1,503.364196777344,0
"5207",1,688.000549316406,0
"71954",1,847.947692871094,0
"65577",6,14692.69921875,664.7080078125
"35598",1,148.662490844727,0
"53490",2,5569.67065429688,584.661376953125
"71958",1,96.8350601196289,0
"19902",1,1000.92242431641,0
"10022",2,2507.00390625,0
"44281",1,2833.44213867188,0
"50118",2,4980.3115234375,1096.609375
"22501",1,1708.71166992188,0
"6597",1,308.90625,0
"71965",1,89.119499206543,0
"42030",1,606.226318359375,0
"14052",1,512.699523925781,0
"38480",1,805.518493652344,0
"11590",2,2468.76086425781,185.820678710938
"71970",1,1.13484382629395,0
"1310",1,304.108184814453,0
"66822",1,668.626281738281,0
"65482",1,2196.9853515625,0
"17802",1,619.790832519531,0
"2565",1,130.420104980469,0
"71976",1,60.3304061889648,0
"50257",1,182.048538208008,0
"5020",4,3521.14483642578,586.320983886719
"32052",3,6875.62060546875,0
"71980",1,9.46553325653076,0
"58288",1,240.733947753906,0
"6149",1,1077.86682128906,0
"49286",1,240.733947753906,0
"66895",1,332.121887207031,0
"10048",1,1253.501953125,0
"71986",1,31.634744644165,0
"7288",1,282.129150390625,0
"53845",1,1354.05334472656,0
"230",1,281.752593994141,0
"66667",1,1921.91979980469,0
"7225",1,688.395080566406,0
"64980",3,6277.72473144531,1602.26452636719
"27504",1,1688.43273925781,0
"15068",1,250.226623535156,0
"34008",1,1461.56750488281,0
"63775",2,4685.69165039062,752.422607421875
"15924",1,284.168304443359,0
"71998",1,15.5064859390259,0
"12",1,339.525329589844,0
"57350",1,91.1538162231445,0
"35929",1,768.089538574219,0
"4882",4,3364.16549682617,530.657073974609
"57529",1,2943.1181640625,0
"8296",1,1178.79968261719,0
"52463",2,4700.24133300781,1444.97058105469
"72006",1,56.0646476745605,0
"8395",1,389.00390625,0
"52471",1,1289.82434082031,0
"1678",1,545.968505859375,0
"29351",65,142366.915527344,132.002197265625
"55463",1,951.447875976562,0
"72012",1,5.17810535430908,0
"72013",1,487.754577636719,0
"4383",1,949.743774414062,0
"4494",1,949.743774414062,0
"8337",1,223.971923828125,0
"58150",1,180.877029418945,0
"34418",8,19301.4409179688,33.242431640625
"16087",1,91.1522216796875,0
"6207",1,722.170776367188,0
"3332",1,160.709365844727,0
"40039",1,2667.48120117188,0
"19461",2,1659.87950134277,1390.95887756348
"30050",1,1782.14428710938,0
"50468",1,1428.07641601562,0
"72026",1,29.9005012512207,0
"1729",1,165.356460571289,0
"34047",1,191.680969238281,0
"229",5,2025.33636474609,211.965728759766
"7651",3,3292.10040283203,244.298645019531
"72031",1,17.3601398468018,0
"52792",1,3073.9736328125,0
"18371",1,915.735656738281,0
"59304",5,12404.8720703125,2474.58544921875
"72035",1,54.4590606689453,0
"2286",1,740.828063964844,0
"56980",1,91.3925704956055,0
"72038",1,3.13431596755981,0
"72039",1,1.36966514587402,0
"16123",19,27390.4940185547,1284.39794921875
"3196",1,65.5747680664062,0
"6763",1,794.330383300781,0
"66363",1,955.032104492188,0
"8256",2,2227.93139648438,129.66796875
"11",1,339.525329589844,0
"53281",1,1107.61560058594,0
"53497",1,2215.5595703125,0
"72048",1,261.249359130859,0
"17440",190,325356.024902344,268.088012695312
"14564",1,839.898986816406,0
"37848",1,359.720977783203,0
"65909",1,344.644500732422,0
"54124",2,4860.51770019531,1291.53405761719
"60936",2,3855.16430664062,1946.53198242188
"60410",3,7791.478515625,962.99169921875
"8393",2,2157.20343017578,200.395935058594
"10121",1,75.2101135253906,0
"33888",1,333.075744628906,0
"19613",1,238.463272094727,0
"58152",1,2437.43115234375,0
"6110",3,2511.26684570312,246.045837402344
"11239",1,221.475860595703,0
"49144",1,1594.86242675781,0
"24943",1,490.72412109375,0
"3024",1,114.755836486816,0
"5350",1,800.955810546875,0
"5558",1,256.716613769531,0
"54382",2,5906.65380859375,246.76611328125
"13989",1,356.041320800781,0
"17778",1,842.279846191406,0
"66558",1,1971.64025878906,0
"72072",1,1082.29895019531,0
"72073",1,389.110870361328,0
"23882",1,113.999320983887,0
"43860",2,2822.95336914062,2484.19897460938
"43724",1,224.980163574219,0
"50249",2,5218.72485351562,849.559814453125
"25268",7,13946.4165039062,20.50439453125
"6467",1,187.550216674805,0
"14539",1,883.341979980469,0
"6738",1,761.233276367188,0
"14521",1,521.316589355469,0
"35716",2,4624.30834960938,362.650146484375
"72084",1,57.8995018005371,0
"72085",1,225.202789306641,0
"31873",8,17488.5552978516,756.318237304688
"2757",1,253.168426513672,0
"4877",4,3585.62969970703,305.973815917969
"56379",1,1772.86218261719,0
"49049",6,17941.5588378906,24.902587890625
"37062",3,7633.90747070312,14.997314453125
"26222",6,11700.5772705078,607.047241210938
"46671",2,4293.60388183594,1542.70959472656
"56806",1,579.511169433594,0
"3320",2,1480.21789550781,211.459716796875
"72096",1,368.66552734375,0
"21132",1,1274.50952148438,0
"4208",1,921.25146484375,0
"72099",1,2.53571939468384,0
"4378",1,740.800109863281,0
"72101",1,17.6442699432373,0
"1147",2,707.077438354492,509.35530090332
"15069",1,529.891723632812,0
"41414",17,45650.5144042969,382.401123046875
"31349",6,13479.3076171875,18.34033203125
"53492",1,2215.5595703125,0
"1084",1,554.807373046875,0
"13456",1,112.009132385254,0
"5368",1,688.00048828125,0
"41801",83,233645.301757812,139.0595703125
"13304",1,616.050231933594,0
"43476",2,2991.68849182129,2654.21824645996
"29676",6,12213.7225341797,586.027709960938
"17382",1,889.956115722656,0
"1736",1,350.555694580078,0
"55817",1,2114.75170898438,0
"72117",1,3.85440278053284,0
"8906",2,2382.59838867188,24.9990234375
"6736",24,27068.8063964844,384.469360351562
"11754",1,331.822692871094,0
"34520",10,24110.1799316406,33.242431640625
"72122",1,285.039489746094,0
"3420",1,627.785217285156,0
"26093",125,235710.743164062,1234.88916015625
"30950",2,4474.76220703125,0
"54225",1,1876.79309082031,0
"288",1,420.526275634766,0
"46625",1,175.588989257812,0
"53645",1,184.643646240234,0
"1123",1,209.35285949707,0
"72131",1,83.3633041381836,0
"21335",2,2064.91357421875,1563.11059570312
"57983",2,5858.48168945312,181.190185546875
"2296",2,911.218536376953,451.905120849609
"22653",1,872.928771972656,0
"4376",1,370.400085449219,0
"54040",1,676.976501464844,0
"37536",7,17653.8820800781,76.638916015625
"72139",1,78.9805221557617,0
"43753",1,875.115539550781,0
"34902",6,12534.615524292,2299.13887023926
"53987",2,6154.56005859375,0.22802734375
"35041",1,146.735702514648,0
"5345",1,256.716613769531,0
"36072",3,6127.35180664062,1305.77294921875
"51076",1,854.972229003906,0
"3780",3,2514.22619628906,152.649475097656
"5366",1,770.149841308594,0
"72149",1,120.010223388672,0
"16416",1,1519.20373535156,0
"16933",1,1002.23858642578,0
"51066",1,2623.05078125,0
"49636",3,6296.01533508301,2788.01176452637
"72154",1,0.221886619925499,0
"6437",1,204.794692993164,0
"1305",1,437.915771484375,0
"50090",2,3458.92227172852,2609.36239624023
"59299",1,1575.06567382812,0
"32975",1,984.7998046875,0
"54648",1,1782.90466308594,0
"5757",1,1052.40942382812,0
"72162",1,2.79554295539856,0
"11589",1,769.82861328125,0
"12158",147,188638.430786133,270.460327148438
"72165",1,315.314117431641,0
"2927",2,1351.30493164062,288.064208984375
"19474",4,6140.49938964844,627.626586914062
"34037",2,2803.33428955078,1988.69012451172
"18807",1,729.548278808594,0
"29050",1,235.739593505859,0
"60404",2,3168.708984375,2700.4716796875
"37244",1,838.080139160156,0
"11013",2,1993.28277587891,612.315612792969
"1087",1,554.807373046875,0
"42910",1,390.629821777344,0
"50475",1,1701.53784179688,0
"10588",10,12658.5211181641,24.7003173828125
"17513",1,1096.55297851562,0
"50872",2,4478.23583984375,1614.60205078125
"54440",1,92.2807769775391,0
"72181",1,68.2022933959961,0
"53379",1,338.488250732422,0
"61618",3,8027.09106445312,534.242431640625
"55159",1,2395.38818359375,0
"65812",1,2144.39208984375,0
"19223",1,974.837280273438,0
"10006",2,2431.79382324219,75.2100830078125
"18777",1,414.516052246094,0
"3226",1,304.501983642578,0
"2095",1,557.246398925781,0
"11177",2,1667.58297729492,938.015411376953
"26228",1,1680.25903320312,0
"62483",1,1012.41070556641,0
"5019",3,2833.50842285156,170.210754394531
"66598",2,3716.50866699219,530.929809570312
"66804",1,208.998764038086,0
"47994",1,832.110168457031,0
"17946",1,128.983139038086,0
"2764",1,658.574523925781,0
"15423",7,10075.4290771484,254.255859375
"49860",1,2177.87744140625,0
"3318",1,143.792602539062,0
"29178",1,1146.01220703125,0
"52538",2,5962.22314453125,185.72412109375
"58460",2,4505.26062011719,1501.75354003906
"66834",2,2470.20281982422,1244.38800048828
"29312",9,19287.28125,38.568115234375
"65191",3,7667.849609375,170.11474609375
"65724",1,1881.79370117188,0
"72210",1,749.252624511719,0
"61495",1,2557.19653320312,0
"27507",2,3794.74377441406,334.498901367188
"40586",14,37977.4602050781,37.758056640625
"56794",9,25135.0118408203,2208.33532714844
"46659",1,2838.68872070312,0
"639",4,1669.30709838867,442.826690673828
"40620",2,5374.36108398438,12.996826171875
"1558",1,596.756286621094,0
"66308",1,641.724609375,0
"72220",1,27.1358757019043,0
"51861",3,8680.15454101562,525.35498046875
"35935",1,2205.16040039062,0
"9247",1,884.664123535156,0
"56774",1,1525.02941894531,0
"42884",6,14250.3734436035,2388.24691772461
"1734",1,443.155303955078,0
"65288",14,35963.6591796875,624.919677734375
"50927",5,13801.9807128906,1338.38598632812
"37847",1,359.720977783203,0
"16122",3,4010.69787597656,546.913330078125
"72231",1,109.195747375488,0
"25661",1,872.765380859375,0
"3682",3,2415.45306396484,251.422607421875
"59118",7,17877.8219985962,2882.46389007568
"37257",2,5094.27075195312,14.997314453125
"59614",1,177.455520629883,0
"66785",1,1709.78845214844,0
"14563",1,318.582366943359,0
"22949",1,817.209899902344,0
"54942",1,245.808471679688,0
"6206",1,959.301452636719,0
"3331",1,67.667106628418,0
"30457",6,13013.3330078125,299.8642578125
"6204",1,355.696075439453,0
"48199",1,178.716262817383,0
"17534",2,2955.92553710938,222.489013671875
"72247",1,147.688491821289,0
"72248",1,9.22417449951172,0
"8399",1,495.095855712891,0
"65582",1,152.378204345703,0
"48903",5,14771.0922851562,173.74267578125
"72252",1,228.139495849609,0
"66355",3,6857.63305664062,17.987548828125
"32281",2,2563.74797058105,2055.6177520752
"59555",2,3194.19940185547,2720.98468017578
"34382",1,337.78173828125,0
"46915",1,410.842620849609,0
"22945",1,984.366516113281,0
"57192",1,243.404220581055,0
"30172",9,19726.1613769531,18.860107421875
"3939",3,2349.64202880859,286.40234375
"34709",5,10087.7513427734,1732.53552246094
"36065",1,149.608749389648,0
"54042",2,4523.43408203125,1446.26806640625
"39447",2,3105.27053833008,2202.88424682617
"2348",1,44.4496841430664,0
"50694",1,2802.70532226562,0
"3941",1,849.96826171875,0
"47579",1,739.398010253906,0
"57174",1,851.914794921875,0
"50873",1,243.713516235352,0
"4349",1,949.743774414062,0
"2346",1,288.922943115234,0
"65518",2,4393.97058105469,715.297485351562
"5555",4,4184.0947265625,25.54296875
"646",10,4655.09027099609,134.316497802734
"19906",3,5177.18481445312,0
"17515",3,4569.599609375,174.812744140625
"72279",1,487.875823974609,0
"66271",1,1675.6650390625,0
"53269",1,1538.35498046875,0
"353",2,845.749938964844,102.965637207031
"19993",56,101459.989196777,933.580993652344
"22809",21,39791.4484863281,84.78515625
"32068",6,13840.1081542969,35.43896484375
"6585",1,948.783447265625,0
"65344",1,154.166137695312,0
"7866",6,6776.28930664062,221.224609375
"66570",1,2143.08715820312,0
"51883",3,6985.36962890625,2206.69750976562
"46667",1,1463.24157714844,0
"55804",12,34091.5852661133,2735.47161865234
"48",1,183.278259277344,0
"72294",1,9.99138641357422,0
"22502",1,668.626281738281,0
"3002",1,396.731628417969,0
"55048",1,2396.63256835938,0
"45425",2,5370.96264648438,412.771728515625
"14027",1,1424.16528320312,0
"49488",1,331.607879638672,0
"7280",1,248.273651123047,0
"7129",1,90.2813262939453,0
"51064",1,1860.53588867188,0
"17918",12,19530.8336181641,45.775146484375
"61040",2,4337.80078125,1445.93359375
"47360",1,88.5043563842773,0
"41111",1,163.143432617188,0
"57686",2,3700.65405273438,2367.63061523438
"53561",33,101538.041503906,2.2802734375
"49502",1,1600.51306152344,0
"72311",1,1028.52709960938,0
"13525",1,1008.08221435547,0
"33336",1,141.721710205078,0
"42161",1,1598.23303222656,0
"72315",1,0.281225174665451,0
"36069",1,548.5654296875,0
"72317",1,4.16574764251709,0
"1861",4,2645.70336914062,0
"52863",12,35115.0629882812,1784.47802734375
"30019",1,2200.17797851562,0
"31141",1,1691.791015625,0
"15086",1,161.911361694336,0
"16096",1,121.53630065918,0
"72324",1,1.39149248600006,0
"49645",1,664.363891601562,0
"19073",1,285.728149414062,0
"4496",1,845.27197265625,0
"72328",1,0.12782022356987,0
"57199",1,182.553161621094,0
"453",1,303.588989257812,0
"46918",1,821.685241699219,0
"51240",1,2809.1943359375,0
"5285",1,1026.86645507812,0
"21321",3,4480.38360595703,896.076721191406
"1503",1,298.378143310547,0
"41064",4,8417.12463378906,2408.75915527344
"7085",1,936.668823242188,0
"2290",1,207.431854248047,0
"7653",3,3213.26599121094,373.131103515625
"30550",5,11038.2663574219,18.688232421875
"51586",3,9169.75,6.146728515625
"66123",1,2396.01220703125,0
"27933",1,1451.88732910156,0
"5208",1,688.000549316406,0
"2096",1,492.948760986328,0
"2288",1,348.189178466797,0
"37464",1,2554.63403320312,0
"56965",1,1279.49597167969,0
"72349",1,280.178253173828,0
"14012",8,11224.8513183594,48.2152099609375
"59844",17,48821.5787353516,973.547973632812
"72352",1,54.3602104187012,0
"36573",1,200.724670410156,0
"64702",1,2640.47094726562,0
"18489",318,598251.938598633,468.942260742188
"44568",1,2758.40551757812,0
"26086",1,120.243721008301,0
"65753",1,2358.51489257812,0
"72359",1,165.48127746582,0
"66830",1,1392.97155761719,0
"31173",1,180.457717895508,0
"30760",1,134.242858886719,0
"2765",1,706.182312011719,0
"33406",2,4724.05712890625,0
"54726",3,6727.67120361328,2488.55096435547
"10125",8,9052.66772460938,702.229370117188
"40800",1,81.1941299438477,0
"65581",1,787.287353515625,0
"6112",1,571.269409179688,0
"50068",273,791569.761352539,999.767456054688
"43899",2,5120.03442382812,546.849853515625
"38299",1,1377.1767578125,0
"3901",1,601.618408203125,0
"19631",7,11197.0620117188,613.191284179688
"53847",1,338.513336181641,0
"13448",2,2366.19293212891,434.035339355469
"53743",1,2985.07202148438,0
"66666",1,1881.02783203125,0
"4541",3,2926.59448242188,0
"72380",1,286.252105712891,0
"7226",1,1004.37976074219,0
"38718",4,10464.6274414062,14.00830078125
"29176",1,1621.71545410156,0
"1334",2,1088.07995605469,41.9478759765625
"56417",4,11981.8762207031,247.49267578125
"10617",1,741.357299804688,0
"43729",1,224.98014831543,0
"2094",1,635.832397460938,0
"45050",1,1660.90197753906,0
"40618",10,26740.0026855469,39.6015625
"72391",1,0.305005878210068,0
"65230",1,493.704864501953,0
"42025",4,9127.99578857422,1834.27008056641
"11857",1,106.183258056641,0
"72395",1,192.49723815918,0
"16916",4,5966.45166015625,297.53955078125
"24",1,62.3146095275879,0
"4287",1,949.743774414062,0
"2763",1,531.620361328125,0
"72400",1,165.937149047852,0
"55437",1,3069.18676757812,0
"29181",1,1989.30432128906,0
"31753",1,750.382385253906,0
"61123",1,2882.66918945312,0
"1733",1,383.626983642578,0
"30373",1,66.5659866333008,0
"62611",1,1940.45397949219,0
"30947",5,11149.8757324219,18.514892578125
"7272",1,33.8554992675781,0
"64247",1,1804.76489257812,0
"2904",1,793.463256835938,0
"25794",3,4547.59423828125,1242.2138671875
"57836",1,846.952331542969,0
"63660",1,2212.46411132812,0
"3689",1,152.649444580078,0
"47359",1,1150.556640625,0
"1557",1,247.590362548828,0
"7130",1,496.547302246094,0
"72419",1,0.255463391542435,0
"24440",1,1340.03552246094,0
"429",1,447.460418701172,0
"21131",1,1770.15209960938,0
"46168",6,16980.1257324219,503.17919921875
"46371",1,1134.74853515625,0
"65045",1,1306.32739257812,0
"766",1,147.849365234375,0
"1333",1,419.669281005859,0
"64292",4,10119.7775878906,589.75
"35349",1,2461.74633789062,0
"37675",1,154.166137695312,0
"8100",2,1672.37683105469,635.033081054688
"30958",2,4474.76220703125,0
"44581",2,5707.5556640625,0
"65515",2,3755.31201171875,1353.9560546875
"11836",7,8359.77026367188,873.850341796875
"3202",2,1022.97492980957,563.951583862305
"29182",1,1859.56713867188,0
"26953",1,1197.48034667969,0
"44346",44,124470.328613281,84.747314453125
"43200",1,308.147186279297,0
"6106",1,150.901351928711,0
"31032",1,2255.72143554688,0
"72443",1,157.104476928711,0
"15053",1,44.157642364502,0
"25670",1,1843.73706054688,0
"72446",1,99.1984558105469,0
"58618",1,179.856979370117,0
"10076",1,75.2101135253906,0
"72449",1,0.147192135453224,0
"3857",1,897.937927246094,0
"72451",1,0.300917416810989,0
"21576",1,1039.44897460938,0
"3876",1,278.360748291016,0
"50081",1,182.048538208008,0
"25790",1,1382.80285644531,0
"293",1,259.527038574219,0
"33575",1,2379.11254882812,0
"1306",1,170.300582885742,0
"49638",1,664.363891601562,0
"6758",15,16701.9498901367,326.277526855469
"18357",3,4467.13537597656,552.436767578125
"16468",1,1542.66259765625,0
"50462",1,2521.92236328125,0
"33163",2,4706.7900390625,17.26708984375
"45086",1,544.088562011719,0
"5786",1,84.192756652832,0
"66211",6,14033.6708984375,17.448974609375
"6054",1,420.368041992188,0
"30052",1,1034.08361816406,0
"17960",1,757.776000976562,0
"61306",1,2479.09545898438,0
"72472",1,67.420295715332,0
"44603",1,85.6133346557617,0
"12422",2,2622.24963378906,81.1004638671875
"50483",2,3433.46032714844,2278.84533691406
"10596",1,856.3955078125,0
"54030",1,1107.77978515625,0
"4589",3,2926.59448242188,0
"34934",1,2445.59497070312,0
"66229",1,1617.88537597656,0
"27513",1,1334.0703125,0
"72482",1,0.307101011276245,0
"37047",1,203.170944213867,0
"42906",2,5580.42578125,0
"3794",1,26.9381370544434,0
"3988",1,748.341613769531,0
"43728",1,393.715270996094,0
"5004",3,2893.58282470703,110.136413574219
"17796",3,4195.50720214844,572.114624023438
"7692",1,69.222297668457,0
"31023",2,4015.18408203125,496.2587890625
"55441",1,337.610534667969,0
"49707",1,756.207458496094,0
"42427",2,3680.54901123047,1854.11114501953
"66674",2,4089.19104003906,0.0001220703125
"36904",1,479.644470214844,0
"2752",2,1281.18566894531,253.16845703125
"4873",1,470.582702636719,0
"38608",1,2534.27514648438,0
"22047",1,348.788055419922,0
"5021",1,330.409118652344,0
"72502",1,105.333518981934,0
"33349",1,2102.20532226562,0
"4372",1,104.471817016602,0
"45126",1,2691.80639648438,0
"57992",1,2174.28173828125,0
"45646",1,954.316162109375,0
"8448",1,223.971939086914,0
"4482",1,294.420562744141,0
"72510",1,360.654754638672,0
"39186",2,4330.37231445312,950.569580078125
"23060",1,732.699462890625,0
"7538",1,380.722625732422,0
"66198",1,1617.88537597656,0
"54645",1,92.25341796875,0
"66520",2,2857.52648925781,1156.09851074219
"223",1,138.773666381836,0
"72518",1,20.3514041900635,0
"22198",2,2059.22520446777,1655.3653717041
"5194",1,770.149841308594,0
"60292",2,2985.0126953125,2516.775390625
"64738",2,3142.1604309082,2138.78146362305
"38610",2,4127.99450683594,1097.31506347656
"41102",1,1441.10021972656,0
"42315",1,2767.330078125,0
"37053",2,2895.18585205078,2184.08758544922
"37861",1,2363.88061523438,0
"72528",1,404.3251953125,0
"17780",1,572.114624023438,0
"46621",1,2188.61743164062,0
"32997",1,2157.1806640625,0
"6521",1,1037.04235839844,0
"21315",2,2612.46423339844,927.839965820312
"39134",12,32060.33984375,66
"26207",1,627.566589355469,0
"72536",1,0.982966661453247,0
"5",1,95.0670928955078,0
"53462",1,246.173278808594,0
"11878",20,26310.8821411133,380.481994628906
"41206",1,2256.8173828125,0
"3413",1,505.715911865234,0
"18249",1,866.678405761719,0
"36259",1,1595.82678222656,0
"36392",1,150.543502807617,0
"1856",26,17329.3123779297,79.5713500976562
"4519",1,760.914611816406,0
"72547",1,0.0420526266098022,0
"20895",1,991.28515625,0
"3333",1,397.544219970703,0
"3383",1,186.084533691406,0
"16085",1,926.714294433594,0
"34882",3,7287.76391601562,0
"7227",1,812.531921386719,0
"5180",1,225.910614013672,0
"27387",3,6253.45458984375,0
"64592",2,4856.96166992188,451.193115234375
"22642",52,95945.9532470703,150.958374023438
"5405",1,1026.86645507812,0
"42911",1,390.629791259766,0
"66684",1,222.684936523438,0
"66585",1,1996.29602050781,0
"19230",59,101060.725708008,1237.50463867188
"62879",2,5106.08959960938,474.336181640625
"3928",1,849.96826171875,0
"3858",1,897.937927246094,0
"64938",1,1313.33154296875,0
"54424",1,1722.57446289062,0
"45083",5,13186.6097412109,1021.05847167969
"54220",1,184.602600097656,0
"72570",1,0.998408675193787,0
"30017",1,484.039154052734,0
"65315",6,13367.3543395996,2093.07241821289
"2469",1,125.940773010254,0
"65977",3,7352.93627929688,16.1513671875
"72575",1,202.842468261719,0
"5752",3,3208.14306640625,25.4573974609375
"9535",2,2273.32318115234,233.680725097656
"36684",2,3726.12573242188,1353.14770507812
"5978",1,115.765037536621,0
"56975",1,578.819580078125,0
"6048",1,894.629516601562,0
"31708",4,9131.51904296875,17.987548828125
"35712",1,1511.40197753906,0
"65111",1,2403.64233398438,0
"59626",1,88.7277603149414,0
"32288",1,1478.19702148438,0
"2101",1,235.758087158203,0
"3244",1,186.084533691406,0
"39833",1,880.268798828125,0
"72590",1,0.301983594894409,0
"72591",1,50.650447845459,0
"43338",7,17219.2279663086,2173.91851806641
"11017",9,10581.6475219727,729.567565917969
"35066",7,17167.6188964844,16.1513671875
"3981",6,4722.79508972168,720.625259399414
"44605",1,85.6133346557617,0
"37029",2,5079.2734375,0
"46913",1,498.88037109375,0
"72599",1,1.50572514533997,0
"45133",1,488.453277587891,0
"3795",1,125.711311340332,0
"2770",1,642.705261230469,0
"45279",2,3361.70791625977,2384.80136108398
"41376",6,16175.9592285156,175.523193359375
"72605",1,501.216217041016,0
"15418",1,735.960693359375,0
"35954",1,2493.47924804688,0
"44309",1,1962.16467285156,0
"49711",1,181.489791870117,0
"46078",9,24656.7741699219,1459.1875
"2449",3,1638.07005310059,663.461135864258
"4351",1,949.743774414062,0
"51977",2,3923.01782226562,2206.69750976562
"28590",4,8533.61279296875,19.367919921875
"65816",12,27419.8194885254,2006.94369506836
"23879",2,3590.97875976562,208.998779296875
"72617",1,12.3180780410767,0
"36042",20,48387.5969238281,2006.06860351562
"72619",1,26.0144729614258,0
"29179",1,843.292053222656,0
"57369",1,759.615112304688,0
"55069",1,860.329650878906,0
"25222",1,58.8868942260742,0
"15587",1,1495.62268066406,0
"43732",1,1891.37878417969,0
"6587",1,187.550216674805,0
"37851",1,2209.71459960938,0
"29294",7,15097.44140625,38.230712890625
"4790",2,1921.79705810547,29.2659301757812
"29653",1,1330.60388183594,0
"22507",2,3603.15283203125,111.437744140625
"5195",11,11277.3412475586,502.821594238281
"72633",1,15.4431381225586,0
"54118",62,190337.087158203,20.051025390625
"30377",2,4304.60034179688,133.132080078125
"61938",1,2616.2197265625,0
"28435",1,1422.89196777344,0
"63209",15,40442.6530761719,924.765625
"14031",1,1381.44030761719,0
"1725",1,310.870147705078,0
"37547",1,1353.9560546875,0
"3314",1,845.838806152344,0
"66842",1,458.931640625,0
"62533",2,4994.89477539062,607.781494140625
"34102",1,668.544921875,0
"4571",6,5423.955078125,351.191345214844
"454",1,147.050918579102,0
"2283",1,348.189178466797,0
"7175",1,1128.5166015625,0
"40443",1,1723.95446777344,0
"30755",3,4308.65634155273,2133.05654907227
"33334",1,2031.34460449219,0
"37472",1,2554.63403320312,0
"59301",1,832.110168457031,0
"42009",1,2755.57421875,0
"23892",2,3842.22119140625,0
"49317",1,2828.62377929688,0
"55229",1,2641.06884765625,0
"72659",1,143.726623535156,0
"5803",7,6628.47369384766,814.764465332031
"4173",11,10116.453125,201.402160644531
"5003",1,580.719055175781,0
"65994",1,1369.533203125,0
"57462",2,4373.48315429688,1703.43774414062
"36360",1,903.261047363281,0
"72666",1,27.1852588653564,0
"72667",1,7.0365195274353,0
"35060",2,4907.34130859375,16.1513671875
"20706",4,6415.1962890625,576.84326171875
"3317",1,845.838806152344,0
"53284",3,9230.5859375,0.4560546875
"7697",1,219.203948974609,0
"1297",1,267.615203857422,0
"45890",1,318.105377197266,0
"66256",2,3677.15380859375,977.47119140625
"48951",1,1828.5458984375,0
"60521",2,4610.68762207031,1225.62585449219
"2086",1,121.451133728027,0
"66647",1,1424.58862304688,0
"72680",1,198.053527832031,0
"50729",3,8202.14672851562,948.02978515625
"42300",1,1549.70483398438,0
"3987",1,618.998596191406,0
"2340",3,1353.15594482422,632.927368164062
"44885",1,2319.53540039062,0
"72686",1,325.777679443359,0
"38249",1,363.782562255859,0
"6522",1,1103.23657226562,0
"66084",1,72.3818054199219,0
"50858",1,761.604736328125,0
"72691",1,143.091598510742,0
"52485",2,6149.08740234375,1.14013671875
"48346",3,6701.86010742188,2233.95336914062
"1885",1,667.311767578125,0
"42880",3,6277.97900390625,2092.65966796875
"72696",1,362.583312988281,0
"29416",17,36985.8879394531,75.779052734375
"2926",1,174.561920166016,0
"8786",1,433.367553710938,0
"63857",2,3779.48950195312,1658.62475585938
"65986",1,1222.79748535156,0
"1286",3,1514.29559326172,206.956726074219
"48195",1,565.934875488281,0
"2560",2,836.223022460938,575.3828125
"63063",7,19474.5988769531,22.8828125
"37859",1,359.720977783203,0
"16098",4,5788.16625976562,288.648681640625
"3670",1,125.711311340332,0
"36679",2,3079.82238769531,1969.06677246094
"57348",1,577.307495117188,0
"1262",1,581.535705566406,0
"40420",386,1025371.87915039,276.8935546875
"65411",1,2569.435546875,0
"57013",1,517.891235351562,0
"65153",3,7131.32189941406,649.611694335938
"7228",1,564.25830078125,0
"16584",1,478.225402832031,0
"14562",1,405.468444824219,0
"44893",4,11272.8325195312,171.8173828125
"3246",48,36476.8442382812,157.888488769531
"30439",1,421.584594726562,0
"72722",1,843.129333496094,0
"3225",11,9427.45373535156,475.584045410156
"60195",97,281481.273193359,96.367431640625
"3990",2,1180.71340942383,718.774139404297
"23254",4,7557.41064453125,21.272216796875
"53483",2,4030.63140869141,2122.78851318359
"54825",1,2735.83642578125,0
"15050",1,456.295623779297,0
"61119",1,951.280822753906,0
"4518",1,517.031677246094,0
"64934",1,735.465637207031,0
"66414",1,134.242858886719,0
"32578",1,69.8193740844727,0
"47768",1,1719.59436035156,0
"2262",1,300.055755615234,0
"47025",6,17550.3532714844,16.43359375
"23579",3,5298.6962890625,301.725952148438
"72739",1,559.109497070312,0
"34045",1,670.883422851562,0
"46286",1,2900.84814453125,0
"72742",1,447.460418701172,0
"5142",3,2584.38995361328,496.209411621094
"21572",5,7672.03656005859,1441.45281982422
"56014",1,857.45849609375,0
"38407",2,5196.8935546875,0
"49499",2,4106.97692871094,1932.69494628906
"4875",1,60.0743827819824,0
"55435",1,2056.35522460938,0
"45927",2,3385.01135253906,2398.72302246094
"72751",1,67.9827651977539,0
"31900",2,2612.73583984375,1971.01123046875
"62616",1,2801.33813476562,0
"62789",1,224.107055664062,0
"23117",1,1258.74011230469,0
"38070",1,2584.0400390625,0
"11304",1,403.867767333984,0
"41554",1,1447.66162109375,0
"4374",1,104.471817016602,0
"1149",2,788.492446899414,427.940292358398
"47062",1,410.842651367188,0
"1723",1,443.155303955078,0
"590",1,474.357818603516,0
"51876",5,13948.4221191406,1346.03149414062
"15421",1,44.8686790466309,0
"72766",1,369.313079833984,0
"39628",200,514248.198242188,376.461669921875
"164",1,138.773666381836,0
"57522",1,2032.87536621094,0
"52459",1,1781.18591308594,0
"5363",1,256.716613769531,0
"28764",1,1907.34753417969,0
"39451",11,26991.3591918945,2216.28802490234
"55037",1,2212.2763671875,0
"3927",1,923.878540039062,0
"72776",1,606.878295898438,0
"72777",1,326.863708496094,0
"3767",1,897.937927246094,0
"26635",2,3700.7177734375,388.47314453125
"290",2,867.986694335938,26.9341430664062
"40802",40,105112.924072266,2123.63354492188
"57184",3,6336.24211120605,2803.01472473145
"1125",1,453.597839355469,0
"50256",4,9154.02239990234,2786.86724853516
"28020",1,1704.38952636719,0
"72786",1,9.49750423431396,0
"49084",2,5340.35180664062,654.880615234375
"42293",1,468.447631835938,0
"65513",1,843.029235839844,0
"15922",2,2871.59558105469,119.649780273438
"3315",1,845.838806152344,0
"72792",1,88.540657043457,0
"51976",3,6381.51136779785,2823.99815368652
"14531",3,3624.45056152344,791.313598632812
"4350",1,949.743774414062,0
"18792",32,49442.6753540039,961.677307128906
"5349",1,287.522613525391,0
"35040",1,269.015441894531,0
"11175",1,1302.79919433594,0
"33890",2,4425.14929199219,333.075805664062
"53856",1,338.513336181641,0
"50686",1,2376.20678710938,0
"12885",1,770.532043457031,0
"2333",1,140.75732421875,0
"18245",1,130.819381713867,0
"3930",3,2463.05340576172,386.177856445312
"44889",2,3818.25054931641,1928.25872802734
"16940",2,1575.38272857666,1324.82308197021
"6586",1,430.262237548828,0
"24656",3,5826.24084472656,0.0001220703125
"36927",2,5079.2734375,0
"1886",1,440.288208007812,0
"72813",1,27.4609069824219,0
"43190",3,8414.92822265625,10.913818359375
"45206",24,69115.1279296875,37.22412109375
"11402",81,113005.882446289,169.122192382812
"7273",1,282.129150390625,0
"51059",1,335.506469726562,0
"14875",13,18907.1229248047,322.660278320312
"66789",1,531.996887207031,0
"72821",1,263.651336669922,0
"66735",1,1472.17236328125,0
"16394",2,2543.87329101562,447.3720703125
"47577",1,916.853515625,0
"2687",1,299.199066162109,0
"29052",1,1135.83618164062,0
"5695",1,873.499816894531,0
"38793",2,3997.36181640625,1071.1884765625
"65415",1,2004.15966796875,0
"2276",2,1422.38989257812,59.2662353515625
"25788",1,621.259216308594,0
"9534",1,73.7220077514648,0
"66885",1,1433.8232421875,0
"8101",5,5619.83703613281,223.971923828125
"25662",1,59.5067291259766,0
"57623",10,27241.8684539795,2852.36640930176
"64443",2,3707.798828125,1627.16357421875
"72838",1,45.8237533569336,0
"72839",1,32.3217468261719,0
"3902",1,26.9381370544434,0
"58929",1,2149.318359375,0
"3769",1,897.937927246094,0
"18785",2,2277.65704345703,1083.85076904297
"3230",1,422.919403076172,0
"63296",1,2755.57421875,0
"15902",2,2826.72680664062,164.5185546875
"64170",3,5899.15692138672,2181.87994384766
"38936",1,2048.79711914062,0
"53280",1,246.136795043945,0
"66194",2,3701.84851074219,1056.37658691406
"49642",3,8727.32592773438,332.181884765625
"30502",20,45166.283203125,73.00732421875
"52967",7,20945.857421875,585.86767578125
"12397",1,1243.541015625,0
"8293",1,1178.79968261719,0
"9833",2,1491.29760742188,1065.10693359375
"522",9,4376.65377807617,26.8584594726562
"47736",1,2218.19409179688,0
"22197",1,972.93505859375,0
"7327",7,6867.60336303711,880.242950439453
"59434",3,7834.12329101562,1074.33862304688
"29327",191,413537.359130859,247.278076171875
"3197",1,360.661224365234,0
"32995",1,257.923767089844,0
"5209",1,657.194519042969,0
"25798",1,501.015502929688,0
"24486",1,213.628845214844,0
"66615",1,2104.1845703125,0
"641",1,180.437835693359,0
"72870",1,0.434315890073776,0
"28046",5,9965.55969238281,337.035278320312
"72872",1,0.285377770662308,0
"72873",1,281.962188720703,0
"10614",2,2339.11010742188,217.29443359375
"2085",1,235.758087158203,0
"2905",1,793.463256835938,0
"35937",2,4079.21252441406,907.745971679688
"49507",2,4021.37567138672,2028.28399658203
"49494",1,90.5950775146484,0
"1358",1,407.504974365234,0
"49701",3,7571.61218261719,1517.18371582031
"10598",1,460.15283203125,0
"54033",1,1015.46478271484,0
"57352",1,1336.92260742188,0
"58948",1,925.401000976562,0
"59435",2,2869.08125305176,2691.19218444824
"58760",2,3739.37744140625,2243.62646484375
"65875",1,344.644500732422,0
"2345",1,370.414031982422,0
"11794",1,1327.29077148438,0
"57533",1,1001.26696777344,0
"66372",1,568.471496582031,0
"72893",1,0.542308568954468,0
"22661",1,148.583618164062,0
"10017",2,2431.79370117188,75.210205078125
"44590",1,1740.80444335938,0
"608",1,55.1337852478027,0
"6208",4,3966.44732666016,413.401794433594
"37045",2,3733.26599121094,1346.00744628906
"57988",1,181.190155029297,0
"12343",2,1584.10903930664,1070.47250366211
"28350",1,467.21826171875,0
"35703",1,148.662490844727,0
"17790",1,1287.25793457031,0
"56203",1,2202.92553710938,0
"423",1,447.460418701172,0
"32290",2,2068.83996582031,1422.12878417969
"72908",1,455.880828857422,0
"72909",1,36.2571144104004,0
"1327",1,474.408782958984,0
"62837",4,8984.48553466797,2176.36602783203
"62126",1,170.006530761719,0
"72913",1,0.156599774956703,0
"33197",1,398.609436035156,0
"30463",1,447.935821533203,0
"26209",1,1012.20422363281,0
"66764",1,330.153656005859,0
"46678",1,2926.48315429688,0
"30374",1,554.716552734375,0
"66449",1,798.791870117188,0
"40439",1,80.4204635620117,0
"51075",1,1618.34020996094,0
"15397",1,117.753707885742,0
"59275",28,81332.6059570312,1069.85595703125
"72925",1,149.828155517578,0
"5202",1,626.388549804688,0
"1491",1,209.499542236328,0
"36249",1,897.652526855469,0
"31667",19,43183.8979492188,72.3017578125
"6959",14,15874.2435302734,75.5631103515625
"52939",1,2490.84204101562,0
"38654",29,76257.0305175781,96.64208984375
"55024",6,17929.2521972656,526.903076171875
"11587",1,185.820709228516,0
"21791",3,5354.90966796875,130.55517578125
"11596",1,995.468078613281,0
"66224",1,187.580917358398,0
"54589",1,2306.33520507812,0
"55228",1,92.1303100585938,0
"72940",1,202.918014526367,0
"355",2,796.529296875,152.186279296875
"66769",1,1114.244140625,0
"72943",1,34.1604385375977,0
"46140",1,1367.51745605469,0
"52223",2,6131.99365234375,2.2783203125
"47738",104,288577.016845703,576.17236328125
"38489",1,2612.65478515625,0
"72948",1,34.5647048950195,0
"63904",102,284310.417480469,176.1982421875
"33146",14,32616.1899414062,52.887939453125
"50",1,120.963653564453,0
"1722",1,496.069396972656,0
"35612",2,4939.45458984375,15.9619140625
"66648",8,16416.6805419922,40.212890625
"2287",1,474.129974365234,0
"54591",1,584.271606445312,0
"44588",32,89691.5582275391,1864.50720214844
"4250",2,949.743789672852,740.800155639648
"72959",1,45.2417869567871,0
"29652",1,1330.60388183594,0
"19191",5,7563.39270019531,705.916625976562
"10191",2,2055.7431640625,250.700439453125
"18242",1,1046.55505371094,0
"33203",1,1369.9765625,0
"72965",1,31.5632781982422,0
"27003",5,10283.0551757812,20.0257568359375
"51519",7,18830.2750854492,2536.52374267578
"2281",1,474.129974365234,0
"58788",1,835.846069335938,0
"72970",1,64.9548873901367,0
"5141",3,2864.73706054688,215.8623046875
"23129",1,1559.33471679688,0
"49501",3,6714.02355957031,2360.46594238281
"37545",1,1277.31701660156,0
"55241",4,8262.56536865234,2978.87994384766
"72976",1,205.128601074219,0
"35090",22,54009.6455078125,64.224609375
"30844",2,4022.97094726562,375.802490234375
"72979",1,138.273330688477,0
"51624",1,91.7885665893555,0
"2045",1,130.710556030273,0
"39837",5,12348.8947753906,866.864990234375
"4978",3,3003.71923828125,0
"32981",1,2344.76147460938,0
"72985",1,0.295014530420303,0
"7847",2,2111.28009033203,196.129821777344
"5548",1,944.717163085938,0
"72988",1,52.6359977722168,0
"17361",1,344.51953125,0
"797",3,1584.10034179688,0
"48198",1,327.646484375,0
"35390",1,73.8523864746094,0
"232",1,210.263137817383,0
"7657",6,6279.82118225098,1091.9832611084
"52540",1,952.507873535156,0
"13492",1,1400.11413574219,0
"41069",1,842.90771484375,0
"16938",1,1440.71789550781,0
"72999",1,130.462814331055,0
"17975",1,177.351821899414,0
"58596",22,62774.5981903076,2817.75923156738
"21704",5,8507.71655273438,562.34375
"14",1,339.525329589844,0
"20449",1,244.721389770508,0
"12365",29,39440.3365478516,72.8233642578125
"20735",1,1522.33081054688,0
"73007",1,63.410961151123,0
"52971",6,16923.1589355469,1539.38110351562
"8398",1,330.063903808594,0
"73010",1,24.3091621398926,0
"3925",1,157.059356689453,0
"33422",3,7086.08569335938,0
"37857",1,2415.26928710938,0
"73014",1,2.99404859542847,0
"19158",2,2409.22570800781,997.392456054688
"3229",1,422.919403076172,0
"36492",1,2509.05834960938,0
"39118",1,2640.47094726562,0
"6116",1,32.3360061645508,0
"73020",1,278.684448242188,0
"73021",1,0.125350192189217,0
"30055",1,1584.12817382812,0
"2909",1,261.842864990234,0
"2922",1,174.561920166016,0
"4500",1,636.328369140625,0
"58619",1,508.555328369141,0
"31163",1,1939.92041015625,0
"66160",2,3775.8974609375,1016.126953125
"6576",16,16533.7791137695,559.345642089844
"73030",1,165.25146484375,0
"56137",4,12051.9384765625,183.5771484375
"54195",1,430.739379882812,0
"12944",5,6087.18518066406,622.421508789062
"55004",3,8266.677734375,953.87548828125
"64169",1,215.494323730469,0
"73036",1,82.9546279907227,0
"62797",3,8359.30249023438,11.336181640625
"73038",1,201.738800048828,0
"73039",1,116.873222351074,0
"19212",2,2784.16943359375,531.959228515625
"61414",21,59109.4237060547,1043.78625488281
"53486",1,2738.677734375,0
"62659",8,20000.8041381836,2336.02447509766
"32858",1,2344.76147460938,0
"53857",1,1969.38623046875,0
"23889",1,365.011016845703,0
"33908",1,1461.56750488281,0
"16598",4,6000.95751953125,169.69287109375
"7276",1,90.2813262939453,0
"50863",2,4051.73718261719,2041.10070800781
"28771",1,2143.08715820312,0
"10011",1,1178.29187011719,0
"19053",4,5985.61224365234,646.645080566406
"40922",1,297.711791992188,0
"13459",1,1246.1015625,0
"73056",1,408.98291015625,0
"64376",38,103036.302978516,160.8671875
"38479",1,155.906799316406,0
"14527",1,1448.10168457031,0
"10193",1,839.846313476562,0
"513",100,57839.5043029785,225.016662597656
"63499",4,8999.03955078125,1975.39892578125
"45026",111,320322.869873047,82.76611328125
"73064",1,102.831901550293,0
"29786",2,4381.49584960938,18.860107421875
"73066",1,112.19758605957,0
"15598",1,1495.62268066406,0
"18239",1,1635.24230957031,0
"55626",1,858.798095703125,0
"73070",1,6.93558645248413,0
"33199",1,1946.15209960938,0
"56782",1,2867.05517578125,0
"6742",1,242.712036132812,0
"129",1,393.557586669922,0
"34901",4,9142.38562011719,623.653930664062
"37985",2,3991.095703125,993.609375
"20306",1,681.723876953125,0
"73078",1,38.5211639404297,0
"50061",1,1090.65551757812,0
"56594",11,33671.5319824219,13.663818359375
"8966",1,866.735046386719,0
"73082",1,121.117736816406,0
"39041",5,13119.3071289062,14.00830078125
"66655",1,2064.62133789062,0
"1556",1,139.666366577148,0
"73086",1,2.10545110702515,0
"3621",1,95.9116363525391,0
"5792",11,11236.3212890625,467.469360351562
"5286",1,1026.86645507812,0
"4382",3,2900.80688476562,25.7877197265625
"54822",1,952.931823730469,0
"7848",7,7843.759765625,382.743286132812
"27789",74,147365.890380859,184.49609375
"17102",186,281925.243164062,372.059814453125
"2255",4,2619.74859619141,226.44677734375
"479",1,265.640350341797,0
"21158",1,143.372268676758,0
"14904",2,2620.02001953125,323.82275390625
"57362",1,243.076843261719,0
"52155",3,8346.71142578125,860.848876953125
"51514",9,26089.9803466797,1343.27233886719
"73102",1,88.258171081543,0
"295",1,420.61279296875,0
"73104",1,33.5504570007324,0
"73105",1,25.9430618286133,0
"16090",1,1519.20373535156,0
"66073",3,6723.90832519531,547.327758789062
"41110",1,380.667999267578,0
"23886",1,326.588806152344,0
"29213",3,6294.67883300781,172.983032226562
"11761",1,1221.10754394531,0
"32045",17,38835.0485839844,53.96142578125
"13496",2,1459.95692443848,1291.9432220459
"35945",1,1595.82666015625,0
"2553",1,636.756958007812,0
"64026",5,13468.1899414062,25.788818359375
"73117",1,72.5454559326172,0
"32113",1,137.512420654297,0
"22034",4,6203.92132568359,1052.12701416016
"16908",1,172.259750366211,0
"4248",2,1823.50805664062,75.9794921875
"44516",2,4568.10949707031,1098.77478027344
"65426",1,1207.634765625,0
"53824",10,28188.0173339844,2492.68920898438
"54038",1,676.976501464844,0
"4593",1,351.191314697266,0
"61054",22,62946.4543457031,173.511962890625
"9539",1,847.803100585938,0
"31132",1,315.800994873047,0
"17803",1,349.625610351562,0
"64442",1,1413.76501464844,0
"7694",1,646.074768066406,0
"63373",2,4436.47448730469,1074.67395019531
"3773",1,897.937927246094,0
"73135",1,0.306713581085205,0
"66694",2,4048.81701660156,0.0001220703125
"73137",1,10.6252422332764,0
"1928",1,474.685729980469,0
"61236",1,317.093597412109,0
"50064",2,4963.77294921875,1085.88671875
"5025",11,10707.9888916016,361.554016113281
"36920",1,1464.17785644531,0
"2756",1,360.573211669922,0
"55012",2,5899.4033203125,245.80859375
"27520",1,1917.72607421875,0
"50076",1,1514.79931640625,0
"14028",1,113.933219909668,0
"27517",1,687.880004882812,0
"55237",1,245.680816650391,0
"16450",2,2745.939453125,339.3857421875
"44567",2,4568.10949707031,1098.77478027344
"4375",1,28.4923133850098,0
"73153",1,399.073272705078,0
"4540",17,17173.5083007812,154.92041015625
"17949",2,1683.61098861694,1586.87363052368
"36077",4,9028.95153808594,881.881469726562
"48924",1,2907.68774414062,0
"4184",3,2771.63568115234,6.103515625e-05
"73159",1,6.66045188903809,0
"34034",2,2834.35488891602,1923.87020874023
"51304",1,336.232482910156,0
"49887",3,7063.50854492188,2034.37475585938
"1089",1,554.807373046875,0
"225",1,138.773666381836,0
"73165",1,40.849925994873,0
"10013",3,3585.015625,175.490234375
"5198",1,688.000549316406,0
"19055",1,513.999938964844,0
"20308",1,1608.16918945312,0
"10719",1,140.602249145508,0
"9245",1,847.803161621094,0
"5365",1,595.58251953125,0
"73173",1,47.6068344116211,0
"28772",1,1071.54357910156,0
"5604",1,263.102355957031,0
"13302",1,504.041076660156,0
"48114",1,326.900421142578,0
"56897",5,13190.9940185547,2041.10070800781
"46670",1,907.209777832031,0
"55317",122,371712.299560547,49.350830078125
"55557",6,16663.5776367188,1715.31787109375
"36951",3,7633.90747070312,14.997314453125
"10674",1,1175.94616699219,0
"73184",1,7.35796976089478,0
"73185",1,180.104751586914,0
"45683",1,1359.17761230469,0
"17786",1,222.489013671875,0
"66193",1,992.052001953125,0
"73189",1,39.4314918518066,0
"35244",14,33650.7545166016,496.776245117188
"7",1,95.0670928955078,0
"35387",1,73.8523864746094,0
"89",1,338.459533691406,0
"73194",1,335.290008544922,0
"48948",1,329.73779296875,0
"3688",1,98.7731704711914,0
"73197",1,6.60503816604614,0
"8390",1,70.7279815673828,0
"46796",1,2838.68872070312,0
"54091",121,372276.888671875,3.42041015625
"58302",1,1173.57800292969,0
"66788",1,797.995300292969,0
"49143",1,2016.14685058594,0
"10615",10,12570.434387207,750.919982910156
"65662",1,429.155609130859,0
"52473",1,2825.32934570312,0
"28351",1,63.7115783691406,0
"21316",2,2522.85638427734,1017.44757080078
"3932",1,849.968200683594,0
"27515",1,1271.53576660156,0
"58290",1,90.2752304077148,0
"6639",1,706.071411132812,0
"1720",1,310.870147705078,0
"9250",1,405.471069335938,0
"35927",1,768.089538574219,0
"21575",1,340.509155273438,0
"62441",1,2812.251953125,0
"41421",1,218.51496887207,0
"29053",1,471.479156494141,0
"46644",8,21738.2337646484,1808.81677246094
"34681",3,6235.23217773438,1085.21240234375
"56993",4,9735.82275390625,2474.65258789062
"32846",2,4689.52294921875,0
"12942",1,454.063537597656,0
"6051",1,722.170715332031,0
"49872",1,1088.93872070312,0
"28226",2,2231.60772705078,1976.76141357422
"65689",1,2448.71118164062,0
"66465",2,3195.16735839844,1242.56506347656
"13451",1,1050.08557128906,0
"73231",1,2.13792943954468,0
"26212",1,890.739685058594,0
"17542",33,54686.9281005859,136.52099609375
"32974",1,2086.83764648438,0
"3985",1,332.596282958984,0
"10623",1,178.948318481445,0
"73237",1,501.216217041016,0
"36589",1,1741.86682128906,0
"19897",3,3693.05841064453,1242.52435302734
"50967",109,331503.389648438,45.001708984375
"34248",1,1725.12878417969,0
"51265",1,2720.42651367188,0
"14525",1,1361.21557617188,0
"55616",1,1533.56799316406,0
"51440",1,1711.72900390625,0
"45910",1,2900.84814453125,0
"19615",1,51.0992698669434,0
"44183",1,2351.75708007812,0
"4669",5,4061.68925476074,760.914566040039
"29800",3,6543.95361328125,0
"12883",9,10676.1770019531,1269.11804199219
"34373",1,868.581665039062,0
"73253",1,419.803314208984,0
"5546",57,63602.5629272461,490.799133300781
"55944",3,8329.59692382812,857.45849609375
"7138",3,3343.02722167969,92.8992919921875
"50690",1,91.3925704956055,0
"12894",1,646.696533203125,0
"5179",1,174.567291259766,0
"16451",1,215.972763061523,0
"6590",1,364.068054199219,0
"55433",1,92.0755996704102,0
"36071",1,1670.63110351562,0
"35711",1,1040.63745117188,0
"47330",1,500.221252441406,0
"4803",1,941.165344238281,0
"43337",1,2577.23120117188,0
"29686",3,6116.30285644531,484.231079101562
"73269",1,284.537963867188,0
"73270",1,101.524528503418,0
"23132",1,1258.74011230469,0
"5199",1,174.567291259766,0
"16400",1,379.800933837891,0
"9241",3,2924.53424072266,811.169860839844
"49862",1,2087.13256835938,0
"61241",2,4487.54931640625,1258.9599609375
"54526",1,2490.84204101562,0
"73278",1,935.327575683594,0
"66370",1,1637.19787597656,0
"27381",1,61.9386405944824,0
"2550",1,552.367492675781,0
"8964",1,830.62109375,0
"34237",1,1006.32507324219,0
"66832",1,1652.99279785156,0
"5751",4,4286.00988769531,25.4573974609375
"7282",1,372.410491943359,0
"4495",1,949.743774414062,0
"17787",1,794.603637695312,0
"73289",1,1.90063726902008,0
"73290",1,293.224456787109,0
"2829",1,222.169708251953,0
"17362",1,125.279823303223,0
"5696",1,526.204711914062,0
"15959",2,2233.2294921875,622.87353515625
"3766",38,32870.1502075195,130.415283203125
"7695",1,772.982299804688,0
"73297",1,37.560604095459,0
"51992",1,766.214416503906,0
"73299",1,39.1644020080566,0
"33202",2,2432.37140655518,2291.68572235107
"73301",1,74.1651763916016,0
"32149",3,6911.2392578125,17.809326171875
"40458",2,5374.36108398438,12.996826171875
"3329",1,67.667106628418,0
"2293",2,1296.44909667969,140.75732421875
"36068",1,822.84814453125,0
"73307",1,0.21813178062439,0
"56797",1,2714.55224609375,0
"60531",3,6895.17639160156,1875.94665527344
"37846",1,2415.26953125,0
"48374",1,1251.01391601562,0
"39373",4,10629.5107421875,27.01025390625
"19208",1,1630.33129882812,0
"1925",2,1232.42456054688,90.4271240234375
"11189",1,755.62353515625,0
"56570",1,427.486114501953,0
"6637",3,3309.70971679688,0
"23420",1,322.998077392578,0
"19686",142,232677.765625,252.38720703125
"35059",1,2445.59497070312,0
"34244",2,2995.01525878906,1797.00915527344
"73322",1,0.464008122682571,0
"31197",1,631.601989746094,0
"18633",1,915.735717773438,0
"65044",1,78.3796463012695,0
"66358",12,27267.5810546875,53.96142578125
"53744",1,2554.23706054688,0
"50074",1,1181.54345703125,0
"61369",4,8782.25563049316,2652.80882263184
"73330",1,132.516052246094,0
"22214",1,1486.93859863281,0
"50070",1,424.143798828125,0
"17948",1,177.351821899414,0
"2343",3,1473.28659820557,669.968772888184
"6526",1,915.686340332031,0
"5289",17,16762.8741455078,102.987915039062
"2468",1,103.715927124023,0
"21262",4,6863.94763183594,304.666137695312
"32786",5,11601.3032226562,17.629638671875
"49715",5,12992.0863037109,1935.89099121094
"73341",1,384.2919921875,0
"52968",1,184.506820678711,0
"2100",1,235.758087158203,0
"54041",1,584.661560058594,0
"22662",1,984.366516113281,0
"1288",1,162.830001831055,0
"34815",1,2429.25463867188,0
"41401",3,8169.55126953125,12.3798828125
"35251",1,269.015441894531,0
"45280",3,7652.32861328125,938.54345703125
"7865",4,4130.26373291016,484.556091308594
"63210",1,774.852416992188,0
"65270",1,1653.78564453125,0
"66820",1,1409.03735351562,0
"1554",1,526.923095703125,0
"2769",1,460.208709716797,0
"1264",1,581.535705566406,0
"48170",2,5118.31640625,838.892578125
"23931",4,7747.35168457031,20.9698486328125
"14536",1,86.886100769043,0
"20890",1,831.971496582031,0
"54841",2,5717.59106445312,430.356201171875
"41553",1,1065.26037597656,0
"2448",1,103.715927124023,0
"65420",1,359.720977783203,0
"45135",1,86.197639465332,0
"30197",1,2200.17797851562,0
"12896",1,1293.39306640625,0
"47502",2,3923.69317626953,1976.59735107422
"42879",1,611.352905273438,0
"19624",2,2129.13626098633,1175.28317260742
"48568",1,1731.39538574219,0
"46666",1,1697.36022949219,0
"6737",1,518.521179199219,0
"19639",1,749.4560546875,0
"3386",1,355.252288818359,0
"47334",1,2206.8583984375,0
"56987",1,91.3925704956055,0
"430",1,447.460418701172,0
"32173",382,826140.326660156,285.274536132812
"34270",16,38617.7299804688,66.482421875
"1336",6,3551.00970458984,26.6806640625
"4876",1,420.520690917969,0
"54858",3,6664.36352539062,2548.66723632812
"16585",1,123.413009643555,0
"32285",1,2309.68286132812,0
"51620",1,1621.59802246094,0
"4377",1,712.307800292969,0
"66732",17,32686.1602478027,1747.28005981445
"2551",1,575.3828125,0
"15051",1,942.029724121094,0
"66345",1,68.2165832519531,0
"1727",1,218.270523071289,0
"2259",1,235.758087158203,0
"73395",1,11.7446746826172,0
"57172",1,2099.361328125,0
"4493",7,6648.20642089844,0
"73398",1,7.60476541519165,0
"46914",1,909.723022460938,0
"5697",1,610.3974609375,0
"57157",1,760.63818359375,0
"13296",1,742.060485839844,0
"1502",1,228.544952392578,0
"7084",1,1094.6611328125,0
"5367",1,657.194519042969,0
"47759",1,739.398010253906,0
"52163",1,184.02815246582,0
"3931",1,896.162170410156,0
"64764",7,16333.9362182617,2231.80206298828
"47151",8,23491.8386230469,23.662109375
"55067",1,2396.63256835938,0
"73412",1,0.312570840120316,0
"2285",1,696.378356933594,0
"24484",2,2833.88842773438,1008.3330078125
"73415",1,420.212585449219,0
"51813",1,2206.69750976562,0
"3771",1,897.937927246094,0
"31585",1,2273.88598632812,0
"25659",2,3352.21240234375,614.90283203125
"32688",3,6981.9375,0
"1926",1,570.998779296875,0
"21161",1,107.529205322266,0
"73423",1,19.9818801879883,0
"46917",1,234.767227172852,0
"5547",1,852.299133300781,0
"5641",1,641.9697265625,0
"42295",1,468.447631835938,0
"73428",1,18.9793395996094,0
"6109",1,722.170776367188,0
"73430",1,270.638824462891,0
"16094",1,1519.20373535156,0
"57001",7,19654.2041015625,1716.23461914062
"73433",1,286.540252685547,0
"3934",1,157.059356689453,0
"48134",2,3536.46820068359,2407.17584228516
"42456",3,6309.51257324219,1992.47766113281
"12893",1,233.911514282227,0
"2337",3,1615.6284942627,484.761764526367
"58777",1,418.810272216797,0
"73440",1,6.94508218765259,0
"44",1,62.3146095275879,0
"5545",4,3845.22882080078,364.408874511719
"61051",1,1272.42163085938,0
"6145",2,2155.73364257812,0
"73445",1,753.513122558594,0
"49271",1,2256.880859375,0
"43723",6,13984.0178833008,2491.99041748047
"39830",2,3614.37060546875,1693.7841796875
"8672",2,1396.48489379883,987.193328857422
"6589",1,88.2589263916016,0
"54821",2,4795.39892578125,1352.54833984375
"49487",1,1416.86999511719,0
"65073",1,940.5556640625,0
"33395",3,5723.33154296875,1278.33862304688
"56200",2,4249.91027832031,1863.40759277344
"3020",1,24.5905380249023,0
"11856",12,14717.0892333984,743.282836914062
"62962",4,9559.3359375,1556.1708984375
"7696",1,669.148864746094,0
"54243",1,676.876220703125,0
"65345",7,16590.9783935547,1453.48840332031
"73462",1,0.291815668344498,0
"4286",1,949.743774414062,0
"39045",27,70801.8249511719,83.441162109375
"66828",1,1857.29528808594,0
"35880",3,7417.16284179688,15.9619140625
"42160",1,165.334457397461,0
"57179",1,2038.51037597656,0
"60821",7,17785.089630127,2599.06344604492
"73470",1,588.323425292969,0
"21701",3,4135.9475402832,1306.08871459961
"73472",1,0.244559496641159,0
"54808",1,1106.63049316406,0
"20892",1,1026.68823242188,0
"73475",1,0.0474357791244984,0
"34676",1,2429.25463867188,0
"51862",2,4170.48474121094,1963.78723144531
"49318",1,2437.43139648438,0
"18650",1,729.548278808594,0
"34386",8,17718.3431396484,1633.05480957031
"5012",4,3944.88446044922,60.0744018554688
"7835",1,1084.48266601562,0
"50695",11,32087.3123779297,1356.35729980469
"28937",18,38496.5876464844,77.13330078125
"45386",1,2384.80126953125,0
"33346",1,259.823150634766,0
"17937",1,306.334991455078,0
"50098",2,6068.28466796875,0
"56949",1,1766.92297363281,0
"61837",28,79682.2993164062,30.181884765625
"52779",1,676.274230957031,0
"73492",1,16.1461067199707,0
"66416",1,313.233337402344,0
"56377",2,4581.80163574219,1525.14270019531
"226",1,164.005249023438,0
"2043",1,55.0360260009766,0
"20312",1,437.002471923828,0
"49467",1,2019.79345703125,0
"65492",1,715.297546386719,0
"73500",1,102.013038635254,0
"3201",5,3401.66905212402,539.361038208008
"5643",1,526.204711914062,0
"8673",1,1019.82116699219,0
"36066",1,149.608749389648,0
"5805",2,1841.71649169922,263.102355957031
"40609",1,2316.56396484375,0
"25664",1,1162.35595703125,0
"20303",32,55313.5782470703,571.487670898438
"8",1,57.7193069458008,0
"53742",2,6154.56005859375,0.22802734375
"609",1,165.401351928711,0
"55423",8,22074.7468261719,2487.86474609375
"51702",1,1623.04650878906,0
"34519",4,9650.72045898438,33.242431640625
"54724",111,336795.575805664,1965.97546386719
"52772",1,92.2192077636719,0
"46916",1,322.804931640625,0
"73518",1,275.498413085938,0
"48946",1,2068.35522460938,0
"3875",4,3519.91656494141,71.8350830078125
"2089",1,121.451141357422,0
"73522",1,506.370788574219,0
"17832",1,1386.56884765625,0
"32657",1,512.008728027344,0
"50531",10,28314.7389526367,2038.51031494141
"6525",1,1103.23657226562,0
"49871",2,3534.05700683594,2505.61486816406
"58298",4,11682.7956542969,325.341796875
"58927",3,6955.43334960938,2000.06030273438
"16462",1,123.413009643555,0
"11883",1,743.282836914062,0
"35015",1,73.3678512573242,0
"27085",2,3778.25695800781,350.985717773438
"1261",2,1163.07141113281,0
"49695",1,2782.84350585938,0
"29796",6,12992.5849609375,38.230712890625
"17821",1,1338.20007324219,0
"53495",1,246.173278808594,0
"12955",1,536.620544433594,0
"4254",7,6436.55822753906,263.223693847656
"44565",1,796.24072265625,0
"61881",1,313.915557861328,0
"49025",203,615397.446533203,83.747314453125
"16424",1,478.225402832031,0
"41523",2,3168.46691894531,2130.52087402344
"49134",1,240.733947753906,0
"52470",1,2303.2578125,0
"73548",1,197.828369140625,0
"49637",1,513.372131347656,0
"32782",2,4636.99536132812,17.629638671875
"1553",5,3109.51397705078,38.0908203125
"48919",1,749.404052734375,0
"73553",1,6.27988243103027,0
"54318",4,10582.2131347656,1723.25854492188
"11790",1,769.828674316406,0
"5200",1,61.611988067627,0
"6053",1,657.498779296875,0
"50861",1,1705.99462890625,0
"51445",1,2720.42651367188,0
"5014",1,60.0743827819824,0
"1329",1,437.915771484375,0
"12946",2,2751.90014648438,0
"73563",1,125.9306640625,0
"38617",1,731.543334960938,0
"37229",1,76.1891021728516,0
"17939",25,42191.6802368164,808.656799316406
"73567",1,0.247770816087723,0
"42933",3,8336.41967773438,22.8828125
"24491",1,58.2624092102051,0
"48564",1,1731.39538574219,0
"36897",2,3231.2890625,1817.60009765625
"2749",2,1020.34548950195,514.008636474609
"41113",1,299.096282958984,0
"73574",1,1.70337355136871,0
"10671",1,76.692138671875,0
"45085",4,8903.79876708984,2299.62847900391
"54221",5,13165.3542480469,2215.23120117188
"73578",1,14.131778717041,0
"45582",1,172.960159301758,0
"32122",1,2309.68286132812,0
"54794",1,1536.98681640625,0
"14529",4,5458.3974609375,429.2880859375
"55469",6,16630.0294189453,1780.98962402344
"6963",1,430.262268066406,0
"66782",1,1498.46630859375,0
"1495",1,368.211334228516,0
"4249",1,132.964126586914,0
"31030",5,11241.9265136719,18.34033203125
"6560",1,551.618286132812,0
"73590",1,113.932670593262,0
"37240",1,838.080139160156,0
"35882",1,2477.70825195312,0
"73593",1,91.3088912963867,0
"37554",1,205.554840087891,0
"34205",2,4775.12475585938,16.899658203125
"27939",56,117976.607910156,853.499755859375
"45891",1,86.7560119628906,0
"13295",1,154.012557983398,0
"3680",3,2271.78295898438,422.030822753906
"42325",1,1909.45776367188,0
"5143",17,17694.6111450195,246.837829589844
"1730",1,218.270523071289,0
"31142",1,1511.33337402344,0
"10049",1,1253.501953125,0
"55750",5,14378.7390136719,952.38427734375
"52483",1,184.260620117188,0
"21454",23,40889.2274169922,44.1436767578125
"4499",1,636.328308105469,0
"7537",13,14937.53515625,686.458862304688
"35437",2,3746.01477050781,1209.40173339844
"51438",2,3487.31433105469,2142.38439941406
"7269",1,756.106140136719,0
"3770",1,897.937927246094,0
"38931",1,2547.86328125,0
"1726",1,238.113296508789,0
"62960",7,17643.5841064453,1562.51916503906
"5239",3,3018.98742675781,61.6119384765625
"73618",1,75.2016677856445,0
"54399",5,12398.8926086426,2892.60446166992
"31013",1,492.223846435547,0
"38797",2,3493.46185302734,1759.86431884766
"16452",1,123.413009643555,0
"36067",1,74.8043746948242,0
"5694",3,3041.46325683594,115.765014648438
"47308",13,37397.2639160156,492.33349609375
"65688",1,1262.22229003906,0
"24200",3,5763.33190917969,0.0001220703125
"4695",2,1976.77124023438,25.708251953125
"2284",1,614.887329101562,0
"54439",1,676.725708007812,0
"48709",1,89.7450561523438,0
"284",1,420.526275634766,0
"34027",1,143.760726928711,0
"45830",2,4511.31286621094,1272.42150878906
"9945",5,6266.40063476562,99.910400390625
"21324",2,2741.99481201172,842.312072753906
"2816",7,5554.24279785156,0
"35039",1,1369.533203125,0
"3768",1,897.937927246094,0
"57521",1,515.80419921875,0
"73641",1,29.927059173584,0
"32996",1,1500.64733886719,0
"5788",1,873.499755859375,0
"32944",2,3118.53277587891,1570.99017333984
"20467",1,1206.12670898438,0
"16426",3,3671.53692626953,863.891052246094
"17788",1,1414.39453125,0
"55367",20,61092.6259765625,343.537353515625
"21001",4,7124.61108398438,22.0013427734375
"56615",3,8387.66186523438,762.5146484375
"66097",5,10942.5302734375,1070.9599609375
"59741",1,973.547912597656,0
"73653",1,422.767150878906,0
"16463",1,262.252655029297,0
"49881",1,423.476165771484,0
"2347",1,140.757339477539,0
"11602",2,2444.26928710938,161.3291015625
"56031",1,2817.36376953125,0
"42324",1,1771.09130859375,0
"17952",1,96.7373580932617,0
"39258",2,2441.34303283691,2282.91477966309
"73662",1,395.974700927734,0
"44185",1,85.0032653808594,0
"48738",4,11972.1220703125,6.1142578125
"73665",1,82.9209594726562,0
"33348",1,779.469360351562,0
"3445",2,1307.74215698242,488.133697509766
"6987",1,496.547302246094,0
"73669",1,21.7450733184814,0
"22230",5,9053.34338378906,168.426879882812
"73671",1,136.723403930664,0
"73672",1,560.18896484375,0
"49088",1,1081.26257324219,0
"1150",1,191.906784057617,0
"5774",5,4702.564453125,520.08984375
"73676",1,450.429809570312,0
"73677",1,37.9896583557129,0
"55439",1,675.221069335938,0
"61240",1,1671.94812011719,0
"73680",1,377.723968505859,0
"2742",1,237.824890136719,0
"32470",1,1085.55090332031,0
"73683",1,21.6518516540527,0
"56896",5,12947.2805175781,2284.81420898438
"59856",1,413.020324707031,0
"7700",4,3493.61169433594,586.275268554688
"66379",1,1195.53234863281,0
"38560",8,19812.3520507812,1177.38427734375
"39133",17,44800.5302734375,82.2353515625
"8868",1,1203.79870605469,0
"44600",2,4290.51293945312,1436.73510742188
"73692",1,211.948928833008,0
"53501",2,3169.71591186523,2800.42861938477
"22964",1,56.3614959716797,0
"6465",1,355.696044921875,0
"39443",8,19395.0632324219,1624.29370117188
"73697",1,171.993576049805,0
"1486",1,304.108184814453,0
"1126",3,1744.60711669922,0
"8843",1,36.1139602661133,0
"9242",1,208.879028320312,0
"47034",1,2758.51489257812,0
"2741",1,61.3741645812988,0
"36823",4,10128.1625976562,15.192138671875
"22663",1,928.647644042969,0
"8457",107,140231.578308105,469.337585449219
"38609",1,1384.70703125,0
"65726",1,777.80810546875,0
"73709",1,0.214308708906174,0
"14050",19,26408.4083251953,72.490234375
"73711",1,18.2571754455566,0
"953",3,1620.03753662109,44.3845825195312
"3216",1,186.084533691406,0
"7650",1,646.074768066406,0
"60406",1,1053.53393554688,0
"19220",4,6700.32604980469,22.6895751953125
"21596",1,108.840728759766,0
"27501",1,1167.3115234375,0
"32263",12,25164.9473876953,2003.95690917969
"2093",1,714.41845703125,0
"38796",2,2978.42645263672,2246.88311767578
"65043",3,7148.24548339844,759.359497070312
"52380",1,2395.38818359375,0
"31389",1,631.601989746094,0
"73725",1,0.301461726427078,0
"73726",1,114.318862915039,0
"36040",1,1396.34838867188,0
"30163",2,4400.35595703125,0
"25792",2,3346.78356933594,661.340454101562
"46627",2,5347.1376953125,489.17578125
"73731",1,68.476692199707,0
"29794",3,6543.95361328125,0
"45411",2,4554.61730957031,1210.72106933594
"2762",1,484.012573242188,0
"10602",2,1405.05537414551,1200.54301452637
"41521",1,846.745483398438,0
"54687",38,116889.895507812,3.42041015625
"34919",5,10207.8920288086,1805.41314697266
"39904",5,12936.5336914062,479.669677734375
"51969",1,2635.77758789062,0
"60757",1,232.768920898438,0
"47328",2,5061.06225585938,823.893798828125
"27377",1,1383.29626464844,0
"32580",1,69.8193740844727,0
"33343",5,10092.2151489258,1700.66058349609
"924",1,77.6730346679688,0
"66155",1,404.449127197266,0
"50069",1,515.03173828125,0
"37866",2,4806.314453125,361.765625
"10600",1,421.806762695312,0
"44308",1,2673.09399414062,0
"47732",1,88.7277603149414,0
"17038",3,3648.77490234375,1049.21850585938
"25668",2,2484.57312011719,1482.54211425781
"65574",2,4165.00427246094,914.269165039062
"23890",1,1229.5107421875,0
"481",11,4218.86918640137,196.050796508789
"43199",1,784.374694824219,0
"46623",2,3335.02508544922,2517.94122314453
"16465",1,215.972763061523,0
"8828",3,3309.27984619141,228.721740722656
"42299",1,774.852416992188,0
"73763",1,14.8771390914917,0
"12159",27,37487.3815917969,120.810913085938
"66640",6,12467.1821289062,19.863525390625
"73766",1,2.35697674751282,0
"31028",1,2255.72143554688,0
"39778",1,212.326187133789,0
"45889",3,7343.1494140625,1376.921875
"66494",2,3935.00500488281,502.727416992188
"49855",27,80393.1645507812,1002.96264648438
"55018",1,92.1781768798828,0
"11859",22,29209.4359130859,210.204956054688
"35391",1,763.141357421875,0
"20729",1,194.716735839844,0
"4341",1,949.743774414062,0
"73777",1,308.612854003906,0
"2339",1,103.715927124023,0
"22042",1,1759.59167480469,0
"16914",1,219.239685058594,0
"49682",1,1421.67004394531,0
"23062",1,582.402160644531,0
"642",1,250.608108520508,0
"7690",9,9362.60908508301,924.984603881836
"51971",1,1869.56323242188,0
"65544",1,204.370727539062,0
"36903",1,1060.26672363281,0
"36433",7,17516.6711425781,15.5791015625
"35048",1,758.134460449219,0
"6577",6,4597.19148254395,1014.97764587402
"44592",1,85.6133346557617,0
"3777",1,897.937927246094,0
"37858",1,2209.71459960938,0
"52053",9,24972.5458374023,2479.59600830078
"15923",1,702.942687988281,0
"64248",4,9744.48205566406,965.045532226562
"44884",2,4457.4072265625,1250.1484375
"31390",1,383.47265625,0
"54240",1,769.177490234375,0
"73800",1,11.3983373641968,0
"11176",3,3533.50390625,301.102905273438
"43339",1,2185.0439453125,0
"57693",1,515.03173828125,0
"5183",8,7612.45686340332,934.105514526367
"56421",1,1620.029296875,0
"35037",1,2445.59497070312,0
"73807",1,98.5335083007812,0
"41109",1,598.192565917969,0
"56231",1,1193.25134277344,0
"13298",1,462.037658691406,0
"7121",1,349.840148925781,0
"35955",10,24902.4838867188,47.31201171875
"3410",4,3487.69580078125,0
"54051",1,184.602600097656,0
"38403",2,5196.8935546875,0
"33352",9,21013.7420654297,482.769165039062
"3709",2,1795.87591552734,6.103515625e-05
"449",1,251.409622192383,0
"39931",1,2667.48120117188,0
"6516",1,1070.13952636719,0
"66627",1,1959.41577148438,0
"15592",2,2967.54406738281,23.7012939453125
"31159",2,2485.5104675293,1989.25173950195
"1894",1,323.336639404297,0
"18233",1,49.0572700500488,0
"40480",1,296.3046875,0
"62439",1,2812.251953125,0
"383",16,10256.377746582,346.002838134766
"28467",3,6253.29077148438,39.563232421875
"59126",1,565.934814453125,0
"17953",2,2918.24365234375,306.3349609375
"59249",3,8901.45776367188,7.004150390625
"37852",1,719.441955566406,0
"5406",1,1026.86645507812,0
"47501",1,914.545043945312,0
"65417",1,2209.71459960938,0
"41066",2,3235.67797851562,2202.43627929688
"22503",1,520.042663574219,0
"54047",1,92.3149795532227,0
"65691",1,777.80810546875,0
"42772",6,15360.4715576172,853.629760742188
"52770",1,92.2192077636719,0
"59843",1,649.031982421875,0
"2686",1,383.588531494141,0
"56955",1,2284.81420898438,0
"73846",1,192.159286499023,0
"66806",1,208.998764038086,0
"33345",1,1039.29260253906,0
"19222",1,100.845237731934,0
"356",3,1311.15850830078,111.914855957031
"17950",1,225.720504760742,0
"2275",1,614.887268066406,0
"45858",50,141591.122253418,2091.12530517578
"10650",1,281.204498291016,0
"59669",1,561.942504882812,0
"6049",1,452.704071044922,0
"19196",1,1210.14282226562,0
"3662",1,475.907073974609,0
"73859",1,199.914520263672,0
"23881",1,151.999099731445,0
"21153",1,1397.87963867188,0
"5130",38,40066.1549072266,1073.60577392578
"27073",1,165.169708251953,0
"57678",1,1333.0234375,0
"44283",1,85.0032653808594,0
"51",1,80.6424331665039,0
"37649",4,10306.951171875,14.6044921875
"31383",9,19324.0211181641,812.059692382812
"66836",1,1523.65307617188,0
"73870",1,297.599151611328,0
"37245",1,203.170944213867,0
"3982",1,175.536926269531,0
"37711",5,12876.38671875,14.6044921875
"61117",1,86.7560119628906,0
"29185",5,9300.25830078125,1491.97827148438
"10195",5,5765.36950683594,576.2412109375
"47145",1,559.07080078125,0
"17531",1,127.136581420898,0
"66505",1,1156.09851074219,0
"3003",1,396.731628417969,0
"35741",2,3898.81713867188,1024.67553710938
"1555",1,457.089904785156,0
"50682",1,91.3925704956055,0
"1716",1,277.798858642578,0
"44854",1,486.816070556641,0
"44322",4,10351.1300048828,1023.73815917969
"65173",9,22164.533203125,1405.39306640625
"73888",1,0.307511359453201,0
"1330",1,407.504974365234,0
"62074",1,2663.435546875,0
"33337",1,1960.48376464844,0
"51975",1,1348.53735351562,0
"33919",1,2396.01220703125,0
"54898",9,27652.9975585938,2.96337890625
"20305",1,862.864135742188,0
"3681",1,152.649444580078,0
"73897",1,5.92782497406006,0
"38402",1,2598.44677734375,0
"7122",1,440.121490478516,0
"33897",6,13944.6369628906,261.702392578125
"51264",1,244.53271484375,0
"7532",1,1094.6611328125,0
"425",1,447.460418701172,0
"73904",1,284.369262695312,0
"1497",1,425.347564697266,0
"37860",1,1079.16284179688,0
"14542",1,767.493896484375,0
"18368",1,179.876663208008,0
"17829",1,1031.86511230469,0
"25786",1,1062.15283203125,0
"4598",1,975.531494140625,0
"32681",1,940.1318359375,0
"25665",1,1883.81823730469,0
"16459",2,2529.96667480469,462.798706054688
"6103",1,301.802703857422,0
"4166",11,10398.9039306641,125.563293457031
"4699",8,7520.19946289062,51.6529541015625
"30436",1,931.923767089844,0
"7836",250,322567.221984863,606.642639160156
"33303",1,2102.20556640625,0
"33860",6,14325.3742675781,16.899658203125
"73922",1,251.267028808594,0
"5206",1,688.00048828125,0
"5404",1,1026.86645507812,0
"60645",1,2182.20874023438,0
"73926",1,70.9684066772461,0
"1762",1,588.669006347656,0
"30399",1,1841.65893554688,0
"64016",7,18506.1716308594,539.195556640625
"35239",1,1418.44506835938,0
"61687",1,314.998657226562,0
"58863",19,53833.8552398682,2818.50633239746
"57371",1,577.307495117188,0
"4342",1,949.743774414062,0
"43052",8,21547.2580566406,602.5107421875
"61124",1,2882.66918945312,0
"64936",6,13953.4548339844,2024.01635742188
"63936",2,2800.62878417969,2474.34191894531
"73939",1,8.33747005462646,0
"6750",13,14328.3278198242,594.084289550781
"50117",12,36031.7497558594,433.1904296875
"73942",1,32.957202911377,0
"32437",2,4619.36572265625,0
"35693",23,55890.7561035156,405.24853515625
"2325",3,1933.56121826172,162.982177734375
"3923",10,9497.28271484375,51.6529541015625
"32250",1,1870.84301757812,0
"23059",36,68070.3548583984,326.384155273438
"66071",3,7287.57641601562,32.8681640625
"9476",12,14145.1158447266,74.9952392578125
"25362",9,16757.8994140625,594.241821289062
"1080",1,554.807373046875,0
"62071",1,1336.54699707031,0
"49641",2,4866.92980957031,1182.72985839844
"6047",1,64.6720123291016,0
"73956",1,210.633773803711,0
"73957",1,0.0845838785171509,0
"56973",1,761.604736328125,0
"43773",19,53009.6154785156,67.379150390625
"55649",1,1288.19714355469,0
"48754",2,4660.40563964844,1309.92346191406
"3449",1,148.227066040039,0
"48779",27,79594.0981445312,1335.9521484375
"24042",1,1287.14416503906,0
"31175",5,10745.6677246094,496.2587890625
"3800",3,2568.10247802734,125.711303710938
"12741",5,6487.21276855469,343.987548828125
"44712",1,2625.4755859375,0
"3894",1,53.8762741088867,0
"27",1,80.6424331665039,0
"11792",1,1327.29077148438,0
"37556",1,1207.634765625,0
"73973",1,6.29349088668823,0
"73974",1,65.5311279296875,0
"3001",1,309.45068359375,0
"73976",1,0.296481788158417,0
"39964",9,22738.9388427734,1106.93835449219
"16912",1,736.018981933594,0
"36359",1,2032.33728027344,0
"73980",1,202.796508789062,0
"53270",1,1107.61560058594,0
"3790",1,448.968963623047,0
"53101",1,338.362854003906,0
"2506",1,370.414031982422,0
"669",1,345.839202880859,0
"25364",6,10920.0645751953,752.92626953125
"55657",1,521.025817871094,0
"41107",1,380.667999267578,0
"73989",1,1.7853981256485,0
"2036",1,687.950317382812,0
"56035",1,673.717407226562,0
"50302",13,39555.9211425781,11.598388671875
"20872",1,247.8212890625,0
"39609",33,87839.638671875,106.40234375
"60865",22,63365.8493652344,671.9287109375
"55050",1,2642.44116210938,0
"1099",1,471.043914794922,0
"428",1,447.460418701172,0
"977",9,4858.48107910156,297.524230957031
"3663",3,2639.93756103516,53.876220703125
"55364",4,12027.1105957031,245.534912109375
"66634",2,4168.9697265625,0
"46594",1,1955.1650390625,0
"74004",1,111.566604614258,0
"74005",1,0.236202850937843,0
"5201",1,451.821258544922,0
"52948",3,9130.8076171875,91.11328125
"66880",1,304.666076660156,0
"3218",1,372.169067382812,0
"74010",1,71.064811706543,0
"11015",1,39.0839767456055,0
"10999",2,2556.40454101562,0
"62660",5,12392.8283691406,1635.68994140625
"38247",1,727.565124511719,0
"20037",3,4942.51635742188,167.410888671875
"20898",1,389.433471679688,0
"41115",6,14705.2374267578,1453.48010253906
"19043",1,878.774108886719,0
"24032",1,902.921997070312,0
"6515",7,7823.77612304688,25.280029296875
"4917",1,861.066162109375,0
"28644",1,169.897537231445,0
"58077",3,6958.32281494141,2080.08587646484
"54719",20,59840.3327636719,1443.39990234375
"17093",1,46.9799346923828,0
"36248",3,6916.10131835938,548.5654296875
"954",3,1577.57321166992,114.695709228516
"17776",1,349.625610351562,0
"33450",3,7086.08569335938,0
"48921",1,89.9284896850586,0
"74031",1,0.107786677777767,0
"31034",6,13478.9572753906,55.019775390625
"51241",1,244.277770996094,0
"3850",2,1795.87585449219,0
"31593",2,2955.13696289062,1556.30590820312
"32291",10,22424.2940673828,1022.41247558594
"32406",11,25564.8168945312,35.07861328125
"45051",36,102201.517089844,400.9072265625
"6096",1,840.736145019531,0
"66132",4,9112.0009765625,404.44921875
"3450",1,558.031311035156,0
"19614",1,51.0992736816406,0
"12331",1,756.938049316406,0
"3018",2,932.809631347656,654.116882324219
"74045",1,508.2060546875,0
"2274",1,740.828063964844,0
"56763",1,1769.03405761719,0
"636",1,85.2067565917969,0
"33196",1,1688.22827148438,0
"22051",1,1633.79663085938,0
"74051",1,413.659698486328,0
"11813",1,1327.29077148438,0
"74053",1,36.2962379455566,0
"16140",1,1260.93908691406,0
"28022",220,437442.801025391,666.305053710938
"925",1,94.317253112793,0
"8869",1,1203.79870605469,0
"74058",1,37.5387954711914,0
"41863",2,4569.65551757812,893.218505859375
"3615",1,52.3154373168945,0
"34233",1,1653.24829101562,0
"10021",1,1253.501953125,0
"3791",1,98.7731704711914,0
"65584",1,634.9091796875,0
"1352",1,85.1502914428711,0
"19224",1,705.916625976562,0
"31584",2,3275.91473388672,1271.85723876953
"52047",2,5549.23779296875,580.4775390625
"37562",1,2569.435546875,0
"74070",1,342.21435546875,0
"19580",1,187.363998413086,0
"2334",3,1594.19595336914,463.329193115234
"66080",6,12653.7122802734,1987.17687988281
"46656",6,16617.4809570312,973.8466796875
"27062",46,92001.4530029297,370.84912109375
"48197",1,89.3581314086914,0
"37226",1,431.738250732422,0
"25667",1,1843.73706054688,0
"53484",1,1107.77978515625,0
"51619",5,13115.8143310547,2118.65417480469
"66645",1,1713.6357421875,0
"1715",1,330.712921142578,0
"55443",1,2486.04125976562,0
"26080",1,1883.818359375,0
"47470",16,47558.947265625,35.019287109375
"66088",1,265.399963378906,0
"55748",1,2727.72314453125,0
"1537",4,2520.34301757812,19.04541015625
"57012",1,1279.49597167969,0
"60935",1,232.067840576172,0
"22052",1,1633.79675292969,0
"42034",1,688.8935546875,0
"30757",2,4031.14501953125,406.58740234375
"20733",1,690.359313964844,0
"32254",9,19257.7674560547,1206.32263183594
"74096",1,3.33878803253174,0
"2688",1,168.778961181641,0
"39846",6,13828.2315673828,2333.02355957031
"2804",2,1015.63298034668,523.685745239258
"74100",1,306.436004638672,0
"28842",1,1778.76232910156,0
"45676",1,1764.0390625,0
"5187",1,688.00048828125,0
"14051",25,33673.3739013672,97.31494140625
"23061",1,732.699462890625,0
"49486",1,180.877029418945,0
"18335",1,49.0572700500488,0
"22478",3,4375.4521484375,1196.43371582031
"74109",1,543.005615234375,0
"31348",2,4529.607421875,18.16455078125
"823",1,364.343078613281,0
"47336",4,10214.0023193359,1555.90979003906
"4597",1,975.531494140625,0
"7699",1,507.630187988281,0
"50463",1,1762.30712890625,0
"49635",2,5712.48388671875,337.17578125
"54037",1,1107.77978515625,0
"20409",2,3325.880859375,214.42333984375
"59797",2,3193.6036529541,2721.58042907715
"40791",43,112379.854736328,880.343505859375
"60691",1,2822.3232421875,0
"44146",6,17041.5383300781,20.335693359375
"5781",1,968.216674804688,0
"54054",1,1876.79309082031,0
"3136",1,754.109802246094,0
"20900",1,389.433471679688,0
"74127",1,167.30158996582,0
"50458",3,8867.986328125,243.076904296875
"74129",1,154.278244018555,0
"10065",1,137.885208129883,0
"13186",328,445915.295532227,337.297607421875
"2130",1,235.758087158203,0
"74133",1,851.97412109375,0
"49086",4,9220.90068054199,2757.33564758301
"385",13,7902.27416992188,319.716644287109
"54244",1,430.739379882812,0
"4483",1,607.835998535156,0
"49275",1,421.284393310547,0
"8456",22,24935.0274658203,294.699951171875
"57367",3,8867.98657226562,243.07666015625
"3016",2,811.430236816406,680.280700683594
"74142",1,2.96597218513489,0
"1873",2,873.149551391602,502.751083374023
"41692",1,218.514953613281,0
"228",1,210.263137817383,0
"7649",1,830.667541503906,0
"56985",1,91.3925704956055,0
"43333",2,4426.1142578125,1176.56201171875
"450",1,222.948165893555,0
"40565",59,163350.166992188,163.034912109375
"66063",1,2412.72680664062,0
"60755",1,1774.86303710938,0
"41065",1,299.096282958984,0
"31510",7,14525.1612548828,1336.84143066406
"74155",1,1.69689750671387,0
"74156",1,0.304641902446747,0
"48319",3,8929.03100585938,6.782470703125
"3393",1,67.667106628418,0
"7691",1,34.6111488342285,0
"32047",3,6857.63305664062,17.987548828125
"19204",1,184.882934570312,0
"45127",2,4915.5869140625,791.96875
"54119",20,61445.9702148438,9.573974609375
"10",1,339.525329589844,0
"53493",1,2892.5361328125,0
"30048",1,176.014236450195,0
"2080",1,235.758102416992,0
"59128",5,13235.1397705078,1677.56286621094
"66826",1,1857.29528808594,0
"611",1,360.875671386719,0
"2332",1,103.715927124023,0
"8391",1,719.067810058594,0
"28357",1,127.423156738281,0
"74174",1,967.495300292969,0
"3000",1,658.574462890625,0
"45122",3,8475.21020507812,76.0625
"48099",107,322588.219970703,85.240966796875
"21152",1,645.175231933594,0
"63453",8,21586.0095214844,301.797119140625
"8447",2,2133.62738037109,223.971984863281
"44888",1,2376.80810546875,0
"34385",1,337.78173828125,0
"37243",2,3591.09191894531,1457.79724121094
"74184",1,103.069633483887,0
"17879",156,264512.621582031,357.326171875
"74186",1,187.751281738281,0
"52051",24,71161.8343505859,2114.04553222656
"16915",1,125.279823303223,0
"34736",1,2429.25463867188,0
"1245",1,581.535705566406,0
"47993",1,2555.76684570312,0
"42883",1,474.336181640625,0
"11307",1,1159.49133300781,0
"53463",1,246.173278808594,0
"62874",1,1702.02978515625,0
"791",1,438.267761230469,0
"57360",3,7178.95129394531,1948.70690917969
"58957",1,179.109878540039,0
"50078",1,1090.65551757812,0
"34243",1,455.242340087891,0
"11815",1,438.005981445312,0
"61883",1,1826.41784667969,0
"54123",13,39848.1604003906,91.6171875
"3138",1,24.5905380249023,0
"74205",1,205.978561401367,0
"48926",61,177190.747070312,2661.76416015625
"56233",3,8833.74438476562,336.232421875
"62263",6,16968.7600097656,31.465087890625
"2552",1,429.619140625,0
"30074",8,17163.3923339844,57.5986328125
"12534",2,2727.62512207031,24.2750244140625
"947",4,1864.15280151367,294.047912597656
"40487",2,5091.05322265625,296.3046875
"18215",12,18614.207824707,755.182312011719
"36677",4,9329.19592285156,691.458374023438
"386",15,9515.42199707031,372.224151611328
"66626",1,1104.77697753906,0
"66686",1,1963.67614746094,0
"1492",1,247.590377807617,0
"74220",1,239.451553344727,0
"32125",3,6893.42993164062,17.809326171875
"9995",4,4525.14208984375,488.86572265625
"66043",1,1214.62731933594,0
"26335",15,30060.1403808594,40.850830078125
"3914",1,849.96826171875,0
"24935",1,1531.05920410156,0
"3217",1,279.126800537109,0
"28773",1,171.446975708008,0
"61113",1,1127.82824707031,0
"509",24,13304.1774597168,464.078308105469
"18337",2,3090.60815429688,179.876708984375
"12341",1,229.784759521484,0
"32762",5,11636.5625,0
"74234",1,38.622386932373,0
"29770",4,8706.24096679688,19.030517578125
"65067",2,4377.14184570312,876.184326171875
"17770",2,2876.46520996094,301.949340820312
"9518",1,540.628112792969,0
"24439",55,110987.116455078,258.929321289062
"20468",1,1608.16906738281,0
"74241",1,0.200406193733215,0
"56516",7,18675.6087341309,2723.73696899414
"16467",1,1110.71704101562,0
"59127",1,744.651123046875,0
"62876",4,8871.94244384766,2282.11151123047
"48175",1,238.288360595703,0
"1927",1,557.23974609375,0
"12402",1,1243.541015625,0
"25656",1,1428.16149902344,0
"57166",1,1947.23376464844,0
"74251",1,4.1990909576416,0
"74252",1,265.114288330078,0
"27518",1,917.17333984375,0
"12891",1,385.266021728516,0
"20834",25,43677.248046875,765.46533203125
"26952",1,578.093933105469,0
"61052",5,12379.6506958008,1986.19036865234
"33572",1,2379.11254882812,0
"19490",1,1515.94506835938,0
"63823",1,1957.72119140625,0
"74261",1,39.8494110107422,0
"74262",1,0.0581535696983337,0
"57101",3,8792.97729492188,334.680908203125
"11242",2,1849.97491455078,547.175720214844
"10057",3,3686.00085449219,49.7032470703125
"19577",1,1515.94506835938,0
"30640",2,2481.45637512207,1993.30583190918
"40313",27,72484.7893066406,92.39404296875
"25367",2,2320.7624206543,1646.3528137207
"1082",1,554.807373046875,0
"74271",1,0.264047086238861,0
"51513",4,11553.2927246094,670.15625
"74273",1,53.2002487182617,0
"38029",3,7737.515625,14.6044921875
"27075",3,5203.46594238281,888.407348632812
"34383",1,144.763610839844,0
"5364",1,513.433227539062,0
"16412",1,1260.93920898438,0
"74279",1,16.2498340606689,0
"15416",6,8739.73120117188,44.15771484375
"5698",1,442.011962890625,0
"36076",1,2019.71813964844,0
"57688",1,1514.79931640625,0
"74284",1,101.889442443848,0
"56224",1,1346.23229980469,0
"66095",2,4576.58154296875,281.927734375
"24208",2,3842.22119140625,0
"794",1,232.334716796875,0
"74289",1,2.33605146408081,0
"65585",1,431.738250732422,0
"286",1,420.526275634766,0
"66145",8,18964.564453125,17.083984375
"22946",1,464.323822021484,0
"7128",1,90.2813262939453,0
"36064",1,149.608749389648,0
"1121",1,482.674652099609,0
"35884",12,29475.404296875,48.45361328125
"2231",1,57.1534767150879,0
"35047",1,1076.06176757812,0
"29177",1,1146.01220703125,0
"21332",1,53.7646026611328,0
"3772",1,897.937927246094,0
"35267",1,2461.74633789062,0
"5136",3,2693.33489990234,310.384338378906
"65983",4,9684.09838867188,162.886962890625
"13523",1,112.009132385254,0
"59277",2,5758.33056640625,171.30517578125
"74308",1,0.300917416810989,0
"35386",1,196.939712524414,0
"48947",1,509.594757080078,0
"16471",1,1450.10278320312,0
"5642",1,526.204711914062,0
"9359",2,1966.14807128906,540.855834960938
"46177",1,87.2883453369141,0
"74315",1,145.60417175293,0
"46795",1,175.588989257812,0
"35100",26,64434.6166992188,232.96240234375
"24780",1,815.673706054688,0
"2740",1,337.557922363281,0
"1490",1,209.499542236328,0
"22810",2,3714.59057617188,0
"33347",1,401.544860839844,0
"50681",1,1612.55297851562,0
"48918",2,5006.01904296875,989.21337890625
"66614",1,2104.1845703125,0
"64905",9,21428.7404632568,2457.34815979004
"52472",1,522.071716308594,0
"66883",1,442.538024902344,0
"58138",2,3943.70562744141,2074.64300537109
"46663",1,1053.53393554688,0
"22600",1,575.761535644531,0
"17772",7,9662.50921630859,1041.55938720703
"50689",2,4325.91491699219,1766.92297363281
"1152",2,817.569213867188,398.863525390625
"66252",2,4142.6162109375,512.0087890625
"29455",1,367.588836669922,0
"34033",2,4193.021484375,599.0029296875
"18803",1,464.258026123047,0
"49491",1,422.046417236328,0
"4570",1,517.031677246094,0
"1085",1,554.807373046875,0
"25660",1,555.396118164062,0
"19480",1,1328.5810546875,0
"54010",1,430.803253173828,0
"47693",2,4111.05297851562,1804.13110351562
"17505",2,3051.27795410156,127.136596679688
"46758",7,20418.1145019531,16.87158203125
"52946",1,430.515930175781,0
"6620",1,242.712051391602,0
"24334",4,6729.00933837891,1059.97454833984
"9520",2,2211.66046142578,172.018005371094
"17938",2,1860.96281433105,1409.52180480957
"35944",1,1313.18542480469,0
"38824",2,5239.31787109375,14.00830078125
"19876",3,3548.87181091309,1493.38990783691
"8872",51,63897.7945556641,123.492065429688
"85",1,393.557586669922,0
"14001",2,1998.26354980469,801.964721679688
"36510",1,2509.05834960938,0
"49847",3,6473.13586425781,2601.35363769531
"74361",1,213.827896118164,0
"4172",1,868.445861816406,0
"74363",1,58.7996673583984,0
"2129",1,100.018585205078,0
"33322",3,6424.71765136719,661.368041992188
"61493",2,4080.02160644531,1666.48767089844
"5002",1,190.235549926758,0
"65590",1,2057.10571289062,0
"39114",1,2337.73022460938,0
"74370",1,11.551420211792,0
"3900",1,475.907104492188,0
"57777",1,2934.0849609375,0
"58300",4,10593.6019287109,1408.64465332031
"74374",1,15.1231184005737,0
"1872",1,112.442390441895,0
"5013",5,4437.87493896484,696.457336425781
"31335",12,27212.7358398438,72.3017578125
"47146",6,15940.3432617188,1706.63720703125
"22671",1,872.928833007812,0
"49484",1,241.169372558594,0
"60160",9,25039.1104736328,1585.56042480469
"7321",1,214.418167114258,0
"51117",6,16315.2014160156,1950.80883789062
"40444",1,592.609375,0
"57676",3,8846.42797851562,242.367919921875
"38616",2,3997.36181640625,1227.94775390625
"74387",1,74.7944641113281,0
"35710",5,11980.8607177734,486.535522460938
"31540",1,818.598937988281,0
"66267",1,2001.48876953125,0
"9443",1,1228.7001953125,0
"74392",1,31.4529991149902,0
"1713",1,92.5996170043945,0
"74394",1,0.756866216659546,0
"50692",4,10753.6324462891,1435.45690917969
"59447",2,5514.56127929688,237.185302734375
"5186",1,513.433227539062,0
"74398",1,159.276992797852,0
"35926",1,1585.73327636719,0
"44033",1,878.367065429688,0
"6962",2,1930.66400146484,275.809143066406
"24033",1,326.588806152344,0
"2037",1,687.950317382812,0
"46643",1,2282.65673828125,0
"30440",2,3261.7333984375,1042.8671875
"12900",1,261.430511474609,0
"1354",1,200.711395263672,0
"28355",1,594.641357421875,0
"65657",2,2615.37005615234,2463.90338134766
"2903",3,2327.8173828125,26.2861938476562
"22674",1,1801.57641601562,0
"52328",2,4268.70422363281,1873.31628417969
"8237",4,2425.4991607666,1157.97221374512
"3669",1,71.8350372314453,0
"41520",2,3031.89508056641,2430.97894287109
"13293",1,266.021697998047,0
"27070",2,3716.93872070312,372.252197265625
"1255",4,2326.14282226562,0
"34231",5,11470.9722900391,390.422485351562
"22948",1,1857.29528808594,0
"31172",2,3383.58215332031,1127.86071777344
"56009",1,581.846862792969,0
"64139",2,3151.60437011719,2235.75354003906
"17495",3,3432.68768310547,1287.25787353516
"74425",1,31.4169845581055,0
"62255",8,22409.5942382812,246.599853515625
"6202",1,1077.86682128906,0
"40454",1,2693.67895507812,0
"74429",1,309.646026611328,0
"3328",1,25.3751640319824,0
"29784",5,10830.2976074219,38.230712890625
"74432",1,102.377151489258,0
"32123",2,4619.36572265625,0
"40992",1,2706.47094726562,0
"32574",3,6347.04077148438,564.198486328125
"51628",1,1713.38659667969,0
"16069",6,8543.14196777344,501.337280273438
"16904",1,92.5597534179688,0
"74439",1,3.65349078178406,0
"43198",1,1708.81628417969,0
"74441",1,8.05477809906006,0
"18805",1,132.645141601562,0
"54441",1,676.725708007812,0
"74444",1,0.295759201049805,0
"56977",1,1523.20947265625,0
"34372",1,1737.16333007812,0
"45581",2,4083.97570800781,1662.53356933594
"37465",1,2554.63403320312,0
"22812",1,1857.29528808594,0
"3856",1,897.93798828125,0
"37230",1,1066.6474609375,0
"88",1,326.652801513672,0
"53858",1,584.661560058594,0
"25236",2,3331.55126953125,594.24169921875
"15586",1,1495.62268066406,0
"825",1,438.267761230469,0
"48563",1,89.5549392700195,0
"6041",59,68484.6253662109,506.529418945312
"49332",1,844.092834472656,0
"12339",4,4130.55656433105,1178.60652160645
"17773",1,524.438415527344,0
"64839",2,4990.48999023438,290.451904296875
"11172",1,1302.79919433594,0
"17801",3,4672.26940917969,95.3524169921875
"74465",1,41.9163475036621,0
"7328",2,1941.04858398438,315.984619140625
"56961",1,426.498657226562,0
"21260",1,250.901489257812,0
"644",5,2503.08242797852,137.084808349609
"46618",1,1692.53088378906,0
"18334",3,3581.18063354492,1324.54629516602
"36395",1,777.80810546875,0
"56613",1,1099.25,0
"5785",1,463.060150146484,0
"38408",5,12905.3979492188,29.01123046875
"74476",1,210.67414855957,0
"33201",1,1617.88537597656,0
"32261",2,4198.15551757812,456.469482421875
"51983",3,7143.39672851562,2055.73291015625
"14030",1,1153.57385253906,0
"351",1,362.442932128906,0
"54204",1,246.136795043945,0
"56795",2,3998.99041748047,2107.95391845703
"47731",110,317481.09375,2122.01953125
"45387",1,316.057983398438,0
"56771",1,1769.0341796875,0
"10659",4,4701.85009765625,446.403686523438
"74488",1,0.255463391542435,0
"74489",1,160.071594238281,0
"3793",1,71.8350372314453,0
"51877",5,14959.8251953125,334.62841796875
"20464",1,541.883056640625,0
"46320",2,4538.99401855469,1280.22912597656
"44891",1,486.816101074219,0
"7222",2,2231.75317382812,25.280029296875
"46",1,120.963653564453,0
"74497",1,71.3523025512695,0
"2998",1,595.097412109375,0
"41404",2,5462.8740234375,0
"74500",1,333.001312255859,0
"25370",1,495.889404296875,0
"54834",1,1536.98681640625,0
"74503",1,421.747009277344,0
"62619",1,2801.33813476562,0
"51256",1,183.20832824707,0
"45888",2,2899.86026000977,2263.64950561523
"28438",1,169.897537231445,0
"66572",2,3814.69519042969,471.479125976562
"7125",1,1128.5166015625,0
"7645",1,484.556060791016,0
"29648",2,3446.48229980469,785.274536132812
"15964",2,2947.25524902344,91.1522216796875
"74513",1,43.8906745910645,0
"13519",2,2776.06420898438,24.1640625
"40803",2,4952.841796875,460.10009765625
"30259",1,308.02490234375,0
"12345",1,1270.57446289062,0
"15626",18,25420.3499145508,1002.06719970703
"74519",1,47.4273681640625,0
"66841",1,917.86328125,0
"422",13,6381.31488037109,80.5730285644531
"5193",1,965.254455566406,0
"54434",3,7106.30383300781,2123.14196777344
"19488",1,800.555236816406,0
"64094",3,5629.45956420898,2489.95327758789
"22676",1,1504.4091796875,0
"17961",7,9490.77444076538,1540.83859634399
"74528",1,581.019775390625,0
"63743",86,239501.345214844,102.005126953125
"21313",1,250.901489257812,0
"66082",1,1133.98156738281,0
"74532",1,31.3373966217041,0
"35350",1,344.644500732422,0
"14340",1,1267.50708007812,0
"5981",11,11891.146484375,320.116455078125
"55839",1,1961.50891113281,0
"7224",1,440.121459960938,0
"25930",2,4008.1240234375,0
"2092",1,714.41845703125,0
"32112",1,641.724609375,0
"358",1,447.460418701172,0
"18399",1,310.696014404297,0
"66307",1,138.580978393555,0
"50060",1,2938.71069335938,0
"65870",1,2205.16040039062,0
"48347",1,655.293029785156,0
"48567",1,925.401000976562,0
"26758",2,4089.19091796875,0
"6052",1,722.170776367188,0
"6990",1,914.098449707031,0
"19626",3,5132.34643554688,22.419189453125
"2761",1,111.084861755371,0
"74553",1,167.750366210938,0
"48907",1,1588.73657226562,0
"61996",2,4891.193359375,796.24072265625
"5134",2,1862.30596923828,140.173645019531
"53",1,10.9966955184937,0
"74558",1,127.992973327637,0
"15420",1,88.3152847290039,0
"7326",1,564.25830078125,0
"58614",7,19975.7572021484,989.213500976562
"31536",3,4866.11602783203,1955.54193115234
"60472",2,3743.56701660156,2109.39929199219
"3897",1,296.319519042969,0
"66343",1,818.598937988281,0
"64567",41,109980.132080078,140.6669921875
"11236",28,35713.2994384766,123.492065429688
"34921",1,2445.59497070312,0
"7139",3,2031.32985687256,1038.23526763916
"74570",1,42.4729347229004,0
"74571",1,149.937545776367,0
"65503",9,22361.9953613281,821.342529296875
"1332",1,474.408782958984,0
"2084",1,157.172058105469,0
"32284",1,2171.10180664062,0
"6948",506,659049.113830566,537.3232421875
"24493",2,2660.35919189453,951.328552246094
"43332",1,168.080291748047,0
"55033",1,337.986663818359,0
"65789",7,16708.8675537109,698.174194335938
"159",1,393.557586669922,0
"50063",2,3116.0993347168,2449.58767700195
"38934",2,2850.60398864746,2430.33790588379
"74584",1,48.8090438842773,0
"74585",1,52.8466300964355,0
"65593",1,1549.17846679688,0
"64619",2,4432.30920410156,875.845581054688
"14903",1,161.911346435547,0
"7126",1,936.668823242188,0
"40440",2,2842.3028717041,2519.0613861084
"7536",3,3391.892578125,69.2222900390625
"41112",1,761.335998535156,0
"66847",7,11337.7586669922,1028.0068359375
"61614",2,3980.43737792969,1746.81066894531
"64173",26,70740.052734375,62.927490234375
"13521",5,5756.61947631836,1025.92153930664
"35243",3,5649.02777099609,1622.20831298828
"8286",2,2357.59936523438,0
"31537",1,181.910873413086,0
"65071",2,2704.62257385254,2391.10398864746
"18375",1,686.801818847656,0
"56572",1,2809.1943359375,0
"74603",1,963.377380371094,0
"58953",3,7263.89892578125,1665.13208007812
"4600",1,975.531494140625,0
"28440",5,10082.05859375,614.00927734375
"45043",5,11328.9881134033,2624.6879119873
"4170",184,204754.208618164,329.623413085938
"51626",1,91.7885665893555,0
"27807",1,229.293334960938,0
"22960",1,56.3614959716797,0
"74612",1,32.0768165588379,0
"57177",1,91.2765808105469,0
"56195",1,1009.67425537109,0
"125",20,12594.940322876,854.646591186523
"65660",1,1060.26672363281,0
"3776",1,897.937927246094,0
"39798",1,2667.48120117188,0
"22505",1,1077.23132324219,0
"56401",6,17679.1013183594,678.157958984375
"47814",9,26564.6567382812,30.2275390625
"74622",1,0.302482962608337,0
"6201",4,4311.46728515625,0
"32618",5,9413.96732330322,2274.9421005249
"53813",2,4369.89953613281,1784.88854980469
"8228",3,2632.89483642578,1028.30426025391
"25796",1,220.446823120117,0
"4568",2,1785.22259521484,165.840393066406
"3926",1,849.968200683594,0
"54727",6,16117.619140625,2304.11254882812
"74631",1,1.72540748119354,0
"35033",1,73.3678512573242,0
"52541",12,34367.643737793,2488.81085205078
"36824",1,2524.44458007812,0
"62526",1,1631.10620117188,0
"6050",1,204.794692993164,0
"3853",1,897.937866210938,0
"16596",1,555.358520507812,0
"60520",465,1381735.66333008,849.8427734375
"54452",12,36669.265625,248.28955078125
"17830",1,1483.30615234375,0
"291",1,49.220645904541,0
"63128",1,389.042755126953,0
"3453",2,1333.89990234375,461.975952148438
"1304",1,456.162292480469,0
"3708",1,897.937927246094,0
"47561",5,13944.9409179688,828.125732421875
"16460",1,215.972763061523,0
"14520",1,115.848136901855,0
"36502",2,5018.11669921875,0
"3984",1,304.879913330078,0
"54627",1,92.2534103393555,0
"5782",1,873.499816894531,0
"54203",14,42111.9504394531,953.780029296875
"3898",1,448.968963623047,0
"2683",1,705.802917480469,0
"74657",1,0.253963679075241,0
"37468",1,2554.63403320312,0
"29",1,51.3179130554199,0
"25530",2,3987.61962890625,20.50439453125
"63212",4,9966.5498046875,1079.2587890625
"3005",1,111.084854125977,0
"34763",1,1890.40466308594,0
"4240",1,769.29248046875,0
"55209",21,64432.6525878906,10.254150390625
"2272",1,740.828063964844,0
"7277",1,124.136825561523,0
"62262",3,8468.6474609375,21.190185546875
"63614",6,14391.5698852539,2069.67181396484
"49466",1,934.531311035156,0
"3380",9,7364.13977050781,143.792602539062
"25369",1,1824.873046875,0
"4371",3,2478.83129882812,370.400146484375
"2832",9,6614.21105957031,105.512939453125
"2040",1,687.950317382812,0
"45081",1,1660.90197753906,0
"48334",3,7678.01708984375,1251.01391601562
"48394",1,1582.13720703125,0
"49694",1,2934.0849609375,0
"59615",1,1804.13110351562,0
"74681",1,90.2391586303711,0
"74682",1,47.4227485656738,0
"43731",1,2427.73999023438,0
"56808",1,2802.70532226562,0
"74685",1,33.3147926330566,0
"66412",1,738.335754394531,0
"28646",312,667549.368652344,719.997192382812
"2748",1,406.603851318359,0
"24337",1,1709.78845214844,0
"2237",1,478.660369873047,0
"63050",11,29826.318359375,706.055419921875
"57159",1,760.63818359375,0
"58307",1,932.844055175781,0
"74694",1,22.1218662261963,0
"30258",1,726.058715820312,0
"3667",6,5291.21423339844,222.414001464844
"13011",38,55169.1812744141,207.991088867188
"6991",2,2132.89636230469,124.136840820312
"1884",1,667.311767578125,0
"17360",1,172.259765625,0
"66276",6,12431.2015380859,1357.24572753906
"74702",1,282.965728759766,0
"5205",1,708.537841796875,0
"54603",1,1445.30346679688,0
"3222",2,1717.76275634766,26.0851440429688
"7644",1,611.463623046875,0
"27503",1,1167.3115234375,0
"4516",1,897.488952636719,0
"52302",1,1534.59338378906,0
"2041",1,687.950317382812,0
"13522",2,1376.67493057251,1292.66808700562
"25234",2,3828.93505859375,179.18896484375
"16936",1,1268.45825195312,0
"74714",1,10.0728130340576,0
"41868",25,68267.9558105469,61.895263671875
"49856",1,332.731292724609,0
"24504",1,602.044921875,0
"12363",1,1351.67504882812,0
"3135",3,2318.07653808594,114.755859375
"34677",3,7254.70825195312,16.52783203125
"3",1,47.5335464477539,0
"52482",1,184.260620117188,0
"66749",1,1340.03540039062,0
"956",6,3284.45962524414,44.3846130371094
"17784",16,23406.8394622803,1438.86122131348
"63006",1,2473.2001953125,0
"23111",8,14594.8999023438,263.020263671875
"74728",1,787.127014160156,0
"20887",1,53.104564666748,0
"65483",1,2273.62426757812,0
"74731",1,16.8992710113525,0
"64906",40,104364.057006836,1078.41760253906
"4253",2,1396.1233215332,503.364227294922
"58075",13,39121.0349121094,195.858642578125
"3854",1,897.937927246094,0
"66260",6,13433.3576660156,442.189453125
"1101",1,180.276062011719,0
"6100",4,4042.00048828125,237.130737304688
"58289",1,1685.13757324219,0
"12335",1,446.052764892578,0
"3799",1,26.9381370544434,0
"3454",2,1333.89990234375,461.975952148438
"6624",6,6120.77532958984,338.698303222656
"7223",1,33.8554992675781,0
"40921",1,2029.85327148438,0
"9532",2,2248.52136230469,208.879028320312
"62128",6,17000.4389648438,20.763671875
"47733",1,1390.06823730469,0
"22193",2,3671.45300292969,0.0001220703125
"2976",1,618.9013671875,0
"66222",1,984.7998046875,0
"74752",1,0.202440842986107,0
"5783",1,873.499816894531,0
"48708",1,508.555328369141,0
"18947",195,362703.921264648,325.493286132812
"49861",2,3110.98031616211,2445.51773071289
"74757",1,368.381378173828,0
"56773",1,518.510009765625,0
"11260",1,104.223937988281,0
"58763",2,3404.16494750977,2387.05429077148
"4241",2,1899.48748779297,6.103515625e-05
"33181",99,222436.438598633,1811.46496582031
"74763",1,38.5446624755859,0
"57519",1,2184.58251953125,0
"50485",1,2616.59521484375,0
"3619",2,993.849617004395,802.026359558105
"60229",3,8377.84887695312,417.81494140625
"30968",4,8912.49462890625,18.514892578125
"22816",9,16629.3826904297,21.5689697265625
"20870",2,2535.61730957031,1048.68957519531
"44595",1,2368.63549804688,0
"19228",1,1579.90869140625,0
"7325",1,936.668762207031,0
"6045",22,24970.1836547852,309.169250488281
"2833",10,7407.67431640625,105.512939453125
"43621",1,1096.7783203125,0
"37052",1,355.549133300781,0
"3240",1,93.0422668457031,0
"2338",3,1330.40293121338,648.53621673584
"74780",1,0.0793463215231895,0
"65497",1,1839.33642578125,0
"35051",1,269.015441894531,0
"4347",5,4748.71887207031,0
"51437",3,8658.99755859375,525.324951171875
"34204",26,63124.9406738281,65.734130859375
"17804",1,174.812805175781,0
"12941",1,426.544525146484,0
"43167",1,2566.99584960938,0
"26085",1,280.568695068359,0
"4661",1,868.223022460938,0
"30260",2,2840.14874267578,1597.58367919922
"53133",1,338.362854003906,0
"74793",1,390.009338378906,0
"32117",16,35508.2467651367,1443.98516845703
"74795",1,375.2294921875,0
"12905",2,2669.34313964844,82.5570068359375
"53929",2,4953.78125,1199.638671875
"52148",1,2545.72290039062,0
"66397",1,699.273620605469,0
"2278",1,496.354797363281,0
"6583",1,1014.97766113281,0
"74802",1,588.800170898438,0
"38930",1,2626.6630859375,0
"1323",3,1503.6725769043,240.934539794922
"4872",4,3648.84155273438,330.409118652344
"65967",7,15005.8988037109,1923.71545410156
"65194",2,4339.40612792969,857.487426757812
"66015",7,17070.1437988281,16.34033203125
"30438",1,177.509292602539,0
"32469",1,1917.03674316406,0
"5191",12,12668.6986694336,137.982116699219
"47434",232,683225.55078125,131.947998046875
"37332",11,26504.8255615234,1277.31701660156
"14524",1,362.025421142578,0
"40445",1,2101.06958007812,0
"54631",3,7782.54614257812,1446.89965820312
"74817",1,1.85609948635101,0
"21775",1,507.923400878906,0
"55249",1,767.752563476562,0
"60029",20,55949.149017334,2442.25674438477
"30937",6,13442.4523925781,36.855224609375
"2244",5,3393.48767089844,178.604614257812
"13307",1,1400.11413574219,0
"16221",97,152691.580444336,186.142944335938
"12882",1,1114.51965332031,0
"51263",2,3480.9582824707,2625.9860534668
"24330",1,480.277648925781,0
"54049",1,1015.46478271484,0
"56044",1,1102.44665527344,0
"5544",1,688.000549316406,0
"4599",1,975.531494140625,0
"45892",1,174.050888061523,0
"7278",1,654.539672851562,0
"13303",2,1620.18125915527,1228.14930725098
"28774",1,235.739593505859,0
"41196",2,5450.494140625,12.3798828125
"38399",4,10393.5883789062,28.61474609375
"8842",1,204.645782470703,0
"4169",1,822.251892089844,0
"37863",1,77.5212020874023,0
"28427",264,511957.154907227,375.709350585938
"2044",1,55.0360260009766,0
"26859",2,4089.19091796875,0
"38921",2,2915.59603881836,2337.73013305664
"74845",1,97.2172927856445,0
"2134",4,2779.08776855469,78.5860595703125
"2544",1,552.367431640625,0
"10072",1,1253.501953125,0
"74849",1,41.6098175048828,0
"1721",1,350.555694580078,0
"74851",1,780.410278320312,0
"387",15,9515.42199707031,372.224151611328
"39366",1,2640.47094726562,0
"49087",1,240.280563354492,0
"66328",1,641.724609375,0
"37456",1,2554.63403320312,0
"57681",1,242.367889404297,0
"74858",1,48.0757865905762,0
"74859",1,0.00663872435688972,0
"32683",14,32477.8566894531,189.774169921875
"64591",1,159.244644165039,0
"1458",3,1824.64910888672,0
"74863",1,15.9973402023315,0
"452",1,303.588989257812,0
"49455",2,3255.78665161133,2411.69381713867
"32576",15,32580.3355712891,1285.66540527344
"36498",7,17516.6711425781,15.5791015625
"66377",3,6321.40307617188,500.2548828125
"58384",20,59216.8266601562,942.197265625
"21317",4,6873.70959472656,250.901489257812
"59266",3,8684.50268554688,244.5283203125
"11301",18,22029.9211120605,938.015411376953
"50685",2,4291.70043945312,1610.85180664062
"74874",1,31.2397937774658,0
"35522",4,9846.9853515625,0
"17916",1,580.424133300781,0
"42061",78,208991.179199219,157.12744140625
"74878",1,107.101715087891,0
"9990",1,701.961059570312,0
"53671",1,1200.18371582031,0
"1917",1,495.32421875,0
"11592",1,1287.47204589844,0
"35016",1,1418.44506835938,0
"3983",2,1202.81784057617,593.058013916016
"3668",1,278.360748291016,0
"48710",2,4307.76281738281,1675.24108886719
"74887",1,51.2569427490234,0
"2336",1,348.189178466797,0
"11588",1,584.007934570312,0
"12943",2,1805.73858642578,897.611511230469
"35375",1,73.8523864746094,0
"3004",1,261.842864990234,0
"3313",6,4996.57012939453,26.1542358398438
"66580",4,6740.48022460938,1816.99304199219
"44599",1,2140.33325195312,0
"8449",2,1803.56353759766,554.035827636719
"10591",1,1278.20227050781,0
"74898",1,0.125350192189217,0
"50671",1,760.63818359375,0
"19071",1,739.531677246094,0
"74901",1,0.0581535696983337,0
"2258",2,998.018707275391,483.637420654297
"3019",2,908.219093322754,678.707420349121
"42896",7,19652.1745605469,32.740478515625
"2234",1,592.967346191406,0
"61603",5,12599.5826416016,1106.96716308594
"74907",1,0.151920363306999,0
"74908",1,31.2071437835693,0
"38410",1,2598.44677734375,0
"34861",2,4858.50927734375,0
"793",1,337.94140625,0
"66818",1,1052.08129882812,0
"3381",4,2576.62506103516,675.892028808594
"43047",2,5240.5302734375,294.1298828125
"44878",2,2786.76809692383,2614.95065307617
"2446",1,740.828063964844,0
"36921",4,8456.99029541016,1701.55657958984
"49512",6,18167.8291015625,9.3125
"1881",1,460.926696777344,0
"74920",1,31.4248027801514,0
"57171",1,2190.63793945312,0
"74922",1,61.4797630310059,0
"74923",1,169.009948730469,0
"63294",1,2755.57421875,0
"74925",1,0.255463391542435,0
"48574",1,2752.18188476562,0
"1284",1,337.290710449219,0
"18244",1,98.1145401000977,0
"74929",1,186.664123535156,0
"14897",1,883.342041015625,0
"2556",3,2232.48522949219,46.0306396484375
"74932",1,49.5525245666504,0
"66444",1,1118.69055175781,0
"37783",1,2569.435546875,0
"74935",1,118.177825927734,0
"8389",1,624.763854980469,0
"30644",1,66.5659866333008,0
"34675",4,9700.49072265625,16.52783203125
"34905",1,2356.376953125,0
"64320",3,5870.69387817383,2171.35250854492
"10010",4,4377.01477050781,464.06396484375
"1496",1,425.347564697266,0
"36833",2,5033.5029296875,15.38623046875
"45193",38,109608.82421875,64.37890625
"60996",2,4569.15014648438,1214.58422851562
"52620",1,2734.61938476562,0
"38391",1,2598.44677734375,0
"74948",1,7.66934156417847,0
"61115",1,231.349380493164,0
"8839",4,3948.45974731445,866.735076904297
"3221",1,727.42138671875,0
"7170",2,1909.81103515625,397.598876953125
"42620",1,222.310134887695,0
"3986",1,535.849548339844,0
"1673",1,634.847106933594,0
"29778",2,4362.6357421875,0
"51615",2,4834.19787597656,1285.03991699219
"4515",1,975.531433105469,0
"61505",1,2863.6240234375,0
"13838",2,2758.22485351562,42.00341796875
"74961",1,525.612915039062,0
"22660",2,3194.54809570312,520.042724609375
"37854",1,359.720977783203,0
"3015",2,1047.56547546387,539.361038208008
"55807",1,521.025817871094,0
"74966",1,50.8242149353027,0
"1719",1,205.042007446289,0
"65269",1,1292.02001953125,0
"53196",12,36917.0991210938,2.05224609375
"46378",1,87.5447006225586,0
"25802",1,1883.81823730469,0
"41856",1,1070.0078125,0
"65290",2,4444.54895019531,723.531127929688
"40894",2,4128.10852050781,1259.24938964844
"3924",3,2305.99404907227,543.237213134766
"2279",1,311.147796630859,0
"2706",1,721.146423339844,0
"12940",1,261.430511474609,0
"39574",1,2362.12890625,0
"74980",1,525.737854003906,0
"66762",1,330.153686523438,0
"37460",5,12817.5747070312,14.801513671875
"53677",1,430.835174560547,0
"27379",1,1610.40466308594,0
"74985",1,12.2100067138672,0
"74986",1,874.234130859375,0
"47812",4,11859.0498046875,14.22998046875
"57837",1,514.221069335938,0
"2331",1,229.656692504883,0
"1918",3,1781.79132080078,151.349060058594
"53949",66,202768.100585938,17.775146484375
"74992",1,93.2684020996094,0
"40438",2,4530.35266113281,831.011596679688
"19226",5,8404.36828613281,179.434692382812
"40505",20,52940.2299804688,81.024169921875
"47303",2,3905.60809326172,1963.57257080078
"45539",3,6063.60287475586,2556.16104125977
"66166",8,17521.6912841797,1322.73596191406
"41108",1,1277.95690917969,0
"1893",1,343.975158691406,0
"75001",1,4.45276832580566,0
"22056",1,1780.65478515625,0
"56041",1,2051.77563476562,0
"346",1,174.509567260742,0
"29051",1,535.771789550781,0
"3013",1,459.023345947266,0
"45829",1,491.617431640625,0
"34026",10,22343.0631103516,1406.40173339844
"75009",1,0.58784806728363,0
"796",1,396.025085449219,0
"24054",1,537.911010742188,0
"49517",1,181.190155029297,0
"75013",1,37.9498558044434,0
"60880",126,358985.786132812,130.73486328125
"50454",3,6593.45916748047,2521.92218017578
"52052",4,10045.6264038086,2206.05963134766
"2235",1,714.41845703125,0
"12881",1,1375.95007324219,0
"75019",1,45.9752311706543,0
"45391",3,6521.91314697266,2059.11273193359
"40",1,113.632522583008,0
"5672",1,589.349304199219,0
"75023",1,3.22723698616028,0
"2685",1,490.993316650391,0
"49272",1,90.2752304077148,0
"61041",7,18404.4578857422,1619.44567871094
"4798",186,224151.490783691,326.051025390625
"1882",1,440.288208007812,0
"31401",1,180.457717895508,0
"65511",4,10138.8715820312,182.68408203125
"2830",2,1560.64031982422,26.2861938476562
"55233",1,92.1303100585938,0
"75033",1,17.1730289459229,0
"17356",2,2912.755859375,219.23974609375
"42621",14,37251.4498901367,2138.72296142578
"50866",3,8571.13012695312,585.873046875
"7114",1,191.84782409668,0
"75038",1,26.91481590271,0
"47791",1,237.185424804688,0
"2329",2,773.684703826904,655.152210235596
"17914",1,806.144653320312,0
"5242",1,400.477905273438,0
"58148",1,512.484924316406,0
"44282",13,33918.3771972656,2284.59936523438
"2743",2,1472.97998046875,61.3741455078125
"22216",1,348.788024902344,0
"5691",3,3208.14306640625,25.4573974609375
"59740",2,5339.76293945312,560.527587890625
"1494",1,266.635803222656,0
"51611",2,5871.50830078125,241.8095703125
"37236",1,1269.818359375,0
"75052",1,89.2313766479492,0
"66824",1,928.647644042969,0
"20879",1,1274.50952148438,0
"25784",1,60.1218566894531,0
"49307",2,4604.03662109375,1414.31201171875
"42750",1,2695.51049804688,0
"37400",34,86142.1691894531,90.560791015625
"3765",4,3669.57354736328,25.9406127929688
"24443",70,138443.500366211,277.907470703125
"53827",30,91640.2341308594,677.026611328125
"54046",2,4615.29296875,1538.126953125
"52769",2,5285.86694335938,859.344970703125
"19485",1,528.025817871094,0
"1766",2,1078.00244140625,191.691772460938
"75066",1,61.5762138366699,0
"7046",1,880.242980957031,0
"26466",101,211241.332275391,158.225341796875
"66156",1,333.075744628906,0
"20473",2,3111.45751953125,384.562255859375
"75071",1,35.994556427002,0
"75072",1,20.5229587554932,0
"40548",9,24369.5903320312,50.7548828125
"61986",1,170.623016357422,0
"6622",1,275.809143066406,0
"55631",2,5185.51049804688,952.863037109375
"26956",1,1259.41906738281,0
"19206",1,521.03369140625,0
"352",1,371.392150878906,0
"54804",1,2551.39819335938,0
"75081",1,46.0190124511719,0
"87",1,393.557586669922,0
"14008",1,85.4499130249023,0
"53745",1,1107.86193847656,0
"33896",1,1594.00549316406,0
"39966",5,12457.1372070312,506.821533203125
"3137",2,1178.71499633789,408.211517333984
"75088",1,465.067352294922,0
"46725",6,17456.5783691406,34.615966796875
"2133",1,557.246398925781,0
"33324",3,4865.77883911133,2220.30685424805
"36826",7,17701.3022460938,30.578369140625
"33553",3,4983.88027954102,2102.20541381836
"56229",1,244.769515991211,0
"49632",38,115121.258544922,31.8017578125
"15052",1,44.157642364502,0
"4815",25,25235.0178222656,76.8779907226562
"2131",1,235.758087158203,0
"75099",1,115.507690429688,0
"7771",1,357.648529052734,0
"47",1,153.953735351562,0
"48776",1,329.73779296875,0
"33344",1,1322.73596191406,0
"60224",1,557.572143554688,0
"63662",3,7429.50866699219,764.802368164062
"41424",1,682.859252929688,0
"46880",1,2692.36450195312,0
"7323",1,688.395141601562,0
"25556",3,5950.67297363281,0.0001220703125
"56802",1,854.016479492188,0
"1874",1,218.270523071289,0
"37679",3,7722.9111328125,14.6044921875
"49141",3,7944.22021484375,1083.302734375
"33537",1,70.8608551025391,0
"39779",1,159.244644165039,0
"75116",1,21.9597187042236,0
"15510",174,270915.008300781,256.588623046875
"66576",2,3833.89538574219,490.679321289062
"42328",1,2158.51733398438,0
"10590",1,1278.20227050781,0
"12320",2,2341.04699707031,313.534545898438
"10069",7,7815.68091583252,1227.01061248779
"53102",1,2060.9375,0
"5403",25,26589.4885253906,76.3701171875
"54855",1,584.054992675781,0
"35392",1,2387.89404296875,0
"36896",1,151.466674804688,0
"1674",1,634.847106933594,0
"75129",1,272.046112060547,0
"49917",1,2453.97485351562,0
"32253",1,1917.03674316406,0
"65343",1,155.042404174805,0
"75133",1,111.110061645508,0
"35324",217,527360.462158203,262.760498046875
"75135",1,0.295759201049805,0
"57201",1,243.404220581055,0
"24652",11,21570.5803222656,41.477294921875
"10009",5,5079.00576782227,928.028289794922
"49880",1,1603.15979003906,0
"43051",1,1227.69372558594,0
"66433",2,3109.95971679688,1364.80249023438
"29864",1,374.030242919922,0
"1356",1,304.108184814453,0
"34679",1,1360.38256835938,0
"75145",1,155.341262817383,0
"2907",1,793.463256835938,0
"35371",1,73.8523941040039,0
"75148",1,218.023559570312,0
"1355",3,1506.89859008789,397.642730712891
"75150",1,257.151702880859,0
"2342",3,1240.43357086182,452.738182067871
"28346",1,934.4365234375,0
"19069",1,840.376953125,0
"75154",1,415.721771240234,0
"53665",1,1631.01879882812,0
"58295",3,8769.56372070312,235.066650390625
"60209",2,4628.54553222656,1224.42077636719
"52117",8,24522.7353515625,6.8349609375
"35238",1,464.663024902344,0
"13497",1,42.0034255981445,0
"18219",1,274.089172363281,0
"44880",1,544.088562011719,0
"75163",1,38.6796875,0
"44848",1,85.6133346557617,0
"75165",1,0.306918680667877,0
"32653",17,39177.2172851562,959.451904296875
"40176",1,80.4204635620117,0
"3385",1,685.129455566406,0
"57721",8,24163.2316894531,10.212646484375
"52695",2,4026.90545654297,2121.04180908203
"20731",1,1380.71862792969,0
"43176",1,84.0401458740234,0
"63044",17,46031.1571044922,1422.81359863281
"421",1,447.460418701172,0
"30408",1,66.5659866333008,0
"1325",1,237.204391479492,0
"15389",1,853.714416503906,0
"65065",102,276761.487792969,621.70947265625
"22058",2,3212.521484375,458.931640625
"46346",1,320.057281494141,0
"59471",10,26395.0968017578,2720.40661621094
"37849",1,154.166137695312,0
"1324",1,285.861694335938,0
"6555",2,1525.68176269531,731.351440429688
"15071",8,11632.2194824219,47.756103515625
"7047",3,3153.79736328125,307.317504882812
"21783",3,4433.33831787109,1073.84161376953
"50667",1,1429.99975585938,0
"66748",1,543.782531738281,0
"90",7,2799.80862426758,58.4533081054688
"37246",1,152.378204345703,0
"976",5,2407.83251953125,100.326354980469
"47144",1,235.398239135742,0
"34235",1,71.8803634643555,0
"5135",1,690.855407714844,0
"38356",4,10379.3803710938,14.40673828125
"54809",2,4519.88134765625,1630.34619140625
"75198",1,27.4698181152344,0
"826",1,528.033447265625,0
"55247",1,859.882873535156,0
"75201",1,0.269367903470993,0
"65993",1,2429.25463867188,0
"4284",1,921.25146484375,0
"4601",1,975.531494140625,0
"61425",1,632.116027832031,0
"51448",1,2202.92553710938,0
"57843",1,1179.68359375,0
"75208",1,0.875637412071228,0
"30458",1,2218.8662109375,0
"39571",1,2362.12890625,0
"66812",1,1822.35510253906,0
"24055",19,35475.6389465332,1699.61032104492
"7772",1,576.852478027344,0
"75214",1,15.2300634384155,0
"22350",1,1835.7265625,0
"44572",4,9213.55700683594,2130.27258300781
"5231",1,256.716613769531,0
"2977",1,111.084861755371,0
"5617",1,378.867370605469,0
"56391",1,1772.86218261719,0
"28549",4,8514.24487304688,19.367919921875
"40890",1,1434.42956542969,0
"55799",2,6127.20947265625,2.505859375
"4687",1,790.180480957031,0
"13491",4,5552.12841796875,24.1640625
"53564",1,677.026672363281,0
"20472",4,6221.05163574219,659.442260742188
"66878",1,448.038360595703,0
"10071",7,8192.05661010742,976.310211181641
"66850",1,562.34375,0
"28769",1,407.186553955078,0
"75232",1,13.8729686737061,0
"40167",21,53451.4281005859,1487.98107910156
"1285",1,389.628936767578,0
"17807",1,580.424133300781,0
"56957",1,2863.6337890625,0
"4569",1,351.191345214844,0
"3241",1,93.0422668457031,0
"75239",1,2.51278710365295,0
"21136",1,584.150207519531,0
"29656",26,56011.3889160156,1099.62292480469
"26957",5,10283.0548095703,20.0260009765625
"43014",2,4715.45983886719,864.965942382812
"17774",9,12700.4284057617,1041.55938720703
"58134",1,1266.13916015625,0
"8239",1,1178.79968261719,0
"60381",28,81728.7731933594,33.7421875
"17947",1,48.3686790466309,0
"47549",1,826.040710449219,0
"5592",16,17308.2030029297,595.927978515625
"48333",2,3388.82666015625,2554.8173828125
"35032",1,1222.79748535156,0
"46142",1,174.576690673828,0
"44010",1,2663.435546875,0
"9989",1,664.356079101562,0
"4171",1,923.878540039062,0
"53669",1,184.643630981445,0
"15627",21,29722.7987365723,1399.55392456055
"75259",1,268.218963623047,0
"66217",1,2204.07568359375,0
"27086",1,640.032592773438,0
"5197",3,2957.11798095703,200.110290527344
"9437",1,1228.7001953125,0
"39905",1,1493.78942871094,0
"36830",4,10143.3547363281,15.192138671875
"424",1,447.460418701172,0
"3536",5,3653.50650024414,531.873626708984
"3437",1,584.189025878906,0
"41380",1,217.524566650391,0
"1296",1,133.807601928711,0
"64762",1,2350.01904296875,0
"31388",1,1759.46276855469,0
"36039",1,2294.00073242188,0
"75274",1,430.917541503906,0
"10616",1,281.204498291016,0
"19192",1,134.460311889648,0
"10192",1,977.731567382812,0
"5766",1,147.337326049805,0
"75279",1,114.623016357422,0
"66623",1,462.920593261719,0
"23028",294,584981.384887695,304.992065429688
"795",1,295.69873046875,0
"64106",4,10825.6779785156,25.378173828125
"32251",1,508.130218505859,0
"34399",9,21780.4658203125,33.242431640625
"4229",4,3800.35876464844,101.767333984375
"22191",4,7385.75048828125,64.7044677734375
"75288",1,110.215957641602,0
"24346",2,3554.0068359375,330.153564453125
"75290",1,21.8532752990723,0
"50272",1,3034.14233398438,0
"52466",1,2978.88012695312,0
"37865",1,206.723205566406,0
"37048",1,203.170944213867,0
"75295",1,2.35644912719727,0
"75296",1,132.656356811523,0
"29687",36,78625.544921875,517.893798828125
"20877",1,336.328887939453,0
"27087",1,123.877281188965,0
"6457",4,3999.54449462891,413.401794433594
"31147",1,1443.66162109375,0
"14896",9,12773.4486083984,115.84814453125
"287",1,420.526275634766,0
"56015",11,32377.8493652344,1356.09326171875
"59798",4,9491.80053710938,2301.11328125
"4987",1,280.347137451172,0
"31541",3,6717.1123046875,50.052001953125
"23429",1,740.99560546875,0
"49125",1,840.981994628906,0
"52046",2,4169.02661132812,1960.68872070312
"512",1,170.768798828125,0
"75312",1,353.07275390625,0
"75313",1,410.497955322266,0
"5284",1,1026.86645507812,0
"11003",2,1499.67813110352,1056.72640991211
"3144",1,614.763427734375,0
"75317",1,16.45458984375,0
"62699",1,2409.15087890625,0
"4688",1,517.031677246094,0
"13493",1,1400.11413574219,0
"29276",2,3116.11645507812,1170.05786132812
"7718",1,1153.70495605469,0
"46043",3,7173.8583984375,1546.212890625
"33164",2,4672.07397460938,17.448974609375
"53496",1,2215.5595703125,0
"24331",2,2670.34375,1171.87744140625
"75327",1,0.287325471639633,0
"75328",1,4.9928412437439,0
"59103",2,3448.60235595703,2316.73260498047
"3851",54,52598.008972168,128.928527832031
"66365",1,500.254943847656,0
"35384",1,1846.30981445312,0
"55042",1,2120.09814453125,0
"75334",1,222.905014038086,0
"20828",1,885.076049804688,0
"161",1,393.557586669922,0
"15590",3,4415.64575195312,47.52099609375
"3451",1,627.785217285156,0
"17096",1,297.539581298828,0
"18232",1,179.876663208008,0
"19209",1,235.305541992188,0
"36907",1,2524.44458007812,0
"31402",1,68.2165832519531,0
"17098",8,11851.4161376953,954.570190429688
"478",1,265.640350341797,0
"5780",15,16345.0584716797,76.107177734375
"49104",1,2162.52514648438,0
"27648",6,12447.3186035156,19.863525390625
"47553",1,2301.11328125,0
"57840",1,846.952331542969,0
"40759",13,34277.3977050781,595.423583984375
"8290",1,754.431762695312,0
"31548",1,68.2165832519531,0
"8962",14,16239.9725341797,662.914794921875
"4238",1,550.851379394531,0
"511",1,80.6408233642578,0
"66255",52,121889.174636841,2338.06950378418
"62880",6,15211.3215332031,1640.36254882812
"51439",1,1528.32946777344,0
"46423",1,2684.7041015625,0
"54036",1,676.976501464844,0
"3438",1,584.189025878906,0
"75363",1,0.223738104104996,0
"34773",2,4858.50927734375,0
"12892",7,7724.81945800781,1269.11804199219
"127",173,117435.787384033,504.380340576172
"15764",80,124420.469848633,208.83251953125
"35592",1,1157.02075195312,0
"5767",1,557.776977539062,0
"46568",2,3326.69866943359,2509.61480712891
"66310",1,389.618499755859,0
"50472",1,1853.46081542969,0
"36687",21,51923.817565918,2118.80230712891
"4230",1,56.9846267700195,0
"19210",1,50.4226188659668,0
"10669",3,3539.65313720703,344.147521972656
"66582",1,700.827331542969,0
"31570",2,3660.95642089844,886.815551757812
"51302",52,158894.125244141,356.283447265625
"65752",1,1806.52209472656,0
"8232",2,2087.89849853516,319.698913574219
"59089",1,1727.59057617188,0
"2239",1,78.5860290527344,0
"10012",2,2406.99194335938,50.408447265625
"19054",1,1293.29028320312,0
"49237",5,14986.9641113281,24.009765625
"66556",1,778.423461914062,0
"477",4,1513.20135498047,128.076599121094
"45420",1,634.187194824219,0
"40483",1,1266.02905273438,0
"2549",1,322.21435546875,0
"35376",1,73.8523864746094,0
"17785",1,270.165222167969,0
"75394",1,3.73622679710388,0
"75395",1,1043.6611328125,0
"6458",1,722.170776367188,0
"46372",3,7195.28576660156,1550.63928222656
"56780",1,427.008239746094,0
"5188",1,800.955810546875,0
"36394",1,275.996429443359,0
"75401",1,67.5156936645508,0
"28768",1,1607.3154296875,0
"75403",1,39.7679672241211,0
"34384",1,144.763610839844,0
"1710",1,165.356460571289,0
"65425",1,565.275817871094,0
"46160",2,4684.474609375,1134.74853515625
"52050",2,5027.82470703125,1101.890625
"75409",1,43.0813369750977,0
"33066",7,16360.9833984375,17.448974609375
"56953",1,1858.31555175781,0
"47499",1,2714.13354492188,0
"52224",2,3312.67092895508,2821.60104370117
"3008",2,1434.44799804688,204.921142578125
"8099",1,94.3039779663086,0
"3145",2,1573.79437255859,65.5747680664062
"21135",1,53.104564666748,0
"42748",5,12255.5278320312,1717.576171875
"17528",14,21944.4127197266,95.3524169921875
"50077",1,666.51171875,0
"1924",2,1136.11157226562,186.740112304688
"32640",1,768.013122558594,0
"75423",1,235.012985229492,0
"2794",1,547.489624023438,0
"47304",1,2707.07983398438,0
"49674",1,2506.4638671875,0
"48318",1,178.716262817383,0
"59841",3,7537.03735351562,1290.39672851562
"1761",1,661.425842285156,0
"9360",2,2420.53930664062,36.861083984375
"54234",1,2307.53247070312,0
"4918",1,1001.23974609375,0
"50087",2,4126.43347167969,1941.85119628906
"5616",1,263.102355957031,0
"38725",2,5225.3095703125,0
"1907",1,268.300628662109,0
"75437",1,0.154266253113747,0
"3537",1,26.1577186584473,0
"66853",1,1360.50903320312,0
"54697",165,500054.795410156,88.80908203125
"75441",1,51.7326049804688,0
"41437",15,40945.7600097656,37.138671875
"7171",2,1785.67425537109,521.735656738281
"65988",1,758.134460449219,0
"54447",2,3505.75738525391,2644.47015380859
"33552",1,921.191162109375,0
"43769",150,422506.390380859,215.9326171875
"46425",48,137545.372009277,2029.96173095703
"61940",1,2360.28515625,0
"27089",2,3778.25708007812,350.985595703125
"21259",1,896.076721191406,0
"24344",1,153.688842773438,0
"63697",28,76339.4860839844,730.299072265625
"31329",2,4511.44287109375,0
"34028",1,71.8803634643555,0
"75456",1,92.1815719604492,0
"27511",2,3565.45043945312,563.792236328125
"8238",1,789.795776367188,0
"66027",1,947.409301757812,0
"5591",1,789.307067871094,0
"222",1,92.5157775878906,0
"75462",1,151.409881591797,0
"75463",1,335.927642822266,0
"75464",1,40.4774208068848,0
"43727",1,1181.14587402344,0
"37869",8,20686.3315429688,29.01123046875
"34234",21,47069.2127685547,1851.98986816406
"56967",1,944.389892578125,0
"48925",11,30146.3579101562,2667.87841796875
"3616",1,191.823272705078,0
"75471",1,373.203094482422,0
"21592",1,304.666076660156,0
"1280",1,337.290710449219,0
"2240",1,121.451141357422,0
"1357",1,389.258483886719,0
"30400",1,554.716552734375,0
"48540",2,5724.95581054688,232.253173828125
"2546",2,1342.55987548828,191.794250488281
"75479",1,81.8113708496094,0
"50859",1,91.3925704956055,0
"1485",2,1015.72134399414,200.711395263672
"75482",1,564.219299316406,0
"4",1,95.0670928955078,0
"44569",1,625.617736816406,0
"9589",1,270.314056396484,0
"66032",3,7247.56689453125,89.218017578125
"28345",2,2951.9697265625,1295.46875
"8827",5,5345.69183349609,626.800842285156
"75489",1,67.8006973266602,0
"21574",1,501.802978515625,0
"34395",3,7238.18041992188,0
"2366",3,2143.19683837891,52.8777465820312
"66644",26,53495.7303466797,1621.96594238281
"65412",5,12603.3029785156,402.940185546875
"2534",4,2961.30346679688,107.40478515625
"7127",1,406.265991210938,0
"51432",1,1711.72900390625,0
"60408",1,87.7944946289062,0
"35700",1,1585.73327636719,0
"11305",1,104.223937988281,0
"57164",1,1764.68054199219,0
"20730",1,690.359313964844,0
"17805",1,757.776000976562,0
"3049",2,1432.81719970703,154.109313964844
"75505",1,23.5492553710938,0
"1530",4,1857.98925018311,538.383186340332
"29865",1,2200.17797851562,0
"26205",1,283.417175292969,0
"66381",6,13322.5283203125,266.2939453125
"28639",1,1592.78942871094,0
"2694",1,237.824890136719,0
"6749",1,33.097095489502,0
"4986",1,30.0371932983398,0
"30142",1,2200.17797851562,0
"51970",1,91.9457321166992,0
"1908",1,343.975158691406,0
"50289",1,3038.46044921875,0
"66560",2,3514.66296386719,771.511352539062
"2236",1,614.39990234375,0
"12949",2,2686.3466796875,17.00341796875
"23739",2,3799.9775390625,0
"15951",2,2871.29504394531,167.112426757812
"5283",1,1026.86645507812,0
"38304",2,2598.44683837891,2286.63323974609
"58443",1,570.666320800781,0
"75526",1,319.076385498047,0
"11213",1,1302.79919433594,0
"1883",1,399.011199951172,0
"65728",48,121268.038330078,1006.857421875
"1661",1,634.847106933594,0
"66085",1,1061.59985351562,0
"60045",2,5789.03076171875,95.92529296875
"56584",1,1526.73608398438,0
"75534",1,33.4881553649902,0
"65309",1,1731.30688476562,0
"32615",3,6091.73461914062,855.281494140625
"14518",1,477.873565673828,0
"7120",1,124.136833190918,0
"64095",2,4929.43237304688,457.925537109375
"55015",1,952.507873535156,0
"34370",1,410.163543701172,0
"19207",1,1310.98803710938,0
"14532",1,999.190124511719,0
"58292",3,7174.70129394531,1829.92907714844
"56986",1,91.3925704956055,0
"50730",5,12789.185546875,2383.26000976562
"54125",1,184.602600097656,0
"5337",2,2028.10620117188,25.626708984375
"51060",1,2196.04248046875,0
"12886",1,921.886596679688,0
"75551",1,186.764099121094,0
"75552",1,831.193786621094,0
"3243",1,279.126800537109,0
"39829",10,25488.5120849609,733.490844726562
"35042",1,342.38330078125,0
"58303",1,1504.58715820312,0
"15593",9,13223.0008544922,71.4573974609375
"17781",1,746.927429199219,0
"18234",5,8149.97631835938,71.8792724609375
"20577",5,8740.04931640625,0.0001220703125
"2317",1,325.964324951172,0
"3915",1,618.998596191406,0
"3899",1,448.968963623047,0
"1076",1,554.807373046875,0
"7834",1,1026.79736328125,0
"66831",1,1392.97155761719,0
"56002",1,857.45849609375,0
"32481",1,2327.3125,0
"62080",2,5677.1591796875,10.27490234375
"20448",5,7813.60418701172,734.164123535156
"75571",1,167.383972167969,0
"33327",1,1039.29260253906,0
"15083",5,7311.96752929688,23.8197021484375
"36387",9,21770.3874511719,933.83935546875
"7313",12,13508.0687255859,59.0438232421875
"56777",1,518.510009765625,0
"9441",1,1228.7001953125,0
"62617",1,2801.33813476562,0
"6556",2,1249.8726272583,1007.1605758667
"280",3,1261.54428100586,53.90283203125
"55276",1,337.811126708984,0
"41399",2,5475.04663085938,12.172607421875
"75583",1,53.9928588867188,0
"17358",2,1667.94242095947,1417.38277435303
"51489",9,25606.4692382812,1863.40747070312
"43734",4,10328.134765625,920.873046875
"34577",1,1133.98156738281,0
"27931",1,63.1255340576172,0
"3392",1,422.919403076172,0
"52596",13,39934.5329589844,7.977783203125
"2902",4,3173.85302734375,0
"56705",8,23648.1960449219,765.927978515625
"15903",1,658.073974609375,0
"921",1,528.033447265625,0
"5243",1,913.9111328125,0
"665",1,125.304054260254,0
"10007",3,3248.59466552734,363.783874511719
"61809",3,8445.32373046875,75.552490234375
"22218",26,47738.4312744141,1705.89477539062
"41864",6,15809.166015625,603.593994140625
"75601",1,39.3006553649902,0
"29615",1,1505.109375,0
"49285",2,5837.79809570312,180.550537109375
"5232",3,2931.57507324219,200.110229492188
"75605",1,72.295280456543,0
"28643",1,998.148071289062,0
"39932",1,2667.48120117188,0
"12951",2,1998.37158203125,704.978515625
"248",1,138.773666381836,0
"63984",1,2111.04736328125,0
"53741",2,6154.56005859375,0.22802734375
"56761",3,7296.46728515625,1863.94921875
"10599",1,281.204498291016,0
"54035",1,1784.75634765625,0
"39368",8,21150.375,40.818115234375
"28770",1,1242.99047851562,0
"44515",39,108711.270996094,796.24072265625
"2793",1,793.463256835938,0
"31539",1,181.910873413086,0
"23428",1,265.998443603516,0
"1146",2,625.662441253662,590.77029800415
"16422",1,817.611145019531,0
"49919",3,7988.60278320312,1085.88671875
"1760",3,1712.84951782227,191.691802978516
"75625",1,0.286362409591675,0
"50459",3,7674.125,1423.75830078125
"11006",3,3660.86572265625,247.531860351562
"1666",7,4390.66827392578,26.6307373046875
"11788",2,2574.94409179688,79.637451171875
"75630",1,53.1228446960449,0
"1083",3,1717.87878417969,26.7283325195312
"34935",4,9683.58862304688,49.582763671875
"3855",1,897.937866210938,0
"14534",1,839.89892578125,0
"75635",1,43.7710762023926,0
"44030",2,4250.16320800781,1416.72106933594
"445",1,447.460418701172,0
"51703",134,403864.437255859,1712.18408203125
"11795",6,7890.26989746094,24.4915771484375
"3455",1,435.961975097656,0
"45395",4,10732.7272949219,816.345458984375
"2703",3,2255.50054931641,46.0306396484375
"19194",1,285.728149414062,0
"44564",2,4027.80334472656,1639.08093261719
"75645",1,225.578552246094,0
"3661",1,251.422622680664,0
"13995",1,42.7249603271484,0
"79",1,240.070129394531,0
"59437",16,45552.9490966797,1386.23864746094
"50676",1,334.680786132812,0
"65400",1,642.35888671875,0
"30643",1,554.716552734375,0
"10018",1,764.63623046875,0
"75654",1,10.7202606201172,0
"63316",357,1026551.46191406,229.59033203125
"20827",2,2677.22943115234,907.077453613281
"75657",1,69.4770202636719,0
"1122",1,471.043914794922,0
"36905",1,2171.0224609375,0
"49469",1,1597.7470703125,0
"18776",1,414.516082763672,0
"23984",1,1287.14404296875,0
"47730",1,1804.13110351562,0
"13987",5,6474.57470703125,555.424438476562
"45647",1,173.512023925781,0
"3792",1,71.8350296020508,0
"12317",1,1121.89025878906,0
"48395",1,179.109878540039,0
"1068",1,554.807373046875,0
"24494",2,2951.96215820312,699.14892578125
"56959",1,1523.20947265625,0
"75672",1,0.897694766521454,0
"54522",2,5964.58056640625,183.36669921875
"19995",1,966.407836914062,0
"75675",1,0.50199943780899,0
"57196",1,2616.59521484375,0
"75677",1,12.3427276611328,0
"44636",11,31330.5485839844,30.181884765625
"128",1,393.557586669922,0
"33539",2,4322.51232910156,401.544799804688
"75681",1,30.9614276885986,0
"1763",2,1203.67333984375,66.0208740234375
"51428",2,3729.12390136719,2384.19396972656
"15457",1,1405.88525390625,0
"22231",62,118857.075927734,168.33544921875
"60403",1,907.209777832031,0
"59853",1,973.547912597656,0
"27224",82,165586.997070312,181.638916015625
"45492",27,77303.26171875,38.9521484375
"16901",1,863.891052246094,0
"75691",1,134.765151977539,0
"12175",3,3925.15612792969,56.7161865234375
"2326",1,348.189178466797,0
"52628",1,522.343017578125,0
"36185",2,5002.53759765625,15.5791015625
"1249",1,581.535705566406,0
"66636",1,2084.48486328125,0
"53030",5,14365.7250976562,1015.7724609375
"5543",297,360055.014770508,595.802490234375
"58958",3,7287.25244140625,1680.916015625
"53459",1,2830.99291992188,0
"75702",1,0.305005878210068,0
"40481",3,6022.62280273438,1778.56713867188
"10425",4,5036.01354980469,101.2890625
"66839",1,1376.794921875,0
"348",1,85.0174865722656,0
"75707",1,421.266082763672,0
"56769",3,8814.67016601562,335.50634765625
"18643",1,457.867858886719,0
"1529",1,177.757186889648,0
"21772",2,3428.48291015625,199.541259765625
"75712",1,30.2816886901855,0
"56983",1,335.106079101562,0
"44591",1,941.746643066406,0
"75715",1,0.300917416810989,0
"34379",2,4487.671875,337.78173828125
"19221",1,319.34326171875,0
"413",1,447.460418701172,0
"17342",5,7345.02502441406,391.49951171875
"5676",3,2843.03997802734,237.559387207031
"2689",1,61.3741645812988,0
"32260",2,4226.7197265625,392.64599609375
"42",1,40.321216583252,0
"45084",4,9876.84033203125,1507.87451171875
"46920",1,88.037712097168,0
"19482",1,136.264724731445,0
"25663",1,160.324966430664,0
"21768",1,562.34375,0
"54793",1,860.712646484375,0
"30159",2,4381.49584960938,18.860107421875
"82",1,251.876861572266,0
"1102",1,81.4150009155273,0
"821",1,132.008361816406,0
"43580",1,2801.33813476562,0
"55054",2,5559.82104492188,582.199462890625
"29363",16,34653.1801757812,38.230712890625
"314",1,447.460418701172,0
"12321",2,1435.42477416992,1219.15676879883
"3444",1,270.296417236328,0
"8227",3,2821.50280761719,839.6962890625
"13503",6,8448.787109375,24.0511474609375
"638",1,70.1702728271484,0
"46592",1,320.997253417969,0
"65192",68,182062.947143555,896.448364257812
"14371",1,202.734222412109,0
"50474",1,759.615112304688,0
"45170",1,316.058013916016,0
"75748",1,437.239837646484,0
"4236",2,1111.2001953125,313.415405273438
"41377",1,1359.52856445312,0
"20316",1,244.721389770508,0
"30015",39,84468.9216308594,634.738037109375
"10194",46,60165.4473266602,810.968200683594
"7831",1,830.667541503906,0
"34920",1,464.663055419922,0
"4484",1,873.764282226562,0
"75757",1,20.3932933807373,0
"19618",2,3304.41955566406,102.198608398438
"53844",2,5723.953125,430.8349609375
"20459",1,332.121887207031,0
"50461",1,91.1538162231445,0
"3242",4,2734.18928527832,753.50651550293
"31719",2,4565.75952148438,17.987548828125
"15591",7,10136.2432861328,71.4573974609375
"224",1,138.773666381836,0
"75766",1,85.3792419433594,0
"43331",1,2717.29809570312,0
"6619",1,66.1941909790039,0
"23874",2,2488.98529052734,1310.99224853516
"6464",1,452.704071044922,0
"58864",4,9456.41159057617,2477.68655395508
"2505",2,1007.52621459961,385.230621337891
"61689",1,2061.80932617188,0
"75774",1,301.882537841797,0
"59260",2,3945.72924804688,1806.01733398438
"34242",1,2204.33129882812,0
"55655",1,582.755859375,0
"54829",1,522.575500488281,0
"155",1,393.557586669922,0
"66306",3,5381.56103515625,1547.48754882812
"53268",1,92.3013000488281,0
"51614",1,336.558074951172,0
"59091",4,10752.5397949219,1168.2158203125
"6",1,84.8813323974609,0
"15390",14,19509.346496582,691.803039550781
"11879",2,2030.7548828125,623.82666015625
"26429",2,4048.81677246094,0.0001220703125
"21747",1,1015.84674072266,0
"66770",1,1863.47717285156,0
"27072",1,1094.24938964844,0
"47063",1,2288.98046875,0
"33680",1,1189.55627441406,0
"42105",94,266441.900878906,136.29296875
"8388",2,2098.26342773438,259.3359375
"23875",3,4008.97630310059,1690.99000549316
"7320",3,2880.33538818359,555.591125488281
"75797",1,0.306713581085205,0
"9588",1,1019.82116699219,0
"66668",2,3700.7177734375,388.47314453125
"28765",1,1007.2509765625,0
"60934",4,8416.98057556152,2708.6183013916
"61070",35,101503.30859375,80.8125
"35237",306,757867.532226562,925.1943359375
"66700",8,15627.9865722656,708.267700195312
"10670",7,8246.69387817383,931.048065185547
"10594",1,881.959594726562,0
"13494",1,238.019409179688,0
"12400",1,256.818267822266,0
"787",1,295.69873046875,0
"56324",2,4924.18090820312,1195.05688476562
"17813",1,902.882019042969,0
"3547",1,313.892608642578,0
"2083",1,42.8651084899902,0
"35099",1,2450.63403320312,0
"19478",2,2929.69165039062,476.926513671875
"20888",2,3097.76611328125,442.5380859375
"18384",2,3116.71215820312,107.866455078125
"35787",2,3048.22821044922,1938.73028564453
"943",4,2132.38061523438,132.141723632812
"382",46,27058.7322998047,293.367645263672
"66659",4,8278.34887695312,19.863525390625
"50303",2,6076.9208984375,0
"66402",3,5503.96032714844,1195.53234863281
"41827",4,9672.76928710938,1289.49658203125
"13999",3,3513.03247070312,645.306518554688
"53461",1,184.629959106445,0
"53676",1,677.026672363281,0
"1459",2,1216.43273925781,0
"505",1,237.178894042969,0
"46617",9,24743.6108398438,1371.53369140625
"1665",1,634.847106933594,0
"75832",1,865.588195800781,0
"32128",2,4619.36572265625,0
"46400",20,56177.5399780273,2650.82476806641
"56396",1,91.6997680664062,0
"48899",2,4316.5673828125,1678.6650390625
"38820",10,26361.8767089844,54.826416015625
"66574",2,3169.53833007812,1155.03637695312
"28468",3,6273.154296875,19.69970703125
"7832",1,1084.48266601562,0
"54031",1,3076.7099609375,0
"20466",1,681.723815917969,0
"31756",1,386.560607910156,0
"121",1,228.263397216797,0
"20871",2,2020.95303344727,1348.29525756836
"64850",5,13048.8662109375,28.21630859375
"62260",1,2822.95336914062,0
"1326",1,340.601165771484,0
"44757",1,1740.80444335938,0
"39255",1,1689.9013671875,0
"39715",5,13297.1945800781,13.40380859375
"17344",7,10766.69921875,125.27978515625
"62794",1,2790.212890625,0
"75854",1,0.253963679075241,0
"75855",1,5.07874965667725,0
"45419",3,6024.77862548828,2392.61541748047
"52481",6,16023.1524047852,2211.12738037109
"37222",1,482.530975341797,0
"44034",2,3467.07427978516,2220.35980224609
"14900",1,86.886100769043,0
"2539",3,2086.72161865234,214.8095703125
"32057",7,15916.8479003906,36.152099609375
"37227",1,431.738250732422,0
"43730",1,790.426940917969,0
"4916",1,580.719055175781,0
"51433",1,427.932250976562,0
"12449",1,905.622314453125,0
"65231",1,1007.77563476562,0
"58621",1,747.87548828125,0
"29986",1,1034.08361816406,0
"7717",1,1153.70495605469,0
"58784",1,179.490112304688,0
"61559",20,56731.4106445312,324.629150390625
"34260",1,2412.72680664062,0
"16398",1,714.025756835938,0
"4828",1,1001.23974609375,0
"1536",1,368.211303710938,0
"5621",3,2450.40826416016,783.192199707031
"66364",1,1068.72644042969,0
"5690",3,3182.68566894531,25.4573974609375
"32579",1,256.004364013672,0
"790",1,496.351440429688,0
"6095",1,743.728149414062,0
"30758",1,1610.91430664062,0
"25",1,21.9933910369873,0
"75886",1,240.249984741211,0
"59997",5,13880.6086425781,823.893798828125
"1912",3,1933.14038085938,130.710571289062
"30932",21,47055.9145507812,91.695556640625
"923",1,528.033447265625,0
"48023",7,20849.7866210938,13.342529296875
"17782",1,349.625610351562,0
"50080",1,666.51171875,0
"5596",1,326.246917724609,0
"27521",6,12447.3186035156,19.863525390625
"40792",47,120442.80267334,2314.77301025391
"6040",1,538.933410644531,0
"51118",7,20743.8674316406,576.746337890625
"34375",1,796.199829101562,0
"63048",1,472.409027099609,0
"75901",1,184.921752929688,0
"9806",1,802.2412109375,0
"17825",1,48.3686790466309,0
"1298",3,1690.84146118164,115.561126708984
"3659",1,53.876277923584,0
"10696",2,1713.65475463867,793.349151611328
"5341",1,1026.86645507812,0
"45080",8,22484.6127929688,305.152587890625
"60480",55,161250.31640625,70.973876953125
"56418",1,1008.69744873047,0
"42428",1,387.426208496094,0
"39382",2,5267.13403320312,13.807861328125
"10621",2,2096.25170898438,383.460693359375
"1148",2,707.077445983887,509.355293273926
"36038",3,5578.78631591797,1854.33843994141
"5770",10,10378.9575195312,518.119140625
"54601",2,4365.52136230469,1782.42590332031
"54833",1,676.274169921875,0
"2995",1,420.535522460938,0
"64138",2,4645.91979980469,767.022094726562
"75921",1,297.862213134766,0
"58761",1,89.7450561523438,0
"4508",5,4146.0087890625,546.297668457031
"23282",15,28158.4312744141,63.8154296875
"22794",1,1857.29528808594,0
"17935",2,2941.19665527344,329.287963867188
"27491",2,3939.67639160156,229.293334960938
"8226",3,3057.2626953125,603.936401367188
"46726",15,43334.7016601562,62.859130859375
"75930",1,126.91185760498,0
"29578",1,1330.60388183594,0
"31750",1,1955.5419921875,0
"58308",3,6673.45294189453,2348.40277099609
"75934",1,18.0426502227783,0
"75935",1,89.672492980957,0
"56045",1,244.769515991211,0
"37051",1,1549.17834472656,0
"17092",2,1714.92234802246,1370.40284729004
"37864",1,77.5212020874023,0
"75940",1,459.743347167969,0
"13996",1,42.7249603271484,0
"81",1,271.554748535156,0
"17791",1,1144.22924804688,0
"6461",1,776.064147949219,0
"289",2,867.986694335938,26.9341430664062
"14902",1,246.177291870117,0
"39927",1,2667.48120117188,0
"1124",1,226.798919677734,0
"4990",1,170.210754394531,0
"8287",2,2123.26239013672,284.335021972656
"36895",1,2171.02221679688,0
"58459",1,750.876770019531,0
"54939",2,5897.80786132812,244.212646484375
"66226",2,3054.18853759766,1600.43646240234
"61691",1,171.817443847656,0
"75956",1,0.223738104104996,0
"26520",1,1472.10864257812,0
"52627",1,92.1781768798828,0
"54616",1,2829.10473632812,0
"53928",2,5292.26953125,861.150390625
"64399",1,373.447357177734,0
"4520",2,1785.22265625,165.84033203125
"20319",1,734.164184570312,0
"9516",9,10652.7309570312,430.272827148438
"5288",1,1026.86645507812,0
"29284",1,2162.28735351562,0
"64618",1,79.6223220825195,0
"5344",2,2053.73291015625,0
"56197",2,5779.7197265625,333.59814453125
"3384",1,685.12939453125,0
"4070",4,2670.00901794434,794.535537719727
"30437",1,488.150573730469,0
"33180",2,2772.81716918945,1881.80783081055
"63134",2,5546.20678710938,11.546630859375
"215",1,386.884185791016,0
"8334",1,1178.79968261719,0
"56185",8,24513.1674804688,7.51708984375
"75978",1,129.502578735352,0
"5563",1,256.716613769531,0
"16913",2,2231.70159912109,853.623596191406
"10720",2,1903.55426025391,702.044128417969
"41386",1,163.886215209961,0
"5980",1,118.565353393555,0
"66800",1,1158.9931640625,0
"46885",1,1144.490234375,0
"40159",3,7425.89453125,576.549072265625
"8229",7,7512.23191833496,1088.46998596191
"19579",2,2577.3828125,874.07373046875
"11240",1,39.0839767456055,0
"9586",1,1019.82116699219,0
"75991",1,80.3912200927734,0
"15049",1,279.665069580078,0
"31146",1,1127.86071777344,0
"3671",3,1966.4841003418,700.391571044922
"57692",1,333.255859375,0
"5784",1,820.879333496094,0
"55614",2,4508.68994140625,1625.58203125
"18809",3,3830.12872314453,1144.06451416016
"57846",1,90.7448959350586,0
"3913",1,923.878479003906,0
"65985",1,1565.18078613281,0
"40294",31,78636.5964889526,2573.65692901611
"605",1,474.357788085938,0
"1672",3,1851.27984619141,26.6307373046875
"12398",1,783.971557617188,0
"14540",1,1129.51928710938,0
"11209",1,833.79150390625,0
"54048",1,246.173278808594,0
"57010",1,1188.10339355469,0
"17827",1,1563.92065429688,0
"47973",1,563.315368652344,0
"38322",33,86603.6237792969,69.034423828125
"19616",1,476.926544189453,0
"52147",1,92.0140762329102,0
"76015",1,0.30767098069191,0
"42753",1,1861.84741210938,0
"4659",3,2926.59448242188,0
"42460",1,2075.49755859375,0
"6575",4,4048.87817382812,242.712097167969
"12736",1,343.987518310547,0
"76021",1,24.1036586761475,0
"76022",1,182.132217407227,0
"76023",1,9.13411235809326,0
"3996",117,98813.5614013672,209.460083007812
"34367",1,410.163543701172,0
"76026",1,34.2876815795898,0
"4662",1,946.265563964844,0
"59436",10,27407.0808105469,2038.49853515625
"76029",1,196.789001464844,0
"63535",1,301.797058105469,0
"84",1,381.750854492188,0
"65621",5,11534.9729003906,1117.44018554688
"2242",1,21.4325542449951,0
"23583",2,2963.982421875,835.9951171875
"57354",1,2369.9990234375,0
"44011",1,311.678649902344,0
"6033",1,237.130706787109,0
"34346",1,1544.14514160156,0
"7275",1,191.84782409668,0
"2705",1,575.3828125,0
"12938",2,2751.90014648438,0
"29654",1,1570.548828125,0
"47061",1,498.88037109375,0
"17793",1,1017.09265136719,0
"6462",1,722.170776367188,0
"2335",1,288.922943115234,0
"76047",1,256.296264648438,0
"76048",1,13.9626846313477,0
"57993",1,1751.50476074219,0
"56801",3,6946.85430908203,2192.40252685547
"35374",11,25204.0510864258,2090.56146240234
"76052",1,44.4029922485352,0
"2266",2,1481.65612792969,0
"58764",2,4391.17053222656,1579.15856933594
"46414",1,496.086639404297,0
"55426",1,3069.18676757812,0
"55850",1,245.188613891602,0
"5192",3,2844.16271972656,313.065551757812
"45915",3,6352.857421875,2349.68701171875
"47476",2,3510.6728515625,2389.61767578125
"15386",1,618.206970214844,0
"57373",1,850.768920898438,0
"29980",1,792.064086914062,0
"50280",1,425.384460449219,0
"3012",1,663.944519042969,0
"52953",17,51079.6918945312,1200.20654296875
"44877",2,3102.34455871582,2644.16471862793
"31384",2,3947.51257324219,563.930297851562
"20736",1,1663.94287109375,0
"76070",1,566.736633300781,0
"24039",1,960.555297851562,0
"2798",3,2007.46203613281,372.927734375
"58622",3,7484.869140625,1501.865234375
"45327",23,65670.6384277344,507.06591796875
"64547",1,666.870300292969,0
"76076",1,47.0236854553223,0
"15588",1,1495.62268066406,0
"37782",2,5124.06958007812,14.801513671875
"66802",1,531.996826171875,0
"38409",1,2598.44677734375,0
"23421",1,626.996276855469,0
"5620",1,178.909606933594,0
"24034",1,57.6333160400391,0
"62534",1,478.082824707031,0
"32575",1,1163.65625,0
"4823",11,10611.9471435547,298.857055664062
"65501",1,204.370727539062,0
"25357",3,4777.74212646484,1090.13116455078
"37984",3,5702.06918334961,2121.68716430664
"2328",1,162.982177734375,0
"51625",1,183.577133178711,0
"3128",1,229.511672973633,0
"38792",1,209.012390136719,0
"31143",1,1872.24890136719,0
"6101",1,571.269409179688,0
"61886",1,2843.71704101562,0
"48719",4,9517.31896972656,2416.77917480469
"59105",1,506.362762451172,0
"76099",1,0.181401208043098,0
"58955",1,328.368103027344,0
"42756",4,10596.7021484375,460.8623046875
"1869",1,112.442390441895,0
"25800",37,74522.6798706055,1322.60040283203
"4660",1,975.531494140625,0
"19161",3,4067.42456054688,974.83740234375
"55075",1,1289.82434082031,0
"53117",5,12552.9014282227,2738.34710693359
"55019",1,1536.30297851562,0
"49287",1,932.844055175781,0
"49454",1,934.531311035156,0
"2682",1,767.177062988281,0
"5595",1,347.295104980469,0
"27088",1,516.155334472656,0
"76114",1,290.037292480469,0
"43173",2,4902.34155273438,700.334716796875
"38164",2,3721.017578125,1447.0625
"2087",1,157.172058105469,0
"59444",2,4269.33776855469,1660.29797363281
"28464",8,16224.7784423828,121.588500976562
"1765",1,548.983459472656,0
"1282",1,81.4150009155273,0
"354",3,1333.5315246582,89.5418395996094
"20896",1,53.104564666748,0
"49706",2,3301.45178222656,2273.00964355469
"30165",4,8838.08837890625,18.688232421875
"1359",2,1194.40612792969,75.2880859375
"6046",1,269.466705322266,0
"76128",1,0.154266253113747,0
"53635",1,1446.37524414062,0
"9994",1,213.095321655273,0
"3971",3,1709.17527770996,591.282302856445
"59811",1,649.031982421875,0
"24622",11,21445.6860351562,62.447021484375
"5128",3,2282.82662963867,640.793426513672
"20318",1,1555.72875976562,0
"21602",1,145.120971679688,0
"49",1,161.284866333008,0
"28349",1,1465.3662109375,0
"50529",314,959503.612304688,1463.47290039062
"2994",1,769.659362792969,0
"20718",1,1415.88806152344,0
"45908",4,11620.9194335938,8.763427734375
"34315",127,303118.232666016,169.872802734375
"2370",4,2804.62268066406,79.4022216796875
"34381",1,1013.34527587891,0
"39906",118,318484.275634766,336.130126953125
"76147",1,0.216228723526001,0
"4507",1,78.0425186157227,0
"21261",1,1003.60595703125,0
"46879",1,2918.15673828125,0
"16088",1,45.5761108398438,0
"66077",3,6684.39465332031,636.049926757812
"17530",1,174.812789916992,0
"49470",3,7024.05804443359,2019.79351806641
"2999",1,658.574523925781,0
"58231",6,17033.4586181641,993.027465820312
"7131",11,11825.0406188965,806.389190673828
"50453",6,16520.5886230469,1701.53784179688
"50670",1,2616.59545898438,0
"9248",3,2851.03994750977,909.465911865234
"1712",1,145.513687133789,0
"64840",5,10613.0679626465,2561.67105102539
"44005",2,4629.6435546875,1016.26318359375
"45390",1,2384.80126953125,0
"1328",1,456.162292480469,0
"5677",1,494.632415771484,0
"76167",1,116.286994934082,0
"52146",1,2545.72290039062,0
"65750",1,1053.80444335938,0
"3053",1,549.188659667969,0
"58946",2,4394.529296875,1588.474609375
"66191",1,70.8608551025391,0
"1534",1,368.211334228516,0
"52947",1,1722.06372070312,0
"76175",1,51.7167434692383,0
"33073",13,30550.0556640625,51.800048828125
"45132",1,545.918395996094,0
"2698",3,2269.71411132812,110.675659179688
"66760",1,213.628829956055,0
"63336",2,4436.47448730469,1074.67395019531
"44640",38,108095.495849609,51.3720703125
"55029",1,1106.13818359375,0
"7118",1,248.273666381836,0
"76184",1,164.607238769531,0
"76185",1,48.7502632141113,0
"1910",2,831.370010375977,597.466903686523
"4920",1,560.694274902344,0
"54729",2,3290.29193115234,2859.93560791016
"1493",1,317.423553466797,0
"6260",2,1800.03759765625,355.696044921875
"5287",1,1026.86645507812,0
"76192",1,24.7534885406494,0
"66274",3,6063.53149414062,918.406005859375
"48768",4,11642.1611328125,329.73779296875
"66050",1,1554.72302246094,0
"76196",1,61.4867324829102,0
"51610",1,2631.2724609375,0
"45828",1,231.349380493164,0
"9439",1,1228.7001953125,0
"11279",6,7689.43334960938,78.16796875
"28424",3,6224.19995117188,127.423095703125
"5562",1,338.865936279297,0
"60878",2,3530.05377197266,2253.68060302734
"66866",1,949.84130859375,0
"18783",5,8180.23364257812,155.334716796875
"24441",21,41086.0844726562,1035.31872558594
"22476",2,3234.09008789062,480.50048828125
"66269",1,768.01318359375,0
"10431",1,38.3460655212402,0
"76210",1,5.15442895889282,0
"24036",1,1594.52185058594,0
"14522",1,1201.92443847656,0
"54443",1,430.643615722656,0
"1758",1,218.270523071289,0
"54852",1,522.575500488281,0
"76216",1,101.919471740723,0
"76217",1,80.0910415649414,0
"57173",1,851.914794921875,0
"9831",2,2531.70422363281,24.7003173828125
"21133",1,442.538024902344,0
"26954",1,1259.4189453125,0
"37087",8,20195.1684570312,30.578369140625
"57190",1,2859.99951171875,0
"61686",1,2462.71655273438,0
"57536",1,242.731384277344,0
"26653",3,4497.68991088867,1614.81033325195
"33211",1,2362.02856445312,0
"3618",2,1333.89990234375,461.975952148438
"65995",1,1638.54858398438,0
"4560",1,107.308464050293,0
"45675",1,86.7560119628906,0
"23750",4,7578.6826171875,21.272216796875
"55274",26,78246.9523925781,1537.10083007812
"53672",1,1354.05334472656,0
"2321",2,1051.9758605957,148.165618896484
"18241",1,310.696044921875,0
"34232",2,4248.00207519531,510.223022460938
"25354",2,2954.67523193359,971.117736816406
"1078",1,554.807373046875,0
"47969",1,652.259948730469,0
"7838",4,3878.46926879883,694.243621826172
"52621",5,13157.3233032227,2122.60589599609
"43757",3,7388.88586425781,1111.44055175781
"27068",6,12447.3186035156,19.863525390625
"33333",1,1251.87512207031,0
"33536",4,8681.35119628906,732.228881835938
"45000",1,2061.80932617188,0
"24038",1,1594.52172851562,0
"36389",1,75.2717514038086,0
"65654",1,2524.44458007812,0
"66719",1,773.587463378906,0
"6557",1,187.550216674805,0
"13474",1,1400.11413574219,0
"45427",1,720.667297363281,0
"282",1,420.526275634766,0
"2675",1,552.367492675781,0
"54853",1,338.137084960938,0
"34348",36,84562.8190917969,747.9453125
"2997",1,507.816497802734,0
"58598",3,7397.99780273438,1588.73657226562
"17504",1,524.438415527344,0
"45355",2,5190.96020507812,536.287841796875
"1287",2,689.631370544434,526.801368713379
"2447",1,740.828063964844,0
"7274",1,90.2813262939453,0
"51062",1,2287.54418945312,0
"65623",1,914.269226074219,0
"32605",1,69.8193740844727,0
"16566",44,66891.2362060547,817.8759765625
"15897",2,2826.72680664062,164.5185546875
"40491",1,457.925415039062,0
"2906",1,793.463256835938,0
"61235",2,2969.14926147461,2796.18911743164
"45393",1,807.147399902344,0
"667",1,140.340545654297,0
"15962",1,334.224822998047,0
"36277",1,2509.05834960938,0
"64935",28,73694.8310546875,2320.79736328125
"36269",1,1806.52197265625,0
"47564",1,2780.13647460938,0
"36837",3,7573.33374023438,0
"250",1,12.6157884597778,0
"36391",1,150.543502807617,0
"56590",1,427.486114501953,0
"1097",1,436.151763916016,0
"30754",14,29238.2932128906,1525.27807617188
"12360",3,3527.87188720703,527.153259277344
"2797",1,134.888748168945,0
"76289",1,37.969799041748,0
"66030",1,1554.72302246094,0
"76291",1,19.7709999084473,0
"54629",1,1353.05004882812,0
"40615",3,8068.0400390625,12.996826171875
"31551",1,1955.5419921875,0
"29677",6,12662.1872558594,58.602294921875
"31138",2,4511.44287109375,0
"76297",1,0.295014530420303,0
"13010",1,1073.24096679688,0
"76299",1,248.684753417969,0
"4696",1,975.531494140625,0
"18790",1,414.516082763672,0
"44714",3,8390.10693359375,171.2265625
"5600",3,2360.01300048828,924.326965332031
"37763",11,28336.4187011719,43.812744140625
"76305",1,103.446075439453,0
"38158",1,723.531188964844,0
"41315",1,2719.05712890625,0
"44879",1,400.907348632812,0
"76309",1,23.6820087432861,0
"57181",1,2951.27612304688,0
"53482",2,4954.2373046875,1200.0947265625
"66119",1,1389.68713378906,0
"76313",1,127.220642089844,0
"6989",1,756.106140136719,0
"76315",1,30.8005542755127,0
"76316",1,0.296481788158417,0
"59982",2,5325.88525390625,559.07080078125
"46169",4,10192.1856689453,1463.35095214844
"76319",1,1.739914894104,0
"1868",1,52.9140663146973,0
"514",1,474.357788085938,0
"56389",2,5865.59838867188,241.345947265625
"3796",1,98.7731704711914,0
"3446",1,584.189025878906,0
"3014",1,270.495910644531,0
"58779",1,2901.7568359375,0
"52862",1,338.262512207031,0
"76328",1,341.932769775391,0
"4063",4,3233.57489013672,434.222900390625
"5678",6,5980.75463867188,231.530029296875
"66870",1,1738.38891601562,0
"17831",4,5776.27746582031,557.342163085938
"1764",3,1931.12005615234,26.5787353515625
"30407",1,1730.71557617188,0
"634",1,165.401351928711,0
"49493",1,2683.00927734375,0
"130",3,1180.67276000977,0
"76338",1,107.271362304688,0
"41725",2,3938.62524414062,1524.24877929688
"16461",1,431.945526123047,0
"33149",7,16482.3986816406,17.26708984375
"2079",1,57.1534767150879,0
"46760",24,70113.1169433594,50.61083984375
"66299",1,1293.42236328125,0
"2445",1,740.828063964844,0
"57358",2,4045.24468994141,2039.86077880859
"3787",1,26.9381370544434,0
"55219",1,2057.57690429688,0
"44566",2,3004.06517028809,2662.81910705566
"66478",1,792.064025878906,0
"51063",1,183.003524780273,0
"76352",1,14.0921564102173,0
"16906",1,1450.10290527344,0
"19581",1,136.264724731445,0
"480",1,222.948165893555,0
"28354",1,233.609115600586,0
"2330",1,229.656692504883,0
"76358",1,295.302185058594,0
"65070",1,209.012390136719,0
"4698",1,975.531555175781,0
"40486",11,27292.9796142578,1926.45202636719
"1711",1,310.870147705078,0
"5196",1,688.000549316406,0
"27069",2,3758.23120117188,330.959716796875
"37639",5,12813.908203125,91.6875
"36829",3,7557.94750976562,15.38623046875
"37237",5,11829.7191162109,838.080200195312
"21780",1,54.4203643798828,0
"56981",1,517.891235351562,0
"15394",1,1354.16772460938,0
"42751",1,222.310134887695,0
"30960",13,29011.37109375,36.855224609375
"1533",1,425.347564697266,0
"57169",1,2038.51025390625,0
"76375",1,0.818371951580048,0
"76376",1,40.9813461303711,0
"52054",2,2975.12198638916,2791.09383392334
"48396",2,5396.58764648438,560.621337890625
"4680",1,29.2659454345703,0
"13475",6,8328.19262695312,24.1640625
"55945",1,1714.9169921875,0
"2684",1,552.367492675781,0
"76383",1,42.8875579833984,0
"76384",1,0.307101011276245,0
"42292",4,10089.0281982422,909.339477539062
"65453",5,11251.4030761719,1361.80078125
"1767",28,18564.6000366211,145.592224121094
"54143",4,12307.751953125,0.4560546875
"62304",1,1496.16528320312,0
"35043",3,5429.22076416016,1834.19622802734
"25671",2,3928.11291503906,80.0111083984375
"2273",1,740.828063964844,0
"59656",1,88.7277603149414,0
"4561",4,3385.09429931641,380.457275390625
"76395",1,5.08827638626099,0
"3391",1,262.210021972656,0
"3448",1,435.961975097656,0
"55071",1,1106.13818359375,0
"13294",1,350.028533935547,0
"5622",9,8862.73626708984,320.132080078125
"55227",1,2303.2578125,0
"57009",1,1188.10339355469,0
"640",1,155.377029418945,0
"53446",79,242238.919189453,23.69384765625
"46876",1,175.588989257812,0
"5777",2,2041.67431640625,63.14453125
"53449",1,92.3149795532227,0
"51630",1,2876.04174804688,0
"41379",1,516.620849609375,0
"14032",4,5606.66430664062,137.86962890625
"3432",1,706.258422851562,0
"3528",1,95.9116363525391,0
"54029",2,5138.4111328125,1015.0087890625
"19460",1,840.376953125,0
"58132",1,934.531311035156,0
"1714",1,291.027374267578,0
"34936",3,7287.57641601562,32.8681640625
"3789",1,700.3916015625,0
"33051",5,11758.3415527344,17.26708984375
"76420",1,75.8349990844727,0
"49135",1,2347.15600585938,0
"16431",85,124356.134521484,431.945556640625
"1244",1,581.535705566406,0
"41691",2,3933.26928710938,1529.60473632812
"55211",6,18420.1359863281,5.469970703125
"34374",1,144.763610839844,0
"15599",1,1495.62268066406,0
"2992",1,706.182312011719,0
"18240",1,997.497802734375,0
"66817",1,882.996765136719,0
"5597",7,6735.005027771,1012.75156402588
"36906",1,2524.44458007812,0
"50268",1,576.487060546875,0
"62961",1,1004.47668457031,0
"76435",1,0.269367903470993,0
"8967",2,1433.34596252441,1024.05442810059
"15398",1,1192.25634765625,0
"33401",2,3618.18139648438,1103.08862304688
"76439",1,0.303414225578308,0
"51248",1,335.881927490234,0
"6450",1,657.498779296875,0
"76442",1,24.8883037567139,0
"76443",1,1.07913827896118,0
"22045",1,54.4203643798828,0
"76445",1,120.634590148926,0
"66533",1,1081.14367675781,0
"56204",1,856.693298339844,0
"20322",1,1450.84826660156,0
"41425",1,218.514953613281,0
"24047",6,11378.5101318359,42.39404296875
"39113",1,2258.93017578125,0
"65849",1,1313.18530273438,0
"5185",1,544.239196777344,0
"49846",2,3599.54748535156,2450.11218261719
"1243",1,581.535705566406,0
"34720",2,4858.50927734375,0
"7643",2,2053.59478759766,253.815124511719
"66702",1,1062.15283203125,0
"51427",7,19604.1766357422,1772.86218261719
"24335",2,3842.22119140625,0
"23004",7,13363.1364746094,42.39404296875
"789",1,469.949768066406,0
"57356",1,91.1538162231445,0
"3551",4,3487.69580078125,0
"2923",1,111.084854125977,0
"3055",1,90.1653060913086,0
"41382",5,13274.5766601562,394.57373046875
"1454",4,2432.86547851562,0
"30380",1,1242.56506347656,0
"63497",2,4953.7607421875,509.11328125
"16909",1,391.499450683594,0
"4824",2,1732.88842773438,269.591064453125
"2548",1,214.8095703125,0
"945",1,321.788269042969,0
"40482",1,1643.14416503906,0
"28132",4,8455.8076171875,19.53466796875
"76477",1,28.6198177337646,0
"76478",1,275.782470703125,0
"29407",3,6505.892578125,19.030517578125
"65871",1,470.764587402344,0
"44315",1,1592.48156738281,0
"384",12,7135.09710693359,293.367645263672
"14007",1,356.041320800781,0
"40336",161,413276.185058594,202.973876953125
"24788",1,706.642761230469,0
"76486",1,140.43440246582,0
"42296",2,3281.36694335938,2229.78149414062
"26327",4,8056.94091796875,20.346435546875
"31198",1,67.6716461181641,0
"28766",1,942.958312988281,0
"1461",1,608.216369628906,0
"66253",2,2926.58959960938,1762.93334960938
"507",1,66.4100875854492,0
"76494",1,0.265407741069794,0
"36831",2,5048.88916015625,0
"20460",3,4474.9052734375,769.124389648438
"58284",1,3009.17431640625,0
"54032",1,430.803253173828,0
"5175",1,140.173568725586,0
"76500",1,0.256943553686142,0
"31400",1,1127.86071777344,0
"3007",1,549.188659667969,0
"8866",1,1203.79870605469,0
"123",19,11838.68309021,686.951889038086
"59666",1,2454.80151367188,0
"1923",3,1912.50183105469,151.34912109375
"52938",5,12568.5745849609,2120.68835449219
"32636",1,2071.30810546875,0
"59861",6,15905.7395019531,1810.02563476562
"36686",1,782.577819824219,0
"39270",20,52608.0778808594,96.64208984375
"48316",1,1668.0185546875,0
"39832",1,506.821411132812,0
"49710",1,756.207458496094,0
"66758",10,19076.8103027344,448.07373046875
"31412",2,4565.75952148438,17.987548828125
"42203",4,10998.3676757812,11.964599609375
"14517",1,362.025421142578,0
"8224",2,2288.29443359375,119.302978515625
"5705",9,9445.88696289062,76.6270751953125
"48539",19,54597.0980224609,2066.10095214844
"473",1,474.357788085938,0
"10432",1,396.242706298828,0
"2543",1,636.756958007812,0
"37235",4,9000.51831054688,990.458251953125
"33689",2,2902.51733398438,1855.70776367188
"76527",1,38.1969337463379,0
"44561",12,32764.0498046875,928.151611328125
"60222",1,645.60986328125,0
"17771",20,29703.9489746094,771.394165039062
"43474",1,478.082824707031,0
"63982",1,297.711822509766,0
"57986",1,332.181945800781,0
"1887",1,116.951560974121,0
"41426",1,382.401184082031,0
"33551",1,1960.48376464844,0
"54008",3,8707.923828125,523.1181640625
"792",1,438.267761230469,0
"33200",1,2086.83764648438,0
"22055",1,1266.65124511719,0
"6561",1,551.618286132812,0
"52218",2,3220.65676879883,2729.58688354492
"58445",2,4325.05017089844,1681.96398925781
"62701",1,224.107055664062,0
"76545",1,129.239807128906,0
"7124",1,1094.6611328125,0
"6559",1,584.715393066406,0
"30409",2,3461.43127441406,976.301147460938
"35690",1,2403.376953125,0
"2677",1,767.177062988281,0
"39371",2,5280.94189453125,0
"57842",1,90.7448959350586,0
"1916",1,557.23974609375,0
"17060",2,2834.45593261719,297.539672851562
"2582",2,1092.66232299805,494.264190673828
"76556",1,194.721313476562,0
"76557",1,578.835510253906,0
"7106",1,496.547302246094,0
"76559",1,329.880981445312,0
"7270",3,2679.82040405273,781.294464111328
"50857",26,78928.3908691406,91.392578125
"28436",2,3102.33264160156,1106.03649902344
"55253",1,1013.43341064453,0
"39516",1,1539.36486816406,0
"7268",3,3343.02722167969,92.8992919921875
"51623",3,6975.93109130859,2202.92559814453
"4168",1,720.625305175781,0
"5240",1,513.433227539062,0
"76569",1,62.569637298584,0
"6248",1,808.400085449219,0
"76571",1,673.250610351562,0
"22030",1,761.885070800781,0
"2233",1,492.94873046875,0
"29646",373,795959.53692627,1488.61151123047
"35785",1,1970.46203613281,0
"38803",1,2416.53002929688,0
"22213",13,23916.8432617188,119.124755859375
"44469",1,1819.97888183594,0
"46345",4,11108.541015625,485.87060546875
"1880",1,460.926727294922,0
"46919",1,88.037712097168,0
"46424",1,554.449768066406,0
"36835",2,5048.88916015625,0
"2521",1,598.398071289062,0
"54196",1,2984.40869140625,0
"54429",1,1538.01293945312,0
"66602",3,4772.5927734375,1695.06909179688
"76588",1,9.94067668914795,0
"19486",1,715.389770507812,0
"76590",1,118.793678283691,0
"44571",1,399.528900146484,0
"45641",6,15768.8697509766,1431.92004394531
"45412",1,2334.9619140625,0
"53565",5,12370.8960571289,2492.68914794922
"5789",1,410.439666748047,0
"4648",71,68537.0513305664,128.928527832031
"8230",1,165.031951904297,0
"37856",1,2492.3525390625,0
"35444",23,54202.8348693848,2168.35043334961
"5787",1,463.060150146484,0
"39836",1,666.870300292969,0
"19484",1,289.562561035156,0
"76603",1,342.933563232422,0
"37368",1,1481.68774414062,0
"55044",1,2212.2763671875,0
"65930",2,4775.78784179688,147.704833984375
"25356",6,10600.4285888672,1030.62438964844
"349",1,13.4238128662109,0
"76609",1,37.338737487793,0
"4363",3,2241.39532470703,607.835998535156
"59376",35,101149.206481934,2319.56207275391
"83",7,2786.84124755859,156.842681884766
"31403",6,13560.8454589844,154.420654296875
"61698",1,2853.77783203125,0
"10649",43,48655.2365722656,328.45849609375
"3129",3,2114.78622436523,319.676971435547
"3896",1,152.649444580078,0
"50288",1,2613.07592773438,0
"2075",1,235.758087158203,0
"22601",1,575.761535644531,0
"43",1,62.3146095275879,0
"49836",3,7394.66613769531,1703.21716308594
"8291",1,424.367889404297,0
"65578",1,1472.9892578125,0
"18804",1,928.515991210938,0
"1870",1,39.6855506896973,0
"34268",1,2412.72680664062,0
"66378",1,992.517456054688,0
"76629",1,16.2434177398682,0
"76630",1,0.241272673010826,0
"66504",7,14346.9342041016,1203.29748535156
"76632",1,0.302482962608337,0
"76633",1,102.960227966309,0
"35699",1,1511.40209960938,0
"7119",1,33.8554992675781,0
"25235",1,1110.79223632812,0
"25531",1,1983.5576171875,0
"29983",1,2134.17260742188,0
"315",3,1342.38125610352,0
"217",1,185.031555175781,0
"76641",1,2.17015767097473,0
"32658",1,1419.66064453125,0
"1522",1,355.514404296875,0
"33038",1,74.1624603271484,0
"65517",1,2477.9951171875,0
"8867",1,1203.79870605469,0
"53764",316,971362.413085938,34.84130859375
"10137",12,15296.8284912109,311.954223632812
"66810",1,676.338012695312,0
"8233",3,3316.5986328125,344.600463867188
"1274",1,145.383926391602,0
"20320",1,1206.12683105469,0
"76653",1,19.9256057739258,0
"4913",1,861.066223144531,0
"35354",28,66789.6589355469,746.989990234375
"66790",1,1101.99353027344,0
"40168",3,6367.02453613281,1622.01525878906
"66621",2,3913.78332519531,294.585815429688
"7107",1,654.539672851562,0
"7833",2,2263.28234863281,94.3170166015625
"31162",1,1759.46276855469,0
"3917",1,332.596282958984,0
"46157",2,5819.22314453125,0
"19462",10,15957.0520324707,1277.39877319336
"76665",1,118.913780212402,0
"56000",1,581.846862792969,0
"76667",1,50.9639434814453,0
"17493",4,6134.34008789062,222.489013671875
"6249",2,2091.06164550781,64.6719970703125
"607",1,474.357788085938,0
"76671",1,276.607971191406,0
"76672",1,77.8893508911133,0
"76673",1,312.645904541016,0
"10434",1,1239.85620117188,0
"33683",2,2450.4857635498,2164.99226379395
"76676",1,90.5522689819336,0
"37249",1,1711.60485839844,0
"10651",2,2134.59777832031,421.806762695312
"2522",1,490.993316650391,0
"3892",1,224.484481811523,0
"1535",1,495.180755615234,0
"21784",2,3065.68041992188,562.34375
"24502",2,3398.640625,485.52001953125
"7825",1,1119.09387207031,0
"6623",1,154.453125,0
"58934",1,2746.35131835938,0
"76687",1,0.00552494125440717,0
"76688",1,54.3271369934082,0
"86",1,393.557586669922,0
"3852",1,897.937927246094,0
"50072",1,242.367889404297,0
"76692",1,71.3633117675781,0
"9478",2,2322.24340820312,135.156982421875
"41483",78,214723.6328125,126.97119140625
"39828",2,3987.81799316406,1320.33679199219
"39450",2,4352.68688964844,955.467895507812
"8944",13,15301.974609375,72.2279052734375
"29860",1,1221.53796386719,0
"3452",1,558.031311035156,0
"6037",14,14495.2672119141,480.730651855469
"76701",1,67.6567306518555,0
"43608",1,2418.53662109375,0
"66037",2,4105.44030761719,753.068969726562
"66435",1,313.233367919922,0
"4276",3,2421.55096435547,280.671325683594
"34578",3,6458.50842285156,812.727661132812
"76707",1,23.9547119140625,0
"7324",1,812.531921386719,0
"53678",1,246.191513061523,0
"1072",1,554.807373046875,0
"15960",1,334.224822998047,0
"1899",1,41.2770195007324,0
"22054",1,110.143592834473,0
"4239",1,683.815551757812,0
"3969",4,3695.51416015625,0
"76716",1,31.6374034881592,0
"8289",2,2217.56646728516,190.030944824219
"24930",1,1629.2041015625,0
"66386",1,2255.72143554688,0
"29807",3,6543.95361328125,0
"52221",3,7328.97644042969,1870.15319824219
"50293",1,668.461303710938,0
"3530",3,2546.01794433594,69.75390625
"20463",1,1450.84814453125,0
"65435",232,623562.725097656,231.902587890625
"2035",5,3439.75158691406,0
"56193",1,1101.46276855469,0
"54625",1,676.525024414062,0
"56805",1,1189.52294921875,0
"42033",1,220.445938110352,0
"17350",8,11777.1705932617,563.759216308594
"36393",1,150.543502807617,0
"2831",1,793.463256835938,0
"37405",14,35703.5173339844,59.595458984375
"45408",3,8666.40356445312,9.197998046875
"19459",1,1630.33129882812,0
"24043",1,1556.099609375,0
"52154",8,22082.7912597656,2489.85009765625
"31751",1,1000.50988769531,0
"57357",1,243.076843261719,0
"19203",3,4907.80139160156,134.460327148438
"76742",1,181.364532470703,0
"10657",2,1545.65762329102,1059.94076538086
"54593",1,3075.11376953125,0
"23417",1,319.381805419922,0
"61498",1,488.453277587891,0
"54640",1,2306.33544921875,0
"39264",1,580.903625488281,0
"3237",1,93.0422744750977,0
"47309",2,5376.84716796875,492.33349609375
"43619",2,4696.46081542969,928.043090820312
"14010",1,356.041320800781,0
"1528",1,425.347564697266,0
"15956",1,1260.93908691406,0
"8231",2,1463.13464355469,944.462768554688
"22215",1,55.0717964172363,0
"37241",1,1422.19653320312,0
"12337",1,635.287292480469,0
"61750",1,1969.10668945312,0
"25365",1,991.778869628906,0
"76761",1,0.256943553686142,0
"35752",1,2205.16040039062,0
"66683",1,122.675727844238,0
"4083",1,101.626640319824,0
"6558",1,485.424102783203,0
"9435",1,786.368103027344,0
"420",2,894.920837402344,0
"76768",1,182.481964111328,0
"17503",1,492.654235839844,0
"76770",1,166.179565429688,0
"50480",1,243.076843261719,0
"2367",3,2143.19683837891,52.8777465820312
"35240",2,2877.49749755859,2045.99517822266
"12734",1,426.544525146484,0
"35577",1,2387.89379882812,0
"2509",1,103.715927124023,0
"23572",4,6706.96032714844,892.994750976562
"76778",1,220.852630615234,0
"66548",1,1751.45275878906,0
"55040",1,768.151489257812,0
"45319",1,2643.39428710938,0
"38932",2,3087.00366210938,2193.93823242188
"3617",1,435.961975097656,0
"628",1,235.571624755859,0
"76785",1,44.907054901123,0
"48113",2,5022.37915039062,921.264892578125
"32471",1,138.580978393555,0
"6621",1,88.2589263916016,0
"3050",1,680.338195800781,0
"38156",3,6253.376953125,1498.7431640625
"43172",1,476.227478027344,0
"37467",1,2554.63403320312,0
"66703",1,1723.49328613281,0
"29583",3,6173.12963867188,370.823974609375
"38170",1,77.5212020874023,0
"29861",1,959.779907226562,0
"51258",7,20423.1823730469,952.72314453125
"63992",168,452798.207519531,154.67529296875
"76799",1,17.155912399292,0
"13520",2,2160.01397705078,591.886169433594
"157",1,393.557586669922,0
"2695",4,2679.58883666992,494.264190673828
"56704",2,4392.08471679688,1708.03295898438
"2132",1,478.660369873047,0
"76805",1,325.892669677734,0
"158",1,393.557586669922,0
"36184",1,2493.47924804688,0
"946",1,399.461334228516,0
"4277",3,2720.35540771484,206.239013671875
"1875",1,185.199234008789,0
"65698",5,12545.0988769531,30.96533203125
"56004",2,3243.36000061035,2875.8777923584
"39185",16,39518.6294250488,2124.97360229492
"41465",66,182489.174804688,116.482421875
"44164",26,73982.8771972656,40.670654296875
"49142",1,240.733947753906,0
"7322",1,530.402770996094,0
"13009",1,1031.96264648438,0
"20876",1,637.254760742188,0
"2996",1,222.169708251953,0
"18221",4,6142.822265625,306.3349609375
"66530",1,1875.93334960938,0
"76823",1,0.286362409591675,0
"34040",1,2060.57055664062,0
"61501",9,23681.052734375,2071.43994140625
"49130",1,991.157287597656,0
"508",1,156.538070678711,0
"76828",1,14.2137804031372,0
"1671",1,634.847106933594,0
"47940",90,263898.295654297,2019.22631835938
"76831",1,11.8371858596802,0
"66894",1,192.281097412109,0
"4681",1,565.808288574219,0
"54418",1,2122.45776367188,0
"76835",1,11.5553913116455,0
"38721",2,5225.3095703125,0
"21745",3,5442.0361328125,0.0001220703125
"62966",1,2778.87670898438,0
"124",19,11728.4869689941,797.148010253906
"11002",1,143.307922363281,0
"76841",1,296.342559814453,0
"30402",1,1908.22497558594,0
"32940",15,33510.6528320312,756.322265625
"41713",3,8242.79345703125,11.964599609375
"39939",5,13363.8078613281,13.200927734375
"76846",1,43.3494529724121,0
"2074",1,300.055755615234,0
"76848",1,25.8647975921631,0
"35368",2,2402.89804077148,2255.19326782227
"39268",2,4462.39587402344,818.546020507812
"55052",1,2488.81079101562,0
"49833",3,6301.18365478516,2787.61224365234
"3443",1,148.227066040039,0
"21156",1,107.529205322266,0
"2318",1,370.414031982422,0
"5772",2,2130.27624511719,25.4573974609375
"51488",24,71263.4159545898,2219.33258056641
"76858",1,42.908031463623,0
"17095",2,1980.70672607422,1197.70782470703
"35241",1,684.7666015625,0
"54317",1,1876.37573242188,0
"46591",2,5594.31591796875,224.9072265625
"25529",5,10040.4986572266,40.850830078125
"44849",1,1512.50219726562,0
"58932",3,6942.51000976562,1903.9453125
"11282",15,18470.8779907227,898.931457519531
"76867",1,171.766204833984,0
"32656",1,139.638748168945,0
"1521",1,279.332733154297,0
"3433",1,165.665557861328,0
"36070",2,3301.50256347656,1356.58874511719
"2243",17,11687.8705425262,745.744508743286
"46287",2,5490.40234375,311.2939453125
"9477",1,344.036041259766,0
"9438",1,1228.7001953125,0
"35581",1,2043.24938964844,0
"1313",5,2657.9055480957,267.615203857422
"46565",5,13627.5732421875,971.318115234375
"32227",2,3972.65454101562,646.711181640625
"76880",1,897.887634277344,0
"57531",1,940.584106445312,0
"6463",1,657.498718261719,0
"66460",2,4437.732421875,0
"76884",1,10.0214433670044,0
"2586",1,514.008605957031,0
"9839",12,14368.1943359375,338.075805664062
"33492",9,21240.6237792969,34.35107421875
"65504",1,2477.9951171875,0
"3916",1,332.596282958984,0
"21753",1,1705.17138671875,0
"55653",1,2208.337890625,0
"16628",2,1904.86938476562,1133.5380859375
"34236",1,1988.69006347656,0
"42617",2,4684.75500488281,849.905151367188
"817",1,411.866088867188,0
"54811",4,12055.2211914062,247.97021484375
"2365",4,2857.61529541016,52.8777465820312
"61310",1,718.313659667969,0
"50883",1,427.008239746094,0
"31972",12,27573.18359375,53.426513671875
"76901",1,100.47917175293,0
"76902",1,366.252288818359,0
"37367",3,5656.29022216797,1992.61456298828
"22599",13,23368.0753173828,690.047485351562
"3394",1,217.980987548828,0
"29250",1,1016.27502441406,0
"22495",1,575.761535644531,0
"76908",1,477.909454345703,0
"3048",3,2111.52465820312,268.865112304688
"49329",1,844.092834472656,0
"38398",2,5196.8935546875,0
"76912",1,453.629364013672,0
"33140",7,16533.8337402344,34.35107421875
"342",1,371.392150878906,0
"76915",1,135.71354675293,0
"1292",1,200.711395263672,0
"20878",1,141.612167358398,0
"76918",1,271.643127441406,0
"2693",1,191.79426574707,0
"18806",2,1780.23777008057,1581.27004241943
"50460",1,182.307632446289,0
"31391",1,1263.20397949219,0
"5765",1,294.674652099609,0
"36",1,91.6391296386719,0
"3238",1,93.0422668457031,0
"16630",1,1542.66259765625,0
"65813",1,1246.73962402344,0
"17512",6,9230.50305175781,72.1429443359375
"66458",3,6675.11352539062,18.514892578125
"65394",1,2363.88061523438,0
"4554",1,380.457275390625,0
"19476",1,187.363998413086,0
"11004",1,39.0839767456055,0
"17945",1,1434.9375,0
"32616",1,721.466857910156,0
"10135",1,1178.29187011719,0
"76937",1,76.6044235229492,0
"76938",1,27.0591049194336,0
"76939",1,176.087585449219,0
"27380",1,578.093994140625,0
"22496",1,872.928771972656,0
"22962",1,356.956146240234,0
"25360",2,2954.67529296875,971.11767578125
"66768",1,749.233093261719,0
"31411",1,2273.88598632812,0
"66154",138,351359.868530273,1196.42517089844
"76947",1,54.8762283325195,0
"76948",1,13.900447845459,0
"11858",1,955.649353027344,0
"33353",2,4062.68908691406,377.924682617188
"3529",1,531.873596191406,0
"6456",1,894.629455566406,0
"17097",2,1635.49099731445,1447.57125854492
"56610",2,3908.4443359375,2198.5
"49832",1,2359.3671875,0
"50294",6,17700.0747070312,592.319091796875
"16591",1,1542.66259765625,0
"12630",53,73666.9210205078,144.630615234375
"971",1,155.346069335938,0
"76960",1,67.5465698242188,0
"11834",1,225.639434814453,0
"56990",1,2376.20678710938,0
"76963",1,643.823669433594,0
"54194",1,338.438110351562,0
"66889",1,831.971496582031,0
"10589",3,3785.20617675781,24.7003173828125
"31550",1,1068.72644042969,0
"17352",1,908.278747558594,0
"44474",15,40960.3157958984,1431.91931152344
"7824",1,1153.70495605469,0
"49145",1,240.733947753906,0
"54642",2,3596.74298095703,2551.20428466797
"54028",24,69573.5835342407,2985.07906341553
"76974",1,87.310676574707,0
"2316",1,266.698089599609,0
"783",1,512.192443847656,0
"65289",1,490.967620849609,0
"76978",1,81.1877517700195,0
"76979",1,2.00645327568054,0
"3539",1,148.227066040039,0
"55014",1,245.808471679688,0
"18657",1,829.032165527344,0
"49704",1,423.476165771484,0
"76984",1,437.649932861328,0
"763",1,501.216217041016,0
"20875",5,7849.5859375,1176.75732421875
"8676",29,33934.0521240234,50.09375
"2538",1,214.809585571289,0
"36276",1,2509.05834960938,0
"4915",1,861.066162109375,0
"25605",21,42206.5894775391,61.037841796875
"48573",2,4301.42541503906,1668.90368652344
"16903",1,478.225402832031,0
"29984",1,2024.16369628906,0
"22944",220,449487.183349609,435.8046875
"47337",1,2124.1044921875,0
"53460",8,22157.1734008789,2215.78753662109
"53670",1,92.3218231201172,0
"10077",5,5437.77334594727,1027.02877807617
"29285",2,2704.37493896484,1546.69488525391
"31160",47,100033.423736572,1741.12240600586
"60692",1,727.402893066406,0
"1455",1,608.216369628906,0
"44143",4,10388.2438964844,935.035888671875
"47943",3,6146.15100097656,2208.94079589844
"7169",2,2223.177734375,33.85546875
"65174",3,6937.85290527344,857.487426757812
"2358",1,474.129943847656,0
"34715",1,874.531677246094,0
"77010",1,0.298516452312469,0
"6094",1,603.605407714844,0
"32482",1,2327.3125,0
"21774",3,3723.48487854004,1526.69309997559
"1477",2,960.981842041016,218.957855224609
"42388",52,145498.73828125,88.142822265625
"2526",1,552.367492675781,0
"22057",1,1633.79663085938,0
"61087",13,37519.6057128906,27.593505859375
"77019",1,165.623870849609,0
"24329",1,1805.84399414062,0
"55998",2,5267.2451171875,857.45849609375
"16469",1,1496.38269042969,0
"1911",2,841.42350769043,387.37629699707
"4825",1,78.0425186157227,0
"36256",1,1944.91381835938,0
"43191",3,8392.88916015625,11.125244140625
"48019",3,8915.46606445312,0
"45538",1,1037.76086425781,0
"66829",1,315.740203857422,0
"57683",2,4124.7978515625,1943.48681640625
"63615",3,5750.95220947266,2254.71282958984
"50273",1,1759.80261230469,0
"1145",1,17.4460716247559,0
"61314",1,2873.25463867188,0
"6039",1,689.834777832031,0
"49131",1,840.981994628906,0
"15111",2,2413.95104980469,529.891723632812
"60159",6,17646.7600097656,15.554931640625
"77039",1,610.013488769531,0
"1902",1,55.0360260009766,0
"31415",2,4565.75952148438,17.987548828125
"19072",1,1126.10510253906,0
"49518",1,1932.69506835938,0
"77044",1,1044.99682617188,0
"4167",1,923.878479003906,0
"66266",2,3933.15808105469,721.466918945312
"46410",1,1955.1650390625,0
"499",1,393.716979980469,0
"35256",1,2298.859375,0
"43177",8,22013.1340332031,308.147216796875
"66887",1,1575.43530273438,0
"77052",1,262.348602294922,0
"786",1,100.326354980469,0
"77054",1,320.295227050781,0
"13993",1,1153.57385253906,0
"24929",1,1962.896484375,0
"115",1,141.680725097656,0
"5671",1,968.216613769531,0
"31222",1,612.836669921875,0
"61807",1,1027.35998535156,0
"65398",9,22305.6656494141,1136.39050292969
"48370",1,327.646484375,0
"38935",341,982902.052719116,2804.48414611816
"66507",7,14906.7487792969,239.945068359375
"10656",3,2498.16012573242,958.651702880859
"13464",1,1400.11413574219,0
"8208",1,954.827758789062,0
"45540",1,2709.708984375,0
"7113",1,214.418151855469,0
"465",8,3216.1457824707,156.538055419922
"47032",2,4167.11828613281,1702.06237792969
"77072",1,162.150421142578,0
"14009",2,1956.26013183594,759.961303710938
"12425",2,1903.10333251953,848.796813964844
"51808",1,183.741104125977,0
"55822",3,6044.12635803223,2823.99815368652
"40797",1,1190.84716796875,0
"77078",1,1.2038289308548,0
"44876",2,3360.07070922852,2386.43856811523
"109",1,55.0980606079102,0
"12336",1,567.703491210938,0
"46401",25,71790.0874023438,2008.83032226562
"56397",1,427.932250976562,0
"20043",1,1346.06799316406,0
"2528",3,2255.50054931641,46.0306396484375
"22672",1,612.907470703125,0
"54831",1,676.274169921875,0
"22484",1,1064.72143554688,0
"65402",1,1849.99353027344,0
"51806",6,16768.1502685547,1627.83068847656
"16899",10,14858.9194335938,238.793701171875
"18788",1,132.645141601562,0
"77093",1,49.6884727478027,0
"30927",4,8949.5244140625,0
"32641",24,55245.1762084961,1917.24591064453
"59859",1,914.545043945312,0
"7045",3,3286.60137939453,149.325134277344
"2444",4,3016.01025390625,26.3489990234375
"28775",4,7652.88415527344,900.096557617188
"55650",1,92.0140762329102,0
"5599",1,178.909606933594,0
"45925",1,174.050888061523,0
"15567",1,912.329833984375,0
"51303",3,8078.232421875,1106.09008789062
"19044",1,1475.67724609375,0
"917",9,4752.30102539062,0
"77107",1,44.2894134521484,0
"10693",2,2135.46148681641,371.542419433594
"77109",1,1.06799077987671,0
"55236",1,2303.2578125,0
"31145",1,1624.11950683594,0
"17777",1,572.114624023438,0
"77113",1,33.0359840393066,0
"6988",1,756.106140136719,0
"24040",3,4068.93301391602,1631.03329467773
"55627",1,1870.95300292969,0
"56228",2,3398.9098815918,2725.79373168945
"7770",1,253.815078735352,0
"244",1,25.2315769195557,0
"61937",1,2673.09399414062,0
"42045",3,8266.72265625,0
"57696",3,7748.33312988281,1335.69396972656
"24795",4,7552.2490234375,195.1025390625
"66496",1,374.030242919922,0
"42360",78,216873.829833984,102.005126953125
"41423",1,81.9431076049805,0
"25801",1,1442.92468261719,0
"5615",1,326.246917724609,0
"10672",1,140.602249145508,0
"47500",1,1711.08422851562,0
"44713",1,799.057800292969,0
"66579",11,23647.6685791016,440.103881835938
"58921",5,12859.499206543,2059.76348876953
"61225",2,3103.86817932129,2642.64109802246
"57689",1,2090.42309570312,0
"33222",4,9516.26586914062,33.983642578125
"27936",1,1746.47326660156,0
"7514",26,29778.5415649414,267.129943847656
"42749",1,611.352905273438,0
"4062",1,27.7163562774658,0
"25358",2,2954.67535400391,971.117614746094
"1079",1,554.807373046875,0
"55440",1,245.534942626953,0
"45673",3,6506.701171875,2168.900390625
"77145",1,133.211273193359,0
"8214",2,1933.23150634766,424.367858886719
"36281",1,2509.05834960938,0
"77148",1,1.49324023723602,0
"49675",1,2929.24072265625,0
"52045",4,10834.9658203125,1445.42822265625
"77151",1,58.6905288696289,0
"77152",1,35.9389953613281,0
"65526",123,311918.034667969,150.908447265625
"441",1,447.46044921875,0
"63136",2,5546.20678710938,11.546630859375
"77156",1,208.131530761719,0
"6761",1,1128.5166015625,0
"2704",1,682.78759765625,0
"59654",5,14328.7756347656,406.6162109375
"75",1,122.002853393555,0
"55844",1,2970.48120117188,0
"44035",2,3240.39895629883,2447.03512573242
"77163",1,0.300917416810989,0
"60704",6,15371.2942504883,2103.46551513672
"5590",6,6338.85345458984,255.016784667969
"62198",34,95566.9711914062,54.5654296875
"77167",1,3.70965623855591,0
"26118",2,4048.81689453125,0
"283",1,420.526275634766,0
"66855",1,1015.84674072266,0
"1470",1,170.300582885742,0
"39965",1,880.268798828125,0
"31594",3,6299.72302246094,503.770385742188
"38344",36,94724.1030273438,96.64208984375
"601",1,474.357788085938,0
"4088",3,2485.23327636719,286.40234375
"44142",5,11645.2333374023,2532.03839111328
"38166",1,2584.0400390625,0
"177",2,788.086700439453,106.834136962891
"22652",1,111.437713623047,0
"3011",2,1639.369140625,0
"30759",1,425.102386474609,0
"668",1,220.535140991211,0
"38825",1,2626.6630859375,0
"77185",1,37.1457443237305,0
"4651",1,975.531494140625,0
"77187",1,280.001281738281,0
"6616",4,3585.51885986328,485.424072265625
"57161",1,2281.91455078125,0
"1704",3,1832.14959716797,112.4423828125
"32993",1,1500.64733886719,0
"53318",7,21110.4990234375,431.03125
"66480",3,6292.50903320312,308.02490234375
"37785",1,2569.435546875,0
"58076",2,6044.66577148438,4.993896484375
"77196",1,363.4609375,0
"21892",2,3649.73864746094,21.7144775390625
"39374",3,7948.62573242188,13.6064453125
"31325",2,4511.44287109375,0
"77200",1,39.5839042663574,0
"45678",1,2891.8671875,0
"16636",2,1735.17649841309,1303.23097229004
"77203",1,51.5498237609863,0
"6745",1,1103.23657226562,0
"65591",1,431.738250732422,0
"15585",1,164.518493652344,0
"54501",128,393197.448730469,34.84130859375
"1098",1,482.674621582031,0
"53666",1,523.157043457031,0
"66746",1,213.628845214844,0
"9838",1,902.521423339844,0
"50860",1,1949.70812988281,0
"77213",1,202.162078857422,0
"15723",620,1033087.43884277,624.29443359375
"47060",1,2024.86730957031,0
"25783",3,5449.50061035156,480.511108398438
"17959",3,4742.33520507812,25.28662109375
"4283",1,845.271911621094,0
"17779",1,270.165222167969,0
"2327",1,185.207015991211,0
"34678",1,2429.25463867188,0
"34853",6,14591.8681640625,16.34033203125
"45394",1,1614.29479980469,0
"36407",2,5033.5029296875,15.38623046875
"47575",1,88.7277603149414,0
"77226",1,12.3982667922974,0
"344",1,223.730209350586,0
"77228",1,0.758079528808594,0
"14523",1,275.139312744141,0
"59097",1,1578.66040039062,0
"65414",3,6889.60192871094,862.518188476562
"47946",1,1571.353515625,0
"24046",5,9526.64575195312,78.60302734375
"54432",1,1199.65014648438,0
"77235",1,1074.83386230469,0
"12880",208,291769.816162109,335.705322265625
"77237",1,16.9179134368896,0
"26955",2,2827.74853515625,1341.22119140625
"19205",1,369.765869140625,0
"37983",7,17103.4331054688,1113.91162109375
"409",5,2452.28405761719,80.5730285644531
"4686",1,975.531494140625,0
"5668",6,6031.84063720703,147.337280273438
"2681",1,767.177062988281,0
"4827",1,1001.23974609375,0
"46413",1,496.086639404297,0
"38",1,172.28157043457,0
"56974",1,1005.31823730469,0
"77249",1,181.684356689453,0
"54384",1,522.924377441406,0
"77251",1,15.2184000015259,0
"77252",1,36.1346054077148,0
"13991",1,42.7249565124512,0
"78",1,240.070129394531,0
"13292",2,1719.93762207031,729.253540039062
"6143",1,776.064086914062,0
"40160",1,2224.96606445312,0
"7110",1,214.418167114258,0
"40457",1,2693.67895507812,0
"77260",1,263.591766357422,0
"61122",1,2882.66918945312,0
"51631",1,1285.03991699219,0
"5336",4,4030.58581542969,25.626708984375
"77264",1,0.306235164403915,0
"56394",1,519.632019042969,0
"58141",1,90.4385147094727,0
"12319",2,2678.9658203125,24.38427734375
"635",1,95.2310791015625,0
"38791",3,7472.19262695312,365.771728515625
"35589",1,1033.93347167969,0
"42313",2,5522.904296875,11.755859375
"37223",1,2336.4658203125,0
"973",1,277.403686523438,0
"62170",2,5581.88110351562,85.003173828125
"7678",20,23460.057800293,271.125061035156
"62709",1,1008.48175048828,0
"2525",1,444.962707519531,0
"22654",3,5085.99353027344,464.323852539062
"3436",2,1482.126953125,313.748901367188
"54219",1,2215.23120117188,0
"77281",1,5.07954931259155,0
"2803",3,1721.81521606445,571.293548583984
"77283",1,10.8473415374756,0
"2587",2,1307.47186279297,279.454650878906
"65888",3,7417.16284179688,15.9619140625
"52142",1,2821.76513671875,0
"40108",20,52287.4465332031,1225.267578125
"15898",1,284.168304443359,0
"4652",1,975.531494140625,0
"39701",1,2654.07739257812,0
"60866",1,638.186584472656,0
"7312",2,1475.64706420898,730.826080322266
"2980",3,2047.13522338867,333.254547119141
"77294",1,91.4118804931641,0
"51490",1,2723.06079101562,0
"34003",33,76789.2416992188,122.126220703125
"3411",1,706.258422851562,0
"350",1,147.66194152832,0
"51254",1,183.20832824707,0
"53494",1,953.921447753906,0
"53116",2,4276.35998535156,1877.05993652344
"77302",1,31.3751430511475,0
"43302",2,2857.36486816406,2409.15075683594
"48898",2,2727.8307800293,2248.2121887207
"47033",1,968.414794921875,0
"77306",1,37.7733993530273,0
"7767",1,161.518692016602,0
"39592",1,1910.93566894531,0
"45",1,120.963653564453,0
"77310",1,175.063552856445,0
"33328",1,2031.34460449219,0
"35365",2,3963.41162109375,960.0810546875
"47788",2,5284.3798828125,659.26416015625
"37777",4,10306.951171875,14.6044921875
"77315",1,88.9039154052734,0
"15388",3,3240.24731445312,1080.12133789062
"58446",2,3003.50714111328,1681.96405029297
"34380",1,1544.14514160156,0
"18808",1,99.4838562011719,0
"6090",1,420.368041992188,0
"1660",1,634.847106933594,0
"32637",1,1419.66064453125,0
"31133",2,3000.10949707031,879.731323242188
"412",11,5325.33044433594,53.7557983398438
"28880",19,40200.7515869141,419.725952148438
"17514",29,42256.8512573242,946.206970214844
"52226",5,15337.5031738281,4.3291015625
"77328",1,0.305347204208374,0
"7123",1,1004.37976074219,0
"6234",3,2236.77952575684,984.67121887207
"3143",1,500.007568359375,0
"35270",1,2461.74633789062,0
"5669",1,873.499816894531,0
"77334",1,27.1397514343262,0
"50079",1,757.399658203125,0
"41416",4,8606.58117675781,2118.14099121094
"32674",3,5191.19158935547,1772.00177001953
"23870",1,1101.99353027344,0
"8871",1,1203.79870605469,0
"45131",1,488.453308105469,0
"2792",1,793.463256835938,0
"77342",1,118.620834350586,0
"66075",2,4841.9814453125,16.52783203125
"64109",9,24319.24609375,38.375
"77345",1,79.0958404541016,0
"28021",5,9750.09973144531,632.597534179688
"30145",24,52764.662109375,75.09375
"6645",1,1103.23657226562,0
"1276",1,255.875717163086,0
"32048",34,80784.9675292969,155.36865234375
"77351",1,89.9292221069336,0
"65392",1,2569.435546875,0
"77353",1,689.676147460938,0
"17065",2,3131.99560546875,0
"1353",1,133.807601928711,0
"28352",1,361.032257080078,0
"21606",32,56737.1466064453,154.97265625
"7837",1,576.852478027344,0
"6034",1,420.368072509766,0
"7111",1,282.129150390625,0
"12384",1,40.5502510070801,0
"50287",1,1093.84582519531,0
"52465",5,12847.0241699219,2485.69482421875
"48767",3,7062.14562988281,1912.36022949219
"37231",2,5003.08422851562,76.189208984375
"50050",13,36345.1958007812,2700.88647460938
"3545",1,313.892608642578,0
"19061",1,1680.75390625,0
"45893",1,2813.82275390625,0
"35216",3,7336.78491210938,0
"77371",1,0.0501216202974319,0
"38161",2,4728.79321289062,439.286865234375
"10418",3,3785.20617675781,24.7003173828125
"65896",3,7385.23901367188,0
"54394",2,3137.54641723633,2645.38229370117
"117",1,240.070129394531,0
"16095",1,258.2646484375,0
"17917",1,1563.92065429688,0
"28227",3,6073.83703613281,297.320678710938
"3041",1,663.944519042969,0
"66423",1,2237.38110351562,0
"2593",1,84.3894805908203,0
"19582",1,51.0992736816406,0
"12453",1,1270.57458496094,0
"13524",4,4912.48248291016,832.051452636719
"36388",1,200.724670410156,0
"56323",1,3056.65893554688,0
"57534",1,2032.87536621094,0
"45392",1,172.960144042969,0
"13472",2,1904.15521240234,812.066223144531
"46684",2,3423.98529052734,2428.98101806641
"8212",1,129.66796875,0
"77393",1,48.1920967102051,0
"824",1,438.267761230469,0
"77395",1,0.187871649861336,0
"4558",1,653.606079101562,0
"66628",7,14670.1928710938,19.69970703125
"64933",2,3586.06964111328,1694.87225341797
"3389",1,236.834869384766,0
"47712",7,19704.7985839844,976.00537109375
"58286",1,240.733947753906,0
"50530",1,334.680786132812,0
"7768",1,449.944946289062,0
"77404",1,351.524963378906,0
"37225",2,3083.16467285156,1965.72448730469
"16086",1,45.5761108398438,0
"38713",3,7851.97265625,14.00830078125
"29815",21,46238.7062988281,75.09375
"55671",106,320076.758789062,93.03564453125
"5613",1,199.957778930664,0
"77411",1,36.8722038269043,0
"56972",1,182.785140991211,0
"14994",296,437044.59387207,353.463134765625
"77414",1,51.7637519836426,0
"31137",2,4529.607421875,18.16455078125
"3548",1,488.277404785156,0
"4684",2,1599.87164306641,351.191345214844
"41385",1,1830.06274414062,0
"77419",1,90.3950042724609,0
"9836",2,1629.18283081055,927.221710205078
"77421",1,12.3950986862183,0
"40158",5,11956.4479980469,1327.14013671875
"1283",1,180.276062011719,0
"44570",1,542.2177734375,0
"65418",4,10116.0007324219,220.159423828125
"1755",1,112.442390441895,0
"48777",1,239.809295654297,0
"47792",2,3468.8369140625,2460.798828125
"25799",1,280.568695068359,0
"66079",1,1061.59973144531,0
"48756",1,568.385375976562,0
"43002",27,75252.1813964844,56.677734375
"40293",84,229963.868896484,1777.4873046875
"4826",1,1001.23974609375,0
"17340",7,10336.5762939453,415.144165039062
"33214",1,2362.02856445312,0
"49837",3,7718.08483886719,1275.19738769531
"77438",1,138.337707519531,0
"46962",12,34989.4038085938,42.72314453125
"5588",1,936.644348144531,0
"47526",1,1652.08129882812,0
"77442",1,41.8494911193848,0
"17912",7,11246.3913574219,200.305053710938
"1906",1,55.0360260009766,0
"77445",1,130.9287109375,0
"47945",1,415.074493408203,0
"65933",2,4488.84436035156,402.345581054688
"61805",2,5536.3291015625,171.2265625
"20873",1,637.254760742188,0
"66604",1,127.423156738281,0
"66467",1,1531.01770019531,0
"3995",1,923.878601074219,0
"6562",5,5085.92059326172,430.262268066406
"33557",1,1251.87512207031,0
"40790",1,2625.27685546875,0
"33690",1,594.778137207031,0
"3657",1,170.608200073242,0
"36362",2,3351.97216796875,1545.4501953125
"5335",1,1026.86645507812,0
"5976",18,19774.9577636719,132.867797851562
"50416",73,222926.025390625,32.5498046875
"18538",563,1043552.79858398,557.721435546875
"50270",1,1274.33984375,0
"2511",1,59.2662467956543,0
"35249",1,195.647598266602,0
"47156",9,26426.6494140625,15.994873046875
"77467",1,258.284912109375,0
"77468",1,1.10285174846649,0
"49331",1,1085.26220703125,0
"36579",1,2433.78662109375,0
"15589",1,1495.62268066406,0
"6142",1,959.301452636719,0
"37374",9,23020.720703125,44.4033203125
"3054",1,180.330612182617,0
"54301",48,147622.799316406,8.207275390625
"7271",1,33.8554992675781,0
"58175",75,221331.892822266,108.326171875
"57690",1,2029.8310546875,0
"38172",4,8628.13812255859,1599.26055908203
"46136",1,2813.82275390625,0
"58135",1,90.4385147094727,0
"3964",2,1690.69769287109,157.059387207031
"77483",1,105.90202331543,0
"2699",2,1511.33880615234,23.0153198242188
"4056",1,923.878540039062,0
"49450",2,5371.2373046875,668.4345703125
"65020",69,180627.056640625,1125.33764648438
"64981",2,5068.55029296875,156.75927734375
"55424",1,245.534942626953,0
"160",1,393.557586669922,0
"50261",1,940.584106445312,0
"77492",1,12.1460828781128,0
"38157",1,801.052429199219,0
"11835",1,106.183258056641,0
"65580",1,1904.7275390625,0
"4829",1,971.202575683594,0
"4697",1,975.531494140625,0
"1474",1,267.615203857422,0
"19074",3,4386.76770019531,605.071411132812
"59485",2,3940.8232421875,1988.8125
"11303",1,78.1679534912109,0
"510",1,156.538070678711,0
"77503",1,0.147192135453224,0
"3006",1,295.086456298828,0
"8908",1,373.177581787109,0
"40113",1,373.447357177734,0
"77507",1,1312.83837890625,0
"77508",1,25.75758934021,0
"45439",6,17248.7263183594,19.045166015625
"1066",210,143487.471862793,369.904479980469
"66868",1,1397.87976074219,0
"45326",3,6273.16644287109,2317.70562744141
"3140",1,49.1810760498047,0
"42390",24,66804.0329589844,89.83251953125
"49492",1,994.823669433594,0
"5338",1,1026.86645507812,0
"10067",1,313.37548828125,0
"54445",26,79634.1513671875,245.170166015625
"19068",1,134.460311889648,0
"126",20,12594.9402923584,854.646591186523
"43197",7,18970.8220214844,616.29443359375
"77522",1,162.364044189453,0
"1759",1,291.027374267578,0
"51995",1,1778.93884277344,0
"77525",1,1742.84765625,0
"55021",5,14176.1129150391,1202.42028808594
"3447",1,584.189025878906,0
"66476",1,66.0053329467773,0
"54480",243,744939.634033203,47.79541015625
"48760",1,1675.24108886719,0
"36586",2,4591.57690429688,426.539794921875
"47249",2,5877.068359375,7.8876953125
"10008",1,413.655639648438,0
"33570",3,7137.1533203125,33.983642578125
"41724",5,13693.7028808594,12.172607421875
"3546",1,366.208038330078,0
"27378",1,165.169708251953,0
"12171",2,1367.84102249146,1286.74052047729
"11772",1,1035.28674316406,0
"33386",2,4724.05712890625,0
"64937",24,62075.7145843506,2533.47657775879
"48718",1,2153.88134765625,0
"17783",1,572.114624023438,0
"40262",1,1930.09118652344,0
"52326",1,184.15119934082,0
"10417",1,1099.25390625,0
"53900",66,202871.573730469,10.258056640625
"55814",1,1869.56323242188,0
"60867",17,46549.9573822021,2744.10585021973
"54002",1,1877.0712890625,0
"14530",1,970.228088378906,0
"6084",1,894.629455566406,0
"60822",1,2813.82275390625,0
"31943",2,3007.63922119141,1503.89984130859
"10595",8,8564.19917297363,1151.24577331543
"22053",1,660.861572265625,0
"3434",1,165.665557861328,0
"43169",1,306.923400878906,0
"3788",1,646.515319824219,0
"1525",1,336.468963623047,0
"8870",1,1203.79870605469,0
"32643",1,2001.48876953125,0
"12884",1,192.633010864258,0
"9406",1,958.386169433594,0
"77565",1,18.720645904541,0
"2512",1,125.940773010254,0
"2676",1,636.756958007812,0
"28019",2,3894.08361816406,274.886108398438
"49686",14,41643.1313476562,518.98974609375
"5763",1,231.530075073242,0
"58600",1,2757.80688476562,0
"77572",1,357.271423339844,0
"2590",1,253.168426513672,0
"1476",1,133.807601928711,0
"66781",1,422.644317626953,0
"21760",1,199.54133605957,0
"3607",1,270.296417236328,0
"50264",1,424.779937744141,0
"32467",1,1408.90661621094,0
"1289",1,608.216369628906,0
"2369",3,2143.19683837891,52.8777465820312
"30639",1,976.301086425781,0
"77583",1,11.8678197860718,0
"45792",3,7847.48266601562,800.52490234375
"66863",1,1738.38879394531,0
"37011",1,1701.55651855469,0
"17101",1,1299.77819824219,0
"251",16,9935.94827270508,399.158294677734
"22043",1,907.006042480469,0
"6454",1,1077.86682128906,0
"55365",26,76848.9499511719,2545.37426757812
"56978",1,243.713516235352,0
"57516",1,1335.02258300781,0
"77594",1,335.413604736328,0
"77595",1,542.133361816406,0
"29049",2,4114.72729492188,171.447021484375
"3052",1,549.188659667969,0
"5184",1,575.045227050781,0
"46883",1,1375.44702148438,0
"3960",1,461.939270019531,0
"54386",1,1784.09497070312,0
"20886",3,3451.79658126831,1717.04753494263
"45649",1,2891.8671875,0
"77604",1,198.074325561523,0
"43443",1,868.414794921875,0
"2697",1,467.977996826172,0
"54634",1,584.271606445312,0
"77608",1,1.68480694293976,0
"3141",1,180.330612182617,0
"77610",1,499.812683105469,0
"47117",1,2030.30969238281,0
"4557",1,946.265563964844,0
"77613",1,239.440795898438,0
"50875",1,670.212158203125,0
"2790",1,793.463256835938,0
"55431",6,17461.39453125,953.271484375
"22196",11,19924.4947509766,556.99365234375
"77618",1,56.5961761474609,0
"77619",1,13.8798828125,0
"55466",1,2117.73876953125,0
"22967",1,1465.39892578125,0
"4914",1,941.165405273438,0
"77623",1,78.7973556518555,0
"61795",1,228.302230834961,0
"66786",1,1075.82202148438,0
"5612",1,147.337326049805,0
"52791",1,3073.9736328125,0
"55366",2,3500.69641113281,2641.32409667969
"59980",1,1235.8408203125,0
"77630",1,5.66235303878784,0
"1757",2,800.203567504883,469.490646362305
"39112",1,1392.13146972656,0
"6093",1,64.6720123291016,0
"58540",2,4310.453125,1672.55078125
"54420",1,184.561553955078,0
"10055",3,3686.00085449219,49.7032470703125
"2127",1,400.074340820312,0
"10597",1,779.703369140625,0
"77639",1,53.629150390625,0
"53315",1,1292.21813964844,0
"26947",1,2044.59545898438,0
"34719",1,1360.38256835938,0
"30016",1,308.02490234375,0
"58756",2,5235.12841796875,747.87548828125
"10429",1,1035.34387207031,0
"19065",1,1546.29357910156,0
"46010",22,63498.6870117188,37.22412109375
"57525",1,333.755645751953,0
"2320",1,229.656707763672,0
"5587",6,6374.76470947266,395.970153808594
"39831",11,26922.5166015625,1907.1826171875
"49709",1,1088.93872070312,0
"220",1,71.4894638061523,0
"31343",6,13588.6452636719,36.152099609375
"77655",1,191.963302612305,0
"44348",17,48071.5583496094,52.439697265625
"77657",1,22.4339618682861,0
"34915",2,2963.69067382812,1894.81860351562
"2039",1,687.950317382812,0
"49703",1,514.221069335938,0
"765",1,501.216217041016,0
"4085",1,591.282287597656,0
"77663",1,1.25442492961884,0
"21591",1,143.372268676758,0
"1278",1,290.767852783203,0
"49655",1,2023.29016113281,0
"55025",22,67673.9384765625,4.7880859375
"59267",1,2793.5126953125,0
"2542",1,636.756958007812,0
"53138",2,5815.43798828125,338.89404296875
"29254",2,4362.6357421875,0
"34712",1,1360.38256835938,0
"29391",4,8591.38110351562,38.568115234375
"3656",2,1372.84750366211,474.909576416016
"2",1,57.7193069458008,0
"4919",1,831.028991699219,0
"44560",142,399158.625244141,190.530029296875
"15417",4,5330.49243164062,461.914306640625
"2674",1,467.977996826172,0
"21154",1,1344.11511230469,0
"53674",1,92.3218231201172,0
"3963",1,157.059356689453,0
"64737",1,660.117736816406,0
"50497",1,669.361633300781,0
"54224",2,4091.34014892578,2060.71160888672
"17499",2,2828.78894042969,349.625610351562
"55816",1,950.105895996094,0
"36722",1,75.7333374023438,0
"66896",1,384.562164306641,0
"2362",2,1455.24652099609,26.4096069335938
"19067",1,521.03369140625,0
"50731",5,12557.6088867188,2463.73315429688
"42591",14,37230.1267089844,1155.58154296875
"54644",1,430.515930175781,0
"54850",1,2643.6171875,0
"21782",2,2289.22958374023,1382.22354125977
"25371",1,158.684616088867,0
"10064",1,175.490280151367,0
"29248",1,410.834594726562,0
"2993",1,682.37841796875,0
"55805",1,858.16015625,0
"77702",1,32.6002807617188,0
"26792",12,24494.4493408203,40.2130126953125
"22482",1,1523.65307617188,0
"3045",1,680.338195800781,0
"38246",4,10113.4821777344,193.468994140625
"45429",1,172.960144042969,0
"77708",1,0.151920363306999,0
"1526",2,874.852142333984,341.580596923828
"49918",1,90.8879623413086,0
"62254",49,136583.690673828,1220.2275390625
"49102",1,1171.36779785156,0
"36250",1,74.8043746948242,0
"57530",1,1850.82678222656,0
"1708",1,330.712921142578,0
"37396",2,5109.26806640625,0
"35755",9,20909.8699951172,1148.56091308594
"24793",4,7688.935546875,79.078369140625
"77719",1,22.7699565887451,0
"40441",1,1562.33374023438,0
"48572",2,3493.71987915039,2476.60922241211
"33332",1,401.544830322266,0
"15112",4,4421.38285827637,1354.16767883301
"2232",1,378.641784667969,0
"77725",1,249.092910766602,0
"36576",2,3352.43383789062,1696.45532226562
"77727",1,358.564331054688,0
"36724",1,908.800048828125,0
"1879",1,460.926727294922,0
"77730",1,138.38298034668,0
"52626",10,30183.2019042969,522.343017578125
"42616",1,166.732604980469,0
"501",1,393.716949462891,0
"54647",1,1198.84973144531,0
"22346",5,9200.05578613281,43.283203125
"9584",225,304241.346557617,657.998413085938
"77737",1,66.354850769043,0
"59305",1,2223.61328125,0
"77739",1,178.192733764648,0
"39115",1,79.2141265869141,0
"788",1,469.949768066406,0
"2975",3,2380.38977050781,0
"41236",6,14168.305847168,2120.86456298828
"14029",1,469.974517822266,0
"32604",1,69.8193740844727,0
"59096",2,4378.54858398438,1578.66040039062
"30018",1,484.039154052734,0
"77748",1,0.24617463350296,0
"65314",2,4743.19995117188,453.693603515625
"55852",8,20928.0892181396,2822.14784240723
"59674",3,8039.28857421875,833.487548828125
"5675",23,22854.8864746094,321.752136230469
"77753",1,43.2505569458008,0
"38302",1,1221.27001953125,0
"77755",1,5.88527393341064,0
"61178",2,4958.19116210938,807.147216796875
"41862",15,40764.4145507812,82.308349609375
"20705",1,332.121887207031,0
"39835",1,453.471801757812,0
"31347",3,6821.48095703125,36.152099609375
"5333",3,3080.59936523438,0
"35034",2,4475.43884277344,415.751098632812
"3895",1,71.8350372314453,0
"40251",47,126874.311035156,113.252685546875
"49314",1,1083.302734375,0
"1074",4,2299.41448974609,26.7283325195312
"37553",1,638.658508300781,0
"77768",1,2.46687889099121,0
"44020",1,2833.44213867188,0
"51249",2,5584.44067382812,515.677001953125
"10430",1,140.602249145508,0
"53926",2,6154.33203125,0
"44847",1,542.2177734375,0
"35389",1,147.704772949219,0
"13501",1,1246.10168457031,0
"6259",3,2360.52833557129,873.072128295898
"40166",1,455.715972900391,0
"47967",4,11636.0942382812,244.189697265625
"66130",1,455.242309570312,0
"59612",4,11363.2634277344,517.0205078125
"44883",2,3169.36737060547,2195.73516845703
"111",1,393.557586669922,0
"7310",1,564.25830078125,0
"33701",2,3758.99780273438,475.822509765625
"56139",37,110948.586608887,2492.64605712891
"66161",3,7116.47802734375,104.98779296875
"66291",4,9100.150390625,138.5810546875
"12344",2,1773.34353637695,881.238006591797
"3142",1,319.676971435547,0
"26324",7,14109.8198242188,20.346435546875
"6552",1,860.524536132812,0
"60109",2,4167.11828613281,1702.06237792969
"7830",1,703.760009765625,0
"20724",1,548.747131347656,0
"278",3,1261.54428100586,53.90283203125
"37256",3,7648.90478515625,14.997314453125
"2791",1,793.463256835938,0
"55068",1,1444.12475585938,0
"34764",1,2429.25463867188,0
"63534",1,1755.91015625,0
"42615",184,487969.100341797,1095.09814453125
"77802",1,6.75661516189575,0
"49835",1,1603.15979003906,0
"59667",1,976.00537109375,0
"7049",61,78036.8432617188,290.869506835938
"54525",2,3504.48956298828,2643.45770263672
"77807",1,91.5410003662109,0
"65491",1,281.009735107422,0
"15384",2,2434.28900146484,461.914367675781
"37348",15,38407.3381347656,44.4033203125
"77811",1,1.75452411174774,0
"57838",1,90.7448959350586,0
"919",1,528.033447265625,0
"66600",1,700.827331542969,0
"9016",4,4765.19677734375,24.9990234375
"38405",1,2598.44677734375,0
"36363",1,200.724670410156,0
"47548",2,2809.26554870605,2455.24812316895
"663",1,320.778381347656,0
"46403",7,19426.3000488281,1066.96997070312
"21778",1,1360.50903320312,0
"46079",3,7658.23913574219,1044.30529785156
"22032",1,108.840728759766,0
"1532",1,526.923095703125,0
"31161",1,744.388061523438,0
"18398",1,98.1145401000977,0
"35369",2,2476.43141174316,2082.55198669434
"53267",1,1876.79309082031,0
"4799",1,107.308464050293,0
"2128",1,78.5860290527344,0
"51682",1,2541.751953125,0
"7774",3,3022.70697021484,219.203979492188
"28359",1,1953.82165527344,0
"66687",2,3765.39978027344,283.417114257812
"246",1,164.005249023438,0
"62877",4,10200.6644287109,1026.51574707031
"77837",1,124.150344848633,0
"2371",4,2804.62268066406,79.4022216796875
"37242",3,6658.87036132812,899.0771484375
"5619",3,2481.98056030273,751.619903564453
"53681",1,2123.40185546875,0
"15419",1,367.980346679688,0
"37248",1,638.658508300781,0
"2789",1,547.489624023438,0
"49274",1,993.027526855469,0
"4653",1,975.531494140625,0
"57375",1,334.230651855469,0
"8096",6,6547.93286132812,509.632385253906
"1756",2,727.446723937988,542.247489929199
"10075",1,75.2101135253906,0
"7294",1,756.106140136719,0
"77852",1,13.6023645401001,0
"11000",1,938.015380859375,0
"51800",1,949.3291015625,0
"57103",5,13265.5299072266,1947.23376464844
"25366",13,23442.544921875,1467.00708007812
"1081",1,554.807373046875,0
"1662",1,634.847106933594,0
"65576",1,990.458312988281,0
"18662",6,8818.75872802734,1011.41925048828
"5277",1,800.955871582031,0
"16947",2,2419.62133789062,665.703857421875
"50071",1,1757.16723632812,0
"41826",1,1371.80480957031,0
"443",1,447.460418701172,0
"77866",1,108.119270324707,0
"31718",3,6857.63305664062,17.987548828125
"77868",1,811.888549804688,0
"77869",1,0.252444446086884,0
"77",1,196.778793334961,0
"5594",5,4684.13214111328,755.941467285156
"1350",1,237.204391479492,0
"52140",1,766.783996582031,0
"2126",1,514.381286621094,0
"285",1,420.526275634766,0
"36816",3,7573.33374023438,0
"1120",1,500.120727539062,0
"77878",1,15.8408136367798,0
"60819",1,2813.82275390625,0
"1248",1,581.535705566406,0
"18229",1,677.161499023438,0
"603",1,474.357788085938,0
"44470",1,170.623016357422,0
"34708",1,680.191284179688,0
"8288",1,978.403747558594,0
"47714",2,3371.65493774414,2543.52914428711
"41427",1,2649.49389648438,0
"77888",1,137.158340454102,0
"33679",1,1379.88525390625,0
"43472",1,478.082855224609,0
"179",7,2838.55236816406,58.8736877441406
"77892",1,42.0373268127441,0
"20051",2,2859.54699707031,547.071166992188
"5670",1,1020.83715820312,0
"43058",2,3867.05969238281,1690.69372558594
"670",2,1002.43243408203,0
"29459",1,2115.87841796875,0
"1527",2,870.101531982422,273.345245361328
"2038",1,687.950317382812,0
"77900",1,4.25524568557739,0
"12173",1,189.234512329102,0
"49483",1,1326.43151855469,0
"41387",32,84287.141784668,1830.06280517578
"77904",1,85.8588714599609,0
"77905",1,318.020172119141,0
"46728",87,251856.273925781,134.638671875
"13502",3,4248.44470214844,24.0511474609375
"54245",1,1630.29370117188,0
"1349",1,474.408782958984,0
"39254",1,2482.04272460938,0
"820",1,73.9246826171875,0
"25787",1,1162.35595703125,0
"42590",1,1389.43835449219,0
"16893",1,1496.38269042969,0
"20315",1,104.880592346191,0
"15251",157,236662.833618164,233.899047851562
"1247",1,581.535705566406,0
"34249",1,410.163543701172,0
"59556",1,828.125793457031,0
"35012",1,2445.59497070312,0
"37159",7,17822.4489746094,14.997314453125
"35786",2,3517.97448730469,1468.98400878906
"57622",214,638395.763916016,1202.00366210938
"61496",1,1034.37170410156,0
"23743",3,5699.96643066406,0.0001220703125
"45665",3,8684.58251953125,8.98095703125
"56013",1,1010.57611083984,0
"37220",1,1828.53845214844,0
"40773",2,5412.94189453125,0
"50290",1,2613.07592773438,0
"25230",1,991.77880859375,0
"77932",1,552.446655273438,0
"46567",1,320.997253417969,0
"18635",11,16915.3999481201,1572.48970031738
"47556",6,17515.5283203125,170.0087890625
"56757",59,178366.350830078,1351.5859375
"36572",1,75.2717514038086,0
"35190",4,9782.3798828125,0
"45165",1,2384.80151367188,0
"25374",2,2676.97711181641,1248.81561279297
"411",1,447.460418701172,0
"56775",1,671.012939453125,0
"77943",1,0.236202850937843,0
"66362",4,7708.47351074219,1387.07043457031
"77945",1,33.6326713562012,0
"56992",3,6953.005859375,2105.6689453125
"1664",1,634.847106933594,0
"54633",1,768.778442382812,0
"37466",1,2554.63403320312,0
"77950",1,13.3586740493774,0
"24941",1,981.4482421875,0
"77952",1,64.9565658569336,0
"63478",336,961105.8125,233.380859375
"5561",1,225.910629272461,0
"55232",1,1535.50512695312,0
"52220",14,41278.6876220703,1532.54260253906
"4559",1,243.882858276367,0
"39238",4,9322.47619628906,1360.44665527344
"80",1,208.585510253906,0
"1100",1,354.736785888672,0
"77961",1,63.2937850952148,0
"819",5,2311.12426757812,194.956817626953
"38298",1,493.704895019531,0
"40169",2,2454.47881317139,2293.63788604736
"33748",1,2379.11254882812,0
"58145",1,180.877029418945,0
"7511",1,1128.5166015625,0
"31571",3,5530.11724853516,1273.37615966797
"66557",1,471.479187011719,0
"5340",1,1026.86645507812,0
"16639",1,1033.58386230469,0
"637",1,30.0729713439941,0
"43171",1,920.770263671875,0
"7682",2,1892.07611083984,415.333801269531
"29787",4,8687.21044921875,19.030517578125
"975",1,77.6730346679688,0
"6553",3,3021.39007568359,414.536437988281
"47691",2,4111.05297851562,1804.13110351562
"53135",1,1968.65649414062,0
"12733",8,10363.5940551758,764.826843261719
"20831",4,5893.96154785156,1318.36950683594
"3440",1,462.119689941406,0
"17812",22,33390.1360473633,686.325256347656
"974",1,155.346054077148,0
"24931",1,215.918609619141,0
"56781",1,244.004699707031,0
"48906",4,9118.23263549805,2751.6926574707
"8223",3,3611.29858398438,49.9005126953125
"2591",1,107.40478515625,0
"10601",1,76.692138671875,0
"20451",1,769.124328613281,0
"3139",1,90.1653060913086,0
"5769",1,820.879333496094,0
"34550",2,4825.45361328125,0
"12981",5,6718.3310546875,258.075561523438
"65595",1,1549.17834472656,0
"34368",1,410.163543701172,0
"15602",9,13298.3790283203,232.96826171875
"33477",433,1036127.11865234,250.55859375
"1277",1,290.767852783203,0
"60041",1,235.398239135742,0
"30836",30,67372.8774414062,345.79052734375
"55046",1,522.343017578125,0
"3786",1,71.8350372314453,0
"22200",1,1486.9384765625,0
"153",1,393.557586669922,0
"26091",1,1295.62133789062,0
"49909",7,18793.4321289062,2462.83666992188
"51057",2,3995.57708740234,2104.54058837891
"34727",3,7304.10424804688,16.34033203125
"66272",1,186.184997558594,0
"43062",1,83.7063903808594,0
"3620",1,844.061645507812,0
"43609",74,207172.947509766,2170.19165039062
"41854",29,79260.4956054688,951.994384765625
"53029",1,92.2807769775391,0
"53132",3,6060.41394042969,2369.18298339844
"12342",1,81.1005020141602,0
"29655",1,850.713989257812,0
"4685",1,565.808288574219,0
"20317",1,926.445251464844,0
"27064",1,1424.58874511719,0
"14270",559,922309.835083008,475.823486328125
"6443",3,2389.71051025391,919.999206542969
"6460",1,722.170776367188,0
"62210",6,16969.1865234375,10.48876953125
"78027",1,0.144810169935226,0
"28348",1,63.7115783691406,0
"6618",1,33.097095489502,0
"50274",1,1001.26696777344,0
"15396",1,485.734069824219,0
"78032",1,13.5973262786865,0
"8274",14,15115.9899291992,848.735778808594
"52217",12,34093.0206298828,2637.44982910156
"50481",4,11755.1755371094,247.2705078125
"35367",1,147.704772949219,0
"29301",150,340390.431396484,274.927978515625
"78038",1,0.30760258436203,0
"78039",1,415.736968994141,0
"56199",1,1713.38659667969,0
"8097",6,6421.68640136719,839.6962890625
"63786",8,21898.9392089844,48.27294921875
"414",1,447.460418701172,0
"50672",2,4651.01342773438,1425.90747070312
"11016",1,247.531845092773,0
"78046",1,180.621627807617,0
"29255",5,9465.63391113281,1338.02575683594
"21790",2,3051.11474609375,620.33837890625
"2364",1,740.828063964844,0
"20052",2,2945.83337402344,460.784790039062
"10662",3,3539.65313720703,305.801452636719
"46673",2,3327.86437988281,2508.44909667969
"21781",1,108.840728759766,0
"55483",120,367592.019775391,47.111328125
"44032",1,935.035888671875,0
"3543",1,148.227066040039,0
"37741",1,2569.435546875,0
"29862",1,479.889923095703,0
"18396",1,1095.6123046875,0
"47361",1,236.011627197266,0
"6647",1,1103.23657226562,0
"32064",1,2291.87353515625,0
"35733",1,74.3312454223633,0
"38091",2,5168.080078125,0
"45931",3,7675.76599121094,1053.06872558594
"4816",1,975.531494140625,0
"78067",1,20.4191246032715,0
"18380",4,6173.802734375,205.98095703125
"17073",10,15144.6270751953,70.624755859375
"3435",1,558.031311035156,0
"44857",10,25543.6518859863,2767.86911010742
"59979",3,8666.21997070312,184.2158203125
"6038",1,743.728149414062,0
"49128",1,330.385772705078,0
"66369",5,11286.9594726562,154.420654296875
"78076",1,31.1886119842529,0
"3404",1,871.923950195312,0
"25559",34,67705.9448242188,61.511962890625
"5764",1,63.1445655822754,0
"30756",1,425.102416992188,0
"37542",1,2196.98510742188,0
"78082",1,712.369506835938,0
"49328",1,2351.4013671875,0
"503",1,355.768341064453,0
"57200",1,334.680786132812,0
"54790",4,10851.126953125,1444.767578125
"49106",1,2823.29663085938,0
"28845",2,3559.58764648438,687.850830078125
"502",1,384.229797363281,0
"46593",1,817.083862304688,0
"78091",1,72.7287139892578,0
"17814",21,32402.7154541016,829.09765625
"78093",1,37.8417129516602,0
"66026",1,2162.03662109375,0
"30819",2,2729.60494995117,1745.15725708008
"33657",1,1379.88525390625,0
"31714",7,16006.6062011719,53.96142578125
"45045",3,8419.0546875,171.8173828125
"119",1,271.554748535156,0
"61617",28,77519.0804443359,1822.87316894531
"78101",1,91.7772216796875,0
"65811",1,199.47834777832,0
"6455",1,991.637451171875,0
"118",1,220.392242431641,0
"47906",5,13141.8929443359,1660.29797363281
"66819",1,1521.76037597656,0
"63297",1,2755.57421875,0
"59482",1,326.129974365234,0
"58441",5,12098.2426452637,2823.29666137695
"57183",1,243.404220581055,0
"33574",2,4775.12475585938,16.899658203125
"45936",24,67587.4553222656,1122.34985351562
"48943",5,13992.5301513672,995.104125976562
"66331",1,2291.87353515625,0
"35958",1,2493.47924804688,0
"78116",1,0.269367903470993,0
"20832",1,141.612167358398,0
"33501",6,14223.4233398438,17.083984375
"64475",10,26805.8000488281,38.98974609375
"31410",1,2273.88598632812,0
"78121",1,10.3515501022339,0
"2078",1,457.227813720703,0
"33691",1,666.151489257812,0
"78124",1,436.034515380859,0
"32495",29,67451.7373046875,87.239013671875
"32033",17,39068.349609375,35.796875
"58613",2,4082.47216796875,1744.33154296875
"78128",1,89.1336822509766,0
"65723",1,1103.98571777344,0
"5977",1,147.337326049805,0
"25373",1,1051.28552246094,0
"56793",2,5524.01977539062,582.924560546875
"20734",1,1132.89733886719,0
"46398",1,1225.62585449219,0
"56386",1,1008.69744873047,0
"38716",2,5239.31787109375,14.00830078125
"21151",1,584.150207519531,0
"66263",1,1303.29504394531,0
"1942",1,557.23974609375,0
"47771",1,2460.798828125,0
"53113",1,1015.08856201172,0
"37855",1,2004.15966796875,0
"66152",6,14325.3742675781,16.899658203125
"33512",3,7120.25366210938,17.083984375
"78145",1,129.283737182617,0
"29979",4,6526.05462646484,2049.30718994141
"20728",1,106.209129333496,0
"6444",1,183.237365722656,0
"2575",5,3534.42623901367,432.890045166016
"14901",1,405.468444824219,0
"59670",1,502.790649414062,0
"29586",38,83754.59375,507.0185546875
"4830",1,610.756225585938,0
"6092",2,1254.13792419434,952.335220336914
"15579",2,2527.60229492188,463.64306640625
"920",1,528.033447265625,0
"23410",7,12332.4838867188,732.699462890625
"6554",2,1746.3291015625,510.7041015625
"47562",2,4103.60607910156,1796.68444824219
"26422",1,2024.40844726562,0
"53447",100,304910.72265625,954.708251953125
"29612",10,20552.1082763672,916.153442382812
"78163",1,21.1699295043945,0
"17090",2,2568.23645019531,563.759155273438
"53450",1,1723.21301269531,0
"2784",2,1539.31872558594,47.6077880859375
"51612",2,4770.04553222656,1343.27233886719
"15954",3,4346.26428222656,281.723510742188
"66862",1,798.165344238281,0
"57847",3,6225.85589599609,2602.05279541016
"45935",1,319.093292236328,0
"2463",1,533.396179199219,0
"41731",1,1371.80480957031,0
"5339",1,1026.86645507812,0
"2515",1,130.42008972168,0
"28767",1,1135.83618164062,0
"371",9,4880.03518676758,325.830505371094
"18789",1,49.7419281005859,0
"59628",6,15423.7368164062,1892.85888671875
"66731",15,29063.4848632812,814.438354492188
"6036",1,722.170776367188,0
"1690",1,107.924011230469,0
"78183",1,0.307101011276245,0
"66448",1,488.150543212891,0
"15597",2,2991.24536132812,0
"78186",1,0.306485772132874,0
"34706",1,72.8776397705078,0
"23274",1,1878.71655273438,0
"19904",1,1294.29626464844,0
"39783",1,1707.18798828125,0
"78191",1,23.2235908508301,0
"51255",1,1709.94445800781,0
"11216",1,1302.79919433594,0
"7155",1,372.410491943359,0
"214",5,2077.39981079102,12.6157836914062
"43666",193,524130.344726562,158.174560546875
"28847",4,6932.15283203125,1523.65478515625
"49897",2,6059.197265625,0
"37146",2,5064.08129882812,15.192138671875
"49453",1,2502.13232421875,0
"24938",2,3257.22094726562,626.939697265625
"8965",1,1203.79870605469,0
"4060",1,923.878540039062,0
"444",1,447.460418701172,0
"65072",11,26471.5134277344,2589.1015625
"78206",1,89.2465286254883,0
"61604",1,715.906005859375,0
"38169",1,284.244415283203,0
"2991",1,531.620361328125,0
"62836",1,167.412780761719,0
"20289",1,138.058258056641,0
"1516",1,634.847106933594,0
"17477",3,4497.45654296875,270.165283203125
"36678",1,706.844482421875,0
"13498",1,196.015975952148,0
"66264",1,1885.12316894531,0
"22209",2,3524.59509277344,146.858032226562
"57006",2,4139.26354980469,1945.84191894531
"604",1,474.357788085938,0
"78220",1,47.2726936340332,0
"2588",1,490.993316650391,0
"78222",1,692.026550292969,0
"45035",47,134671.9765625,58.425048828125
"6617",1,617.8125,0
"4480",1,949.743774414062,0
"39777",1,371.570831298828,0
"7112",1,191.84782409668,0
"2068",1,614.39990234375,0
"78229",1,223.062103271484,0
"47257",3,6928.47277832031,1875.29821777344
"11261",2,2058.42272949219,390.839721679688
"54628",1,430.515930175781,0
"24201",1,1921.11059570312,0
"38199",2,5182.48681640625,14.40673828125
"47942",1,177.889068603516,0
"66404",1,180.457717895508,0
"17811",5,7245.53796386719,654.079467773438
"78238",1,169.025634765625,0
"78239",1,5.79077816009521,0
"27930",1,63.1255378723145,0
"38933",1,367.732818603516,0
"1943",3,2069.68054199219,47.106689453125
"31909",1,68.7562026977539,0
"35372",1,1157.02087402344,0
"8225",7,8270.44073486328,404.766174316406
"9433",1,958.386169433594,0
"78247",1,18.4133396148682,0
"55846",1,674.268676757812,0
"78249",1,203.956024169922,0
"16905",11,15392.6015625,963.84521484375
"1141",1,244.244995117188,0
"2527",1,575.3828125,0
"65873",1,421.210388183594,0
"3550",1,871.924011230469,0
"6032",1,237.130706787109,0
"20290",1,724.805847167969,0
"15385",2,2184.06237792969,712.140991210938
"9592",2,2285.38232421875,172.01806640625
"78259",1,92.568489074707,0
"53930",2,3846.00146484375,2307.41845703125
"78261",1,3.92287492752075,0
"17789",1,1589.20727539062,0
"78263",1,24.5465049743652,0
"49882",1,1938.94311523438,0
"6088",1,269.466705322266,0
"4189",1,461.939270019531,0
"48764",2,3321.23971557617,2661.76419067383
"21779",1,761.885070800781,0
"36596",1,2524.44458007812,0
"29714",156,337023.051513672,267.465087890625
"23432",4,7542.95532226562,56.9996337890625
"78272",1,126.104965209961,0
"65066",8,20066.0618896484,1152.14147949219
"31547",1,136.433166503906,0
"32472",3,5288.6181640625,1780.20043945312
"37780",1,2569.435546875,0
"6706",7,7547.96697998047,146.636047363281
"1903",1,116.951553344727,0
"59857",1,1563.57702636719,0
"17808",4,4970.13285827637,1363.48677062988
"32654",2,3066.22833251953,1623.29461669922
"3611",1,148.227066040039,0
"7295",1,33.8554992675781,0
"57165",1,1521.2763671875,0
"65499",1,357.648742675781,0
"50062",1,242.367889404297,0
"51053",2,4575.08825683594,1525.02941894531
"23596",84,168034.778991699,1800.72113037109
"78289",1,30.5753555297852,0
"78290",1,93.0762252807617,0
"54725",2,3318.5238494873,2826.6880645752
"5278",1,739.343872070312,0
"43578",1,1940.45385742188,0
"17387",20,30357.4858398438,444.97802734375
"78295",1,51.6184234619141,0
"1691",1,50.787769317627,0
"7513",7,7595.62774658203,580.685852050781
"52327",1,767.296691894531,0
"60758",1,232.768920898438,0
"25352",5,9431.93566894531,257.036987304688
"1707",1,39.6855506896973,0
"60221",2,3433.47067260742,2435.70999145508
"42754",1,694.719177246094,0
"20416",13,22434.8439941406,244.721435546875
"78305",1,140.479598999023,0
"64881",1,577.865905761719,0
"31752",1,136.433166503906,0
"24940",1,922.561340332031,0
"78309",1,25.814245223999,0
"14370",1,199.38313293457,0
"54009",1,246.173278808594,0
"66035",3,6842.5458984375,477.898681640625
"40891",2,4438.6123046875,974.32958984375
"58783",1,418.810272216797,0
"20055",2,3399.68469238281,51.7718505859375
"66417",8,15785.1136474609,1991.26916503906
"57175",1,243.404220581055,0
"6704",1,827.427490234375,0
"46912",5,13428.6170654297,1306.77478027344
"65229",9,22849.6740722656,677.827880859375
"22664",2,3215.96923828125,541.4638671875
"31511",1,636.688049316406,0
"57687",1,1090.65551757812,0
"78324",1,0.291815668344498,0
"5228",5,4903.15869140625,251.453552246094
"55918",124,372399.624267578,127.761474609375
"7720",2,2307.40991210938,0
"78328",1,0.295759201049805,0
"1107",1,127.937858581543,0
"58151",3,6269.96832275391,2773.88323974609
"26524",2,2678.42004394531,1410.77087402344
"56006",1,183.741104125977,0
"19646",8,13703.3525390625,146.899291992188
"25628",252,487145.548828125,292.331420898438
"78335",1,132.172119140625,0
"48775",3,8890.69165039062,83.814208984375
"55436",1,2885.03564453125,0
"21601",1,344.662292480469,0
"78339",1,171.892303466797,0
"33692",2,4496.52270507812,261.702392578125
"55464",1,1718.74462890625,0
"7769",1,219.20393371582,0
"154",1,393.557586669922,0
"78344",1,247.771728515625,0
"5614",1,263.102355957031,0
"32528",96,222992.452148438,122.126220703125
"47939",4,11110.8413085938,741.204345703125
"66317",3,6893.42993164062,17.809326171875
"15955",1,1352.09130859375,0
"29981",1,1958.15844726562,0
"240",1,395.294708251953,0
"51801",2,3736.06915283203,2204.89324951172
"10624",1,1278.20227050781,0
"23987",6,10988.7525634766,537.910888671875
"16944",2,1636.62246704102,1448.70272827148
"15395",1,1059.78344726562,0
"2359",1,103.715927124023,0
"34718",1,753.068908691406,0
"30753",2,3781.17407226562,693.588134765625
"9434",1,1093.54321289062,0
"23271",16,30819.5137939453,104.841186523438
"78362",1,5.29057312011719,0
"26090",2,3927.35229492188,121.464599609375
"35583",2,3766.47192382812,1157.02075195312
"4282",1,949.743774414062,0
"42720",2,2639.93280029297,2306.46759033203
"21789",102,195831.212402344,609.479125976562
"2462",1,659.336975097656,0
"624",1,345.839202880859,0
"3209",1,139.346374511719,0
"45388",1,172.395278930664,0
"49451",1,753.654296875,0
"1075",1,554.807373046875,0
"45426",1,1441.33459472656,0
"23891",1,1863.47729492188,0
"3042",1,663.944519042969,0
"78377",1,6.34407949447632,0
"31872",2,3048.19183349609,1535.55523681641
"17502",1,47.6762161254883,0
"5589",1,1052.40942382812,0
"61237",1,951.280822753906,0
"18400",5,7132.80773925781,997.497802734375
"437",1,447.460418701172,0
"18226",2,3095.59545898438,128.983154296875
"11789",1,1035.28674316406,0
"8860",3,3564.06970214844,97.12939453125
"1343",5,3004.5888671875,36.4929809570312
"30157",3,6581.673828125,18.860107421875
"78389",1,64.7469177246094,0
"53110",1,676.725708007812,0
"25377",4,7856.22583007812,139.517944335938
"37142",2,5079.2734375,0
"78393",1,62.5903358459473,0
"78394",1,811.427001953125,0
"52222",4,10145.7933349609,2115.68811035156
"78396",1,0.0661425814032555,0
"49126",1,3003.50708007812,0
"51487",6,18051.4506835938,346.1259765625
"24035",1,595.544250488281,0
"35607",2,4939.45458984375,15.9619140625
"38165",1,284.244415283203,0
"2990",1,547.489624023438,0
"78403",1,176.643661499023,0
"13842",621,831181.75378418,521.083251953125
"34371",1,193.018142700195,0
"61305",1,547.707153320312,0
"63291",3,7109.38146972656,1157.34118652344
"1271",1,581.535705566406,0
"66228",1,844.114135742188,0
"1515",1,596.756286621094,0
"45642",1,86.4800720214844,0
"664",1,250.608108520508,0
"43175",1,1708.81628417969,0
"18379",2,3116.71228027344,107.866333007812
"3891",1,377.133911132812,0
"32603",3,5271.01324462891,1658.03533935547
"78417",1,6.89086866378784,0
"120",1,283.361450195312,0
"52945",1,584.271606445312,0
"18217",1,532.055480957031,0
"16097",1,45.5761108398438,0
"78422",1,86.281867980957,0
"25353",11,20377.76953125,752.926391601562
"78424",1,12.6172275543213,0
"3047",1,500.007598876953,0
"14516",19,26764.287109375,246.17724609375
"55230",1,2395.38793945312,0
"2067",1,535.813842773438,0
"19901",1,724.805847167969,0
"49107",1,510.59619140625,0
"14561",1,477.87353515625,0
"66792",1,1899.98876953125,0
"78433",1,91.384391784668,0
"2692",2,923.883361816406,663.043151855469
"32992",1,2016.49475097656,0
"2314",2,1296.44909667969,140.75732421875
"4275",1,417.887268066406,0
"28353",1,169.897537231445,0
"33655",12,28065.3469238281,87.239013671875
"8861",1,1071.380859375,0
"55824",4,12268.31640625,4.3291015625
"78442",1,4.61665296554565,0
"3215",1,90.1653060913086,0
"15957",1,1397.66735839844,0
"9591",6,6857.05810546875,639.15185546875
"78446",1,20.1948719024658,0
"78447",1,148.263381958008,0
"78448",1,554.807373046875,0
"3549",174,171638.030883789,308.908081054688
"27938",1,757.506408691406,0
"171",2,735.920989990234,54.6684265136719
"21758",1,1015.84680175781,0
"10426",1,1175.94604492188,0
"52141",1,521.413146972656,0
"78455",1,22.8483562469482,0
"78456",1,0.262666314840317,0
"9436",1,98.296012878418,0
"4679",1,29.2659454345703,0
"66197",1,1251.87512207031,0
"66329",1,1398.04284667969,0
"20412",1,244.721389770508,0
"46161",1,174.576690673828,0
"4220",1,845.27197265625,0
"13094",2,2751.90014648438,0
"49676",1,754.958984375,0
"8267",2,1214.16369628906,954.827758789062
"59812",3,7699.87915039062,1150.556640625
"39260",2,4634.4306640625,673.72412109375
"17363",3,4195.50726318359,572.114562988281
"78470",1,451.555206298828,0
"1471",1,285.861694335938,0
"66473",2,3949.58178710938,488.150634765625
"10695",17,19846.8397827148,716.657043457031
"61120",5,14449.9208984375,18.178955078125
"247",1,197.647354125977,0
"17951",1,757.775939941406,0
"1067",1,554.807373046875,0
"22029",1,653.044372558594,0
"2315",1,125.940773010254,0
"31549",1,386.560607910156,0
"17386",2,2535.41424560547,596.581359863281
"40175",1,1045.46606445312,0
"78483",1,0.187871649861336,0
"55622",1,2883.10766601562,0
"26643",1,511.148834228516,0
"13988",1,512.699462890625,0
"74",1,31.4846057891846,0
"24037",1,1921.11059570312,0
"338",17,7400.64923095703,98.4412841796875
"52790",1,2828.0556640625,0
"28222",1,2104.1845703125,0
"41313",1,2719.05712890625,0
"57197",1,91.2765808105469,0
"9403",1,1130.40417480469,0
"3431",1,871.923950195312,0
"49327",1,2170.5244140625,0
"48176",2,5444.06372070312,499.580322265625
"51251",2,3453.41900634766,2293.09954833984
"38801",256,634049.453491211,828.073364257812
"2508",1,266.698120117188,0
"34716",1,145.755279541016,0
"23409",2,3024.73364257812,732.699462890625
"26654",1,347.581207275391,0
"78504",1,53.1067085266113,0
"78505",1,31.3559074401855,0
"48566",1,1582.13720703125,0
"26203",26,49692.3140869141,607.220092773438
"50684",2,4322.04870605469,1763.05676269531
"7670",3,3290.07977294922,221.224548339844
"54523",1,430.515930175781,0
"18746",3,4924.45092773438,49.741943359375
"25355",2,2895.16851806641,1030.62445068359
"33573",4,9583.86376953125,33.6142578125
"10120",1,526.470825195312,0
"15458",1,1331.10424804688,0
"45305",91,265986.851806641,84.33740234375
"13998",1,156.658172607422,0
"759",2,1002.43243408203,0
"78519",1,328.895660400391,0
"7098",1,756.106140136719,0
"63295",1,2755.57421875,0
"31951",2,2183.79568481445,1916.7282409668
"45860",5,13844.6293945312,540.2568359375
"35381",3,5867.42236328125,1501.66528320312
"12322",2,1878.82830810547,743.421203613281
"78526",1,249.835952758789,0
"12960",3,4127.85021972656,0
"6244",1,388.032073974609,0
"61506",1,2863.6240234375,0
"6449",1,894.629455566406,0
"35753",2,3700.60046386719,1222.89221191406
"6607",1,518.521179199219,0
"43615",2,5624.50390625,0
"27383",1,1855.19152832031,0
"6699",1,1103.23657226562,0
"57185",1,2799.1484375,0
"19903",1,621.262145996094,0
"57680",1,181.775924682617,0
"20874",3,4363.173828125,1013.28649902344
"66815",2,3778.70532226562,21.272216796875
"78541",1,22.2736930847168,0
"47084",1,2926.48315429688,0
"38160",1,1576.26440429688,0
"52225",2,5890.78784179688,243.484130859375
"65755",5,11647.1046142578,772.978637695312
"56587",1,183.20832824707,0
"8207",1,754.431823730469,0
"65512",3,5434.48532104492,2303.03030395508
"52304",2,5614.56103515625,519.7109375
"45320",2,3495.74005126953,2231.50799560547
"5281",1,256.716613769531,0
"19640",1,102.198547363281,0
"50882",1,2193.42163085938,0
"40756",1,1515.62377929688,0
"32837",1,768.013122558594,0
"31326",1,2255.72143554688,0
"21894",2,3649.73864746094,21.7144775390625
