Basin_ID,MainBranchBasin_ID,2gc_Delta_ID,MainBranchTrue,DissolvedDeltas_MainBasin_ID
"26088",,"0",false,"26088"
"2077",,"0",false,"2077"
"13455",,"0",false,"13455"
"408",,"0",false,"408"
"47782",,"0",false,"47782"
"345",,"0",false,"345"
"39108","39108","1537",true,"39108"
"37772",,"0",false,"37772"
"2576",,"0",false,"2576"
"55818",,"0",false,"55818"
"56034",,"0",false,"56034"
"29405",,"0",false,"29405"
"44311",,"0",false,"44311"
"5823","5822","2461",false,"5822"
"66522",,"0",false,"66522"
"39",,"0",false,"39"
"33304",,"0",false,"33304"
"66914",,"0",false,"66914"
"18791",,"0",false,"18791"
"56964",,"0",false,"56964"
"66917",,"0",false,"66917"
"56611",,"0",false,"56611"
"66521",,"0",false,"66521"
"66920",,"0",false,"66920"
"64257",,"0",false,"64257"
"66922",,"0",false,"66922"
"33511",,"0",false,"33511"
"56042",,"0",false,"56042"
"374",,"0",false,"374"
"3888","4479","2380",false,"4479"
"66927",,"0",false,"66927"
"23522",,"0",false,"23522"
"5174",,"0",false,"5174"
"5387",,"0",false,"5387"
"16453",,"0",false,"16453"
"22026",,"0",false,"22026"
"65944",,"0",false,"65944"
"49673",,"0",false,"49673"
"3994",,"0",false,"3994"
"32941",,"0",false,"32941"
"11793",,"0",false,"11793"
"44316",,"0",false,"44316"
"49267",,"0",false,"49267"
"18377",,"0",false,"18377"
"47998",,"0",false,"47998"
"48755",,"0",false,"48755"
"55625",,"0",false,"55625"
"66944",,"0",false,"66944"
"54450",,"0",false,"54450"
"42297",,"0",false,"42297"
"66342",,"0",false,"66342"
"4272",,"0",false,"4272"
"20323",,"0",false,"20323"
"5704",,"0",false,"5704"
"57994",,"0",false,"57994"
"66952",,"0",false,"66952"
"66861",,"0",false,"66861"
"3212",,"0",false,"3212"
"47281",,"0",false,"47281"
"47789",,"0",false,"47789"
"55847",,"0",false,"55847"
"55238",,"0",false,"55238"
"37224",,"0",false,"37224"
"10122",,"0",false,"10122"
"15084",,"0",false,"15084"
"37552",,"0",false,"37552"
"52486",,"0",false,"52486"
"65978",,"0",false,"65978"
"62127",,"0",false,"62127"
"4800",,"0",false,"4800"
"49516",,"0",false,"49516"
"36588",,"0",false,"36588"
"7099",,"0",false,"7099"
"7048","6524","3148",false,"6524"
"66971",,"0",false,"66971"
"66972",,"0",false,"66972"
"26655",,"0",false,"26655"
"20413",,"0",false,"20413"
"44799","44515","4027",false,"44515"
"35582",,"0",false,"35582"
"13990",,"0",false,"13990"
"6245",,"0",false,"6245"
"38722",,"0",false,"38722"
"66980",,"0",false,"66980"
"54646",,"0",false,"54646"
"66982",,"0",false,"66982"
"9825",,"0",false,"9825"
"66984",,"0",false,"66984"
"65876",,"0",false,"65876"
"52219","52220","124",false,"52220"
"38919",,"0",false,"38919"
"2581",,"0",false,"2581"
"66989",,"0",false,"66989"
"4195",,"0",false,"4195"
"62303",,"0",false,"62303"
"782",,"0",false,"782"
"6083",,"0",false,"6083"
"8200",,"0",false,"8200"
"7773",,"0",false,"7773"
"65421",,"0",false,"65421"
"14369",,"0",false,"14369"
"66998",,"0",false,"66998"
"461",,"0",false,"461"
"57989",,"0",false,"57989"
"58601",,"0",false,"58601"
"47944","47944","4050",true,"47944"
"23416",,"0",false,"23416"
"67004",,"0",false,"67004"
"35242",,"0",false,"35242"
"15460",,"0",false,"15460"
"5618",,"0",false,"5618"
"15070",,"0",false,"15070"
"17494",,"0",false,"17494"
"67010",,"0",false,"67010"
"8272",,"0",false,"8272"
"22044",,"0",false,"22044"
"13457",,"0",false,"13457"
"40758",,"0",false,"40758"
"105",,"0",false,"105"
"55747",,"0",false,"55747"
"6744",,"0",false,"6744"
"60353",,"0",false,"60353"
"67019",,"0",false,"67019"
"3606",,"0",false,"3606"
"50269",,"0",false,"50269"
"40171",,"0",false,"40171"
"4547",,"0",false,"4547"
"54045",,"0",false,"54045"
"2520",,"0",false,"2520"
"16423",,"0",false,"16423"
"1242",,"0",false,"1242"
"48962",,"0",false,"48962"
"11770",,"0",false,"11770"
"67030",,"0",false,"67030"
"67031",,"0",false,"67031"
"1279",,"0",false,"1279"
"67033",,"0",false,"67033"
"5593",,"0",false,"5593"
"19041",,"0",false,"19041"
"3959",,"0",false,"3959"
"8864",,"0",false,"8864"
"67038",,"0",false,"67038"
"6646",,"0",false,"6646"
"54590",,"0",false,"54590"
"50884",,"0",false,"50884"
"25375",,"0",false,"25375"
"7669",,"0",false,"7669"
"2979",,"0",false,"2979"
"6446",,"0",false,"6446"
"23580",,"0",false,"23580"
"54242",,"0",false,"54242"
"14006",,"0",false,"14006"
"67049",,"0",false,"67049"
"22335",,"0",false,"22335"
"67051",,"0",false,"67051"
"12166",,"0",false,"12166"
"67053",,"0",false,"67053"
"65838",,"0",false,"65838"
"62882",,"0",false,"62882"
"27063",,"0",false,"27063"
"6227",,"0",false,"6227"
"49449",,"0",false,"49449"
"8945",,"0",false,"8945"
"12958",,"0",false,"12958"
"16417",,"0",false,"16417"
"50260",,"0",false,"50260"
"2368",,"0",false,"2368"
"49714",,"0",false,"49714"
"67065",,"0",false,"67065"
"43611",,"0",false,"43611"
"67067",,"0",false,"67067"
"42358",,"0",false,"42358"
"49090",,"0",false,"49090"
"31392",,"0",false,"31392"
"67071",,"0",false,"67071"
"13008",,"0",false,"13008"
"49916",,"0",false,"49916"
"54396",,"0",false,"54396"
"67075",,"0",false,"67075"
"38478",,"0",false,"38478"
"20304",,"0",false,"20304"
"3051",,"0",false,"3051"
"23119",,"0",false,"23119"
"49888",,"0",false,"49888"
"30638",,"0",false,"30638"
"44873",,"0",false,"44873"
"62711",,"0",false,"62711"
"66270",,"0",false,"66270"
"2696",,"0",false,"2696"
"4893",,"0",false,"4893"
"47574",,"0",false,"47574"
"8213",,"0",false,"8213"
"20053",,"0",false,"20053"
"3538",,"0",false,"3538"
"5768",,"0",false,"5768"
"47338",,"0",false,"47338"
"55072",,"0",false,"55072"
"279",,"0",false,"279"
"52325",,"0",false,"52325"
"30080",,"0",false,"30080"
"8206",,"0",false,"8206"
"7158",,"0",false,"7158"
"23426",,"0",false,"23426"
"67100",,"0",false,"67100"
"37989",,"0",false,"37989"
"66851",,"0",false,"66851"
"28850",,"0",false,"28850"
"173",,"0",false,"173"
"17822",,"0",false,"17822"
"504",,"0",false,"504"
"1663",,"0",false,"1663"
"32642",,"0",false,"32642"
"67109",,"0",false,"67109"
"67110",,"0",false,"67110"
"5374",,"0",false,"5374"
"67112",,"0",false,"67112"
"16425",,"0",false,"16425"
"6459",,"0",false,"6459"
"12903",,"0",false,"12903"
"1696",,"0",false,"1696"
"67117",,"0",false,"67117"
"21137",,"0",false,"21137"
"58928",,"0",false,"58928"
"57370",,"0",false,"57370"
"11281",,"0",false,"11281"
"3245",,"0",false,"3245"
"8271",,"0",false,"8271"
"50058","49855","3992",false,"49855"
"3599",,"0",false,"3599"
"67126",,"0",false,"67126"
"40295",,"0",false,"40295"
"5701",,"0",false,"5701"
"20833",,"0",false,"20833"
"34238",,"0",false,"34238"
"6025",,"0",false,"6025"
"49101",,"0",false,"49101"
"10427",,"0",false,"10427"
"26230",,"0",false,"26230"
"65788",,"0",false,"65788"
"54718",,"0",false,"54718"
"2319",,"0",false,"2319"
"32049",,"0",false,"32049"
"65910",,"0",false,"65910"
"61752",,"0",false,"61752"
"33699",,"0",false,"33699"
"24041",,"0",false,"24041"
"27655",,"0",false,"27655"
"3952",,"0",false,"3952"
"49678",,"0",false,"49678"
"50771",,"0",false,"50771"
"47787",,"0",false,"47787"
"67148",,"0",false,"67148"
"9411",,"0",false,"9411"
"53314",,"0",false,"53314"
"30082",,"0",false,"30082"
"6644",,"0",false,"6644"
"67153",,"0",false,"67153"
"27509",,"0",false,"27509"
"4188",,"0",false,"4188"
"6447",,"0",false,"6447"
"25227",,"0",false,"25227"
"64763",,"0",false,"64763"
"48905",,"0",false,"48905"
"18786",,"0",false,"18786"
"11181",,"0",false,"11181"
"25363",,"0",false,"25363"
"54383",,"0",false,"54383"
"922",,"0",false,"922"
"55245",,"0",false,"55245"
"4057",,"0",false,"4057"
"2357",,"0",false,"2357"
"34711",,"0",false,"34711"
"52629",,"0",false,"52629"
"35385",,"0",false,"35385"
"44009",,"0",false,"44009"
"67172",,"0",false,"67172"
"66158",,"0",false,"66158"
"2787",,"0",false,"2787"
"49908",,"0",false,"49908"
"44055",,"0",false,"44055"
"34914",,"0",false,"34914"
"67178",,"0",false,"67178"
"46669",,"0",false,"46669"
"3040",,"0",false,"3040"
"56803",,"0",false,"56803"
"67182",,"0",false,"67182"
"67183",,"0",false,"67183"
"36819",,"0",false,"36819"
"1705",,"0",false,"1705"
"46381",,"0",false,"46381"
"2518",,"0",false,"2518"
"29577",,"0",false,"29577"
"2795",,"0",false,"2795"
"373",,"0",false,"373"
"54232",,"0",false,"54232"
"67192",,"0",false,"67192"
"39265",,"0",false,"39265"
"51807",,"0",false,"51807"
"30583",,"0",false,"30583"
"30783",,"0",false,"30783"
"67197",,"0",false,"67197"
"38245",,"0",false,"38245"
"36721",,"0",false,"36721"
"7159",,"0",false,"7159"
"41855",,"0",false,"41855"
"17351",,"0",false,"17351"
"50886",,"0",false,"50886"
"14338",,"0",false,"14338"
"55023",,"0",false,"55023"
"37162",,"0",false,"37162"
"5172",,"0",false,"5172"
"24945",,"0",false,"24945"
"347",,"0",false,"347"
"67210",,"0",false,"67210"
"27519",,"0",false,"27519"
"66074",,"0",false,"66074"
"48332",,"0",false,"48332"
"38168",,"0",false,"38168"
"67215",,"0",false,"67215"
"3605",,"0",false,"3605"
"8809",,"0",false,"8809"
"50869",,"0",false,"50869"
"63903",,"0",false,"63903"
"56936",,"0",false,"56936"
"60646",,"0",false,"60646"
"56225",,"0",false,"56225"
"19578",,"0",false,"19578"
"53668",,"0",false,"53668"
"30642",,"0",false,"30642"
"41",,"0",false,"41"
"49702",,"0",false,"49702"
"67228",,"0",false,"67228"
"20703",,"0",false,"20703"
"59201",,"0",false,"59201"
"7884","8456","2512",false,"8456"
"1754",,"0",false,"1754"
"606",,"0",false,"606"
"6085",,"0",false,"6085"
"26225",,"0",false,"26225"
"32608",,"0",false,"32608"
"48571",,"0",false,"48571"
"5702",,"0",false,"5702"
"48527",,"0",false,"48527"
"53464",,"0",false,"53464"
"65416",,"0",false,"65416"
"21006",,"0",false,"21006"
"2072",,"0",false,"2072"
"7115",,"0",false,"7115"
"57677",,"0",false,"57677"
"22050",,"0",false,"22050"
"3958",,"0",false,"3958"
"67248",,"0",false,"67248"
"47365","47580","59",false,"47580"
"13499",,"0",false,"13499"
"44858",,"0",false,"44858"
"6746",,"0",false,"6746"
"3608",,"0",false,"3608"
"50271",,"0",false,"50271"
"30401",,"0",false,"30401"
"1143",,"0",false,"1143"
"1272",,"0",false,"1272"
"27934",,"0",false,"27934"
"17384",,"0",false,"17384"
"65725",,"0",false,"65725"
"3520",,"0",false,"3520"
"28347",,"0",false,"28347"
"63335",,"0",false,"63335"
"7829",,"0",false,"7829"
"66438",,"0",false,"66438"
"5661",,"0",false,"5661"
"6986",,"0",false,"6986"
"60405",,"0",false,"60405"
"67269",,"0",false,"67269"
"35732",,"0",false,"35732"
"1250",,"0",false,"1250"
"23740",,"0",false,"23740"
"36575",,"0",false,"36575"
"9804",,"0",false,"9804"
"6141",,"0",false,"6141"
"29987",,"0",false,"29987"
"36723",,"0",false,"36723"
"4193",,"0",false,"4193"
"21338",,"0",false,"21338"
"67280",,"0",false,"67280"
"11214",,"0",false,"11214"
"3961",,"0",false,"3961"
"35013",,"0",false,"35013"
"12920",,"0",false,"12920"
"2350",,"0",false,"2350"
"7103",,"0",false,"7103"
"21776",,"0",false,"21776"
"49313",,"0",false,"49313"
"31546",,"0",false,"31546"
"1469",,"0",false,"1469"
"16068",,"0",false,"16068"
"35591",,"0",false,"35591"
"4055",,"0",false,"4055"
"67294",,"0",false,"67294"
"50120",,"0",false,"50120"
"6701",,"0",false,"6701"
"61223",,"0",false,"61223"
"11280",,"0",false,"11280"
"38301",,"0",false,"38301"
"67300",,"0",false,"67300"
"8811",,"0",false,"8811"
"63008",,"0",false,"63008"
"3033",,"0",false,"3033"
"4817",,"0",false,"4817"
"22477",,"0",false,"22477"
"58922",,"0",false,"58922"
"67307",,"0",false,"67307"
"56984",,"0",false,"56984"
"29378",,"0",false,"29378"
"49656",,"0",false,"49656"
"67311",,"0",false,"67311"
"19481",,"0",false,"19481"
"46851",,"0",false,"46851"
"2519",,"0",false,"2519"
"45322",,"0",false,"45322"
"3127",,"0",false,"3127"
"1070",,"0",false,"1070"
"15952",,"0",false,"15952"
"54433",,"0",false,"54433"
"63371",,"0",false,"63371"
"14002",,"0",false,"14002"
"66685",,"0",false,"66685"
"50498",,"0",false,"50498"
"67324",,"0",false,"67324"
"17383",,"0",false,"17383"
"66235",,"0",false,"66235"
"66159",,"0",false,"66159"
"67328",,"0",false,"67328"
"52640",,"0",false,"52640"
"31757",,"0",false,"31757"
"33697",,"0",false,"33697"
"43183",,"0",false,"43183"
"56951",,"0",false,"56951"
"4551",,"0",false,"4551"
"9431",,"0",false,"9431"
"28333",,"0",false,"28333"
"3540",,"0",false,"3540"
"67338",,"0",false,"67338"
"2054",,"0",false,"2054"
"36728",,"0",false,"36728"
"18780",,"0",false,"18780"
"1109",,"0",false,"1109"
"19195",,"0",false,"19195"
"1281",,"0",false,"1281"
"30645",,"0",false,"30645"
"67346",,"0",false,"67346"
"42166",,"0",false,"42166"
"49273",,"0",false,"49273"
"6606",,"0",false,"6606"
"16625",,"0",false,"16625"
"10133",,"0",false,"10133"
"6544",,"0",false,"6544"
"40261",,"0",false,"40261"
"65583",,"0",false,"65583"
"60756",,"0",false,"60756"
"156",,"0",false,"156"
"29183",,"0",false,"29183"
"46930",,"0",false,"46930"
"1524",,"0",false,"1524"
"7105",,"0",false,"7105"
"28118",,"0",false,"28118"
"2305",,"0",false,"2305"
"32639",,"0",false,"32639"
"37228",,"0",false,"37228"
"48759",,"0",false,"48759"
"28356",,"0",false,"28356"
"3707",,"0",false,"3707"
"32943",,"0",false,"32943"
"20027",,"0",false,"20027"
"43168",,"0",false,"43168"
"6247",,"0",false,"6247"
"67372",,"0",false,"67372"
"15963",,"0",false,"15963"
"67374",,"0",false,"67374"
"27071",,"0",false,"27071"
"242",,"0",false,"242"
"44886",,"0",false,"44886"
"67378",,"0",false,"67378"
"61370",,"0",false,"61370"
"46402","46401","930",false,"46401"
"2363",,"0",false,"2363"
"56593","56593","4971",true,"56593"
"2786",,"0",false,"2786"
"3521",,"0",false,"3521"
"39776","39108","1537",false,"39108"
"46108",,"0",false,"46108"
"30635",,"0",false,"30635"
"65729",,"0",false,"65729"
"23279",,"0",false,"23279"
"35736",,"0",false,"35736"
"36564",,"0",false,"36564"
"19057",,"0",false,"19057"
"626",,"0",false,"626"
"66867",,"0",false,"66867"
"29575",,"0",false,"29575"
"33678",,"0",false,"33678"
"3046",,"0",false,"3046"
"50662",,"0",false,"50662"
"54444",,"0",false,"54444"
"50673",,"0",false,"50673"
"10131",,"0",false,"10131"
"8088",,"0",false,"8088"
"61939",,"0",false,"61939"
"49671",,"0",false,"49671"
"3889","4479","2380",false,"4479"
"9991",,"0",false,"9991"
"53673",,"0",false,"53673"
"944",,"0",false,"944"
"8675",,"0",false,"8675"
"45648",,"0",false,"45648"
"4553",,"0",false,"4553"
"49315",,"0",false,"49315"
"30252",,"0",false,"30252"
"58697",,"0",false,"58697"
"67415",,"0",false,"67415"
"4689",,"0",false,"4689"
"46143",,"0",false,"46143"
"46727",,"0",false,"46727"
"23430",,"0",false,"23430"
"506",,"0",false,"506"
"67421",,"0",false,"67421"
"39116",,"0",false,"39116"
"51705","52220","124",false,"52220"
"29374",,"0",false,"29374"
"4273",,"0",false,"4273"
"25223",,"0",false,"25223"
"67427",,"0",false,"67427"
"59796",,"0",false,"59796"
"18383",,"0",false,"18383"
"39033",,"0",false,"39033"
"46661",,"0",false,"46661"
"12737",,"0",false,"12737"
"3213",,"0",false,"3213"
"122",,"0",false,"122"
"31764",,"0",false,"31764"
"52696",,"0",false,"52696"
"58776",,"0",false,"58776"
"67438",,"0",false,"67438"
"20465",,"0",false,"20465"
"2071",,"0",false,"2071"
"25361",,"0",false,"25361"
"13741",,"0",false,"13741"
"42429",,"0",false,"42429"
"41046",,"0",false,"41046"
"1096",,"0",false,"1096"
"58293",,"0",false,"58293"
"61423",,"0",false,"61423"
"62349",,"0",false,"62349"
"20829",,"0",false,"20829"
"3439",,"0",false,"3439"
"6233",,"0",false,"6233"
"68",,"0",false,"68"
"33747",,"0",false,"33747"
"1753",,"0",false,"1753"
"67455",,"0",false,"67455"
"11762",,"0",false,"11762"
"30253",,"0",false,"30253"
"43170",,"0",false,"43170"
"41208",,"0",false,"41208"
"66843",,"0",false,"66843"
"67461",,"0",false,"67461"
"61494",,"0",false,"61494"
"48515",,"0",false,"48515"
"4231",,"0",false,"4231"
"34582",,"0",false,"34582"
"44037",,"0",false,"44037"
"21604",,"0",false,"21604"
"7719",,"0",false,"7719"
"50284",,"0",false,"50284"
"33018",,"0",false,"33018"
"4192",,"0",false,"4192"
"12168",,"0",false,"12168"
"63821",,"0",false,"63821"
"66192",,"0",false,"66192"
"67475",,"0",false,"67475"
"20726",,"0",false,"20726"
"65987",,"0",false,"65987"
"20029",,"0",false,"20029"
"67479",,"0",false,"67479"
"27932",,"0",false,"27932"
"61826",,"0",false,"61826"
"59302",,"0",false,"59302"
"42912",,"0",false,"42912"
"48526",,"0",false,"48526"
"49511",,"0",false,"49511"
"58230",,"0",false,"58230"
"4224",,"0",false,"4224"
"16623",,"0",false,"16623"
"7883",,"0",false,"7883"
"57349",,"0",false,"57349"
"67491",,"0",false,"67491"
"62073",,"0",false,"62073"
"1475",,"0",false,"1475"
"2361",,"0",false,"2361"
"66805",,"0",false,"66805"
"67496",,"0",false,"67496"
"58142",,"0",false,"58142"
"67498",,"0",false,"67498"
"25228",,"0",false,"25228"
"249",,"0",false,"249"
"54722",,"0",false,"54722"
"66415",,"0",false,"66415"
"53664",,"0",false,"53664"
"14876",,"0",false,"14876"
"633",,"0",false,"633"
"67506",,"0",false,"67506"
"35738",,"0",false,"35738"
"37149",,"0",false,"37149"
"67509",,"0",false,"67509"
"46106","45858","4022",false,"45858"
"67511",,"0",false,"67511"
"1290",,"0",false,"1290"
"340",,"0",false,"340"
"3126",,"0",false,"3126"
"40793",,"0",false,"40793"
"67516",,"0",false,"67516"
"37009",,"0",false,"37009"
"52153",,"0",false,"52153"
"56390",,"0",false,"56390"
"17063",,"0",false,"17063"
"58139",,"0",false,"58139"
"5660",,"0",false,"5660"
"2673",,"0",false,"2673"
"39780",,"0",false,"39780"
"34",,"0",false,"34"
"67526",,"0",false,"67526"
"54231",,"0",false,"54231"
"63452",,"0",false,"63452"
"25376",,"0",false,"25376"
"41237",,"0",false,"41237"
"67531",,"0",false,"67531"
"20469",,"0",false,"20469"
"23574",,"0",false,"23574"
"60039",,"0",false,"60039"
"10128",,"0",false,"10128"
"42914",,"0",false,"42914"
"45666",,"0",false,"45666"
"14000",,"0",false,"14000"
"58301",,"0",false,"58301"
"48761",,"0",false,"48761"
"62357",,"0",false,"62357"
"7102",,"0",false,"7102"
"9834",,"0",false,"9834"
"7683",,"0",false,"7683"
"31671",,"0",false,"31671"
"6452",,"0",false,"6452"
"17091",,"0",false,"17091"
"30255",,"0",false,"30255"
"50281",,"0",false,"50281"
"56759",,"0",false,"56759"
"969",,"0",false,"969"
"56226",,"0",false,"56226"
"12451",,"0",false,"12451"
"67554",,"0",false,"67554"
"48587",,"0",false,"48587"
"38080",,"0",false,"38080"
"45924",,"0",false,"45924"
"31898",,"0",false,"31898"
"2241",,"0",false,"2241"
"45356",,"0",false,"45356"
"57204",,"0",false,"57204"
"54624",,"0",false,"54624"
"60581",,"0",false,"60581"
"8211",,"0",false,"8211"
"10413",,"0",false,"10413"
"41422",,"0",false,"41422"
"67567",,"0",false,"67567"
"781",,"0",false,"781"
"30762",,"0",false,"30762"
"15600",,"0",false,"15600"
"216",,"0",false,"216"
"21902",,"0",false,"21902"
"62834",,"0",false,"62834"
"410",,"0",false,"410"
"66122",,"0",false,"66122"
"67576",,"0",false,"67576"
"761",,"0",false,"761"
"35388",,"0",false,"35388"
"40639",,"0",false,"40639"
"2535",,"0",false,"2535"
"45682",,"0",false,"45682"
"19892",,"0",false,"19892"
"67583",,"0",false,"67583"
"20722",,"0",false,"20722"
"50926",,"0",false,"50926"
"67586",,"0",false,"67586"
"44321",,"0",false,"44321"
"67588",,"0",false,"67588"
"37944",,"0",false,"37944"
"32849",,"0",false,"32849"
"67591",,"0",false,"67591"
"67592",,"0",false,"67592"
"42163",,"0",false,"42163"
"6091",,"0",false,"6091"
"53927",,"0",false,"53927"
"2125",,"0",false,"2125"
"67597",,"0",false,"67597"
"37774",,"0",false,"37774"
"31346",,"0",false,"31346"
"64261",,"0",false,"64261"
"10699",,"0",false,"10699"
"67602",,"0",false,"67602"
"4650",,"0",false,"4650"
"1909",,"0",false,"1909"
"50887",,"0",false,"50887"
"31144",,"0",false,"31144"
"34912",,"0",false,"34912"
"67608",,"0",false,"67608"
"36714",,"0",false,"36714"
"40493",,"0",false,"40493"
"22151",,"0",false,"22151"
"23714",,"0",false,"23714"
"65647",,"0",false,"65647"
"66292",,"0",false,"66292"
"37306",,"0",false,"37306"
"11208",,"0",false,"11208"
"38869",,"0",false,"38869"
"61690",,"0",false,"61690"
"45928",,"0",false,"45928"
"6035",,"0",false,"6035"
"17064",,"0",false,"17064"
"44802",,"0",false,"44802"
"24792",,"0",false,"24792"
"33221",,"0",false,"33221"
"51880",,"0",false,"51880"
"46397",,"0",false,"46397"
"10130",,"0",false,"10130"
"497",,"0",false,"497"
"67629",,"0",false,"67629"
"31512",,"0",false,"31512"
"4804",,"0",false,"4804"
"47362",,"0",false,"47362"
"67633",,"0",false,"67633"
"23582",,"0",false,"23582"
"55609",,"0",false,"55609"
"62620",,"0",false,"62620"
"25226",,"0",false,"25226"
"20453",,"0",false,"20453"
"43452",,"0",false,"43452"
"113",,"0",false,"113"
"57202",,"0",false,"57202"
"39278",,"0",false,"39278"
"2507",,"0",false,"2507"
"2585",,"0",false,"2585"
"65686",,"0",false,"65686"
"1934",,"0",false,"1934"
"6608",,"0",false,"6608"
"49896",,"0",false,"49896"
"59625",,"0",false,"59625"
"784",,"0",false,"784"
"7821",,"0",false,"7821"
"67652",,"0",false,"67652"
"8204",,"0",false,"8204"
"463",,"0",false,"463"
"21603",,"0",false,"21603"
"7109",,"0",false,"7109"
"10073",,"0",false,"10073"
"26948",,"0",false,"26948"
"37543",,"0",false,"37543"
"35530",,"0",false,"35530"
"29647",,"0",false,"29647"
"17809",,"0",false,"17809"
"107",,"0",false,"107"
"21898",,"0",false,"21898"
"43303",,"0",false,"43303"
"5824","5822","2461",false,"5822"
"47761",,"0",false,"47761"
"50279",,"0",false,"50279"
"9019",,"0",false,"9019"
"31929",,"0",false,"31929"
"2524",,"0",false,"2524"
"1468",,"0",false,"1468"
"67673",,"0",false,"67673"
"22479",,"0",false,"22479"
"67675",,"0",false,"67675"
"17056",,"0",false,"17056"
"27514",,"0",false,"27514"
"67678",,"0",false,"67678"
"20723",,"0",false,"20723"
"61205",,"0",false,"61205"
"18247",,"0",false,"18247"
"45895",,"0",false,"45895"
"55999",,"0",false,"55999"
"49236",,"0",false,"49236"
"6648",,"0",false,"6648"
"65397",,"0",false,"65397"
"21160",,"0",false,"21160"
"4995",,"0",false,"4995"
"2788",,"0",false,"2788"
"34918",,"0",false,"34918"
"61242",,"0",false,"61242"
"4556",,"0",false,"4556"
"1683",,"0",false,"1683"
"6703",,"0",false,"6703"
"26661",,"0",false,"26661"
"35351",,"0",false,"35351"
"1901",,"0",false,"1901"
"33892",,"0",false,"33892"
"6643",,"0",false,"6643"
"38171",,"0",false,"38171"
"47256",,"0",false,"47256"
"6231",,"0",false,"6231"
"49452",,"0",false,"49452"
"29579",,"0",false,"29579"
"44307",,"0",false,"44307"
"50477",,"0",false,"50477"
"65655",,"0",false,"65655"
"440",,"0",false,"440"
"12340",,"0",false,"12340"
"17476",,"0",false,"17476"
"67711",,"0",false,"67711"
"28358",,"0",false,"28358"
"6595",,"0",false,"6595"
"16635",,"0",false,"16635"
"39049",,"0",false,"39049"
"1897",,"0",false,"1897"
"65199",,"0",false,"65199"
"67718",,"0",false,"67718"
"5334",,"0",false,"5334"
"4794",,"0",false,"4794"
"2120",,"0",false,"2120"
"35722",,"0",false,"35722"
"24927",,"0",false,"24927"
"14898",,"0",false,"14898"
"1077",,"0",false,"1077"
"54618",,"0",false,"54618"
"49464",,"0",false,"49464"
"44763",,"0",false,"44763"
"47997",,"0",false,"47997"
"57156",,"0",false,"57156"
"49904",,"0",false,"49904"
"439",,"0",false,"439"
"18661",,"0",false,"18661"
"67734",,"0",false,"67734"
"39502",,"0",false,"39502"
"19156",,"0",false,"19156"
"73",,"0",false,"73"
"3527",,"0",false,"3527"
"19905",,"0",false,"19905"
"3542",,"0",false,"3542"
"7311",,"0",false,"7311"
"33015",,"0",false,"33015"
"281",,"0",false,"281"
"35378",,"0",false,"35378"
"32606",,"0",false,"32606"
"26522",,"0",false,"26522"
"40246",,"0",false,"40246"
"8210",,"0",false,"8210"
"67749",,"0",false,"67749"
"67750",,"0",false,"67750"
"56032",,"0",false,"56032"
"27074",,"0",false,"27074"
"24488",,"0",false,"24488"
"175",,"0",false,"175"
"67755",,"0",false,"67755"
"12170",,"0",false,"12170"
"67757",,"0",false,"67757"
"15454",,"0",false,"15454"
"33755",,"0",false,"33755"
"666",,"0",false,"666"
"49290",,"0",false,"49290"
"14873",,"0",false,"14873"
"12911",,"0",false,"12911"
"43586",,"0",false,"43586"
"10416",,"0",false,"10416"
"58949",,"0",false,"58949"
"3207",,"0",false,"3207"
"60162",,"0",false,"60162"
"1700",,"0",false,"1700"
"62484",,"0",false,"62484"
"57996",,"0",false,"57996"
"3603",,"0",false,"3603"
"23985",,"0",false,"23985"
"17379",,"0",false,"17379"
"35257",,"0",false,"35257"
"61882",,"0",false,"61882"
"59268",,"0",false,"59268"
"60471",,"0",false,"60471"
"1092",,"0",false,"1092"
"21899",,"0",false,"21899"
"174",,"0",false,"174"
"21578",,"0",false,"21578"
"66380",,"0",false,"66380"
"50325",,"0",false,"50325"
"46285",,"0",false,"46285"
"1312",,"0",false,"1312"
"53675",,"0",false,"53675"
"53448",,"0",false,"53448"
"63229",,"0",false,"63229"
"20725",,"0",false,"20725"
"66625",,"0",false,"66625"
"10697",,"0",false,"10697"
"66041",,"0",false,"66041"
"54723",,"0",false,"54723"
"9830",,"0",false,"9830"
"24791",,"0",false,"24791"
"34569",,"0",false,"34569"
"816",,"0",false,"816"
"23109",,"0",false,"23109"
"67800",,"0",false,"67800"
"20450",,"0",false,"20450"
"65991",,"0",false,"65991"
"55118",,"0",false,"55118"
"3655",,"0",false,"3655"
"4848",,"0",false,"4848"
"35705",,"0",false,"35705"
"67807",,"0",false,"67807"
"46849",,"0",false,"46849"
"67809",,"0",false,"67809"
"22033",,"0",false,"22033"
"14519",,"0",false,"14519"
"54742",,"0",false,"54742"
"67813",,"0",false,"67813"
"1291",,"0",false,"1291"
"65594",,"0",false,"65594"
"23595",,"0",false,"23595"
"16637",,"0",false,"16637"
"4061",,"0",false,"4061"
"60939",,"0",false,"60939"
"42000",,"0",false,"42000"
"26633",,"0",false,"26633"
"3522",,"0",false,"3522"
"44021",,"0",false,"44021"
"35740",,"0",false,"35740"
"6610",,"0",false,"6610"
"31928",,"0",false,"31928"
"46683",,"0",false,"46683"
"76",,"0",false,"76"
"64694",,"0",false,"64694"
"3044",,"0",false,"3044"
"46875",,"0",false,"46875"
"21340",,"0",false,"21340"
"33682",,"0",false,"33682"
"47995",,"0",false,"47995"
"26946",,"0",false,"26946"
"54425",,"0",false,"54425"
"37549",,"0",false,"37549"
"3890","4479","2380",false,"4479"
"22566",,"0",false,"22566"
"67840",,"0",false,"67840"
"27810",,"0",false,"27810"
"12732",,"0",false,"12732"
"9442",,"0",false,"9442"
"54859",,"0",false,"54859"
"7309",,"0",false,"7309"
"3208",,"0",false,"3208"
"21605",,"0",false,"21605"
"64931",,"0",false,"64931"
"67849",,"0",false,"67849"
"6545",,"0",false,"6545"
"67851",,"0",false,"67851"
"66406",,"0",false,"66406"
"17359",,"0",false,"17359"
"60759",,"0",false,"60759"
"60173",,"0",false,"60173"
"970",,"0",false,"970"
"59125",,"0",false,"59125"
"48765",,"0",false,"48765"
"66120",,"0",false,"66120"
"48763",,"0",false,"48763"
"36268",,"0",false,"36268"
"2583",,"0",false,"2583"
"30192",,"0",false,"30192"
"43040",,"0",false,"43040"
"43579",,"0",false,"43579"
"41815",,"0",false,"41815"
"4274",,"0",false,"4274"
"3609",,"0",false,"3609"
"52315",,"0",false,"52315"
"22199",,"0",false,"22199"
"55840",,"0",false,"55840"
"1273",,"0",false,"1273"
"22219",,"0",false,"22219"
"3214",,"0",false,"3214"
"22499",,"0",false,"22499"
"4994",,"0",false,"4994"
"67877",,"0",false,"67877"
"3706",,"0",false,"3706"
"66411",,"0",false,"66411"
"10063",,"0",false,"10063"
"29247",,"0",false,"29247"
"2230",,"0",false,"2230"
"65787",,"0",false,"65787"
"5386",,"0",false,"5386"
"45166",,"0",false,"45166"
"4678",,"0",false,"4678"
"4261",,"0",false,"4261"
"6230",,"0",false,"6230"
"67889",,"0",false,"67889"
"3962",,"0",false,"3962"
"51872",,"0",false,"51872"
"39121",,"0",false,"39121"
"43448",,"0",false,"43448"
"67894",,"0",false,"67894"
"45044",,"0",false,"45044"
"67896",,"0",false,"67896"
"18802",,"0",false,"18802"
"3612",,"0",false,"3612"
"44008",,"0",false,"44008"
"54241",,"0",false,"54241"
"22192",,"0",false,"22192"
"39257",,"0",false,"39257"
"35053",,"0",false,"35053"
"66450",,"0",false,"66450"
"4082",,"0",false,"4082"
"60584",,"0",false,"60584"
"61499",,"0",false,"61499"
"11765",,"0",false,"11765"
"18395",,"0",false,"18395"
"65493",,"0",false,"65493"
"2268",,"0",false,"2268"
"11600",,"0",false,"11600"
"18660",,"0",false,"18660"
"6031",,"0",false,"6031"
"25231",,"0",false,"25231"
"19155",,"0",false,"19155"
"67917",,"0",false,"67917"
"618",,"0",false,"618"
"26417",,"0",false,"26417"
"35370",,"0",false,"35370"
"47783",,"0",false,"47783"
"67922",,"0",false,"67922"
"4207",,"0",false,"4207"
"67924",,"0",false,"67924"
"2354",,"0",false,"2354"
"34705",,"0",false,"34705"
"43473",,"0",false,"43473"
"41261",,"0",false,"41261"
"3430",,"0",false,"3430"
"40769",,"0",false,"40769"
"1473",,"0",false,"1473"
"49326",,"0",false,"49326"
"42752",,"0",false,"42752"
"23885",,"0",false,"23885"
"67935",,"0",false,"67935"
"43059",,"0",false,"43059"
"6705",,"0",false,"6705"
"4059",,"0",false,"4059"
"51613",,"0",false,"51613"
"35186",,"0",false,"35186"
"53853",,"0",false,"53853"
"51306",,"0",false,"51306"
"55610",,"0",false,"55610"
"3037",,"0",false,"3037"
"12452",,"0",false,"12452"
"55438",,"0",false,"55438"
"3541",,"0",false,"3541"
"2589",,"0",false,"2589"
"66164",,"0",false,"66164"
"66016",,"0",false,"66016"
"498",,"0",false,"498"
"10816",,"0",false,"10816"
"46884",,"0",false,"46884"
"3419",,"0",false,"3419"
"56956",,"0",false,"56956"
"59855",,"0",false,"59855"
"66704",,"0",false,"66704"
"4479","4479","2380",true,"4479"
"18355",,"0",false,"18355"
"7512",,"0",false,"7512"
"6448",,"0",false,"6448"
"67962",,"0",false,"67962"
"48317",,"0",false,"48317"
"114",,"0",false,"114"
"17099",,"0",false,"17099"
"42619",,"0",false,"42619"
"9832",,"0",false,"9832"
"20452",,"0",false,"20452"
"51261",,"0",false,"51261"
"57679",,"0",false,"57679"
"67971",,"0",false,"67971"
"66837",,"0",false,"66837"
"67973",,"0",false,"67973"
"3779",,"0",false,"3779"
"40611",,"0",false,"40611"
"67976",,"0",false,"67976"
"67977",,"0",false,"67977"
"44845","44560","1449",false,"44560"
"46882",,"0",false,"46882"
"66181",,"0",false,"66181"
"243",,"0",false,"243"
"3544",,"0",false,"3544"
"43442",,"0",false,"43442"
"16138",,"0",false,"16138"
"464",,"0",false,"464"
"21155",,"0",false,"21155"
"9828",,"0",false,"9828"
"66373",,"0",false,"66373"
"19997",,"0",false,"19997"
"2475",,"0",false,"2475"
"17500",,"0",false,"17500"
"53310",,"0",false,"53310"
"27813",,"0",false,"27813"
"20307",,"0",false,"20307"
"108",,"0",false,"108"
"6087",,"0",false,"6087"
"52309",,"0",false,"52309"
"40277",,"0",false,"40277"
"55254",,"0",false,"55254"
"68000",,"0",false,"68000"
"59671",,"0",false,"59671"
"3903",,"0",false,"3903"
"23273",,"0",false,"23273"
"54826",,"0",false,"54826"
"5385",,"0",false,"5385"
"22483",,"0",false,"22483"
"2309",,"0",false,"2309"
"36917",,"0",false,"36917"
"18366",,"0",false,"18366"
"11882",,"0",false,"11882"
"68011",,"0",false,"68011"
"50683",,"0",false,"50683"
"50051",,"0",false,"50051"
"6140",,"0",false,"6140"
"59481",,"0",false,"59481"
"21159",,"0",false,"21159"
"26632",,"0",false,"26632"
"35373",,"0",false,"35373"
"43614",,"0",false,"43614"
"2776",,"0",false,"2776"
"68021",,"0",false,"68021"
"68022",,"0",false,"68022"
"47116",,"0",false,"47116"
"66813",,"0",false,"66813"
"50291",,"0",false,"50291"
"755",,"0",false,"755"
"3610",,"0",false,"3610"
"61238",,"0",false,"61238"
"2455",,"0",false,"2455"
"45859",,"0",false,"45859"
"24794",,"0",false,"24794"
"4054",,"0",false,"4054"
"16091",,"0",false,"16091"
"18397",,"0",false,"18397"
"49883",,"0",false,"49883"
"42755",,"0",false,"42755"
"60354",,"0",false,"60354"
"23887",,"0",false,"23887"
"7827",,"0",false,"7827"
"16592",,"0",false,"16592"
"9541",,"0",false,"9541"
"44186",,"0",false,"44186"
"19063",,"0",false,"19063"
"26208",,"0",false,"26208"
"17074",,"0",false,"17074"
"19070",,"0",false,"19070"
"22347",,"0",false,"22347"
"45169",,"0",false,"45169"
"56976",,"0",false,"56976"
"65690",,"0",false,"65690"
"10138",,"0",false,"10138"
"54730",,"0",false,"54730"
"68053",,"0",false,"68053"
"13468",,"0",false,"13468"
"65510",,"0",false,"65510"
"4052",,"0",false,"4052"
"55017",,"0",false,"55017"
"32655",,"0",false,"32655"
"46411",,"0",false,"46411"
"3940",,"0",false,"3940"
"29389",,"0",false,"29389"
"19629",,"0",false,"19629"
"44012",,"0",false,"44012"
"54812",,"0",false,"54812"
"40161","40485","3419",false,"40485"
"33568",,"0",false,"33568"
"47765",,"0",false,"47765"
"68068",,"0",false,"68068"
"56962",,"0",false,"56962"
"18656",,"0",false,"18656"
"13450",,"0",false,"13450"
"46827",,"0",false,"46827"
"60343",,"0",false,"60343"
"68074",,"0",false,"68074"
"34597",,"0",false,"34597"
"50877",,"0",false,"50877"
"57002",,"0",false,"57002"
"23405",,"0",false,"23405"
"46674",,"0",false,"46674"
"68080",,"0",false,"68080"
"10062",,"0",false,"10062"
"68082",,"0",false,"68082"
"35588",,"0",false,"35588"
"57834",,"0",false,"57834"
"600",,"0",false,"600"
"12910",,"0",false,"12910"
"44003",,"0",false,"44003"
"50496",,"0",false,"50496"
"1094",,"0",false,"1094"
"176",,"0",false,"176"
"38092",,"0",false,"38092"
"1935",,"0",false,"1935"
"47364",,"0",false,"47364"
"13465",,"0",false,"13465"
"21759",,"0",false,"21759"
"56420",,"0",false,"56420"
"30634",,"0",false,"30634"
"46416",,"0",false,"46416"
"16892",,"0",false,"16892"
"32223",,"0",false,"32223"
"68101",,"0",false,"68101"
"5586",,"0",false,"5586"
"49681",,"0",false,"49681"
"68104",,"0",false,"68104"
"59269",,"0",false,"59269"
"68106",,"0",false,"68106"
"2229",,"0",false,"2229"
"63045",,"0",false,"63045"
"4084",,"0",false,"4084"
"52381",,"0",false,"52381"
"35730",,"0",false,"35730"
"66736",,"0",false,"66736"
"48950",,"0",false,"48950"
"60409",,"0",false,"60409"
"6596",,"0",false,"6596"
"45827",,"0",false,"45827"
"40757",,"0",false,"40757"
"6743",,"0",false,"6743"
"35355",,"0",false,"35355"
"62258",,"0",false,"62258"
"1137",,"0",false,"1137"
"17381",,"0",false,"17381"
"68123",,"0",false,"68123"
"23427",,"0",false,"23427"
"19042",,"0",false,"19042"
"68126",,"0",false,"68126"
"25511",,"0",false,"25511"
"49657",,"0",false,"49657"
"17775",,"0",false,"17775"
"35513",,"0",false,"35513"
"11210",,"0",false,"11210"
"27516",,"0",false,"27516"
"49515",,"0",false,"49515"
"36399",,"0",false,"36399"
"11187",,"0",false,"11187"
"56569",,"0",false,"56569"
"24053",,"0",false,"24053"
"7287",,"0",false,"7287"
"37250",,"0",false,"37250"
"68140",,"0",false,"68140"
"762",,"0",false,"762"
"44306",,"0",false,"44306"
"32977",,"0",false,"32977"
"1514",,"0",false,"1514"
"4194",,"0",false,"4194"
"40753",,"0",false,"40753"
"59927",,"0",false,"59927"
"1684",,"0",false,"1684"
"30784",,"0",false,"30784"
"68150",,"0",false,"68150"
"22966",,"0",false,"22966"
"1472",,"0",false,"1472"
"6531",,"0",false,"6531"
"15064",,"0",false,"15064"
"35754",,"0",false,"35754"
"56011",,"0",false,"56011"
"19064",,"0",false,"19064"
"54940",,"0",false,"54940"
"68159",,"0",false,"68159"
"13452",,"0",false,"13452"
"34142",,"0",false,"34142"
"68162",,"0",false,"68162"
"38294",,"0",false,"38294"
"457",,"0",false,"457"
"20529",,"0",false,"20529"
"13469",,"0",false,"13469"
"21590",,"0",false,"21590"
"54630",,"0",false,"54630"
"33064",,"0",false,"33064"
"1706",,"0",false,"1706"
"66821",,"0",false,"66821"
"60161",,"0",false,"60161"
"101",,"0",false,"101"
"30820",,"0",false,"30820"
"68175",,"0",false,"68175"
"65659",,"0",false,"65659"
"68177",,"0",false,"68177"
"52944",,"0",false,"52944"
"20032",,"0",false,"20032"
"26210",,"0",false,"26210"
"53377","53561","3672",false,"53561"
"1144",,"0",false,"1144"
"26634",,"0",false,"26634"
"49875",,"0",false,"49875"
"68185",,"0",false,"68185"
"57359",,"0",false,"57359"
"31200",,"0",false,"31200"
"68188",,"0",false,"68188"
"47563",,"0",false,"47563"
"68190",,"0",false,"68190"
"48732",,"0",false,"48732"
"68192",,"0",false,"68192"
"66569",,"0",false,"66569"
"55161",,"0",false,"55161"
"68195",,"0",false,"68195"
"4552",,"0",false,"4552"
"68197",,"0",false,"68197"
"15566",,"0",false,"15566"
"21341",,"0",false,"21341"
"32942",,"0",false,"32942"
"55434",,"0",false,"55434"
"16401",,"0",false,"16401"
"59473","59292","518",false,"59292"
"1739",,"0",false,"1739"
"10068",,"0",false,"10068"
"51794",,"0",false,"51794"
"235",,"0",false,"235"
"68208",,"0",false,"68208"
"32988",,"0",false,"32988"
"68210",,"0",false,"68210"
"68211",,"0",false,"68211"
"60108",,"0",false,"60108"
"66346",,"0",false,"66346"
"50674",,"0",false,"50674"
"57363",,"0",false,"57363"
"47142",,"0",false,"47142"
"17",,"0",false,"17"
"50057",,"0",false,"50057"
"11190",,"0",false,"11190"
"41070",,"0",false,"41070"
"3418",,"0",false,"3418"
"16939",,"0",false,"16939"
"18636",,"0",false,"18636"
"1267",,"0",false,"1267"
"51994",,"0",false,"51994"
"34702",,"0",false,"34702"
"54011","53827","4687",false,"53827"
"14874",,"0",false,"14874"
"57995",,"0",false,"57995"
"6232",,"0",false,"6232"
"47547",,"0",false,"47547"
"16089",,"0",false,"16089"
"1071",,"0",false,"1071"
"42130",,"0",false,"42130"
"68235",,"0",false,"68235"
"36390",,"0",false,"36390"
"19159",,"0",false,"19159"
"33698",,"0",false,"33698"
"35725",,"0",false,"35725"
"4843",,"0",false,"4843"
"49500",,"0",false,"49500"
"3778",,"0",false,"3778"
"433",,"0",false,"433"
"7762",,"0",false,"7762"
"54807",,"0",false,"54807"
"68246",,"0",false,"68246"
"55823",,"0",false,"55823"
"20704",,"0",false,"20704"
"20039",,"0",false,"20039"
"33903",,"0",false,"33903"
"6435","6948","2357",false,"6948"
"68252",,"0",false,"68252"
"43054",,"0",false,"43054"
"1110",,"0",false,"1110"
"18784",,"0",false,"18784"
"68256",,"0",false,"68256"
"68257",,"0",false,"68257"
"54635",,"0",false,"54635"
"19066",,"0",false,"19066"
"68260",,"0",false,"68260"
"49325",,"0",false,"49325"
"61413",,"0",false,"61413"
"30194",,"0",false,"30194"
"6698",,"0",false,"6698"
"35599",,"0",false,"35599"
"2356",,"0",false,"2356"
"34707",,"0",false,"34707"
"46132",,"0",false,"46132"
"55848",,"0",false,"55848"
"35739",,"0",false,"35739"
"55036",,"0",false,"55036"
"51677",,"0",false,"51677"
"65074",,"0",false,"65074"
"4836",,"0",false,"4836"
"11259",,"0",false,"11259"
"50119","50529","3691",false,"50529"
"367",,"0",false,"367"
"68278",,"0",false,"68278"
"17385",,"0",false,"17385"
"68280",,"0",false,"68280"
"68281",,"0",false,"68281"
"68282",,"0",false,"68282"
"36565",,"0",false,"36565"
"18645",,"0",false,"18645"
"36717",,"0",false,"36717"
"3039",,"0",false,"3039"
"58785",,"0",false,"58785"
"33558",,"0",false,"33558"
"30099",,"0",false,"30099"
"10673",,"0",false,"10673"
"57180",,"0",false,"57180"
"50258",,"0",false,"50258"
"45921",,"0",false,"45921"
"66259",,"0",false,"66259"
"52638",,"0",false,"52638"
"53111",,"0",false,"53111"
"8201",,"0",false,"8201"
"59809",,"0",false,"59809"
"33700",,"0",false,"33700"
"37538",,"0",false,"37538"
"15383",,"0",false,"15383"
"39239",,"0",false,"39239"
"25372",,"0",false,"25372"
"47555",,"0",false,"47555"
"31720",,"0",false,"31720"
"21777",,"0",false,"21777"
"68307",,"0",false,"68307"
"627",,"0",false,"627"
"28998",,"0",false,"28998"
"68310",,"0",false,"68310"
"39294",,"0",false,"39294"
"16137",,"0",false,"16137"
"7662",,"0",false,"7662"
"52861",,"0",false,"52861"
"65500",,"0",false,"65500"
"47941",,"0",false,"47941"
"167",,"0",false,"167"
"31910",,"0",false,"31910"
"5502",,"0",false,"5502"
"3195",,"0",false,"3195"
"28964",,"0",false,"28964"
"53271",,"0",false,"53271"
"46566",,"0",false,"46566"
"33681",,"0",false,"33681"
"59655",,"0",false,"59655"
"66410",,"0",false,"66410"
"52316",,"0",false,"52316"
"57845",,"0",false,"57845"
"68329",,"0",false,"68329"
"15953",,"0",false,"15953"
"3395",,"0",false,"3395"
"66856",,"0",false,"66856"
"68333",,"0",false,"68333"
"48525",,"0",false,"48525"
"46662",,"0",false,"46662"
"49672",,"0",false,"49672"
"3423",,"0",false,"3423"
"66131",,"0",false,"66131"
"65068",,"0",false,"65068"
"3591",,"0",false,"3591"
"34598",,"0",false,"34598"
"50878",,"0",false,"50878"
"6436","6948","2357",false,"6948"
"9432",,"0",false,"9432"
"68345",,"0",false,"68345"
"66234",,"0",false,"66234"
"5355",,"0",false,"5355"
"47890",,"0",false,"47890"
"39256",,"0",false,"39256"
"48762",,"0",false,"48762"
"2919",,"0",false,"2919"
"68352",,"0",false,"68352"
"39263","38935","1",false,"38935"
"68354",,"0",false,"68354"
"9540",,"0",false,"9540"
"57167",,"0",false,"57167"
"53282",,"0",false,"53282"
"16946",,"0",false,"16946"
"66336",,"0",false,"66336"
"49514",,"0",false,"49514"
"6777",,"0",false,"6777"
"28469",,"0",false,"28469"
"61053",,"0",false,"61053"
"3785",,"0",false,"3785"
"31228",,"0",false,"31228"
"68366",,"0",false,"68366"
"68367",,"0",false,"68367"
"3944",,"0",false,"3944"
"20894",,"0",false,"20894"
"21302",,"0",false,"21302"
"50868",,"0",false,"50868"
"29253",,"0",false,"29253"
"40366",,"0",false,"40366"
"22208",,"0",false,"22208"
"36380",,"0",false,"36380"
"29614",,"0",false,"29614"
"2481",,"0",false,"2481"
"57684",,"0",false,"57684"
"42162",,"0",false,"42162"
"56800",,"0",false,"56800"
"7090",,"0",false,"7090"
"66129",,"0",false,"66129"
"5173",,"0",false,"5173"
"34048",,"0",false,"34048"
"16640",,"0",false,"16640"
"56008",,"0",false,"56008"
"54228",,"0",false,"54228"
"54385",,"0",false,"54385"
"8199",,"0",false,"8199"
"68390",,"0",false,"68390"
"44287",,"0",false,"44287"
"20050",,"0",false,"20050"
"23871",,"0",false,"23871"
"8810",,"0",false,"8810"
"20309",,"0",false,"20309"
"66398",,"0",false,"66398"
"45932",,"0",false,"45932"
"9246",,"0",false,"9246"
"68399",,"0",false,"68399"
"58954",,"0",false,"58954"
"39047",,"0",false,"39047"
"47996",,"0",false,"47996"
"44800","44515","4027",false,"44515"
"4649",,"0",false,"4649"
"12918",,"0",false,"12918"
"16626",,"0",false,"16626"
"68407",,"0",false,"68407"
"5703",,"0",false,"5703"
"7290",,"0",false,"7290"
"2461",,"0",false,"2461"
"8299",,"0",false,"8299"
"2568",,"0",false,"2568"
"42026",,"0",false,"42026"
"37585",,"0",false,"37585"
"60997",,"0",false,"60997"
"3593",,"0",false,"3593"
"43902",,"0",false,"43902"
"41381",,"0",false,"41381"
"35382",,"0",false,"35382"
"32617",,"0",false,"32617"
"5567",,"0",false,"5567"
"68422",,"0",false,"68422"
"68423",,"0",false,"68423"
"68424",,"0",false,"68424"
"50267","50068","4158",false,"50068"
"3600",,"0",false,"3600"
"341",,"0",false,"341"
"57778",,"0",false,"57778"
"4072",,"0",false,"4072"
"54728",,"0",false,"54728"
"12174",,"0",false,"12174"
"60519",,"0",false,"60519"
"23431",,"0",false,"23431"
"1348",,"0",false,"1348"
"59613",,"0",false,"59613"
"28843",,"0",false,"28843"
"6026",,"0",false,"6026"
"3644",,"0",false,"3644"
"53633",,"0",false,"53633"
"35717",,"0",false,"35717"
"9251",,"0",false,"9251"
"68442",,"0",false,"68442"
"1246",,"0",false,"1246"
"19062",,"0",false,"19062"
"17474",,"0",false,"17474"
"34699",,"0",false,"34699"
"35",,"0",false,"35"
"45389",,"0",false,"45389"
"17913",,"0",false,"17913"
"64695",,"0",false,"64695"
"10132",,"0",false,"10132"
"66891",,"0",false,"66891"
"37541",,"0",false,"37541"
"32483",,"0",false,"32483"
"55028",,"0",false,"55028"
"19157",,"0",false,"19157"
"66779",,"0",false,"66779"
"41699","41387","1119",false,"41387"
"4927",,"0",false,"4927"
"11597",,"0",false,"11597"
"43046",,"0",false,"43046"
"3880","4479","2380",false,"4479"
"1523",,"0",false,"1523"
"7104",,"0",false,"7104"
"63129",,"0",false,"63129"
"49320",,"0",false,"49320"
"44036",,"0",false,"44036"
"7761",,"0",false,"7761"
"20830",,"0",false,"20830"
"54233",,"0",false,"54233"
"11586",,"0",false,"11586"
"68472",,"0",false,"68472"
"4355",,"0",false,"4355"
"11884",,"0",false,"11884"
"5655",,"0",false,"5655"
"3027",,"0",false,"3027"
"4845",,"0",false,"4845"
"32976",,"0",false,"32976"
"40133",,"0",false,"40133"
"51447",,"0",false,"51447"
"51030",,"0",false,"51030"
"36591",,"0",false,"36591"
"4362",,"0",false,"4362"
"34583",,"0",false,"34583"
"68485",,"0",false,"68485"
"15601",,"0",false,"15601"
"56378",,"0",false,"56378"
"17533",,"0",false,"17533"
"4264",,"0",false,"4264"
"818",,"0",false,"818"
"7091",,"0",false,"7091"
"1941",,"0",false,"1941"
"31907",,"0",false,"31907"
"7822",,"0",false,"7822"
"51795",,"0",false,"51795"
"62442",,"0",false,"62442"
"23415",,"0",false,"23415"
"32839",,"0",false,"32839"
"18642",,"0",false,"18642"
"4892",,"0",false,"4892"
"44881",,"0",false,"44881"
"66076",,"0",false,"66076"
"68503",,"0",false,"68503"
"6237",,"0",false,"6237"
"66268",,"0",false,"66268"
"4835",,"0",false,"4835"
"68507",,"0",false,"68507"
"46162",,"0",false,"46162"
"17341",,"0",false,"17341"
"52805",,"0",false,"52805"
"65722",,"0",false,"65722"
"37537","37537","1538",true,"37537"
"68513",,"0",false,"68513"
"12980",,"0",false,"12980"
"34593",,"0",false,"34593"
"68516",,"0",false,"68516"
"29783",,"0",false,"29783"
"13458",,"0",false,"13458"
"2574",,"0",false,"2574"
"8674",,"0",false,"8674"
"31020",,"0",false,"31020"
"2046",,"0",false,"2046"
"26641",,"0",false,"26641"
"66443",,"0",false,"66443"
"5373",,"0",false,"5373"
"68526",,"0",false,"68526"
"50658",,"0",false,"50658"
"68528",,"0",false,"68528"
"47284",,"0",false,"47284"
"68530",,"0",false,"68530"
"36571",,"0",false,"36571"
"3192",,"0",false,"3192"
"61114",,"0",false,"61114"
"66605",,"0",false,"66605"
"3598",,"0",false,"3598"
"68536",,"0",false,"68536"
"7661",,"0",false,"7661"
"19992",,"0",false,"19992"
"65727",,"0",false,"65727"
"46660",,"0",false,"46660"
"64882",,"0",false,"64882"
"20960",,"0",false,"20960"
"5501",,"0",false,"5501"
"35721",,"0",false,"35721"
"6024",,"0",false,"6024"
"35574","35237","1560",false,"35237"
"39110","39108","1537",false,"39108"
"1689",,"0",false,"1689"
"60407",,"0",false,"60407"
"65055",,"0",false,"65055"
"19",,"0",false,"19"
"68552",,"0",false,"68552"
"54442",,"0",false,"54442"
"68554",,"0",false,"68554"
"15067",,"0",false,"15067"
"1293",,"0",false,"1293"
"28225",,"0",false,"28225"
"972",,"0",false,"972"
"18634",,"0",false,"18634"
"58956",,"0",false,"58956"
"58291",,"0",false,"58291"
"31775",,"0",false,"31775"
"42585",,"0",false,"42585"
"46787",,"0",false,"46787"
"3951",,"0",false,"3951"
"39261","38935","1",false,"38935"
"30200",,"0",false,"30200"
"18896",,"0",false,"18896"
"26945",,"0",false,"26945"
"24936",,"0",false,"24936"
"4278",,"0",false,"4278"
"49465",,"0",false,"49465"
"53108",,"0",false,"53108"
"3881","4479","2380",false,"4479"
"68575",,"0",false,"68575"
"6126",,"0",false,"6126"
"37360",,"0",false,"37360"
"22207",,"0",false,"22207"
"41207",,"0",false,"41207"
"17915",,"0",false,"17915"
"1275",,"0",false,"1275"
"20287",,"0",false,"20287"
"50036",,"0",false,"50036"
"40156",,"0",false,"40156"
"2474",,"0",false,"2474"
"51704",,"0",false,"51704"
"53305",,"0",false,"53305"
"29251",,"0",false,"29251"
"9538",,"0",false,"9538"
"4265",,"0",false,"4265"
"68591",,"0",false,"68591"
"44318",,"0",false,"44318"
"56796",,"0",false,"56796"
"22494",,"0",false,"22494"
"5568",,"0",false,"5568"
"4682",,"0",false,"4682"
"2106",,"0",false,"2106"
"68598",,"0",false,"68598"
"68599",,"0",false,"68599"
"63133",,"0",false,"63133"
"38802",,"0",false,"38802"
"6776",,"0",false,"6776"
"10058",,"0",false,"10058"
"51809",,"0",false,"51809"
"4073",,"0",false,"4073"
"16902",,"0",false,"16902"
"3458",,"0",false,"3458"
"22604",,"0",false,"22604"
"44606",,"0",false,"44606"
"36727",,"0",false,"36727"
"64471",,"0",false,"64471"
"4223",,"0",false,"4223"
"51633",,"0",false,"51633"
"54626",,"0",false,"54626"
"52970",,"0",false,"52970"
"4922",,"0",false,"4922"
"58597",,"0",false,"58597"
"26512",,"0",false,"26512"
"68619",,"0",false,"68619"
"3645",,"0",false,"3645"
"2351",,"0",false,"2351"
"11773",,"0",false,"11773"
"54835",,"0",false,"54835"
"35178",,"0",false,"35178"
"47143",,"0",false,"47143"
"16413",,"0",false,"16413"
"1745",,"0",false,"1745"
"28640",,"0",false,"28640"
"59300",,"0",false,"59300"
"21593",,"0",false,"21593"
"68631",,"0",false,"68631"
"21773",,"0",false,"21773"
"55243",,"0",false,"55243"
"2454",,"0",false,"2454"
"9987",,"0",false,"9987"
"35747",,"0",false,"35747"
"21164",,"0",false,"21164"
"11238",,"0",false,"11238"
"45674",,"0",false,"45674"
"36736",,"0",false,"36736"
"55032",,"0",false,"55032"
"3034",,"0",false,"3034"
"4210",,"0",false,"4210"
"68644",,"0",false,"68644"
"9590",,"0",false,"9590"
"36258",,"0",false,"36258"
"66497",,"0",false,"66497"
"49868",,"0",false,"49868"
"60933",,"0",false,"60933"
"41732",,"0",false,"41732"
"37008",,"0",false,"37008"
"66803",,"0",false,"66803"
"3193",,"0",false,"3193"
"21333",,"0",false,"21333"
"4885",,"0",false,"4885"
"46668",,"0",false,"46668"
"6985",,"0",false,"6985"
"14538",,"0",false,"14538"
"24789",,"0",false,"24789"
"68660",,"0",false,"68660"
"47520","47731","4011",false,"47731"
"3624",,"0",false,"3624"
"50885",,"0",false,"50885"
"68664",,"0",false,"68664"
"12898",,"0",false,"12898"
"10070",,"0",false,"10070"
"66083",,"0",false,"66083"
"55749",,"0",false,"55749"
"28838",,"0",false,"28838"
"500",,"0",false,"500"
"17806",,"0",false,"17806"
"1508",,"0",false,"1508"
"65112",,"0",false,"65112"
"2055",,"0",false,"2055"
"68675",,"0",false,"68675"
"34517",,"0",false,"34517"
"6451",,"0",false,"6451"
"59290",,"0",false,"59290"
"68679",,"0",false,"68679"
"4840",,"0",false,"4840"
"116",,"0",false,"116"
"48331",,"0",false,"48331"
"33037",,"0",false,"33037"
"34570",,"0",false,"34570"
"60532",,"0",false,"60532"
"50278",,"0",false,"50278"
"24485",,"0",false,"24485"
"34568",,"0",false,"34568"
"12450",,"0",false,"12450"
"9988",,"0",false,"9988"
"34704",,"0",false,"34704"
"53667",,"0",false,"53667"
"58299",,"0",false,"58299"
"59031",,"0",false,"59031"
"53826",,"0",false,"53826"
"65201",,"0",false,"65201"
"34214",,"0",false,"34214"
"11215",,"0",false,"11215"
"10411",,"0",false,"10411"
"245",,"0",false,"245"
"2306",,"0",false,"2306"
"3235",,"0",false,"3235"
"6440",,"0",false,"6440"
"43048",,"0",false,"43048"
"2479",,"0",false,"2479"
"5760",,"0",false,"5760"
"21748",,"0",false,"21748"
"15582",,"0",false,"15582"
"38167",,"0",false,"38167"
"68710",,"0",false,"68710"
"66487",,"0",false,"66487"
"41209",,"0",false,"41209"
"59446",,"0",false,"59446"
"56043",,"0",false,"56043"
"1938",,"0",false,"1938"
"26514",,"0",false,"26514"
"57376",,"0",false,"57376"
"66747",,"0",false,"66747"
"42032",,"0",false,"42032"
"45681",,"0",false,"45681"
"2349",,"0",false,"2349"
"9823",,"0",false,"9823"
"53562","53561","3672",false,"53561"
"66799",,"0",false,"66799"
"57163",,"0",false,"57163"
"42330",,"0",false,"42330"
"45611",,"0",false,"45611"
"66531",,"0",false,"66531"
"1309",,"0",false,"1309"
"55022",,"0",false,"55022"
"66087",,"0",false,"66087"
"66244",,"0",false,"66244"
"43613",,"0",false,"43613"
"17061",,"0",false,"17061"
"47282",,"0",false,"47282"
"37943",,"0",false,"37943"
"61424",,"0",false,"61424"
"68738",,"0",false,"68738"
"3032",,"0",false,"3032"
"38194",,"0",false,"38194"
"757",,"0",false,"757"
"66096",,"0",false,"66096"
"66811",,"0",false,"66811"
"6236",,"0",false,"6236"
"49109",,"0",false,"49109"
"66323",,"0",false,"66323"
"918",,"0",false,"918"
"2459",,"0",false,"2459"
"45923",,"0",false,"45923"
"62967",,"0",false,"62967"
"35576",,"0",false,"35576"
"52616",,"0",false,"52616"
"32781",,"0",false,"32781"
"14589",,"0",false,"14589"
"22031",,"0",false,"22031"
"38618",,"0",false,"38618"
"68757",,"0",false,"68757"
"52801",,"0",false,"52801"
"55559",,"0",false,"55559"
"68760",,"0",false,"68760"
"68761",,"0",false,"68761"
"52615",,"0",false,"52615"
"12978",,"0",false,"12978"
"13301","13842","3228",false,"13842"
"1697",,"0",false,"1697"
"13994",,"0",false,"13994"
"55038",,"0",false,"55038"
"37010",,"0",false,"37010"
"1687",,"0",false,"1687"
"34680",,"0",false,"34680"
"29397",,"0",false,"29397"
"30761",,"0",false,"30761"
"44853",,"0",false,"44853"
"3597",,"0",false,"3597"
"2053",,"0",false,"2053"
"4546",,"0",false,"4546"
"18775",,"0",false,"18775"
"57685",,"0",false,"57685"
"6442",,"0",false,"6442"
"18658",,"0",false,"18658"
"40801",,"0",false,"40801"
"1512",,"0",false,"1512"
"2671",,"0",false,"2671"
"56960",,"0",false,"56960"
"66437",,"0",false,"66437"
"56612",,"0",false,"56612"
"7668",,"0",false,"7668"
"442",,"0",false,"442"
"68789",,"0",false,"68789"
"66216",,"0",false,"66216"
"45904",,"0",false,"45904"
"20826",,"0",false,"20826"
"66631",,"0",false,"66631"
"18655",,"0",false,"18655"
"48376",,"0",false,"48376"
"2064",,"0",false,"2064"
"68797",,"0",false,"68797"
"53860",,"0",false,"53860"
"48372",,"0",false,"48372"
"68800",,"0",false,"68800"
"32848",,"0",false,"32848"
"68802",,"0",false,"68802"
"2304",,"0",false,"2304"
"35590",,"0",false,"35590"
"12956",,"0",false,"12956"
"30590",,"0",false,"30590"
"10428",,"0",false,"10428"
"2584",,"0",false,"2584"
"58778",,"0",false,"58778"
"602",,"0",false,"602"
"40111",,"0",false,"40111"
"36682",,"0",false,"36682"
"6086",,"0",false,"6086"
"37305",,"0",false,"37305"
"68815",,"0",false,"68815"
"178",,"0",false,"178"
"25655",,"0",false,"25655"
"1939",,"0",false,"1939"
"68819",,"0",false,"68819"
"10052",,"0",false,"10052"
"16900",,"0",false,"16900"
"68822",,"0",false,"68822"
"61688",,"0",false,"61688"
"36913",,"0",false,"36913"
"55654",,"0",false,"55654"
"35708",,"0",false,"35708"
"49680",,"0",false,"49680"
"4833",,"0",false,"4833"
"68829",,"0",false,"68829"
"34717",,"0",false,"34717"
"68831",,"0",false,"68831"
"56046",,"0",false,"56046"
"23277",,"0",false,"23277"
"44305",,"0",false,"44305"
"66371",,"0",false,"66371"
"68836",,"0",false,"68836"
"9585","9584","2532",false,"9584"
"35745",,"0",false,"35745"
"32991",,"0",false,"32991"
"32602",,"0",false,"32602"
"68841",,"0",false,"68841"
"6599",,"0",false,"6599"
"66547",,"0",false,"66547"
"28599",,"0",false,"28599"
"66413",,"0",false,"66413"
"6747",,"0",false,"6747"
"52457",,"0",false,"52457"
"50275",,"0",false,"50275"
"43043",,"0",false,"43043"
"66865",,"0",false,"66865"
"1139",,"0",false,"1139"
"59377",,"0",false,"59377"
"4796","4798","2372",false,"4798"
"2523",,"0",false,"2523"
"29616",,"0",false,"29616"
"15584",,"0",false,"15584"
"370",,"0",false,"370"
"68858",,"0",false,"68858"
"68859",,"0",false,"68859"
"47769",,"0",false,"47769"
"68861",,"0",false,"68861"
"64400",,"0",false,"64400"
"68863",,"0",false,"68863"
"10718",,"0",false,"10718"
"2738",,"0",false,"2738"
"21327",,"0",false,"21327"
"37550",,"0",false,"37550"
"66665",,"0",false,"66665"
"38250",,"0",false,"38250"
"7291",,"0",false,"7291"
"45894",,"0",false,"45894"
"32638",,"0",false,"32638"
"7878",,"0",false,"7878"
"45583",,"0",false,"45583"
"5274",,"0",false,"5274"
"51517",,"0",false,"51517"
"22963",,"0",false,"22963"
"620",,"0",false,"620"
"35580",,"0",false,"35580"
"11186",,"0",false,"11186"
"29988",,"0",false,"29988"
"6702",,"0",false,"6702"
"68883",,"0",false,"68883"
"68884",,"0",false,"68884"
"1518",,"0",false,"1518"
"1900",,"0",false,"1900"
"15452",,"0",false,"15452"
"42024","42615","3441",false,"42615"
"68889",,"0",false,"68889"
"28434",,"0",false,"28434"
"68891",,"0",false,"68891"
"56036",,"0",false,"56036"
"63007",,"0",false,"63007"
"44598",,"0",false,"44598"
"66534",,"0",false,"66534"
"24932",,"0",false,"24932"
"28840",,"0",false,"28840"
"20458",,"0",false,"20458"
"58464",,"0",false,"58464"
"35107",,"0",false,"35107"
"66223",,"0",false,"66223"
"68902",,"0",false,"68902"
"60028",,"0",false,"60028"
"103",,"0",false,"103"
"64849",,"0",false,"64849"
"12318",,"0",false,"12318"
"68907",,"0",false,"68907"
"4187",,"0",false,"4187"
"68909",,"0",false,"68909"
"3526",,"0",false,"3526"
"28463",,"0",false,"28463"
"21763",,"0",false,"21763"
"21746",,"0",false,"21746"
"65751",,"0",false,"65751"
"34904",,"0",false,"34904"
"7097",,"0",false,"7097"
"33014",,"0",false,"33014"
"32610",,"0",false,"32610"
"1105",,"0",false,"1105"
"35756",,"0",false,"35756"
"16634",,"0",false,"16634"
"17040",,"0",false,"17040"
"65996",,"0",false,"65996"
"4555",,"0",false,"4555"
"68925",,"0",false,"68925"
"6243",,"0",false,"6243"
"68927",,"0",false,"68927"
"2478",,"0",false,"2478"
"55444",,"0",false,"55444"
"13500",,"0",false,"13500"
"21304",,"0",false,"21304"
"56571",,"0",false,"56571"
"44473",,"0",false,"44473"
"68934",,"0",false,"68934"
"152",,"0",false,"152"
"42895",,"0",false,"42895"
"11816",,"0",false,"11816"
"68938",,"0",false,"68938"
"66089",,"0",false,"66089"
"31901",,"0",false,"31901"
"45818",,"0",false,"45818"
"68942",,"0",false,"68942"
"47713",,"0",false,"47713"
"9587","9584","2532",false,"9584"
"16907",,"0",false,"16907"
"51811",,"0",false,"51811"
"63174",,"0",false,"63174"
"5000",,"0",false,"5000"
"21329",,"0",false,"21329"
"8273",,"0",false,"8273"
"38800",,"0",false,"38800"
"2355",,"0",false,"2355"
"36035",,"0",false,"36035"
"31322",,"0",false,"31322"
"15387",,"0",false,"15387"
"3017",,"0",false,"3017"
"1269",,"0",false,"1269"
"46415",,"0",false,"46415"
"2458",,"0",false,"2458"
"3519",,"0",false,"3519"
"622",,"0",false,"622"
"1073",,"0",false,"1073"
"68963",,"0",false,"68963"
"68964",,"0",false,"68964"
"48778",,"0",false,"48778"
"11607",,"0",false,"11607"
"35729",,"0",false,"35729"
"51250",,"0",false,"51250"
"5585",,"0",false,"5585"
"59202",,"0",false,"59202"
"58137",,"0",false,"58137"
"61997",,"0",false,"61997"
"435",,"0",false,"435"
"29574",,"0",false,"29574"
"32836",,"0",false,"32836"
"20045",,"0",false,"20045"
"58130",,"0",false,"58130"
"5230",,"0",false,"5230"
"6439",,"0",false,"6439"
"30575",,"0",false,"30575"
"68981",,"0",false,"68981"
"277",,"0",false,"277"
"57000","57000","4981",true,"57000"
"3887","4479","2380",false,"4479"
"50663",,"0",false,"50663"
"68986",,"0",false,"68986"
"65342",,"0",false,"65342"
"5759",,"0",false,"5759"
"39445",,"0",false,"39445"
"12939",,"0",false,"12939"
"12162",,"0",false,"12162"
"10074",,"0",false,"10074"
"30202",,"0",false,"30202"
"37156",,"0",false,"37156"
"43450",,"0",false,"43450"
"2360",,"0",false,"2360"
"14365",,"0",false,"14365"
"662",,"0",false,"662"
"30586",,"0",false,"30586"
"53763",,"0",false,"53763"
"37676",,"0",false,"37676"
"31759",,"0",false,"31759"
"29856",,"0",false,"29856"
"369",,"0",false,"369"
"17976",,"0",false,"17976"
"4271",,"0",false,"4271"
"38159",,"0",false,"38159"
"32969",,"0",false,"32969"
"69009",,"0",false,"69009"
"21589",,"0",false,"21589"
"25793",,"0",false,"25793"
"18653",,"0",false,"18653"
"3043",,"0",false,"3043"
"3211",,"0",false,"3211"
"66827",,"0",false,"66827"
"4079",,"0",false,"4079"
"69017",,"0",false,"69017"
"47785",,"0",false,"47785"
"53118",,"0",false,"53118"
"35790",,"0",false,"35790"
"57158",,"0",false,"57158"
"37548",,"0",false,"37548"
"57290",,"0",false,"57290"
"8205",,"0",false,"8205"
"34103",,"0",false,"34103"
"65625",,"0",false,"65625"
"43755",,"0",false,"43755"
"629",,"0",false,"629"
"32110",,"0",false,"32110"
"49312",,"0",false,"49312"
"7154",,"0",false,"7154"
"69032",,"0",false,"69032"
"33893",,"0",false,"33893"
"21750",,"0",false,"21750"
"5169","5543","2363",false,"5543"
"25669",,"0",false,"25669"
"58947",,"0",false,"58947"
"14372","13842","3228",false,"13842"
"10626",,"0",false,"10626"
"24786",,"0",false,"24786"
"47521",,"0",false,"47521"
"53644",,"0",false,"53644"
"22497",,"0",false,"22497"
"35723",,"0",false,"35723"
"7875",,"0",false,"7875"
"28642",,"0",false,"28642"
"72",,"0",false,"72"
"29277",,"0",false,"29277"
"21330",,"0",false,"21330"
"12385",,"0",false,"12385"
"29576",,"0",false,"29576"
"40754",,"0",false,"40754"
"6017",,"0",false,"6017"
"51805",,"0",false,"51805"
"66225",,"0",false,"66225"
"69056",,"0",false,"69056"
"31538",,"0",false,"31538"
"39120",,"0",false,"39120"
"47554",,"0",false,"47554"
"5359",,"0",false,"5359"
"47905",,"0",false,"47905"
"56583",,"0",false,"56583"
"61693",,"0",false,"61693"
"11184",,"0",false,"11184"
"56192",,"0",false,"56192"
"7666",,"0",false,"7666"
"35050",,"0",false,"35050"
"37636",,"0",false,"37636"
"32282",,"0",false,"32282"
"69070",,"0",false,"69070"
"69071",,"0",false,"69071"
"69072",,"0",false,"69072"
"69073",,"0",false,"69073"
"66783",,"0",false,"66783"
"31130",,"0",false,"31130"
"19193",,"0",false,"19193"
"43447",,"0",false,"43447"
"31353",,"0",false,"31353"
"6144",,"0",false,"6144"
"6605",,"0",false,"6605"
"19638",,"0",false,"19638"
"69082",,"0",false,"69082"
"58620",,"0",false,"58620"
"69084",,"0",false,"69084"
"24944",,"0",false,"24944"
"30792",,"0",false,"30792"
"69087",,"0",false,"69087"
"3236",,"0",false,"3236"
"46675",,"0",false,"46675"
"7094",,"0",false,"7094"
"51442",,"0",false,"51442"
"23573",,"0",false,"23573"
"4058",,"0",false,"4058"
"32939",,"0",false,"32939"
"33686",,"0",false,"33686"
"8203",,"0",false,"8203"
"26215",,"0",false,"26215"
"51871",,"0",false,"51871"
"65454",,"0",false,"65454"
"69100",,"0",false,"69100"
"66396",,"0",false,"66396"
"27806",,"0",false,"27806"
"6695",,"0",false,"6695"
"12735",,"0",false,"12735"
"62618",,"0",false,"62618"
"47363",,"0",false,"47363"
"64220",,"0",false,"64220"
"7297",,"0",false,"7297"
"69109",,"0",false,"69109"
"26519",,"0",false,"26519"
"26224",,"0",false,"26224"
"28984",,"0",false,"28984"
"56994",,"0",false,"56994"
"16632",,"0",false,"16632"
"57162",,"0",false,"57162"
"7819",,"0",false,"7819"
"66189",,"0",false,"66189"
"69118",,"0",false,"69118"
"33907",,"0",false,"33907"
"5170","5543","2363",false,"5543"
"14366",,"0",false,"14366"
"65955",,"0",false,"65955"
"2465",,"0",false,"2465"
"32963",,"0",false,"32963"
"55234",,"0",false,"55234"
"60042",,"0",false,"60042"
"45667",,"0",false,"45667"
"4837",,"0",false,"4837"
"40170",,"0",false,"40170"
"29573",,"0",false,"29573"
"31711",,"0",false,"31711"
"21886",,"0",false,"21886"
"32108",,"0",false,"32108"
"7876",,"0",false,"7876"
"66835",,"0",false,"66835"
"343",,"0",false,"343"
"28578",,"0",false,"28578"
"35731",,"0",false,"35731"
"69139",,"0",false,"69139"
"16593",,"0",false,"16593"
"2920",,"0",false,"2920"
"36074",,"0",false,"36074"
"16891",,"0",false,"16891"
"372",,"0",false,"372"
"50492",,"0",false,"50492"
"6982",,"0",false,"6982"
"4051",,"0",false,"4051"
"51991",,"0",false,"51991"
"69149",,"0",false,"69149"
"45129",,"0",false,"45129"
"59098",,"0",false,"59098"
"37247",,"0",false,"37247"
"53852",,"0",false,"53852"
"37",,"0",false,"37"
"12536",,"0",false,"12536"
"25229",,"0",false,"25229"
"66337",,"0",false,"66337"
"28981",,"0",false,"28981"
"31755",,"0",false,"31755"
"10139",,"0",false,"10139"
"55621",,"0",false,"55621"
"65596",,"0",false,"65596"
"11605",,"0",false,"11605"
"56954",,"0",false,"56954"
"7293",,"0",false,"7293"
"63671",,"0",false,"63671"
"19899",,"0",false,"19899"
"7108",,"0",false,"7108"
"29685",,"0",false,"29685"
"55275",,"0",false,"55275"
"39267",,"0",false,"39267"
"7765",,"0",false,"7765"
"5276",,"0",false,"5276"
"2928",,"0",false,"2928"
"4849",,"0",false,"4849"
"2070",,"0",false,"2070"
"69177",,"0",false,"69177"
"69178",,"0",false,"69178"
"57985",,"0",false,"57985"
"10628",,"0",false,"10628"
"69181",,"0",false,"69181"
"39782",,"0",false,"39782"
"12426",,"0",false,"12426"
"46922",,"0",false,"46922"
"12165",,"0",false,"12165"
"17541",,"0",false,"17541"
"28848",,"0",false,"28848"
"7826",,"0",false,"7826"
"40583",,"0",false,"40583"
"66663",,"0",false,"66663"
"48954",,"0",false,"48954"
"7095",,"0",false,"7095"
"3227",,"0",false,"3227"
"46412",,"0",false,"46412"
"19492",,"0",false,"19492"
"69196",,"0",false,"69196"
"53317",,"0",false,"53317"
"6241",,"0",false,"6241"
"53134",,"0",false,"53134"
"34031",,"0",false,"34031"
"48590",,"0",false,"48590"
"2264",,"0",false,"2264"
"17979",,"0",false,"17979"
"28524",,"0",false,"28524"
"2578",,"0",false,"2578"
"24342",,"0",false,"24342"
"764",,"0",false,"764"
"13466",,"0",false,"13466"
"57170",,"0",false,"57170"
"104",,"0",false,"104"
"66190",,"0",false,"66190"
"42329",,"0",false,"42329"
"66108",,"0",false,"66108"
"7820",,"0",false,"7820"
"18779",,"0",false,"18779"
"4138",,"0",false,"4138"
"59278",,"0",false,"59278"
"27929",,"0",false,"27929"
"29175",,"0",false,"29175"
"65498",,"0",false,"65498"
"48757",,"0",false,"48757"
"9817",,"0",false,"9817"
"69223",,"0",false,"69223"
"51873",,"0",false,"51873"
"43582",,"0",false,"43582"
"10721",,"0",false,"10721"
"34512",,"0",false,"34512"
"45791",,"0",false,"45791"
"9827",,"0",false,"9827"
"65968",,"0",false,"65968"
"39598","38935","1",false,"38935"
"69232",,"0",false,"69232"
"57779",,"0",false,"57779"
"49309",,"0",false,"49309"
"3602",,"0",false,"3602"
"41697",,"0",false,"41697"
"238",,"0",false,"238"
"10060",,"0",false,"10060"
"2517",,"0",false,"2517"
"30371",,"0",false,"30371"
"69241",,"0",false,"69241"
"56168",,"0",false,"56168"
"237",,"0",false,"237"
"16139",,"0",false,"16139"
"69245",,"0",false,"69245"
"6028",,"0",false,"6028"
"69247",,"0",false,"69247"
"59106",,"0",false,"59106"
"51680",,"0",false,"51680"
"12399",,"0",false,"12399"
"56201",,"0",false,"56201"
"69252",,"0",false,"69252"
"45168",,"0",false,"45168"
"11206",,"0",false,"11206"
"29978",,"0",false,"29978"
"65897",,"0",false,"65897"
"69257",,"0",false,"69257"
"50678",,"0",false,"50678"
"42587",,"0",false,"42587"
"65383",,"0",false,"65383"
"20",,"0",false,"20"
"43471",,"0",false,"43471"
"3955",,"0",false,"3955"
"19477",,"0",false,"19477"
"63298",,"0",false,"63298"
"53115",,"0",false,"53115"
"45578",,"0",false,"45578"
"10054",,"0",false,"10054"
"47115",,"0",false,"47115"
"65658",,"0",false,"65658"
"69271",,"0",false,"69271"
"3699",,"0",false,"3699"
"63696",,"0",false,"63696"
"22947",,"0",false,"22947"
"66734",,"0",false,"66734"
"47527",,"0",false,"47527"
"53854",,"0",false,"53854"
"4847",,"0",false,"4847"
"69279",,"0",false,"69279"
"69280",,"0",false,"69280"
"1743",,"0",false,"1743"
"436",,"0",false,"436"
"7665",,"0",false,"7665"
"45002",,"0",false,"45002"
"36506",,"0",false,"36506"
"1940",,"0",false,"1940"
"26223",,"0",false,"26223"
"69288",,"0",false,"69288"
"294",,"0",false,"294"
"28849",,"0",false,"28849"
"56392",,"0",false,"56392"
"7663",,"0",false,"7663"
"39847",,"0",false,"39847"
"52216",,"0",false,"52216"
"31930",,"0",false,"31930"
"30464",,"0",false,"30464"
"64919",,"0",false,"64919"
"4077",,"0",false,"4077"
"46665",,"0",false,"46665"
"48842",,"0",false,"48842"
"39515",,"0",false,"39515"
"58385",,"0",false,"58385"
"17062",,"0",false,"17062"
"6778",,"0",false,"6778"
"45422",,"0",false,"45422"
"4924",,"0",false,"4924"
"66624",,"0",false,"66624"
"3649",,"0",false,"3649"
"45152",,"0",false,"45152"
"2573",,"0",false,"2573"
"36037",,"0",false,"36037"
"54395",,"0",false,"54395"
"22957",,"0",false,"22957"
"50495",,"0",false,"50495"
"63372",,"0",false,"63372"
"15453",,"0",false,"15453"
"30206",,"0",false,"30206"
"54580",,"0",false,"54580"
"56958",,"0",false,"56958"
"43904","43904","3842",true,"43904"
"19641",,"0",false,"19641"
"46409",,"0",false,"46409"
"57535",,"0",false,"57535"
"38476","37537","1538",false,"37537"
"54840",,"0",false,"54840"
"3038",,"0",false,"3038"
"8202",,"0",false,"8202"
"32226",,"0",false,"32226"
"12448",,"0",false,"12448"
"69330",,"0",false,"69330"
"36598",,"0",false,"36598"
"69332",,"0",false,"69332"
"2921",,"0",false,"2921"
"14545",,"0",false,"14545"
"7766",,"0",false,"7766"
"21336",,"0",false,"21336"
"8209",,"0",false,"8209"
"66275",,"0",false,"66275"
"7296",,"0",false,"7296"
"69340",,"0",false,"69340"
"14544",,"0",false,"14544"
"66823",,"0",false,"66823"
"12167",,"0",false,"12167"
"14560",,"0",false,"14560"
"69345",,"0",false,"69345"
"56772",,"0",false,"56772"
"69347",,"0",false,"69347"
"4887",,"0",false,"4887"
"46676",,"0",false,"46676"
"3628",,"0",false,"3628"
"1688",,"0",false,"1688"
"60879",,"0",false,"60879"
"9017",,"0",false,"9017"
"38484",,"0",false,"38484"
"23526",,"0",false,"23526"
"69356",,"0",false,"69356"
"7542",,"0",false,"7542"
"1088",,"0",false,"1088"
"35928",,"0",false,"35928"
"17810",,"0",false,"17810"
"53999",,"0",false,"53999"
"46826",,"0",false,"46826"
"6600",,"0",false,"6600"
"1676",,"0",false,"1676"
"17393",,"0",false,"17393"
"1752",,"0",false,"1752"
"4797","4798","2372",false,"4798"
"2063",,"0",false,"2063"
"33687",,"0",false,"33687"
"57928",,"0",false,"57928"
"66771",,"0",false,"66771"
"34714",,"0",false,"34714"
"27191",,"0",false,"27191"
"69374",,"0",false,"69374"
"66436",,"0",false,"66436"
"9992",,"0",false,"9992"
"37673",,"0",false,"37673"
"58787",,"0",false,"58787"
"17378",,"0",false,"17378"
"49911",,"0",false,"49911"
"34594",,"0",false,"34594"
"2310",,"0",false,"2310"
"47766",,"0",false,"47766"
"12164",,"0",false,"12164"
"54423",,"0",false,"54423"
"22675",,"0",false,"22675"
"7292",,"0",false,"7292"
"49082",,"0",false,"49082"
"49646",,"0",false,"49646"
"6642",,"0",false,"6642"
"54592",,"0",false,"54592"
"33895",,"0",false,"33895"
"54623",,"0",false,"54623"
"18778",,"0",false,"18778"
"54412",,"0",false,"54412"
"1698",,"0",false,"1698"
"5275",,"0",false,"5275"
"63744",,"0",false,"63744"
"50489",,"0",false,"50489"
"21312",,"0",false,"21312"
"11188",,"0",false,"11188"
"5361",,"0",false,"5361"
"11174",,"0",false,"11174"
"62259",,"0",false,"62259"
"47926",,"0",false,"47926"
"66763",,"0",false,"66763"
"62612",,"0",false,"62612"
"41992",,"0",false,"41992"
"17978",,"0",false,"17978"
"32987",,"0",false,"32987"
"44284",,"0",false,"44284"
"2353",,"0",false,"2353"
"69413",,"0",false,"69413"
"9826",,"0",false,"9826"
"69415",,"0",false,"69415"
"55043",,"0",false,"55043"
"45431",,"0",false,"45431"
"1311",,"0",false,"1311"
"4844",,"0",false,"4844"
"69420",,"0",false,"69420"
"65931",,"0",false,"65931"
"10625",,"0",false,"10625"
"69423",,"0",false,"69423"
"4842",,"0",false,"4842"
"10127",,"0",false,"10127"
"23280",,"0",false,"23280"
"20901",,"0",false,"20901"
"57841",,"0",false,"57841"
"42908",,"0",false,"42908"
"3036",,"0",false,"3036"
"15961",,"0",false,"15961"
"14899",,"0",false,"14899"
"6240",,"0",false,"6240"
"69434",,"0",false,"69434"
"69435",,"0",false,"69435"
"34094",,"0",false,"34094"
"4053",,"0",false,"4053"
"55975",,"0",false,"55975"
"69439",,"0",false,"69439"
"34250",,"0",false,"34250"
"69441",,"0",false,"69441"
"43050",,"0",false,"43050"
"3882","4479","2380",false,"4479"
"36578",,"0",false,"36578"
"29458",,"0",false,"29458"
"66344",,"0",false,"66344"
"66031",,"0",false,"66031"
"25274",,"0",false,"25274"
"35526",,"0",false,"35526"
"61452",,"0",false,"61452"
"69451",,"0",false,"69451"
"52622",,"0",false,"52622"
"69453",,"0",false,"69453"
"4137",,"0",false,"4137"
"58698",,"0",false,"58698"
"41726",,"0",false,"41726"
"3200",,"0",false,"3200"
"36361",,"0",false,"36361"
"56970",,"0",false,"56970"
"69460",,"0",false,"69460"
"59926",,"0",false,"59926"
"69462",,"0",false,"69462"
"6697",,"0",false,"6697"
"51793",,"0",false,"51793"
"40292",,"0",false,"40292"
"26523",,"0",false,"26523"
"5035",,"0",false,"5035"
"52314",,"0",false,"52314"
"66583",,"0",false,"66583"
"1138",,"0",false,"1138"
"8863",,"0",false,"8863"
"40157",,"0",false,"40157"
"3601",,"0",false,"3601"
"64398",,"0",false,"64398"
"48171",,"0",false,"48171"
"56988",,"0",false,"56988"
"49687",,"0",false,"49687"
"21323",,"0",false,"21323"
"43202",,"0",false,"43202"
"29056",,"0",false,"29056"
"51676",,"0",false,"51676"
"21337",,"0",false,"21337"
"63047",,"0",false,"63047"
"26659",,"0",false,"26659"
"8844",,"0",false,"8844"
"4078",,"0",false,"4078"
"66559",,"0",false,"66559"
"23986",,"0",false,"23986"
"33503",,"0",false,"33503"
"3954",,"0",false,"3954"
"6984",,"0",false,"6984"
"28577",,"0",false,"28577"
"34586",,"0",false,"34586"
"2308",,"0",false,"2308"
"10433",,"0",false,"10433"
"47111",,"0",false,"47111"
"54600",,"0",false,"54600"
"15925",,"0",false,"15925"
"16890",,"0",false,"16890"
"40112",,"0",false,"40112"
"54805",,"0",false,"54805"
"21314",,"0",false,"21314"
"8265",,"0",false,"8265"
"3698",,"0",false,"3698"
"32994",,"0",false,"32994"
"3194",,"0",false,"3194"
"11207",,"0",false,"11207"
"49330",,"0",false,"49330"
"22504",,"0",false,"22504"
"22956",,"0",false,"22956"
"17501",,"0",false,"17501"
"7177",,"0",false,"7177"
"35352",,"0",false,"35352"
"69514",,"0",false,"69514"
"69515",,"0",false,"69515"
"66434",,"0",false,"66434"
"36365",,"0",false,"36365"
"32607",,"0",false,"32607"
"14559",,"0",false,"14559"
"28332",,"0",false,"28332"
"3031",,"0",false,"3031"
"38503",,"0",false,"38503"
"4076",,"0",false,"4076"
"66854",,"0",false,"66854"
"16595",,"0",false,"16595"
"34537",,"0",false,"34537"
"69527",,"0",false,"69527"
"7157",,"0",false,"7157"
"46377",,"0",false,"46377"
"50478",,"0",false,"50478"
"43049",,"0",false,"43049"
"11755",,"0",false,"11755"
"45325",,"0",false,"45325"
"20036",,"0",false,"20036"
"64168",,"0",false,"64168"
"3648",,"0",false,"3648"
"48514",,"0",false,"48514"
"51675",,"0",false,"51675"
"36716",,"0",false,"36716"
"55723",,"0",false,"55723"
"17540",,"0",false,"17540"
"57368",,"0",false,"57368"
"64617",,"0",false,"64617"
"38297",,"0",false,"38297"
"69545",,"0",false,"69545"
"69546",,"0",false,"69546"
"9249",,"0",false,"9249"
"589",,"0",false,"589"
"58933",,"0",false,"58933"
"19875",,"0",false,"19875"
"50286",,"0",false,"50286"
"7145",,"0",false,"7145"
"44764",,"0",false,"44764"
"55047",,"0",false,"55047"
"32115",,"0",false,"32115"
"69556",,"0",false,"69556"
"163",,"0",false,"163"
"2978",,"0",false,"2978"
"54192",,"0",false,"54192"
"49510",,"0",false,"49510"
"1699",,"0",false,"1699"
"5700",,"0",false,"5700"
"46534",,"0",false,"46534"
"15087",,"0",false,"15087"
"2052",,"0",false,"2052"
"51515",,"0",false,"51515"
"26631",,"0",false,"26631"
"48562",,"0",false,"48562"
"65490",,"0",false,"65490"
"69570",,"0",false,"69570"
"48220",,"0",false,"48220"
"53663",,"0",false,"53663"
"35734",,"0",false,"35734"
"57345",,"0",false,"57345"
"65984",,"0",false,"65984"
"36078",,"0",false,"36078"
"63937",,"0",false,"63937"
"69578",,"0",false,"69578"
"26516",,"0",false,"26516"
"59981",,"0",false,"59981"
"69581",,"0",false,"69581"
"49316",,"0",false,"49316"
"69583",,"0",false,"69583"
"239",,"0",false,"239"
"61308",,"0",false,"61308"
"2303",,"0",false,"2303"
"66232",,"0",false,"66232"
"53825",,"0",false,"53825"
"61702",,"0",false,"61702"
"3327",,"0",false,"3327"
"56515",,"0",false,"56515"
"5659",,"0",false,"5659"
"18246",,"0",false,"18246"
"41106",,"0",false,"41106"
"7656",,"0",false,"7656"
"4191",,"0",false,"4191"
"35575",,"0",false,"35575"
"16941",,"0",false,"16941"
"2929",,"0",false,"2929"
"38083",,"0",false,"38083"
"10126",,"0",false,"10126"
"69602",,"0",false,"69602"
"48949",,"0",false,"48949"
"57835",,"0",false,"57835"
"16583",,"0",false,"16583"
"22506",,"0",false,"22506"
"42913",,"0",false,"42913"
"2563",,"0",false,"2563"
"7101",,"0",false,"7101"
"43620",,"0",false,"43620"
"69611",,"0",false,"69611"
"69612",,"0",false,"69612"
"66662",,"0",false,"66662"
"69614",,"0",false,"69614"
"59993",,"0",false,"59993"
"54720",,"0",false,"54720"
"8397",,"0",false,"8397"
"58140",,"0",false,"58140"
"66301",,"0",false,"66301"
"3228",,"0",false,"3228"
"751",,"0",false,"751"
"28841",,"0",false,"28841"
"69623",,"0",false,"69623"
"63981",,"0",false,"63981"
"66254",,"0",false,"66254"
"69626",,"0",false,"69626"
"6115",,"0",false,"6115"
"2480",,"0",false,"2480"
"46105","45858","4022",false,"45858"
"2265",,"0",false,"2265"
"296",,"0",false,"296"
"7667",,"0",false,"7667"
"2908",,"0",false,"2908"
"69634",,"0",false,"69634"
"53433",,"0",false,"53433"
"53862",,"0",false,"53862"
"20321",,"0",false,"20321"
"46681",,"0",false,"46681"
"35706",,"0",false,"35706"
"3125",,"0",false,"3125"
"60172",,"0",false,"60172"
"46399",,"0",false,"46399"
"54126","54126","142",true,"54126"
"56388",,"0",false,"56388"
"40110",,"0",false,"40110"
"18781",,"0",false,"18781"
"45155",,"0",false,"45155"
"52164",,"0",false,"52164"
"32305",,"0",false,"32305"
"4926",,"0",false,"4926"
"48766",,"0",false,"48766"
"57520",,"0",false,"57520"
"20899",,"0",false,"20899"
"2781",,"0",false,"2781"
"43041",,"0",false,"43041"
"49659",,"0",false,"49659"
"4352",,"0",false,"4352"
"521",,"0",false,"521"
"69659",,"0",false,"69659"
"32838",,"0",false,"32838"
"2460",,"0",false,"2460"
"51443",,"0",false,"51443"
"52935",,"0",false,"52935"
"44426",,"0",false,"44426"
"49876",,"0",false,"49876"
"24487",,"0",false,"24487"
"43947",,"0",false,"43947"
"65715",,"0",false,"65715"
"20028",,"0",false,"20028"
"30054",,"0",false,"30054"
"63290",,"0",false,"63290"
"65372",,"0",false,"65372"
"62179",,"0",false,"62179"
"46044",,"0",false,"46044"
"8670",,"0",false,"8670"
"6588",,"0",false,"6588"
"26518",,"0",false,"26518"
"4891",,"0",false,"4891"
"57011",,"0",false,"57011"
"52113",,"0",false,"52113"
"4993",,"0",false,"4993"
"46878",,"0",false,"46878"
"48867",,"0",false,"48867"
"4791","4479","2380",false,"4479"
"14543",,"0",false,"14543"
"24506",,"0",false,"24506"
"69687",,"0",false,"69687"
"31223",,"0",false,"31223"
"3705",,"0",false,"3705"
"30573",,"0",false,"30573"
"53680",,"0",false,"53680"
"69692",,"0",false,"69692"
"12901",,"0",false,"12901"
"54632",,"0",false,"54632"
"69695",,"0",false,"69695"
"6229",,"0",false,"6229"
"1270",,"0",false,"1270"
"4353",,"0",false,"4353"
"51874",,"0",false,"51874"
"1513",,"0",false,"1513"
"28480",,"0",false,"28480"
"59840",,"0",false,"59840"
"16937",,"0",false,"16937"
"65382",,"0",false,"65382"
"13306",,"0",false,"13306"
"37692",,"0",false,"37692"
"65661",,"0",false,"65661"
"18394",,"0",false,"18394"
"16421",,"0",false,"16421"
"26657",,"0",false,"26657"
"32984",,"0",false,"32984"
"12364",,"0",false,"12364"
"5261",,"0",false,"5261"
"69714",,"0",false,"69714"
"5647",,"0",false,"5647"
"57014",,"0",false,"57014"
"4081",,"0",false,"4081"
"34729",,"0",false,"34729"
"6121",,"0",false,"6121"
"30764",,"0",false,"30764"
"24790",,"0",false,"24790"
"11814",,"0",false,"11814"
"44801",,"0",false,"44801"
"47283",,"0",false,"47283"
"69725",,"0",false,"69725"
"1933",,"0",false,"1933"
"3199",,"0",false,"3199"
"38485",,"0",false,"38485"
"5356",,"0",false,"5356"
"62437",,"0",false,"62437"
"34592",,"0",false,"34592"
"45644",,"0",false,"45644"
"6772",,"0",false,"6772"
"4592",,"0",false,"4592"
"5211",,"0",false,"5211"
"69736",,"0",false,"69736"
"35054",,"0",false,"35054"
"69738",,"0",false,"69738"
"69739",,"0",false,"69739"
"5557",,"0",false,"5557"
"44300",,"0",false,"44300"
"18336",,"0",false,"18336"
"60820","60820","3627",true,"60820"
"66733",,"0",false,"66733"
"61560",,"0",false,"61560"
"11173",,"0",false,"11173"
"33928",,"0",false,"33928"
"40799",,"0",false,"40799"
"6523","6524","3148",false,"6524"
"49654","49855","3992",false,"49855"
"66584",,"0",false,"66584"
"36570",,"0",false,"36570"
"12401",,"0",false,"12401"
"58463",,"0",false,"58463"
"69755",,"0",false,"69755"
"5024",,"0",false,"5024"
"48731",,"0",false,"48731"
"27512",,"0",false,"27512"
"6242",,"0",false,"6242"
"69760",,"0",false,"69760"
"51812",,"0",false,"51812"
"19489",,"0",false,"19489"
"44846","44560","1449",false,"44560"
"8671",,"0",false,"8671"
"4539",,"0",false,"4539"
"53850",,"0",false,"53850"
"69767",,"0",false,"69767"
"64258",,"0",false,"64258"
"10056",,"0",false,"10056"
"36036",,"0",false,"36036"
"69771",,"0",false,"69771"
"7229",,"0",false,"7229"
"1682",,"0",false,"1682"
"19891",,"0",false,"19891"
"28492",,"0",false,"28492"
"20721",,"0",false,"20721"
"5603",,"0",false,"5603"
"48148",,"0",false,"48148"
"49878",,"0",false,"49878"
"69780",,"0",false,"69780"
"16411",,"0",false,"16411"
"56966",,"0",false,"56966"
"16624",,"0",false,"16624"
"27203",,"0",false,"27203"
"1140",,"0",false,"1140"
"56232",,"0",false,"56232"
"36683",,"0",false,"36683"
"20410",,"0",false,"20410"
"39322",,"0",false,"39322"
"39705",,"0",false,"39705"
"36918",,"0",false,"36918"
"3687",,"0",false,"3687"
"4198",,"0",false,"4198"
"69794",,"0",false,"69794"
"34007",,"0",false,"34007"
"69796",,"0",false,"69796"
"1896",,"0",false,"1896"
"40155",,"0",false,"40155"
"35702",,"0",false,"35702"
"10698",,"0",false,"10698"
"31902",,"0",false,"31902"
"4498",,"0",false,"4498"
"21331",,"0",false,"21331"
"26092",,"0",false,"26092"
"6211",,"0",false,"6211"
"22677",,"0",false,"22677"
"23581",,"0",false,"23581"
"51052",,"0",false,"51052"
"51441",,"0",false,"51441"
"69810",,"0",false,"69810"
"69811",,"0",false,"69811"
"4291",,"0",false,"4291"
"7655",,"0",false,"7655"
"11302",,"0",false,"11302"
"62306",,"0",false,"62306"
"66183",,"0",false,"66183"
"231",,"0",false,"231"
"23713",,"0",false,"23713"
"26206",,"0",false,"26206"
"69820",,"0",false,"69820"
"49834",,"0",false,"49834"
"60044",,"0",false,"60044"
"35936",,"0",false,"35936"
"12979",,"0",false,"12979"
"65575",,"0",false,"65575"
"49089",,"0",false,"49089"
"52784",,"0",false,"52784"
"52969",,"0",false,"52969"
"69829",,"0",false,"69829"
"65934",,"0",false,"65934"
"13",,"0",false,"13"
"5354",,"0",false,"5354"
"69833",,"0",false,"69833"
"20903",,"0",false,"20903"
"52382",,"0",false,"52382"
"69836",,"0",false,"69836"
"31765",,"0",false,"31765"
"32965",,"0",false,"32965"
"12945",,"0",false,"12945"
"53746",,"0",false,"53746"
"10129",,"0",false,"10129"
"53278",,"0",false,"53278"
"27386",,"0",false,"27386"
"44013",,"0",false,"44013"
"6114",,"0",false,"6114"
"51681",,"0",false,"51681"
"5177",,"0",false,"5177"
"69848",,"0",false,"69848"
"69849",,"0",false,"69849"
"11593",,"0",false,"11593"
"56001",,"0",false,"56001"
"3206",,"0",false,"3206"
"69853",,"0",false,"69853"
"69854",,"0",false,"69854"
"69855",,"0",false,"69855"
"66682",,"0",false,"66682"
"35377",,"0",false,"35377"
"56380",,"0",false,"56380"
"55811",,"0",false,"55811"
"46133",,"0",false,"46133"
"69861",,"0",false,"69861"
"9519",,"0",false,"9519"
"35746",,"0",false,"35746"
"33894",,"0",false,"33894"
"69865",,"0",false,"69865"
"4802",,"0",false,"4802"
"14528",,"0",false,"14528"
"4670",,"0",false,"4670"
"45130",,"0",false,"45130"
"59119",,"0",false,"59119"
"44601",,"0",false,"44601"
"60290",,"0",false,"60290"
"32286",,"0",false,"32286"
"65308",,"0",false,"65308"
"30051",,"0",false,"30051"
"34703",,"0",false,"34703"
"34049",,"0",false,"34049"
"5749",,"0",false,"5749"
"65586",,"0",false,"65586"
"62875",,"0",false,"62875"
"49289",,"0",false,"49289"
"66447",,"0",false,"66447"
"6056",,"0",false,"6056"
"31760",,"0",false,"31760"
"30178",,"0",false,"30178"
"54428",,"0",false,"54428"
"69887",,"0",false,"69887"
"496",,"0",false,"496"
"43057",,"0",false,"43057"
"44038",,"0",false,"44038"
"69891",,"0",false,"69891"
"69892",,"0",false,"69892"
"51078",,"0",false,"51078"
"35724",,"0",false,"35724"
"5280",,"0",false,"5280"
"59261",,"0",false,"59261"
"2228",,"0",false,"2228"
"53283",,"0",false,"53283"
"69899",,"0",false,"69899"
"36358",,"0",false,"36358"
"50277",,"0",false,"50277"
"8298",,"0",false,"8298"
"51864",,"0",false,"51864"
"29859",,"0",false,"29859"
"49108",,"0",false,"49108"
"6740",,"0",false,"6740"
"4981",,"0",false,"4981"
"55812",,"0",false,"55812"
"3422",,"0",false,"3422"
"57377",,"0",false,"57377"
"36491",,"0",false,"36491"
"56760",,"0",false,"56760"
"32780",,"0",false,"32780"
"69914",,"0",false,"69914"
"462",,"0",false,"462"
"2828",,"0",false,"2828"
"5822","5822","2461",true,"5822"
"54641",,"0",false,"54641"
"34931",,"0",false,"34931"
"66646",,"0",false,"66646"
"55160",,"0",false,"55160"
"8336",,"0",false,"8336"
"4380",,"0",false,"4380"
"31688",,"0",false,"31688"
"59117",,"0",false,"59117"
"3643",,"0",false,"3643"
"34035",,"0",false,"34035"
"15899",,"0",false,"15899"
"2911",,"0",false,"2911"
"69930",,"0",false,"69930"
"61307",,"0",false,"61307"
"58539",,"0",false,"58539"
"65152",,"0",false,"65152"
"12362",,"0",false,"12362"
"106",,"0",false,"106"
"2737",,"0",false,"2737"
"44004",,"0",false,"44004"
"32581",,"0",false,"32581"
"20415",,"0",false,"20415"
"69940",,"0",false,"69940"
"17962",,"0",false,"17962"
"5370",,"0",false,"5370"
"18787",,"0",false,"18787"
"6542",,"0",false,"6542"
"69945",,"0",false,"69945"
"6441",,"0",false,"6441"
"2566",,"0",false,"2566"
"26227",,"0",false,"26227"
"43581",,"0",false,"43581"
"69950",,"0",false,"69950"
"26660",,"0",false,"26660"
"39237",,"0",false,"39237"
"33396",,"0",false,"33396"
"32990",,"0",false,"32990"
"5178",,"0",false,"5178"
"69956",,"0",false,"69956"
"3026",,"0",false,"3026"
"49308",,"0",false,"49308"
"56585",,"0",false,"56585"
"6119",,"0",false,"6119"
"56423",,"0",false,"56423"
"21339",,"0",false,"21339"
"44427",,"0",false,"44427"
"69964",,"0",false,"69964"
"21600",,"0",false,"21600"
"53816",,"0",false,"53816"
"4591",,"0",false,"4591"
"69968",,"0",false,"69968"
"69969",,"0",false,"69969"
"41071",,"0",false,"41071"
"52780",,"0",false,"52780"
"27506",,"0",false,"27506"
"69973",,"0",false,"69973"
"5347",,"0",false,"5347"
"49319",,"0",false,"49319"
"7712",,"0",false,"7712"
"2467",,"0",false,"2467"
"41101",,"0",false,"41101"
"5750",,"0",false,"5750"
"29985",,"0",false,"29985"
"4923",,"0",false,"4923"
"44882",,"0",false,"44882"
"16948",,"0",false,"16948"
"2099",,"0",false,"2099"
"61050",,"0",false,"61050"
"45926",,"0",false,"45926"
"2785",,"0",false,"2785"
"2754",,"0",false,"2754"
"55220",,"0",false,"55220"
"5023",,"0",false,"5023"
"1679",,"0",false,"1679"
"69992",,"0",false,"69992"
"44852",,"0",false,"44852"
"66745",,"0",false,"66745"
"33857",,"0",false,"33857"
"2464",,"0",false,"2464"
"51875",,"0",false,"51875"
"2768",,"0",false,"2768"
"46376",,"0",false,"46376"
"70000",,"0",false,"70000"
"19996",,"0",false,"19996"
"64470",,"0",false,"64470"
"38486",,"0",false,"38486"
"55113",,"0",false,"55113"
"49293",,"0",false,"49293"
"40610",,"0",false,"40610"
"55806",,"0",false,"55806"
"1738",,"0",false,"1738"
"66838",,"0",false,"66838"
"438",,"0",false,"438"
"66214",,"0",false,"66214"
"18230",,"0",false,"18230"
"45903",,"0",false,"45903"
"16125",,"0",false,"16125"
"4886",,"0",false,"4886"
"46672",,"0",false,"46672"
"5602",,"0",false,"5602"
"70018",,"0",false,"70018"
"48371",,"0",false,"48371"
"35691",,"0",false,"35691"
"3625",,"0",false,"3625"
"51679",,"0",false,"51679"
"22027",,"0",false,"22027"
"9230",,"0",false,"9230"
"51609",,"0",false,"51609"
"59472",,"0",false,"59472"
"5500",,"0",false,"5500"
"4288",,"0",false,"4288"
"7877",,"0",false,"7877"
"54943",,"0",false,"54943"
"1858",,"0",false,"1858"
"12954",,"0",false,"12954"
"51516",,"0",false,"51516"
"7541",,"0",false,"7541"
"10123",,"0",false,"10123"
"36719",,"0",false,"36719"
"1931",,"0",false,"1931"
"26893",,"0",false,"26893"
"1517",,"0",false,"1517"
"40120",,"0",false,"40120"
"3335",,"0",false,"3335"
"49679",,"0",false,"49679"
"9829",,"0",false,"9829"
"6210",,"0",false,"6210"
"31201",,"0",false,"31201"
"21891",,"0",false,"21891"
"70047",,"0",false,"70047"
"55053",,"0",false,"55053"
"37555",,"0",false,"37555"
"59658",,"0",false,"59658"
"70051",,"0",false,"70051"
"70052",,"0",false,"70052"
"4841",,"0",false,"4841"
"21571",,"0",false,"21571"
"53855",,"0",false,"53855"
"1501",,"0",false,"1501"
"32601",,"0",false,"32601"
"6125",,"0",false,"6125"
"35726",,"0",false,"35726"
"70060",,"0",false,"70060"
"45930",,"0",false,"45930"
"56399",,"0",false,"56399"
"3592",,"0",false,"3592"
"771",,"0",false,"771"
"66532",,"0",false,"66532"
"57193",,"0",false,"57193"
"9533",,"0",false,"9533"
"1344",,"0",false,"1344"
"12447",,"0",false,"12447"
"70070",,"0",false,"70070"
"5598",,"0",false,"5598"
"56387",,"0",false,"56387"
"25096",,"0",false,"25096"
"66884",,"0",false,"66884"
"43055",,"0",false,"43055"
"3203",,"0",false,"3203"
"5360",,"0",false,"5360"
"70078",,"0",false,"70078"
"70079",,"0",false,"70079"
"27508",,"0",false,"27508"
"19878",,"0",false,"19878"
"58762",,"0",false,"58762"
"3945",,"0",false,"3945"
"24338",,"0",false,"24338"
"1090",,"0",false,"1090"
"172",,"0",false,"172"
"51305",,"0",false,"51305"
"21761",,"0",false,"21761"
"61880",,"0",false,"61880"
"70090",,"0",false,"70090"
"46533",,"0",false,"46533"
"16067",,"0",false,"16067"
"53998",,"0",false,"53998"
"7096",,"0",false,"7096"
"24653",,"0",false,"24653"
"53304",,"0",false,"53304"
"27937",,"0",false,"27937"
"35052",,"0",false,"35052"
"1680",,"0",false,"1680"
"59090",,"0",false,"59090"
"36489",,"0",false,"36489"
"15085",,"0",false,"15085"
"55467",,"0",false,"55467"
"3021",,"0",false,"3021"
"59259",,"0",false,"59259"
"45887","45887","4204",true,"45887"
"4801",,"0",false,"4801"
"70108",,"0",false,"70108"
"17058",,"0",false,"17058"
"26656",,"0",false,"26656"
"60582",,"0",false,"60582"
"70112",,"0",false,"70112"
"4354",,"0",false,"4354"
"39109","39108","1537",false,"39108"
"33658",,"0",false,"33658"
"37539",,"0",false,"37539"
"42158",,"0",false,"42158"
"70118",,"0",false,"70118"
"6023",,"0",false,"6023"
"37176",,"0",false,"37176"
"54193",,"0",false,"54193"
"61692",,"0",false,"61692"
"54617",,"0",false,"54617"
"70124",,"0",false,"70124"
"70125",,"0",false,"70125"
"10694",,"0",false,"10694"
"5279",,"0",false,"5279"
"51810",,"0",false,"51810"
"22028",,"0",false,"22028"
"3623",,"0",false,"3623"
"70131",,"0",false,"70131"
"37141",,"0",false,"37141"
"34933",,"0",false,"34933"
"4834",,"0",false,"4834"
"26202",,"0",false,"26202"
"9407",,"0",false,"9407"
"53309",,"0",false,"53309"
"16418",,"0",false,"16418"
"70139",,"0",false,"70139"
"16629",,"0",false,"16629"
"28439",,"0",false,"28439"
"38401",,"0",false,"38401"
"4980",,"0",false,"4980"
"1507",,"0",false,"1507"
"7089",,"0",false,"7089"
"30763",,"0",false,"30763"
"1865",,"0",false,"1865"
"10134",,"0",false,"10134"
"24942",,"0",false,"24942"
"37557",,"0",false,"37557"
"70151",,"0",false,"70151"
"6235",,"0",false,"6235"
"2755",,"0",false,"2755"
"31235",,"0",false,"31235"
"13495",,"0",false,"13495"
"44589",,"0",false,"44589"
"25359",,"0",false,"25359"
"70158",,"0",false,"70158"
"70159",,"0",false,"70159"
"24483",,"0",false,"24483"
"5229",,"0",false,"5229"
"42604",,"0",false,"42604"
"29584",,"0",false,"29584"
"27382",,"0",false,"27382"
"5804",,"0",false,"5804"
"26769",,"0",false,"26769"
"41415",,"0",false,"41415"
"66081",,"0",false,"66081"
"3886","4479","2380",false,"4479"
"56395",,"0",false,"56395"
"30566",,"0",false,"30566"
"56589",,"0",false,"56589"
"39444",,"0",false,"39444"
"3204",,"0",false,"3204"
"11833",,"0",false,"11833"
"47925",,"0",false,"47925"
"6541",,"0",false,"6541"
"62700",,"0",false,"62700"
"44329",,"0",false,"44329"
"43441",,"0",false,"43441"
"70181",,"0",false,"70181"
"968",,"0",false,"968"
"61224",,"0",false,"61224"
"35611",,"0",false,"35611"
"59104",,"0",false,"59104"
"32986",,"0",false,"32986"
"51518",,"0",false,"51518"
"41998",,"0",false,"41998"
"66405",,"0",false,"66405"
"10136",,"0",false,"10136"
"35046",,"0",false,"35046"
"6524","6524","3148",true,"6524"
"70193",,"0",false,"70193"
"32968",,"0",false,"32968"
"66888",,"0",false,"66888"
"3210",,"0",false,"3210"
"55252",,"0",false,"55252"
"41175",,"0",false,"41175"
"35253",,"0",false,"35253"
"65874",,"0",false,"65874"
"49148",,"0",false,"49148"
"61892",,"0",false,"61892"
"8963",,"0",false,"8963"
"35789",,"0",false,"35789"
"37544",,"0",false,"37544"
"21893",,"0",false,"21893"
"57984",,"0",false,"57984"
"2466",,"0",false,"2466"
"47975",,"0",false,"47975"
"5608",,"0",false,"5608"
"66042",,"0",false,"66042"
"7230",,"0",false,"7230"
"29184",,"0",false,"29184"
"66221",,"0",false,"66221"
"2226",,"0",false,"2226"
"42885",,"0",false,"42885"
"44428",,"0",false,"44428"
"70218",,"0",false,"70218"
"27814",,"0",false,"27814"
"2098",,"0",false,"2098"
"46139",,"0",false,"46139"
"56952",,"0",false,"56952"
"57374",,"0",false,"57374"
"70224",,"0",false,"70224"
"34585",,"0",false,"34585"
"28585",,"0",false,"28585"
"30963",,"0",false,"30963"
"70228",,"0",false,"70228"
"2739",,"0",false,"2739"
"61239",,"0",false,"61239"
"57538",,"0",false,"57538"
"21322",,"0",false,"21322"
"50666",,"0",false,"50666"
"37145",,"0",false,"37145"
"1263",,"0",false,"1263"
"39241",,"0",false,"39241"
"59858",,"0",false,"59858"
"2767",,"0",false,"2767"
"33902",,"0",false,"33902"
"16399",,"0",false,"16399"
"31758",,"0",false,"31758"
"38193",,"0",false,"38193"
"1737",,"0",false,"1737"
"9412",,"0",false,"9412"
"5566",,"0",false,"5566"
"63983",,"0",false,"63983"
"3028",,"0",false,"3028"
"55432",,"0",false,"55432"
"70249",,"0",false,"70249"
"65502",,"0",false,"65502"
"46677",,"0",false,"46677"
"18381",,"0",false,"18381"
"70253",,"0",false,"70253"
"54955",,"0",false,"54955"
"70255",,"0",false,"70255"
"11763",,"0",false,"11763"
"36595",,"0",false,"36595"
"13839",,"0",false,"13839"
"70259",,"0",false,"70259"
"1335",,"0",false,"1335"
"46176",,"0",false,"46176"
"24783",,"0",false,"24783"
"70263",,"0",false,"70263"
"55278",,"0",false,"55278"
"36715",,"0",false,"36715"
"1106",,"0",false,"1106"
"57682",,"0",false,"57682"
"38296",,"0",false,"38296"
"70269",,"0",false,"70269"
"70270",,"0",false,"70270"
"23110",,"0",false,"23110"
"55020",,"0",false,"55020"
"11595",,"0",false,"11595"
"43612",,"0",false,"43612"
"65622",,"0",false,"65622"
"1500",,"0",false,"1500"
"38481",,"0",false,"38481"
"59445",,"0",false,"59445"
"7760",,"0",false,"7760"
"9807",,"0",false,"9807"
"66809",,"0",false,"66809"
"2047",,"0",false,"2047"
"70283",,"0",false,"70283"
"112",,"0",false,"112"
"33412",,"0",false,"33412"
"15422",,"0",false,"15422"
"8845",,"0",false,"8845"
"1740",,"0",false,"1740"
"42458",,"0",false,"42458"
"70290",,"0",false,"70290"
"33179",,"0",false,"33179"
"66086",,"0",false,"66086"
"70293",,"0",false,"70293"
"30966",,"0",false,"30966"
"241",,"0",false,"241"
"61941",,"0",false,"61941"
"37050",,"0",false,"37050"
"47479",,"0",false,"47479"
"70299",,"0",false,"70299"
"623",,"0",false,"623"
"43061",,"0",false,"43061"
"39446",,"0",false,"39446"
"45430",,"0",false,"45430"
"35597",,"0",false,"35597"
"53197",,"0",false,"53197"
"35049",,"0",false,"35049"
"70307",,"0",false,"70307"
"34698",,"0",false,"34698"
"70309",,"0",false,"70309"
"37635",,"0",false,"37635"
"70311",,"0",false,"70311"
"70312",,"0",false,"70312"
"49506",,"0",false,"49506"
"36689",,"0",false,"36689"
"47085",,"0",false,"47085"
"19211",,"0",false,"19211"
"63856",,"0",false,"63856"
"45580",,"0",false,"45580"
"66761",,"0",false,"66761"
"61796",,"0",false,"61796"
"22475",,"0",false,"22475"
"41550",,"0",false,"41550"
"62180",,"0",false,"62180"
"60941",,"0",false,"60941"
"18358",,"0",false,"18358"
"15054",,"0",false,"15054"
"58285",,"0",false,"58285"
"40485","40485","3419",true,"40485"
"8401",,"0",false,"8401"
"70330",,"0",false,"70330"
"10692",,"0",false,"10692"
"753",,"0",false,"753"
"21577",,"0",false,"21577"
"66028",,"0",false,"66028"
"18220",,"0",false,"18220"
"59994",,"0",false,"59994"
"7086",,"0",false,"7086"
"12423",,"0",false,"12423"
"48200",,"0",false,"48200"
"46104",,"0",false,"46104"
"3417",,"0",false,"3417"
"31908",,"0",false,"31908"
"2912",,"0",false,"2912"
"66720",,"0",false,"66720"
"38293",,"0",false,"38293"
"59483",,"0",false,"59483"
"26214",,"0",false,"26214"
"57361",,"0",false,"57361"
"46850",,"0",false,"46850"
"18744",,"0",false,"18744"
"57518",,"0",false,"57518"
"65419",,"0",false,"65419"
"58176",,"0",false,"58176"
"30791",,"0",false,"30791"
"39266",,"0",false,"39266"
"22048",,"0",false,"22048"
"57191","57000","4981",false,"57000"
"66051",,"0",false,"66051"
"33887",,"0",false,"33887"
"57463",,"0",false,"57463"
"50414",,"0",false,"50414"
"54900",,"0",false,"54900"
"50037",,"0",false,"50037"
"6434","6948","2357",false,"6948"
"37638",,"0",false,"37638"
"49914",,"0",false,"49914"
"2473",,"0",false,"2473"
"29797",,"0",false,"29797"
"40579",,"0",false,"40579"
"5756",,"0",false,"5756"
"2105",,"0",false,"2105"
"70372",,"0",false,"70372"
"6591",,"0",false,"6591"
"56010",,"0",false,"56010"
"45128",,"0",false,"45128"
"70376",,"0",false,"70376"
"60228",,"0",false,"60228"
"8255",,"0",false,"8255"
"29249",,"0",false,"29249"
"18250",,"0",false,"18250"
"70381",,"0",false,"70381"
"34029",,"0",false,"34029"
"43053",,"0",false,"43053"
"12902",,"0",false,"12902"
"2774",,"0",false,"2774"
"49083",,"0",false,"49083"
"23921",,"0",false,"23921"
"15461",,"0",false,"15461"
"44855",,"0",false,"44855"
"21752",,"0",false,"21752"
"70391",,"0",false,"70391"
"22152",,"0",false,"22152"
"16627",,"0",false,"16627"
"19583",,"0",false,"19583"
"7283",,"0",false,"7283"
"2453",,"0",false,"2453"
"55623",,"0",false,"55623"
"30187",,"0",false,"30187"
"45896",,"0",false,"45896"
"70400",,"0",false,"70400"
"70401",,"0",false,"70401"
"36186",,"0",false,"36186"
"66787",,"0",false,"66787"
"26229",,"0",false,"26229"
"2069",,"0",false,"2069"
"6592",,"0",false,"6592"
"47999",,"0",false,"47999"
"56202",,"0",false,"56202"
"7152",,"0",false,"7152"
"20732",,"0",false,"20732"
"61885",,"0",false,"61885"
"70412",,"0",false,"70412"
"51882",,"0",false,"51882"
"1937",,"0",false,"1937"
"6027",,"0",false,"6027"
"42909",,"0",false,"42909"
"70417",,"0",false,"70417"
"58442",,"0",false,"58442"
"4289",,"0",false,"4289"
"44434",,"0",false,"44434"
"44755",,"0",false,"44755"
"45167",,"0",false,"45167"
"45643",,"0",false,"45643"
"7284",,"0",false,"7284"
"70425",,"0",false,"70425"
"19612",,"0",false,"19612"
"6775",,"0",false,"6775"
"48174",,"0",false,"48174"
"32609",,"0",false,"32609"
"8909",,"0",false,"8909"
"5658",,"0",false,"5658"
"760",,"0",false,"760"
"62171",,"0",false,"62171"
"19160",,"0",false,"19160"
"3877",,"0",false,"3877"
"11180",,"0",false,"11180"
"65656",,"0",false,"65656"
"4190",,"0",false,"4190"
"38094",,"0",false,"38094"
"45934",,"0",false,"45934"
"55442",,"0",false,"55442"
"66816",,"0",false,"66816"
"48945",,"0",false,"48945"
"24781",,"0",false,"24781"
"4846",,"0",false,"4846"
"32225",,"0",false,"32225"
"59810",,"0",false,"59810"
"70448",,"0",false,"70448"
"2918",,"0",false,"2918"
"455",,"0",false,"455"
"35014",,"0",false,"35014"
"70452",,"0",false,"70452"
"4884",,"0",false,"4884"
"46664",,"0",false,"46664"
"37458",,"0",false,"37458"
"19058",,"0",false,"19058"
"34701",,"0",false,"34701"
"70458",,"0",false,"70458"
"6696",,"0",false,"6696"
"1686",,"0",false,"1686"
"41084",,"0",false,"41084"
"99",,"0",false,"99"
"70463",,"0",false,"70463"
"70464",,"0",false,"70464"
"70465",,"0",false,"70465"
"70466",,"0",false,"70466"
"5606",,"0",false,"5606"
"20031",,"0",false,"20031"
"39259","38935","1",false,"38935"
"3124",,"0",false,"3124"
"29180",,"0",false,"29180"
"55250",,"0",false,"55250"
"16419",,"0",false,"16419"
"1142",,"0",false,"1142"
"22049",,"0",false,"22049"
"33350",,"0",false,"33350"
"47110",,"0",false,"47110"
"65687",,"0",false,"65687"
"14337",,"0",false,"14337"
"54791",,"0",false,"54791"
"11753",,"0",false,"11753"
"57355",,"0",false,"57355"
"15580",,"0",false,"15580"
"66479",,"0",false,"66479"
"34006",,"0",false,"34006"
"28462",,"0",false,"28462"
"70487",,"0",false,"70487"
"70488",,"0",false,"70488"
"31157",,"0",false,"31157"
"66070",,"0",false,"66070"
"4548",,"0",false,"4548"
"29613",,"0",false,"29613"
"4839",,"0",false,"4839"
"8968",,"0",false,"8968"
"60210",,"0",false,"60210"
"47770",,"0",false,"47770"
"43226",,"0",false,"43226"
"1735",,"0",false,"1735"
"30379",,"0",false,"30379"
"31399",,"0",false,"31399"
"66353",,"0",false,"66353"
"233",,"0",false,"233"
"70503",,"0",false,"70503"
"5564",,"0",false,"5564"
"26213",,"0",false,"26213"
"56770",,"0",false,"56770"
"3056",,"0",false,"3056"
"22486",,"0",false,"22486"
"45790",,"0",false,"45790"
"46646",,"0",false,"46646"
"36685",,"0",false,"36685"
"32386",,"0",false,"32386"
"6016",,"0",false,"6016"
"70514",,"0",false,"70514"
"14565",,"0",false,"14565"
"16590",,"0",false,"16590"
"57160",,"0",false,"57160"
"61879",,"0",false,"61879"
"52789",,"0",false,"52789"
"64105",,"0",false,"64105"
"4992",,"0",false,"4992"
"15",,"0",false,"15"
"3414",,"0",false,"3414"
"16932",,"0",false,"16932"
"5358",,"0",false,"5358"
"70526",,"0",false,"70526"
"3943",,"0",false,"3943"
"8400",,"0",false,"8400"
"52303",,"0",false,"52303"
"21163",,"0",false,"21163"
"6228",,"0",false,"6228"
"16588",,"0",false,"16588"
"6118",,"0",false,"6118"
"1069",,"0",false,"1069"
"58304",,"0",false,"58304"
"62434",,"0",false,"62434"
"19893",,"0",false,"19893"
"5181",,"0",false,"5181"
"35713",,"0",false,"35713"
"64321",,"0",false,"64321"
"4502",,"0",false,"4502"
"13992",,"0",false,"13992"
"53932","54126","142",false,"54126"
"47781",,"0",false,"47781"
"431",,"0",false,"431"
"7758",,"0",false,"7758"
"43901",,"0",false,"43901"
"4080",,"0",false,"4080"
"55815",,"0",false,"55815"
"56989",,"0",false,"56989"
"49081",,"0",false,"49081"
"12890",,"0",false,"12890"
"1108",,"0",false,"1108"
"5753",,"0",false,"5753"
"9537",,"0",false,"9537"
"24928",,"0",false,"24928"
"70557",,"0",false,"70557"
"66879",,"0",false,"66879"
"34713",,"0",false,"34713"
"53632",,"0",false,"53632"
"32322",,"0",false,"32322"
"1151",,"0",false,"1151"
"58754",,"0",false,"58754"
"24926",,"0",false,"24926"
"6694",,"0",false,"6694"
"70566",,"0",false,"70566"
"2352",,"0",false,"2352"
"70568",,"0",false,"70568"
"49910",,"0",false,"49910"
"51974",,"0",false,"51974"
"2267",,"0",false,"2267"
"70572",,"0",false,"70572"
"4832",,"0",false,"4832"
"55251",,"0",false,"55251"
"166",,"0",false,"166"
"4263",,"0",false,"4263"
"70577",,"0",false,"70577"
"44310",,"0",false,"44310"
"55851",,"0",false,"55851"
"46178",,"0",false,"46178"
"25785",,"0",false,"25785"
"3035",,"0",false,"3035"
"16898",,"0",false,"16898"
"62525",,"0",false,"62525"
"12424",,"0",false,"12424"
"4985",,"0",false,"4985"
"18652",,"0",false,"18652"
"70588",,"0",false,"70588"
"66227",,"0",false,"66227"
"46657",,"0",false,"46657"
"70591",,"0",false,"70591"
"66258",,"0",false,"66258"
"30372",,"0",false,"30372"
"66029",,"0",false,"66029"
"4384",,"0",false,"4384"
"625",,"0",false,"625"
"3647",,"0",false,"3647"
"43005",,"0",false,"43005"
"8338",,"0",false,"8338"
"15905",,"0",false,"15905"
"21769",,"0",false,"21769"
"53028",,"0",false,"53028"
"591",,"0",false,"591"
"58131",,"0",false,"58131"
"43725",,"0",false,"43725"
"21149",,"0",false,"21149"
"11182",,"0",false,"11182"
"3415",,"0",false,"3415"
"5129",,"0",false,"5129"
"48194",,"0",false,"48194"
"70611",,"0",false,"70611"
"8862",,"0",false,"8862"
"66581",,"0",false,"66581"
"3191",,"0",false,"3191"
"9358",,"0",false,"9358"
"70616",,"0",false,"70616"
"50083",,"0",false,"50083"
"41698","41387","1119",false,"41387"
"21444",,"0",false,"21444"
"44594",,"0",false,"44594"
"31140",,"0",false,"31140"
"5182",,"0",false,"5182"
"70623",,"0",false,"70623"
"70624",,"0",false,"70624"
"38077",,"0",false,"38077"
"48510",,"0",false,"48510"
"6123",,"0",false,"6123"
"57987",,"0",false,"57987"
"16396",,"0",false,"16396"
"30053",,"0",false,"30053"
"51434",,"0",false,"51434"
"4595",,"0",false,"4595"
"34430",,"0",false,"34430"
"20030",,"0",false,"20030"
"6432",,"0",false,"6432"
"2307",,"0",false,"2307"
"66575",,"0",false,"66575"
"17529",,"0",false,"17529"
"5351",,"0",false,"5351"
"20046",,"0",false,"20046"
"27935",,"0",false,"27935"
"2471",,"0",false,"2471"
"46626",,"0",false,"46626"
"62125",,"0",false,"62125"
"26204",,"0",false,"26204"
"5754",,"0",false,"5754"
"4925",,"0",false,"4925"
"66311",,"0",false,"66311"
"56779",,"0",false,"56779"
"14339",,"0",false,"14339"
"3326",,"0",false,"3326"
"66808",,"0",false,"66808"
"32262",,"0",false,"32262"
"70654",,"0",false,"70654"
"60783",,"0",false,"60783"
"2103",,"0",false,"2103"
"28872",,"0",false,"28872"
"6773",,"0",false,"6773"
"36577",,"0",false,"36577"
"67",,"0",false,"67"
"32107",,"0",false,"32107"
"30160",,"0",false,"30160"
"8297",,"0",false,"8297"
"48953",,"0",false,"48953"
"2772",,"0",false,"2772"
"19625",,"0",false,"19625"
"70667",,"0",false,"70667"
"70668",,"0",false,"70668"
"7156",,"0",false,"7156"
"57991",,"0",false,"57991"
"1742",,"0",false,"1742"
"65992",,"0",false,"65992"
"50259",,"0",false,"50259"
"2451",,"0",false,"2451"
"56573",,"0",false,"56573"
"43477",,"0",false,"43477"
"38303",,"0",false,"38303"
"70678",,"0",false,"70678"
"61987",,"0",false,"61987"
"51246",,"0",false,"51246"
"50476",,"0",false,"50476"
"643",,"0",false,"643"
"4890",,"0",false,"4890"
"64932",,"0",false,"64932"
"32126",,"0",false,"32126"
"51674",,"0",false,"51674"
"70687",,"0",false,"70687"
"36364",,"0",false,"36364"
"20044",,"0",false,"20044"
"43044",,"0",false,"43044"
"70691",,"0",false,"70691"
"54227",,"0",false,"54227"
"60588",,"0",false,"60588"
"20869",,"0",false,"20869"
"21162",,"0",false,"21162"
"12917",,"0",false,"12917"
"16587",,"0",false,"16587"
"3690",,"0",false,"3690"
"42029",,"0",false,"42029"
"70700",,"0",false,"70700"
"10051",,"0",false,"10051"
"36726",,"0",false,"36726"
"27918",,"0",false,"27918"
"5699",,"0",false,"5699"
"60040",,"0",false,"60040"
"41693",,"0",false,"41693"
"8295",,"0",false,"8295"
"9837",,"0",false,"9837"
"70709",,"0",false,"70709"
"54481",,"0",false,"54481"
"21751",,"0",false,"21751"
"55070",,"0",false,"55070"
"610",,"0",false,"610"
"66036",,"0",false,"66036"
"22955",,"0",false,"22955"
"1505",,"0",false,"1505"
"70717",,"0",false,"70717"
"3596",,"0",false,"3596"
"65069",,"0",false,"65069"
"56227",,"0",false,"56227"
"66327",,"0",false,"66327"
"339",,"0",false,"339"
"18374",,"0",false,"18374"
"22498",,"0",false,"22498"
"6022",,"0",false,"6022"
"4793",,"0",false,"4793"
"2594",,"0",false,"2594"
"928",,"0",false,"928"
"57168",,"0",false,"57168"
"28871",,"0",false,"28871"
"54430",,"0",false,"54430"
"66603",,"0",false,"66603"
"3942",,"0",false,"3942"
"46321",,"0",false,"46321"
"33",,"0",false,"33"
"52594",,"0",false,"52594"
"30558",,"0",false,"30558"
"2256",,"0",false,"2256"
"57524",,"0",false,"57524"
"6779",,"0",false,"6779"
"50490",,"0",false,"50490"
"32114",,"0",false,"32114"
"28466",,"0",false,"28466"
"43451",,"0",false,"43451"
"55003",,"0",false,"55003"
"33889",,"0",false,"33889"
"10124",,"0",false,"10124"
"9405",,"0",false,"9405"
"70749",,"0",false,"70749"
"49509",,"0",false,"49509"
"11185",,"0",false,"11185"
"70752",,"0",false,"70752"
"51984",,"0",false,"51984"
"7100",,"0",false,"7100"
"55045",,"0",false,"55045"
"7757",,"0",false,"7757"
"70757",,"0",false,"70757"
"11604",,"0",false,"11604"
"40824",,"0",false,"40824"
"357",,"0",false,"357"
"70761",,"0",false,"70761"
"40118",,"0",false,"40118"
"18659",,"0",false,"18659"
"56230",,"0",false,"56230"
"57844",,"0",false,"57844"
"51247",,"0",false,"51247"
"70767",,"0",false,"70767"
"70768",,"0",false,"70768"
"50467",,"0",false,"50467"
"66871",,"0",false,"66871"
"52",,"0",false,"52"
"23933",,"0",false,"23933"
"70773",,"0",false,"70773"
"25102",,"0",false,"25102"
"7087",,"0",false,"7087"
"65307",,"0",false,"65307"
"54643",,"0",false,"54643"
"49276",,"0",false,"49276"
"66717",,"0",false,"66717"
"456",,"0",false,"456"
"46680",,"0",false,"46680"
"42588",,"0",false,"42588"
"30199",,"0",false,"30199"
"3319",,"0",false,"3319"
"62658",,"0",false,"62658"
"53114",,"0",false,"53114"
"66701",,"0",false,"66701"
"6700",,"0",false,"6700"
"3627",,"0",false,"3627"
"7713",,"0",false,"7713"
"61180",,"0",false,"61180"
"4596",,"0",false,"4596"
"59032",,"0",false,"59032"
"17934",,"0",false,"17934"
"26765",,"0",false,"26765"
"7711",,"0",false,"7711"
"41205",,"0",false,"41205"
"61426",,"0",false,"61426"
"100",,"0",false,"100"
"63822",,"0",false,"63822"
"52308",,"0",false,"52308"
"70802",,"0",false,"70802"
"70803",,"0",false,"70803"
"1511",,"0",false,"1511"
"16633",,"0",false,"16633"
"70806",,"0",false,"70806"
"41995",,"0",false,"41995"
"66791",,"0",false,"66791"
"66622",,"0",false,"66622"
"27928",,"0",false,"27928"
"9816",,"0",false,"9816"
"50470","50068","4158",false,"50068"
"36919",,"0",false,"36919"
"47786",,"0",false,"47786"
"60877",,"0",false,"60877"
"21303",,"0",false,"21303"
"50479",,"0",false,"50479"
"70818",,"0",false,"70818"
"3594",,"0",false,"3594"
"70820",,"0",false,"70820"
"52061",,"0",false,"52061"
"18251",,"0",false,"18251"
"48147",,"0",false,"48147"
"7818",,"0",false,"7818"
"46073",,"0",false,"46073"
"234",,"0",false,"234"
"35930",,"0",false,"35930"
"48904",,"0",false,"48904"
"48132",,"0",false,"48132"
"53679",,"0",false,"53679"
"70831",,"0",false,"70831"
"45154",,"0",false,"45154"
"70833",,"0",false,"70833"
"16594",,"0",false,"16594"
"53313",,"0",false,"53313"
"23130",,"0",false,"23130"
"14588",,"0",false,"14588"
"42011",,"0",false,"42011"
"65172",,"0",false,"65172"
"16",,"0",false,"16"
"53491",,"0",false,"53491"
"31131",,"0",false,"31131"
"70843",,"0",false,"70843"
"34571",,"0",false,"34571"
"30782",,"0",false,"30782"
"36699",,"0",false,"36699"
"3929",,"0",false,"3929"
"6122",,"0",false,"6122"
"52464",,"0",false,"52464"
"3691",,"0",false,"3691"
"42031",,"0",false,"42031"
"34913",,"0",false,"34913"
"70853",,"0",false,"70853"
"12952",,"0",false,"12952"
"15048",,"0",false,"15048"
"6120",,"0",false,"6120"
"70857",,"0",false,"70857"
"34039",,"0",false,"34039"
"49151",,"0",false,"49151"
"10618",,"0",false,"10618"
"32804",,"0",false,"32804"
"2470",,"0",false,"2470"
"11306",,"0",false,"11306"
"1932",,"0",false,"1932"
"17826",,"0",false,"17826"
"49292",,"0",false,"49292"
"46877",,"0",false,"46877"
"2102",,"0",false,"2102"
"54851",,"0",false,"54851"
"34986",,"0",false,"34986"
"45082","44515","4027",false,"44515"
"10050",,"0",false,"10050"
"36720",,"0",false,"36720"
"14535",,"0",false,"14535"
"54604",,"0",false,"54604"
"56194",,"0",false,"56194"
"6771",,"0",false,"6771"
"26231",,"0",false,"26231"
"24204",,"0",false,"24204"
"32338",,"0",false,"32338"
"28",,"0",false,"28"
"32116",,"0",false,"32116"
"2771",,"0",false,"2771"
"1265",,"0",false,"1265"
"1930",,"0",false,"1930"
"1741",,"0",false,"1741"
"10019",,"0",false,"10019"
"2450",,"0",false,"2450"
"70889",,"0",false,"70889"
"51065",,"0",false,"51065"
"13467",,"0",false,"13467"
"1467",,"0",false,"1467"
"21588",,"0",false,"21588"
"64015",,"0",false,"64015"
"32410",,"0",false,"32410"
"70896",,"0",false,"70896"
"16911",,"0",false,"16911"
"3030",,"0",false,"3030"
"4075",,"0",false,"4075"
"49859",,"0",false,"49859"
"17792",,"0",false,"17792"
"70902",,"0",false,"70902"
"27510",,"0",false,"27510"
"61751",,"0",false,"61751"
"57292",,"0",false,"57292"
"70906",,"0",false,"70906"
"50250",,"0",false,"50250"
"50488",,"0",false,"50488"
"6981",,"0",false,"6981"
"56963",,"0",false,"56963"
"40619",,"0",false,"40619"
"41991",,"0",false,"41991"
"37094",,"0",false,"37094"
"12904",,"0",false,"12904"
"38300",,"0",false,"38300"
"23131",,"0",false,"23131"
"1681",,"0",false,"1681"
"49310",,"0",false,"49310"
"35707",,"0",false,"35707"
"1892",,"0",false,"1892"
"54839",,"0",false,"54839"
"56205",,"0",false,"56205"
"55041",,"0",false,"55041"
"4386",,"0",false,"4386"
"32860",,"0",false,"32860"
"53859",,"0",false,"53859"
"10061",,"0",false,"10061"
"61616",,"0",false,"61616"
"45321",,"0",false,"45321"
"21749",,"0",false,"21749"
"11603",,"0",false,"11603"
"1504",,"0",false,"1504"
"7764",,"0",false,"7764"
"48377",,"0",false,"48377"
"752",,"0",false,"752"
"21573",,"0",false,"21573"
"24785",,"0",false,"24785"
"49640",,"0",false,"49640"
"17974",,"0",false,"17974"
"37942",,"0",false,"37942"
"70941",,"0",false,"70941"
"297",,"0",false,"297"
"70943",,"0",false,"70943"
"31196",,"0",false,"31196"
"35698",,"0",false,"35698"
"6517",,"0",false,"6517"
"49124",,"0",false,"49124"
"34903","35237","1560",false,"35237"
"70949",,"0",false,"70949"
"48720",,"0",false,"48720"
"70951",,"0",false,"70951"
"53646",,"0",false,"53646"
"6468",,"0",false,"6468"
"20038",,"0",false,"20038"
"36075",,"0",false,"36075"
"70956",,"0",false,"70956"
"60693",,"0",false,"60693"
"2302",,"0",false,"2302"
"54397",,"0",false,"54397"
"54050",,"0",false,"54050"
"47904",,"0",false,"47904"
"52641",,"0",false,"52641"
"28839",,"0",false,"28839"
"31012",,"0",false,"31012"
"8659",,"0",false,"8659"
"33676",,"0",false,"33676"
"19056",,"0",false,"19056"
"66121",,"0",false,"66121"
"70969",,"0",false,"70969"
"70970",,"0",false,"70970"
"5353",,"0",false,"5353"
"4209",,"0",false,"4209"
"70973",,"0",false,"70973"
"32964",,"0",false,"32964"
"36493",,"0",false,"36493"
"66403",,"0",false,"66403"
"66759",,"0",false,"66759"
"2759",,"0",false,"2759"
"1307",,"0",false,"1307"
"17977",,"0",false,"17977"
"29214",,"0",false,"29214"
"42165",,"0",false,"42165"
"40490",,"0",false,"40490"
"16597",,"0",false,"16597"
"18654",,"0",false,"18654"
"49877",,"0",false,"49877"
"8335",,"0",false,"8335"
"48961",,"0",false,"48961"
"17794",,"0",false,"17794"
"63620",,"0",false,"63620"
"70991",,"0",false,"70991"
"33198",,"0",false,"33198"
"3421",,"0",false,"3421"
"46107",,"0",false,"46107"
"70995",,"0",false,"70995"
"1091",,"0",false,"1091"
"227",,"0",false,"227"
"56971",,"0",false,"56971"
"14587",,"0",false,"14587"
"71000",,"0",false,"71000"
"71001",,"0",false,"71001"
"5607",,"0",false,"5607"
"62614",,"0",false,"62614"
"16949",,"0",false,"16949"
"21437",,"0",false,"21437"
"71006",,"0",false,"71006"
"51792",,"0",false,"51792"
"29457",,"0",false,"29457"
"8253",,"0",false,"8253"
"47083",,"0",false,"47083"
"66461",,"0",false,"66461"
"9",,"0",false,"9"
"53485",,"0",false,"53485"
"59291",,"0",false,"59291"
"71015",,"0",false,"71015"
"71016",,"0",false,"71016"
"52324",,"0",false,"52324"
"71018",,"0",false,"71018"
"71019",,"0",false,"71019"
"51077",,"0",false,"51077"
"10627",,"0",false,"10627"
"20868",,"0",false,"20868"
"66078",,"0",false,"66078"
"33901",,"0",false,"33901"
"36563",,"0",false,"36563"
"2758",,"0",false,"2758"
"52458",,"0",false,"52458"
"48758",,"0",false,"48758"
"51067",,"0",false,"51067"
"1860",,"0",false,"1860"
"61311",,"0",false,"61311"
"31695",,"0",false,"31695"
"42475",,"0",false,"42475"
"6438",,"0",false,"6438"
"18231",,"0",false,"18231"
"58144",,"0",false,"58144"
"5346",,"0",false,"5346"
"61309",,"0",false,"61309"
"47767",,"0",false,"47767"
"2477",,"0",false,"2477"
"7664",,"0",false,"7664"
"5565",,"0",false,"5565"
"5758",,"0",false,"5758"
"20099",,"0",false,"20099"
"21326",,"0",false,"21326"
"35728",,"0",false,"35728"
"51627",,"0",false,"51627"
"8840",,"0",false,"8840"
"1724",,"0",false,"1724"
"40652",,"0",false,"40652"
"12172",,"0",false,"12172"
"35727",,"0",false,"35727"
"61890",,"0",false,"61890"
"32835",,"0",false,"32835"
"49294",,"0",false,"49294"
"62788",,"0",false,"62788"
"3642",,"0",false,"3642"
"44472",,"0",false,"44472"
"6759",,"0",false,"6759"
"71060",,"0",false,"71060"
"12535",,"0",false,"12535"
"46921",,"0",false,"46921"
"15451",,"0",false,"15451"
"6055",,"0",false,"6055"
"54427",,"0",false,"54427"
"30162",,"0",false,"30162"
"22651",,"0",false,"22651"
"45160",,"0",false,"45160"
"12950",,"0",false,"12950"
"59627",,"0",false,"59627"
"2457",,"0",false,"2457"
"55016",,"0",false,"55016"
"55630",,"0",false,"55630"
"35098",,"0",false,"35098"
"36902",,"0",false,"36902"
"43449",,"0",false,"43449"
"9404",,"0",false,"9404"
"53306",,"0",false,"53306"
"64548",,"0",false,"64548"
"62710",,"0",false,"62710"
"359",,"0",false,"359"
"7759",,"0",false,"7759"
"51863",,"0",false,"51863"
"44289",,"0",false,"44289"
"55002",,"0",false,"55002"
"32989",,"0",false,"32989"
"65579",,"0",false,"65579"
"62565",,"0",false,"62565"
"3025",,"0",false,"3025"
"2227",,"0",false,"2227"
"5550",,"0",false,"5550"
"12403",,"0",false,"12403"
"49085",,"0",false,"49085"
"71094",,"0",false,"71094"
"7153",,"0",false,"7153"
"14533",,"0",false,"14533"
"65193",,"0",false,"65193"
"55162",,"0",false,"55162"
"35697",,"0",false,"35697"
"56425",,"0",false,"56425"
"4874",,"0",false,"4874"
"5168","5543","2363",false,"5543"
"12887",,"0",false,"12887"
"71104",,"0",false,"71104"
"71105",,"0",false,"71105"
"19491",,"0",false,"19491"
"66890",,"0",false,"66890"
"50465",,"0",false,"50465"
"40036",,"0",false,"40036"
"71110",,"0",false,"71110"
"4373",,"0",false,"4373"
"71112",,"0",false,"71112"
"37463",,"0",false,"37463"
"21762",,"0",false,"21762"
"57347",,"0",false,"57347"
"71116",,"0",false,"71116"
"71117",,"0",false,"71117"
"38248",,"0",false,"38248"
"6148",,"0",false,"6148"
"40798",,"0",false,"40798"
"54830",,"0",false,"54830"
"71122",,"0",false,"71122"
"28221",,"0",false,"28221"
"45134",,"0",false,"45134"
"32059",,"0",false,"32059"
"65592",,"0",false,"65592"
"40479",,"0",false,"40479"
"16638",,"0",false,"16638"
"2062",,"0",false,"2062"
"7698",,"0",false,"7698"
"71131",,"0",false,"71131"
"28426",,"0",false,"28426"
"38920",,"0",false,"38920"
"19994",,"0",false,"19994"
"45121",,"0",false,"45121"
"71136",,"0",false,"71136"
"59842",,"0",false,"59842"
"35949",,"0",false,"35949"
"2554",,"0",false,"2554"
"42131",,"0",false,"42131"
"56003",,"0",false,"56003"
"56591",,"0",false,"56591"
"21328",,"0",false,"21328"
"66825",,"0",false,"66825"
"37674",,"0",false,"37674"
"2257",,"0",false,"2257"
"71147",,"0",false,"71147"
"47784",,"0",false,"47784"
"3219",,"0",false,"3219"
"46380",,"0",false,"46380"
"15904",,"0",false,"15904"
"49503",,"0",false,"49503"
"8455",,"0",false,"8455"
"34710",,"0",false,"34710"
"53311",,"0",false,"53311"
"366",,"0",false,"366"
"41100",,"0",false,"41100"
"7648",,"0",false,"7648"
"18243",,"0",false,"18243"
"43754",,"0",false,"43754"
"5640",,"0",false,"5640"
"33017",,"0",false,"33017"
"1929",,"0",false,"1929"
"11606",,"0",false,"11606"
"71165",,"0",false,"71165"
"57182",,"0",false,"57182"
"6641",,"0",false,"6641"
"25196",,"0",false,"25196"
"62795",,"0",false,"62795"
"30793",,"0",false,"30793"
"35953",,"0",false,"35953"
"2555",,"0",false,"2555"
"7093",,"0",false,"7093"
"59996",,"0",false,"59996"
"5979",,"0",false,"5979"
"6239",,"0",false,"6239"
"32109",,"0",false,"32109"
"54316",,"0",false,"54316"
"71179",,"0",false,"71179"
"7151",,"0",false,"7151"
"3220",,"0",false,"3220"
"49485",,"0",false,"49485"
"10622",,"0",false,"10622"
"12161",,"0",false,"12161"
"49150",,"0",false,"49150"
"2472",,"0",false,"2472"
"56385",,"0",false,"56385"
"71188",,"0",false,"71188"
"35348",,"0",false,"35348"
"23406",,"0",false,"23406"
"36701",,"0",false,"36701"
"37850",,"0",false,"37850"
"14364",,"0",false,"14364"
"1891",,"0",false,"1891"
"43445",,"0",false,"43445"
"36079",,"0",false,"36079"
"71197",,"0",false,"71197"
"2104",,"0",false,"2104"
"43861",,"0",false,"43861"
"17936",,"0",false,"17936"
"71201",,"0",false,"71201"
"71202",,"0",false,"71202"
"14053",,"0",false,"14053"
"71204",,"0",false,"71204"
"50411",,"0",false,"50411"
"27492",,"0",false,"27492"
"44429",,"0",false,"44429"
"32283",,"0",false,"32283"
"7142",,"0",false,"7142"
"36718",,"0",false,"36718"
"5034",,"0",false,"5034"
"57155",,"0",false,"57155"
"44856",,"0",false,"44856"
"31897",,"0",false,"31897"
"16935",,"0",false,"16935"
"1266",,"0",false,"1266"
"6760",,"0",false,"6760"
"40119",,"0",false,"40119"
"2773",,"0",false,"2773"
"43013",,"0",false,"43013"
"71221",,"0",false,"71221"
"49333",,"0",false,"49333"
"55465",,"0",false,"55465"
"4505",,"0",false,"4505"
"45428",,"0",false,"45428"
"71226",,"0",false,"71226"
"21305",,"0",false,"21305"
"45886","45887","4204",false,"45887"
"2452",,"0",false,"2452"
"56807",,"0",false,"56807"
"71231",,"0",false,"71231"
"46682",,"0",false,"46682"
"63049",,"0",false,"63049"
"60227",,"0",false,"60227"
"6741",,"0",false,"6741"
"432",,"0",false,"432"
"18218",,"0",false,"18218"
"37637",,"0",false,"37637"
"57203",,"0",false,"57203"
"46645",,"0",false,"46645"
"56982",,"0",false,"56982"
"58133",,"0",false,"58133"
"71243",,"0",false,"71243"
"33182",,"0",false,"33182"
"24492",,"0",false,"24492"
"3935",,"0",false,"3935"
"54602",,"0",false,"54602"
"4381",,"0",false,"4381"
"3697",,"0",false,"3697"
"37140",,"0",false,"37140"
"30047","29646","3017",false,"29646"
"71252",,"0",false,"71252"
"3775",,"0",false,"3775"
"30925",,"0",false,"30925"
"62305",,"0",false,"62305"
"56758",,"0",false,"56758"
"4497",,"0",false,"4497"
"754",,"0",false,"754"
"1506",,"0",false,"1506"
"7088",,"0",false,"7088"
"31754",,"0",false,"31754"
"40177",,"0",false,"40177"
"31174",,"0",false,"31174"
"18382",,"0",false,"18382"
"44320",,"0",false,"44320"
"51242",,"0",false,"51242"
"2289",,"0",false,"2289"
"53849",,"0",false,"53849"
"71269",,"0",false,"71269"
"61943",,"0",false,"61943"
"43752",,"0",false,"43752"
"17828",,"0",false,"17828"
"43900",,"0",false,"43900"
"45914",,"0",false,"45914"
"46793",,"0",false,"46793"
"19898",,"0",false,"19898"
"11241",,"0",false,"11241"
"71278",,"0",false,"71278"
"12163",,"0",false,"12163"
"71280",,"0",false,"71280"
"42129",,"0",false,"42129"
"54419",,"0",false,"54419"
"45156",,"0",false,"45156"
"56419",,"0",false,"56419"
"30940",,"0",false,"30940"
"34046",,"0",false,"34046"
"52539",,"0",false,"52539"
"71288",,"0",false,"71288"
"14541",,"0",false,"14541"
"51116",,"0",false,"51116"
"56198",,"0",false,"56198"
"21150",,"0",false,"21150"
"6113",,"0",false,"6113"
"48115",,"0",false,"48115"
"5348",,"0",false,"5348"
"2263",,"0",false,"2263"
"34440",,"0",false,"34440"
"4584",,"0",false,"4584"
"5203",,"0",false,"5203"
"71300",,"0",false,"71300"
"2341",,"0",false,"2341"
"54994",,"0",false,"54994"
"32287",,"0",false,"32287"
"36509",,"0",false,"36509"
"5549",,"0",false,"5549"
"3865",,"0",false,"3865"
"50324","50529","3691",false,"50529"
"44604",,"0",false,"44604"
"1308",,"0",false,"1308"
"29863",,"0",false,"29863"
"4792",,"0",false,"4792"
"65872",,"0",false,"65872"
"49147",,"0",false,"49147"
"66399",,"0",false,"66399"
"33195",,"0",false,"33195"
"35735",,"0",false,"35735"
"14546",,"0",false,"14546"
"2747",,"0",false,"2747"
"71319",,"0",false,"71319"
"71320",,"0",false,"71320"
"71321",,"0",false,"71321"
"4290",,"0",false,"4290"
"34342",,"0",false,"34342"
"71324",,"0",false,"71324"
"6203",,"0",false,"6203"
"16402",,"0",false,"16402"
"3234",,"0",false,"3234"
"71328",,"0",false,"71328"
"29055",,"0",false,"29055"
"18227",,"0",false,"18227"
"34038",,"0",false,"34038"
"34849",,"0",false,"34849"
"7285",,"0",false,"7285"
"35925",,"0",false,"35925"
"26211",,"0",false,"26211"
"3798",,"0",false,"3798"
"56762",,"0",false,"56762"
"71338",,"0",false,"71338"
"62790",,"0",false,"62790"
"71340",,"0",false,"71340"
"71341",,"0",false,"71341"
"57532",,"0",false,"57532"
"28208",,"0",false,"28208"
"38411",,"0",false,"38411"
"6739",,"0",false,"6739"
"53452",,"0",false,"53452"
"24345",,"0",false,"24345"
"32577",,"0",false,"32577"
"57694",,"0",false,"57694"
"19630",,"0",false,"19630"
"35252",,"0",false,"35252"
"33975",,"0",false,"33975"
"65496",,"0",false,"65496"
"3205",,"0",false,"3205"
"24937",,"0",false,"24937"
"6640",,"0",false,"6640"
"4379",,"0",false,"4379"
"40621",,"0",false,"40621"
"8454",,"0",false,"8454"
"42907","42615","3441",false,"42615"
"38295",,"0",false,"38295"
"47974",,"0",false,"47974"
"10078",,"0",false,"10078"
"645",,"0",false,"645"
"7647",,"0",false,"7647"
"71366",,"0",false,"71366"
"66886",,"0",false,"66886"
"71368",,"0",false,"71368"
"5369",,"0",false,"5369"
"2090",,"0",false,"2090"
"2282",,"0",false,"2282"
"56950",,"0",false,"56950"
"43056",,"0",false,"43056"
"63046",,"0",false,"63046"
"31021",,"0",false,"31021"
"46658",,"0",false,"46658"
"16470",,"0",false,"16470"
"26216",,"0",false,"26216"
"52215",,"0",false,"52215"
"48841",,"0",false,"48841"
"71381",,"0",false,"71381"
"39984",,"0",false,"39984"
"3629",,"0",false,"3629"
"71384",,"0",false,"71384"
"49708",,"0",false,"49708"
"50659",,"0",false,"50659"
"24031",,"0",false,"24031"
"44286",,"0",false,"44286"
"66506",,"0",false,"66506"
"3866",,"0",false,"3866"
"3316",,"0",false,"3316"
"47580","47580","59",true,"47580"
"71393",,"0",false,"71393"
"71394",,"0",false,"71394"
"612",,"0",false,"612"
"71396",,"0",false,"71396"
"6107",,"0",false,"6107"
"11237",,"0",false,"11237"
"45577",,"0",false,"45577"
"71400",,"0",false,"71400"
"38501",,"0",false,"38501"
"29454",,"0",false,"29454"
"50099",,"0",false,"50099"
"71404",,"0",false,"71404"
"20897",,"0",false,"20897"
"6598",,"0",false,"6598"
"1331",,"0",false,"1331"
"26087",,"0",false,"26087"
"62881",,"0",false,"62881"
"2753",,"0",false,"2753"
"55746",,"0",false,"55746"
"37049",,"0",false,"37049"
"71413",,"0",false,"71413"
"29174",,"0",false,"29174"
"2260",,"0",false,"2260"
"71416",,"0",false,"71416"
"34697",,"0",false,"34697"
"7289",,"0",false,"7289"
"26515",,"0",false,"26515"
"29215",,"0",false,"29215"
"37097",,"0",false,"37097"
"37461",,"0",false,"37461"
"29702",,"0",false,"29702"
"32289",,"0",false,"32289"
"41256",,"0",false,"41256"
"36260",,"0",false,"36260"
"6965",,"0",false,"6965"
"47593",,"0",false,"47593"
"28224",,"0",false,"28224"
"59673",,"0",false,"59673"
"2924",,"0",false,"2924"
"18356",,"0",false,"18356"
"71433",,"0",false,"71433"
"35067",,"0",false,"35067"
"47335",,"0",false,"47335"
"3989",,"0",false,"3989"
"55273",,"0",false,"55273"
"40117",,"0",false,"40117"
"71439",,"0",false,"71439"
"71440",,"0",false,"71440"
"9805",,"0",false,"9805"
"26424",,"0",false,"26424"
"1732",,"0",false,"1732"
"42457",,"0",false,"42457"
"8841",,"0",false,"8841"
"22965",,"0",false,"22965"
"9440",,"0",false,"9440"
"34044",,"0",false,"34044"
"50675",,"0",false,"50675"
"51678",,"0",false,"51678"
"28425",,"0",false,"28425"
"6205",,"0",false,"6205"
"34344",,"0",false,"34344"
"1857",,"0",false,"1857"
"71455",,"0",false,"71455"
"3416",,"0",false,"3416"
"18376",,"0",false,"18376"
"3774",,"0",false,"3774"
"63776",,"0",false,"63776"
"11205",,"0",false,"11205"
"2292",,"0",false,"2292"
"3223",,"0",false,"3223"
"36043",,"0",false,"36043"
"40484","40485","3419",false,"40485"
"3334",,"0",false,"3334"
"54426",,"0",false,"54426"
"47478",,"0",false,"47478"
"43060",,"0",false,"43060"
"22673",,"0",false,"22673"
"54034",,"0",false,"54034"
"10053",,"0",false,"10053"
"37862",,"0",false,"37862"
"17940",,"0",false,"17940"
"102",,"0",false,"102"
"5644",,"0",false,"5644"
"65022",,"0",false,"65022"
"71477",,"0",false,"71477"
"71478",,"0",false,"71478"
"39834",,"0",false,"39834"
"41999",,"0",false,"41999"
"49712",,"0",false,"49712"
"25950",,"0",false,"25950"
"4185",,"0",false,"4185"
"71484",,"0",false,"71484"
"1303",,"0",false,"1303"
"18367",,"0",false,"18367"
"2595",,"0",false,"2595"
"35788",,"0",false,"35788"
"36504",,"0",false,"36504"
"6433",,"0",false,"6433"
"27917",,"0",false,"27917"
"42459",,"0",false,"42459"
"71493",,"0",false,"71493"
"32967",,"0",false,"32967"
"9824",,"0",false,"9824"
"36688",,"0",false,"36688"
"33335",,"0",false,"33335"
"34847",,"0",false,"34847"
"44563",,"0",false,"44563"
"4503",,"0",false,"4503"
"5556",,"0",false,"5556"
"5755",,"0",false,"5755"
"31165",,"0",false,"31165"
"71504",,"0",false,"71504"
"1466",,"0",false,"1466"
"37540",,"0",false,"37540"
"50493",,"0",false,"50493"
"1895",,"0",false,"1895"
"236",,"0",false,"236"
"71510",,"0",false,"71510"
"66718",,"0",false,"66718"
"21595",,"0",false,"21595"
"17536",,"0",false,"17536"
"27500",,"0",false,"27500"
"18248",,"0",false,"18248"
"54413",,"0",false,"54413"
"32111",,"0",false,"32111"
"45153",,"0",false,"45153"
"71519",,"0",false,"71519"
"18",,"0",false,"18"
"16942",,"0",false,"16942"
"2091",,"0",false,"2091"
"66424",,"0",false,"66424"
"30790",,"0",false,"30790"
"16567",,"0",false,"16567"
"39240",,"0",false,"39240"
"63135",,"0",false,"63135"
"5015",,"0",false,"5015"
"71529",,"0",false,"71529"
"30378",,"0",false,"30378"
"3233",,"0",false,"3233"
"37333",,"0",false,"37333"
"6124",,"0",false,"6124"
"16093",,"0",false,"16093"
"71535",,"0",false,"71535"
"71536",,"0",false,"71536"
"43446",,"0",false,"43446"
"5176",,"0",false,"5176"
"58287",,"0",false,"58287"
"71540",,"0",false,"71540"
"434",,"0",false,"434"
"71542",,"0",false,"71542"
"1936",,"0",false,"1936"
"29275",,"0",false,"29275"
"28844",,"0",false,"28844"
"18378",,"0",false,"18378"
"49490",,"0",false,"49490"
"292",,"0",false,"292"
"71549",,"0",false,"71549"
"65413",,"0",false,"65413"
"24505",,"0",false,"24505"
"60703",,"0",false,"60703"
"16464",,"0",false,"16464"
"6774",,"0",false,"6774"
"42721",,"0",false,"42721"
"7654",,"0",false,"7654"
"45136",,"0",false,"45136"
"955",,"0",false,"955"
"20310",,"0",false,"20310"
"66767",,"0",false,"66767"
"54302",,"0",false,"54302"
"65850",,"0",false,"65850"
"12957",,"0",false,"12957"
"57691",,"0",false,"57691"
"66490",,"0",false,"66490"
"55231",,"0",false,"55231"
"54803",,"0",false,"54803"
"49670",,"0",false,"49670"
"58136",,"0",false,"58136"
"71570",,"0",false,"71570"
"19487",,"0",false,"19487"
"39572",,"0",false,"39572"
"61808",,"0",false,"61808"
"7176",,"0",false,"7176"
"19617",,"0",false,"19617"
"50862",,"0",false,"50862"
"11885",,"0",false,"11885"
"29802",,"0",false,"29802"
"71579",,"0",false,"71579"
"66474",,"0",false,"66474"
"32224",,"0",false,"32224"
"19900",,"0",false,"19900"
"45929",,"0",false,"45929"
"71584",,"0",false,"71584"
"56393",,"0",false,"56393"
"18649",,"0",false,"18649"
"61806",,"0",false,"61806"
"71588",,"0",false,"71588"
"8396",,"0",false,"8396"
"48196",,"0",false,"48196"
"59486",,"0",false,"59486"
"64904",,"0",false,"64904"
"29585",,"0",false,"29585"
"71594",,"0",false,"71594"
"71595",,"0",false,"71595"
"71596",,"0",false,"71596"
"19229",,"0",false,"19229"
"12912",,"0",false,"12912"
"71599",,"0",false,"71599"
"66869",,"0",false,"66869"
"23134",,"0",false,"23134"
"1685",,"0",false,"1685"
"34700",,"0",false,"34700"
"3622",,"0",false,"3622"
"54854",,"0",false,"54854"
"65887",,"0",false,"65887"
"55039",,"0",false,"55039"
"1153",,"0",false,"1153"
"27502",,"0",false,"27502"
"10066",,"0",false,"10066"
"592",,"0",false,"592"
"71612",,"0",false,"71612"
"9517",,"0",false,"9517"
"7144",,"0",false,"7144"
"2344",,"0",false,"2344"
"5656",,"0",false,"5656"
"1086",,"0",false,"1086"
"168",,"0",false,"168"
"770",,"0",false,"770"
"53279",,"0",false,"53279"
"26081",,"0",false,"26081"
"66330",,"0",false,"66330"
"13297",,"0",false,"13297"
"43330",,"0",false,"43330"
"45933",,"0",false,"45933"
"59668",,"0",false,"59668"
"48944",,"0",false,"48944"
"55425",,"0",false,"55425"
"31592",,"0",false,"31592"
"65399",,"0",false,"65399"
"8787",,"0",false,"8787"
"71632",,"0",false,"71632"
"15065",,"0",false,"15065"
"46949",,"0",false,"46949"
"26642",,"0",false,"26642"
"4838",,"0",false,"4838"
"11771",,"0",false,"11771"
"62702",,"0",false,"62702"
"60355",,"0",false,"60355"
"58294",,"0",false,"58294"
"60208",,"0",false,"60208"
"20737",,"0",false,"20737"
"30073",,"0",false,"30073"
"71644",,"0",false,"71644"
"6238",,"0",false,"6238"
"28846",,"0",false,"28846"
"66814",,"0",false,"66814"
"66852",,"0",false,"66852"
"57720",,"0",false,"57720"
"10603",,"0",false,"10603"
"6638",,"0",false,"6638"
"23422",,"0",false,"23422"
"31164",,"0",false,"31164"
"5357",,"0",false,"5357"
"55277",,"0",false,"55277"
"16466",,"0",false,"16466"
"44602",,"0",false,"44602"
"34030",,"0",false,"34030"
"31673",,"0",false,"31673"
"65546",,"0",false,"65546"
"53137",,"0",false,"53137"
"58755",,"0",false,"58755"
"59292","59292","518",true,"59292"
"71664",,"0",false,"71664"
"33043",,"0",false,"33043"
"9410",,"0",false,"9410"
"53312",,"0",false,"53312"
"65481",,"0",false,"65481"
"16945",,"0",false,"16945"
"5033",,"0",false,"5033"
"66477",,"0",false,"66477"
"71672",,"0",false,"71672"
"26658",,"0",false,"26658"
"71674",,"0",false,"71674"
"47760",,"0",false,"47760"
"34005",,"0",false,"34005"
"35709",,"0",false,"35709"
"71678",,"0",false,"71678"
"24503",,"0",false,"24503"
"46175",,"0",false,"46175"
"10119",,"0",false,"10119"
"12383",,"0",false,"12383"
"20288",,"0",false,"20288"
"56033",,"0",false,"56033"
"20893",,"0",false,"20893"
"58612",,"0",false,"58612"
"22025",,"0",false,"22025"
"34584",,"0",false,"34584"
"31398",,"0",false,"31398"
"1093",,"0",false,"1093"
"451",,"0",false,"451"
"25795",,"0",false,"25795"
"5204",,"0",false,"5204"
"66877",,"0",false,"66877"
"20054",,"0",false,"20054"
"11817",,"0",false,"11817"
"20313",,"0",false,"20313"
"52771",,"0",false,"52771"
"6693",,"0",false,"6693"
"63173",,"0",false,"63173"
"4590",,"0",false,"4590"
"26",,"0",false,"26"
"32252",,"0",false,"32252"
"52156",,"0",false,"52156"
"10658",,"0",false,"10658"
"1859",,"0",false,"1859"
"71707",,"0",false,"71707"
"51973",,"0",false,"51973"
"16397",,"0",false,"16397"
"40109",,"0",false,"40109"
"33331",,"0",false,"33331"
"6518",,"0",false,"6518"
"41114",,"0",false,"41114"
"71714",,"0",false,"71714"
"13299",,"0",false,"13299"
"19225",,"0",false,"19225"
"37727",,"0",false,"37727"
"48513",,"0",false,"48513"
"13454",,"0",false,"13454"
"50618",,"0",false,"50618"
"47780",,"0",false,"47780"
"30781",,"0",false,"30781"
"47578",,"0",false,"47578"
"49870",,"0",false,"49870"
"12338",,"0",false,"12338"
"5022",,"0",false,"5022"
"66523",,"0",false,"66523"
"47469",,"0",false,"47469"
"21334",,"0",false,"21334"
"4074",,"0",false,"4074"
"55845",,"0",false,"55845"
"60876",,"0",false,"60876"
"8669",,"0",false,"8669"
"71734",,"0",false,"71734"
"71735",,"0",false,"71735"
"3646",,"0",false,"3646"
"66157",,"0",false,"66157"
"50484",,"0",false,"50484"
"6980",,"0",false,"6980"
"49508",,"0",false,"49508"
"53631",,"0",false,"53631"
"37046",,"0",false,"37046"
"38868",,"0",false,"38868"
"47329",,"0",false,"47329"
"45161",,"0",false,"45161"
"21306",,"0",false,"21306"
"16910",,"0",false,"16910"
"71748",,"0",false,"71748"
"59657",,"0",false,"59657"
"45612",,"0",false,"45612"
"23063",,"0",false,"23063"
"11601",,"0",false,"11601"
"33351",,"0",false,"33351"
"71754",,"0",false,"71754"
"24939",,"0",false,"24939"
"7173",,"0",false,"7173"
"50082",,"0",false,"50082"
"71758",,"0",false,"71758"
"7763",,"0",false,"7763"
"43905",,"0",false,"43905"
"5554",,"0",false,"5554"
"62835",,"0",false,"62835"
"22353",,"0",false,"22353"
"49639",,"0",false,"49639"
"3029",,"0",false,"3029"
"71766",,"0",false,"71766"
"66840",,"0",false,"66840"
"6209",,"0",false,"6209"
"62348",,"0",false,"62348"
"27804",,"0",false,"27804"
"71771",,"0",false,"71771"
"30196",,"0",false,"30196"
"12895",,"0",false,"12895"
"71774",,"0",false,"71774"
"50473","50068","4158",false,"50068"
"57929",,"0",false,"57929"
"17532",,"0",false,"17532"
"8294",,"0",false,"8294"
"35938",,"0",false,"35938"
"71780",,"0",false,"71780"
"71781",,"0",false,"71781"
"3198",,"0",false,"3198"
"71783",,"0",false,"71783"
"3325",,"0",false,"3325"
"6150",,"0",false,"6150"
"39381",,"0",false,"39381"
"45421",,"0",false,"45421"
"5210",,"0",false,"5210"
"71789",,"0",false,"71789"
"48133",,"0",false,"48133"
"40575",,"0",false,"40575"
"2048",,"0",false,"2048"
"8784",,"0",false,"8784"
"49873",,"0",false,"49873"
"26226",,"0",false,"26226"
"71796",,"0",false,"71796"
"35248",,"0",false,"35248"
"31158",,"0",false,"31158"
"45579",,"0",false,"45579"
"65810",,"0",false,"65810"
"57990",,"0",false,"57990"
"29855",,"0",false,"29855"
"17795",,"0",false,"17795"
"38559",,"0",false,"38559"
"46679",,"0",false,"46679"
"71806",,"0",false,"71806"
"35704",,"0",false,"35704"
"26511",,"0",false,"26511"
"61304",,"0",false,"61304"
"56991",,"0",false,"56991"
"2261",,"0",false,"2261"
"56592",,"0",false,"56592"
"17357",,"0",false,"17357"
"66573",,"0",false,"66573"
"44593",,"0",false,"44593"
"37546",,"0",false,"37546"
"27505",,"0",false,"27505"
"71818",,"0",false,"71818"
"71819",,"0",false,"71819"
"619",,"0",false,"619"
"66309",,"0",false,"66309"
"7652",,"0",false,"7652"
"46141",,"0",false,"46141"
"16934",,"0",false,"16934"
"18369",,"0",false,"18369"
"2925",,"0",false,"2925"
"71827",,"0",false,"71827"
"22217",,"0",false,"22217"
"23523",,"0",false,"23523"
"22500",,"0",false,"22500"
"33855",,"0",false,"33855"
"71832",,"0",false,"71832"
"7174",,"0",false,"7174"
"57833",,"0",false,"57833"
"57291",,"0",false,"57291"
"47238",,"0",false,"47238"
"4197",,"0",false,"4197"
"71838",,"0",false,"71838"
"8394",,"0",false,"8394"
"71840",,"0",false,"71840"
"42164",,"0",false,"42164"
"3224",,"0",false,"3224"
"28437",,"0",false,"28437"
"18216",,"0",false,"18216"
"54431",,"0",false,"54431"
"6111",,"0",false,"6111"
"71847",,"0",false,"71847"
"47737","47944","4050",false,"47944"
"2476",,"0",false,"2476"
"66635",,"0",false,"66635"
"71851",,"0",false,"71851"
"11005",,"0",false,"11005"
"20414",,"0",false,"20414"
"65424",,"0",false,"65424"
"37853",,"0",false,"37853"
"22190",,"0",false,"22190"
"71857",,"0",false,"71857"
"36063",,"0",false,"36063"
"47790",,"0",false,"47790"
"23118",,"0",false,"23118"
"71861",,"0",false,"71861"
"49029",,"0",false,"49029"
"39119",,"0",false,"39119"
"71864",,"0",false,"71864"
"32982",,"0",false,"32982"
"21307",,"0",false,"21307"
"36725",,"0",false,"36725"
"46347",,"0",false,"46347"
"20891",,"0",false,"20891"
"24659",,"0",false,"24659"
"71871",,"0",false,"71871"
"10020",,"0",false,"10020"
"1268",,"0",false,"1268"
"71874",,"0",false,"71874"
"4348",,"0",false,"4348"
"55244",,"0",false,"55244"
"50075",,"0",false,"50075"
"40114",,"0",false,"40114"
"39573",,"0",false,"39573"
"2456",,"0",false,"2456"
"8785",,"0",false,"8785"
"51881",,"0",false,"51881"
"769",,"0",false,"769"
"52778",,"0",false,"52778"
"50466",,"0",false,"50466"
"29781",,"0",false,"29781"
"14026",,"0",false,"14026"
"20311",,"0",false,"20311"
"60342","60520","284",false,"60520"
"21597",,"0",false,"21597"
"6584",,"0",false,"6584"
"6964",,"0",false,"6964"
"8907",,"0",false,"8907"
"65786",,"0",false,"65786"
"4979",,"0",false,"4979"
"4385",,"0",false,"4385"
"53814",,"0",false,"53814"
"54832",,"0",false,"54832"
"3626",,"0",false,"3626"
"14537",,"0",false,"14537"
"63211",,"0",false,"63211"
"11886",,"0",false,"11886"
"66784",,"0",false,"66784"
"22950",,"0",false,"22950"
"30049",,"0",false,"30049"
"20411",,"0",false,"20411"
"51993",,"0",false,"51993"
"28987",,"0",false,"28987"
"71909",,"0",false,"71909"
"12897",,"0",false,"12897"
"2097",,"0",false,"2097"
"35701",,"0",false,"35701"
"756",,"0",false,"756"
"49495",,"0",false,"49495"
"71915",,"0",false,"71915"
"7279",,"0",false,"7279"
"13305",,"0",false,"13305"
"1510",,"0",false,"1510"
"66601",,"0",false,"66601"
"71920",,"0",false,"71920"
"165",,"0",false,"165"
"45120",,"0",false,"45120"
"71923",,"0",false,"71923"
"31199",,"0",false,"31199"
"2766",,"0",false,"2766"
"71926",,"0",false,"71926"
"24489",,"0",false,"24489"
"55628",,"0",false,"55628"
"30081",,"0",false,"30081"
"42167",,"0",false,"42167"
"18745",,"0",false,"18745"
"18370",,"0",false,"18370"
"54205",,"0",false,"54205"
"7817",,"0",false,"7817"
"41994",,"0",false,"41994"
"54446",,"0",false,"54446"
"52060",,"0",false,"52060"
"71938",,"0",false,"71938"
"58386",,"0",false,"58386"
"12160",,"0",false,"12160"
"48131",,"0",false,"48131"
"5352",,"0",false,"5352"
"6117",,"0",false,"6117"
"45087",,"0",false,"45087"
"54229",,"0",false,"54229"
"15066",,"0",false,"15066"
"34930",,"0",false,"34930"
"12959",,"0",false,"12959"
"23128",,"0",false,"23128"
"71950",,"0",false,"71950"
"2910",,"0",false,"2910"
"4501",,"0",false,"4501"
"5207",,"0",false,"5207"
"71954",,"0",false,"71954"
"65577",,"0",false,"65577"
"35598",,"0",false,"35598"
"53490",,"0",false,"53490"
"71958",,"0",false,"71958"
"19902",,"0",false,"19902"
"10022",,"0",false,"10022"
"44281",,"0",false,"44281"
"50118","50529","3691",false,"50529"
"22501",,"0",false,"22501"
"6597",,"0",false,"6597"
"71965",,"0",false,"71965"
"42030",,"0",false,"42030"
"14052",,"0",false,"14052"
"38480",,"0",false,"38480"
"11590",,"0",false,"11590"
"71970",,"0",false,"71970"
"1310",,"0",false,"1310"
"66822",,"0",false,"66822"
"65482",,"0",false,"65482"
"17802",,"0",false,"17802"
"2565",,"0",false,"2565"
"71976",,"0",false,"71976"
"50257",,"0",false,"50257"
"5020",,"0",false,"5020"
"32052",,"0",false,"32052"
"71980",,"0",false,"71980"
"58288",,"0",false,"58288"
"6149",,"0",false,"6149"
"49286",,"0",false,"49286"
"66895",,"0",false,"66895"
"10048",,"0",false,"10048"
"71986",,"0",false,"71986"
"7288",,"0",false,"7288"
"53845",,"0",false,"53845"
"230",,"0",false,"230"
"66667",,"0",false,"66667"
"7225",,"0",false,"7225"
"64980",,"0",false,"64980"
"27504",,"0",false,"27504"
"15068",,"0",false,"15068"
"34008",,"0",false,"34008"
"63775",,"0",false,"63775"
"15924",,"0",false,"15924"
"71998",,"0",false,"71998"
"12",,"0",false,"12"
"57350",,"0",false,"57350"
"35929",,"0",false,"35929"
"4882",,"0",false,"4882"
"57529",,"0",false,"57529"
"8296",,"0",false,"8296"
"52463",,"0",false,"52463"
"72006",,"0",false,"72006"
"8395",,"0",false,"8395"
"52471",,"0",false,"52471"
"1678",,"0",false,"1678"
"29351",,"0",false,"29351"
"55463",,"0",false,"55463"
"72012",,"0",false,"72012"
"72013",,"0",false,"72013"
"4383",,"0",false,"4383"
"4494",,"0",false,"4494"
"8337",,"0",false,"8337"
"58150",,"0",false,"58150"
"34418",,"0",false,"34418"
"16087",,"0",false,"16087"
"6207",,"0",false,"6207"
"3332",,"0",false,"3332"
"40039",,"0",false,"40039"
"19461",,"0",false,"19461"
"30050",,"0",false,"30050"
"50468",,"0",false,"50468"
"72026",,"0",false,"72026"
"1729",,"0",false,"1729"
"34047",,"0",false,"34047"
"229",,"0",false,"229"
"7651",,"0",false,"7651"
"72031",,"0",false,"72031"
"52792",,"0",false,"52792"
"18371",,"0",false,"18371"
"59304",,"0",false,"59304"
"72035",,"0",false,"72035"
"2286",,"0",false,"2286"
"56980",,"0",false,"56980"
"72038",,"0",false,"72038"
"72039",,"0",false,"72039"
"16123",,"0",false,"16123"
"3196",,"0",false,"3196"
"6763",,"0",false,"6763"
"66363",,"0",false,"66363"
"8256",,"0",false,"8256"
"11",,"0",false,"11"
"53281",,"0",false,"53281"
"53497",,"0",false,"53497"
"72048",,"0",false,"72048"
"17440",,"0",false,"17440"
"14564",,"0",false,"14564"
"37848",,"0",false,"37848"
"65909",,"0",false,"65909"
"54124",,"0",false,"54124"
"60936",,"0",false,"60936"
"60410",,"0",false,"60410"
"8393",,"0",false,"8393"
"10121",,"0",false,"10121"
"33888",,"0",false,"33888"
"19613",,"0",false,"19613"
"58152",,"0",false,"58152"
"6110",,"0",false,"6110"
"11239",,"0",false,"11239"
"49144",,"0",false,"49144"
"24943",,"0",false,"24943"
"3024",,"0",false,"3024"
"5350",,"0",false,"5350"
"5558",,"0",false,"5558"
"54382",,"0",false,"54382"
"13989",,"0",false,"13989"
"17778",,"0",false,"17778"
"66558",,"0",false,"66558"
"72072",,"0",false,"72072"
"72073",,"0",false,"72073"
"23882",,"0",false,"23882"
"43860",,"0",false,"43860"
"43724",,"0",false,"43724"
"50249",,"0",false,"50249"
"25268",,"0",false,"25268"
"6467",,"0",false,"6467"
"14539",,"0",false,"14539"
"6738",,"0",false,"6738"
"14521",,"0",false,"14521"
"35716",,"0",false,"35716"
"72084",,"0",false,"72084"
"72085",,"0",false,"72085"
"31873",,"0",false,"31873"
"2757",,"0",false,"2757"
"4877",,"0",false,"4877"
"56379",,"0",false,"56379"
"49049",,"0",false,"49049"
"37062",,"0",false,"37062"
"26222",,"0",false,"26222"
"46671",,"0",false,"46671"
"56806",,"0",false,"56806"
"3320",,"0",false,"3320"
"72096",,"0",false,"72096"
"21132",,"0",false,"21132"
"4208",,"0",false,"4208"
"72099",,"0",false,"72099"
"4378",,"0",false,"4378"
"72101",,"0",false,"72101"
"1147",,"0",false,"1147"
"15069",,"0",false,"15069"
"41414",,"0",false,"41414"
"31349",,"0",false,"31349"
"53492",,"0",false,"53492"
"1084",,"0",false,"1084"
"13456",,"0",false,"13456"
"5368",,"0",false,"5368"
"41801",,"0",false,"41801"
"13304",,"0",false,"13304"
"43476",,"0",false,"43476"
"29676",,"0",false,"29676"
"17382",,"0",false,"17382"
"1736",,"0",false,"1736"
"55817",,"0",false,"55817"
"72117",,"0",false,"72117"
"8906",,"0",false,"8906"
"6736",,"0",false,"6736"
"11754",,"0",false,"11754"
"34520",,"0",false,"34520"
"72122",,"0",false,"72122"
"3420",,"0",false,"3420"
"26093",,"0",false,"26093"
"30950",,"0",false,"30950"
"54225",,"0",false,"54225"
"288",,"0",false,"288"
"46625",,"0",false,"46625"
"53645",,"0",false,"53645"
"1123",,"0",false,"1123"
"72131",,"0",false,"72131"
"21335",,"0",false,"21335"
"57983",,"0",false,"57983"
"2296",,"0",false,"2296"
"22653",,"0",false,"22653"
"4376",,"0",false,"4376"
"54040",,"0",false,"54040"
"37536","37537","1538",false,"37537"
"72139",,"0",false,"72139"
"43753",,"0",false,"43753"
"34902","35237","1560",false,"35237"
"53987",,"0",false,"53987"
"35041",,"0",false,"35041"
"5345",,"0",false,"5345"
"36072",,"0",false,"36072"
"51076",,"0",false,"51076"
"3780",,"0",false,"3780"
"5366",,"0",false,"5366"
"72149",,"0",false,"72149"
"16416",,"0",false,"16416"
"16933",,"0",false,"16933"
"51066",,"0",false,"51066"
"49636",,"0",false,"49636"
"72154",,"0",false,"72154"
"6437",,"0",false,"6437"
"1305",,"0",false,"1305"
"50090",,"0",false,"50090"
"59299",,"0",false,"59299"
"32975",,"0",false,"32975"
"54648",,"0",false,"54648"
"5757",,"0",false,"5757"
"72162",,"0",false,"72162"
"11589",,"0",false,"11589"
"12158",,"0",false,"12158"
"72165",,"0",false,"72165"
"2927",,"0",false,"2927"
"19474",,"0",false,"19474"
"34037",,"0",false,"34037"
"18807",,"0",false,"18807"
"29050",,"0",false,"29050"
"60404",,"0",false,"60404"
"37244",,"0",false,"37244"
"11013",,"0",false,"11013"
"1087",,"0",false,"1087"
"42910",,"0",false,"42910"
"50475",,"0",false,"50475"
"10588",,"0",false,"10588"
"17513",,"0",false,"17513"
"50872",,"0",false,"50872"
"54440",,"0",false,"54440"
"72181",,"0",false,"72181"
"53379",,"0",false,"53379"
"61618",,"0",false,"61618"
"55159",,"0",false,"55159"
"65812",,"0",false,"65812"
"19223",,"0",false,"19223"
"10006",,"0",false,"10006"
"18777",,"0",false,"18777"
"3226",,"0",false,"3226"
"2095",,"0",false,"2095"
"11177",,"0",false,"11177"
"26228",,"0",false,"26228"
"62483",,"0",false,"62483"
"5019",,"0",false,"5019"
"66598",,"0",false,"66598"
"66804",,"0",false,"66804"
"47994",,"0",false,"47994"
"17946",,"0",false,"17946"
"2764",,"0",false,"2764"
"15423","13842","3228",false,"13842"
"49860",,"0",false,"49860"
"3318",,"0",false,"3318"
"29178",,"0",false,"29178"
"52538",,"0",false,"52538"
"58460",,"0",false,"58460"
"66834",,"0",false,"66834"
"29312",,"0",false,"29312"
"65191",,"0",false,"65191"
"65724",,"0",false,"65724"
"72210",,"0",false,"72210"
"61495",,"0",false,"61495"
"27507",,"0",false,"27507"
"40586",,"0",false,"40586"
"56794","56794","4984",true,"56794"
"46659",,"0",false,"46659"
"639",,"0",false,"639"
"40620",,"0",false,"40620"
"1558",,"0",false,"1558"
"66308",,"0",false,"66308"
"72220",,"0",false,"72220"
"51861",,"0",false,"51861"
"35935",,"0",false,"35935"
"9247",,"0",false,"9247"
"56774",,"0",false,"56774"
"42884",,"0",false,"42884"
"1734",,"0",false,"1734"
"65288",,"0",false,"65288"
"50927","51117","78",false,"51117"
"37847","37537","1538",false,"37537"
"16122",,"0",false,"16122"
"72231",,"0",false,"72231"
"25661",,"0",false,"25661"
"3682",,"0",false,"3682"
"59118",,"0",false,"59118"
"37257",,"0",false,"37257"
"59614",,"0",false,"59614"
"66785",,"0",false,"66785"
"14563",,"0",false,"14563"
"22949",,"0",false,"22949"
"54942",,"0",false,"54942"
"6206",,"0",false,"6206"
"3331",,"0",false,"3331"
"30457",,"0",false,"30457"
"6204",,"0",false,"6204"
"48199",,"0",false,"48199"
"17534",,"0",false,"17534"
"72247",,"0",false,"72247"
"72248",,"0",false,"72248"
"8399",,"0",false,"8399"
"65582",,"0",false,"65582"
"48903",,"0",false,"48903"
"72252",,"0",false,"72252"
"66355",,"0",false,"66355"
"32281",,"0",false,"32281"
"59555",,"0",false,"59555"
"34382",,"0",false,"34382"
"46915",,"0",false,"46915"
"22945",,"0",false,"22945"
"57192",,"0",false,"57192"
"30172",,"0",false,"30172"
"3939",,"0",false,"3939"
"34709",,"0",false,"34709"
"36065",,"0",false,"36065"
"54042",,"0",false,"54042"
"39447",,"0",false,"39447"
"2348",,"0",false,"2348"
"50694",,"0",false,"50694"
"3941",,"0",false,"3941"
"47579",,"0",false,"47579"
"57174",,"0",false,"57174"
"50873",,"0",false,"50873"
"4349",,"0",false,"4349"
"2346",,"0",false,"2346"
"65518",,"0",false,"65518"
"5555",,"0",false,"5555"
"646",,"0",false,"646"
"19906",,"0",false,"19906"
"17515",,"0",false,"17515"
"72279",,"0",false,"72279"
"66271",,"0",false,"66271"
"53269",,"0",false,"53269"
"353",,"0",false,"353"
"19993",,"0",false,"19993"
"22809",,"0",false,"22809"
"32068",,"0",false,"32068"
"6585",,"0",false,"6585"
"65344",,"0",false,"65344"
"7866",,"0",false,"7866"
"66570",,"0",false,"66570"
"51883","52220","124",false,"52220"
"46667",,"0",false,"46667"
"55804",,"0",false,"55804"
"48",,"0",false,"48"
"72294",,"0",false,"72294"
"22502",,"0",false,"22502"
"3002",,"0",false,"3002"
"55048",,"0",false,"55048"
"45425",,"0",false,"45425"
"14027",,"0",false,"14027"
"49488",,"0",false,"49488"
"7280",,"0",false,"7280"
"7129",,"0",false,"7129"
"51064",,"0",false,"51064"
"17918",,"0",false,"17918"
"61040",,"0",false,"61040"
"47360",,"0",false,"47360"
"41111",,"0",false,"41111"
"57686",,"0",false,"57686"
"53561","53561","3672",true,"53561"
"49502",,"0",false,"49502"
"72311",,"0",false,"72311"
"13525",,"0",false,"13525"
"33336",,"0",false,"33336"
"42161",,"0",false,"42161"
"72315",,"0",false,"72315"
"36069",,"0",false,"36069"
"72317",,"0",false,"72317"
"1861",,"0",false,"1861"
"52863",,"0",false,"52863"
"30019",,"0",false,"30019"
"31141",,"0",false,"31141"
"15086",,"0",false,"15086"
"16096",,"0",false,"16096"
"72324",,"0",false,"72324"
"49645",,"0",false,"49645"
"19073",,"0",false,"19073"
"4496",,"0",false,"4496"
"72328",,"0",false,"72328"
"57199",,"0",false,"57199"
"453",,"0",false,"453"
"46918",,"0",false,"46918"
"51240",,"0",false,"51240"
"5285",,"0",false,"5285"
"21321",,"0",false,"21321"
"1503",,"0",false,"1503"
"41064",,"0",false,"41064"
"7085",,"0",false,"7085"
"2290",,"0",false,"2290"
"7653",,"0",false,"7653"
"30550",,"0",false,"30550"
"51586",,"0",false,"51586"
"66123",,"0",false,"66123"
"27933",,"0",false,"27933"
"5208",,"0",false,"5208"
"2096",,"0",false,"2096"
"2288",,"0",false,"2288"
"37464",,"0",false,"37464"
"56965",,"0",false,"56965"
"72349",,"0",false,"72349"
"14012",,"0",false,"14012"
"59844","60029","516",false,"60029"
"72352",,"0",false,"72352"
"36573",,"0",false,"36573"
"64702",,"0",false,"64702"
"18489",,"0",false,"18489"
"44568",,"0",false,"44568"
"26086",,"0",false,"26086"
"65753",,"0",false,"65753"
"72359",,"0",false,"72359"
"66830",,"0",false,"66830"
"31173",,"0",false,"31173"
"30760",,"0",false,"30760"
"2765",,"0",false,"2765"
"33406",,"0",false,"33406"
"54726",,"0",false,"54726"
"10125",,"0",false,"10125"
"40800",,"0",false,"40800"
"65581",,"0",false,"65581"
"6112",,"0",false,"6112"
"50068","50068","4158",true,"50068"
"43899",,"0",false,"43899"
"38299",,"0",false,"38299"
"3901",,"0",false,"3901"
"19631",,"0",false,"19631"
"53847",,"0",false,"53847"
"13448",,"0",false,"13448"
"53743","53561","3672",false,"53561"
"66666",,"0",false,"66666"
"4541",,"0",false,"4541"
"72380",,"0",false,"72380"
"7226",,"0",false,"7226"
"38718",,"0",false,"38718"
"29176",,"0",false,"29176"
"1334",,"0",false,"1334"
"56417",,"0",false,"56417"
"10617",,"0",false,"10617"
"43729",,"0",false,"43729"
"2094",,"0",false,"2094"
"45050",,"0",false,"45050"
"40618",,"0",false,"40618"
"72391",,"0",false,"72391"
"65230",,"0",false,"65230"
"42025",,"0",false,"42025"
"11857",,"0",false,"11857"
"72395",,"0",false,"72395"
"16916",,"0",false,"16916"
"24",,"0",false,"24"
"4287",,"0",false,"4287"
"2763",,"0",false,"2763"
"72400",,"0",false,"72400"
"55437",,"0",false,"55437"
"29181",,"0",false,"29181"
"31753",,"0",false,"31753"
"61123",,"0",false,"61123"
"1733",,"0",false,"1733"
"30373",,"0",false,"30373"
"62611",,"0",false,"62611"
"30947",,"0",false,"30947"
"7272",,"0",false,"7272"
"64247",,"0",false,"64247"
"2904",,"0",false,"2904"
"25794",,"0",false,"25794"
"57836",,"0",false,"57836"
"63660",,"0",false,"63660"
"3689",,"0",false,"3689"
"47359",,"0",false,"47359"
"1557",,"0",false,"1557"
"7130",,"0",false,"7130"
"72419",,"0",false,"72419"
"24440",,"0",false,"24440"
"429",,"0",false,"429"
"21131",,"0",false,"21131"
"46168",,"0",false,"46168"
"46371",,"0",false,"46371"
"65045",,"0",false,"65045"
"766",,"0",false,"766"
"1333",,"0",false,"1333"
"64292",,"0",false,"64292"
"35349",,"0",false,"35349"
"37675",,"0",false,"37675"
"8100",,"0",false,"8100"
"30958",,"0",false,"30958"
"44581",,"0",false,"44581"
"65515",,"0",false,"65515"
"11836",,"0",false,"11836"
"3202",,"0",false,"3202"
"29182",,"0",false,"29182"
"26953",,"0",false,"26953"
"44346",,"0",false,"44346"
"43200",,"0",false,"43200"
"6106",,"0",false,"6106"
"31032",,"0",false,"31032"
"72443",,"0",false,"72443"
"15053",,"0",false,"15053"
"25670",,"0",false,"25670"
"72446",,"0",false,"72446"
"58618",,"0",false,"58618"
"10076",,"0",false,"10076"
"72449",,"0",false,"72449"
"3857",,"0",false,"3857"
"72451",,"0",false,"72451"
"21576",,"0",false,"21576"
"3876",,"0",false,"3876"
"50081",,"0",false,"50081"
"25790",,"0",false,"25790"
"293",,"0",false,"293"
"33575",,"0",false,"33575"
"1306",,"0",false,"1306"
"49638",,"0",false,"49638"
"6758",,"0",false,"6758"
"18357",,"0",false,"18357"
"16468",,"0",false,"16468"
"50462",,"0",false,"50462"
"33163",,"0",false,"33163"
"45086","44515","4027",false,"44515"
"5786",,"0",false,"5786"
"66211",,"0",false,"66211"
"6054",,"0",false,"6054"
"30052",,"0",false,"30052"
"17960",,"0",false,"17960"
"61306",,"0",false,"61306"
"72472",,"0",false,"72472"
"44603",,"0",false,"44603"
"12422",,"0",false,"12422"
"50483",,"0",false,"50483"
"10596",,"0",false,"10596"
"54030",,"0",false,"54030"
"4589",,"0",false,"4589"
"34934",,"0",false,"34934"
"66229",,"0",false,"66229"
"27513",,"0",false,"27513"
"72482",,"0",false,"72482"
"37047",,"0",false,"37047"
"42906","42615","3441",false,"42615"
"3794",,"0",false,"3794"
"3988",,"0",false,"3988"
"43728",,"0",false,"43728"
"5004",,"0",false,"5004"
"17796",,"0",false,"17796"
"7692",,"0",false,"7692"
"31023",,"0",false,"31023"
"55441",,"0",false,"55441"
"49707",,"0",false,"49707"
"42427",,"0",false,"42427"
"66674",,"0",false,"66674"
"36904",,"0",false,"36904"
"2752",,"0",false,"2752"
"4873",,"0",false,"4873"
"38608",,"0",false,"38608"
"22047",,"0",false,"22047"
"5021",,"0",false,"5021"
"72502",,"0",false,"72502"
"33349",,"0",false,"33349"
"4372",,"0",false,"4372"
"45126",,"0",false,"45126"
"57992",,"0",false,"57992"
"45646",,"0",false,"45646"
"8448",,"0",false,"8448"
"4482",,"0",false,"4482"
"72510",,"0",false,"72510"
"39186",,"0",false,"39186"
"23060",,"0",false,"23060"
"7538",,"0",false,"7538"
"66198",,"0",false,"66198"
"54645",,"0",false,"54645"
"66520",,"0",false,"66520"
"223",,"0",false,"223"
"72518",,"0",false,"72518"
"22198",,"0",false,"22198"
"5194","5195","3180",false,"5195"
"60292",,"0",false,"60292"
"64738",,"0",false,"64738"
"38610",,"0",false,"38610"
"41102",,"0",false,"41102"
"42315",,"0",false,"42315"
"37053",,"0",false,"37053"
"37861",,"0",false,"37861"
"72528",,"0",false,"72528"
"17780",,"0",false,"17780"
"46621",,"0",false,"46621"
"32997",,"0",false,"32997"
"6521","6524","3148",false,"6524"
"21315",,"0",false,"21315"
"39134",,"0",false,"39134"
"26207",,"0",false,"26207"
"72536",,"0",false,"72536"
"5",,"0",false,"5"
"53462",,"0",false,"53462"
"11878",,"0",false,"11878"
"41206",,"0",false,"41206"
"3413",,"0",false,"3413"
"18249",,"0",false,"18249"
"36259",,"0",false,"36259"
"36392",,"0",false,"36392"
"1856",,"0",false,"1856"
"4519",,"0",false,"4519"
"72547",,"0",false,"72547"
"20895",,"0",false,"20895"
"3333",,"0",false,"3333"
"3383",,"0",false,"3383"
"16085",,"0",false,"16085"
"34882",,"0",false,"34882"
"7227",,"0",false,"7227"
"5180",,"0",false,"5180"
"27387",,"0",false,"27387"
"64592",,"0",false,"64592"
"22642",,"0",false,"22642"
"5405","5822","2461",false,"5822"
"42911",,"0",false,"42911"
"66684",,"0",false,"66684"
"66585",,"0",false,"66585"
"19230",,"0",false,"19230"
"62879",,"0",false,"62879"
"3928",,"0",false,"3928"
"3858",,"0",false,"3858"
"64938",,"0",false,"64938"
"54424",,"0",false,"54424"
"45083","44515","4027",false,"44515"
"54220",,"0",false,"54220"
"72570",,"0",false,"72570"
"30017",,"0",false,"30017"
"65315",,"0",false,"65315"
"2469",,"0",false,"2469"
"65977",,"0",false,"65977"
"72575",,"0",false,"72575"
"5752",,"0",false,"5752"
"9535",,"0",false,"9535"
"36684",,"0",false,"36684"
"5978",,"0",false,"5978"
"56975",,"0",false,"56975"
"6048",,"0",false,"6048"
"31708",,"0",false,"31708"
"35712",,"0",false,"35712"
"65111",,"0",false,"65111"
"59626",,"0",false,"59626"
"32288",,"0",false,"32288"
"2101",,"0",false,"2101"
"3244",,"0",false,"3244"
"39833",,"0",false,"39833"
"72590",,"0",false,"72590"
"72591",,"0",false,"72591"
"43338",,"0",false,"43338"
"11017",,"0",false,"11017"
"35066",,"0",false,"35066"
"3981",,"0",false,"3981"
"44605",,"0",false,"44605"
"37029",,"0",false,"37029"
"46913",,"0",false,"46913"
"72599",,"0",false,"72599"
"45133",,"0",false,"45133"
"3795",,"0",false,"3795"
"2770",,"0",false,"2770"
"45279",,"0",false,"45279"
"41376",,"0",false,"41376"
"72605",,"0",false,"72605"
"15418",,"0",false,"15418"
"35954",,"0",false,"35954"
"44309",,"0",false,"44309"
"49711",,"0",false,"49711"
"46078",,"0",false,"46078"
"2449",,"0",false,"2449"
"4351",,"0",false,"4351"
"51977",,"0",false,"51977"
"28590",,"0",false,"28590"
"65816",,"0",false,"65816"
"23879",,"0",false,"23879"
"72617",,"0",false,"72617"
"36042",,"0",false,"36042"
"72619",,"0",false,"72619"
"29179",,"0",false,"29179"
"57369",,"0",false,"57369"
"55069",,"0",false,"55069"
"25222",,"0",false,"25222"
"15587",,"0",false,"15587"
"43732",,"0",false,"43732"
"6587",,"0",false,"6587"
"37851",,"0",false,"37851"
"29294",,"0",false,"29294"
"4790","4479","2380",false,"4479"
"29653",,"0",false,"29653"
"22507",,"0",false,"22507"
"5195","5195","3180",true,"5195"
"72633",,"0",false,"72633"
"54118",,"0",false,"54118"
"30377",,"0",false,"30377"
"61938",,"0",false,"61938"
"28435",,"0",false,"28435"
"63209",,"0",false,"63209"
"14031",,"0",false,"14031"
"1725",,"0",false,"1725"
"37547",,"0",false,"37547"
"3314",,"0",false,"3314"
"66842",,"0",false,"66842"
"62533",,"0",false,"62533"
"34102",,"0",false,"34102"
"4571",,"0",false,"4571"
"454",,"0",false,"454"
"2283",,"0",false,"2283"
"7175",,"0",false,"7175"
"40443",,"0",false,"40443"
"30755",,"0",false,"30755"
"33334",,"0",false,"33334"
"37472",,"0",false,"37472"
"59301",,"0",false,"59301"
"42009",,"0",false,"42009"
"23892",,"0",false,"23892"
"49317",,"0",false,"49317"
"55229",,"0",false,"55229"
"72659",,"0",false,"72659"
"5803",,"0",false,"5803"
"4173","4479","2380",false,"4479"
"5003",,"0",false,"5003"
"65994",,"0",false,"65994"
"57462",,"0",false,"57462"
"36360",,"0",false,"36360"
"72666",,"0",false,"72666"
"72667",,"0",false,"72667"
"35060",,"0",false,"35060"
"20706",,"0",false,"20706"
"3317",,"0",false,"3317"
"53284",,"0",false,"53284"
"7697",,"0",false,"7697"
"1297",,"0",false,"1297"
"45890",,"0",false,"45890"
"66256",,"0",false,"66256"
"48951",,"0",false,"48951"
"60521",,"0",false,"60521"
"2086",,"0",false,"2086"
"66647",,"0",false,"66647"
"72680",,"0",false,"72680"
"50729",,"0",false,"50729"
"42300",,"0",false,"42300"
"3987",,"0",false,"3987"
"2340",,"0",false,"2340"
"44885",,"0",false,"44885"
"72686",,"0",false,"72686"
"38249",,"0",false,"38249"
"6522","6524","3148",false,"6524"
"66084",,"0",false,"66084"
"50858",,"0",false,"50858"
"72691",,"0",false,"72691"
"52485",,"0",false,"52485"
"48346",,"0",false,"48346"
"1885",,"0",false,"1885"
"42880",,"0",false,"42880"
"72696",,"0",false,"72696"
"29416",,"0",false,"29416"
"2926",,"0",false,"2926"
"8786",,"0",false,"8786"
"63857",,"0",false,"63857"
"65986",,"0",false,"65986"
"1286",,"0",false,"1286"
"48195",,"0",false,"48195"
"2560",,"0",false,"2560"
"63063",,"0",false,"63063"
"37859",,"0",false,"37859"
"16098",,"0",false,"16098"
"3670",,"0",false,"3670"
"36679",,"0",false,"36679"
"57348",,"0",false,"57348"
"1262",,"0",false,"1262"
"40420",,"0",false,"40420"
"65411",,"0",false,"65411"
"57013",,"0",false,"57013"
"65153",,"0",false,"65153"
"7228",,"0",false,"7228"
"16584",,"0",false,"16584"
"14562",,"0",false,"14562"
"44893",,"0",false,"44893"
"3246",,"0",false,"3246"
"30439",,"0",false,"30439"
"72722",,"0",false,"72722"
"3225",,"0",false,"3225"
"60195",,"0",false,"60195"
"3990",,"0",false,"3990"
"23254",,"0",false,"23254"
"53483",,"0",false,"53483"
"54825",,"0",false,"54825"
"15050",,"0",false,"15050"
"61119",,"0",false,"61119"
"4518",,"0",false,"4518"
"64934",,"0",false,"64934"
"66414",,"0",false,"66414"
"32578",,"0",false,"32578"
"47768",,"0",false,"47768"
"2262",,"0",false,"2262"
"47025",,"0",false,"47025"
"23579",,"0",false,"23579"
"72739",,"0",false,"72739"
"34045",,"0",false,"34045"
"46286",,"0",false,"46286"
"72742",,"0",false,"72742"
"5142",,"0",false,"5142"
"21572",,"0",false,"21572"
"56014",,"0",false,"56014"
"38407",,"0",false,"38407"
"49499",,"0",false,"49499"
"4875",,"0",false,"4875"
"55435",,"0",false,"55435"
"45927",,"0",false,"45927"
"72751",,"0",false,"72751"
"31900",,"0",false,"31900"
"62616",,"0",false,"62616"
"62789",,"0",false,"62789"
"23117",,"0",false,"23117"
"38070",,"0",false,"38070"
"11304",,"0",false,"11304"
"41554",,"0",false,"41554"
"4374",,"0",false,"4374"
"1149",,"0",false,"1149"
"47062",,"0",false,"47062"
"1723",,"0",false,"1723"
"590",,"0",false,"590"
"51876",,"0",false,"51876"
"15421",,"0",false,"15421"
"72766",,"0",false,"72766"
"39628",,"0",false,"39628"
"164",,"0",false,"164"
"57522",,"0",false,"57522"
"52459",,"0",false,"52459"
"5363",,"0",false,"5363"
"28764",,"0",false,"28764"
"39451",,"0",false,"39451"
"55037",,"0",false,"55037"
"3927",,"0",false,"3927"
"72776",,"0",false,"72776"
"72777",,"0",false,"72777"
"3767",,"0",false,"3767"
"26635",,"0",false,"26635"
"290",,"0",false,"290"
"40802",,"0",false,"40802"
"57184",,"0",false,"57184"
"1125",,"0",false,"1125"
"50256",,"0",false,"50256"
"28020",,"0",false,"28020"
"72786",,"0",false,"72786"
"49084",,"0",false,"49084"
"42293",,"0",false,"42293"
"65513",,"0",false,"65513"
"15922",,"0",false,"15922"
"3315",,"0",false,"3315"
"72792",,"0",false,"72792"
"51976",,"0",false,"51976"
"14531",,"0",false,"14531"
"4350",,"0",false,"4350"
"18792",,"0",false,"18792"
"5349",,"0",false,"5349"
"35040",,"0",false,"35040"
"11175",,"0",false,"11175"
"33890",,"0",false,"33890"
"53856",,"0",false,"53856"
"50686",,"0",false,"50686"
"12885",,"0",false,"12885"
"2333",,"0",false,"2333"
"18245",,"0",false,"18245"
"3930",,"0",false,"3930"
"44889",,"0",false,"44889"
"16940",,"0",false,"16940"
"6586",,"0",false,"6586"
"24656",,"0",false,"24656"
"36927",,"0",false,"36927"
"1886",,"0",false,"1886"
"72813",,"0",false,"72813"
"43190",,"0",false,"43190"
"45206",,"0",false,"45206"
"11402",,"0",false,"11402"
"7273",,"0",false,"7273"
"51059",,"0",false,"51059"
"14875",,"0",false,"14875"
"66789",,"0",false,"66789"
"72821",,"0",false,"72821"
"66735",,"0",false,"66735"
"16394",,"0",false,"16394"
"47577",,"0",false,"47577"
"2687",,"0",false,"2687"
"29052",,"0",false,"29052"
"5695",,"0",false,"5695"
"38793",,"0",false,"38793"
"65415",,"0",false,"65415"
"2276",,"0",false,"2276"
"25788",,"0",false,"25788"
"9534",,"0",false,"9534"
"66885",,"0",false,"66885"
"8101",,"0",false,"8101"
"25662",,"0",false,"25662"
"57623",,"0",false,"57623"
"64443",,"0",false,"64443"
"72838",,"0",false,"72838"
"72839","47580","59",false,"47580"
"3902",,"0",false,"3902"
"58929",,"0",false,"58929"
"3769",,"0",false,"3769"
"18785",,"0",false,"18785"
"3230",,"0",false,"3230"
"63296",,"0",false,"63296"
"15902",,"0",false,"15902"
"64170",,"0",false,"64170"
"38936",,"0",false,"38936"
"53280",,"0",false,"53280"
"66194",,"0",false,"66194"
"49642",,"0",false,"49642"
"30502",,"0",false,"30502"
"52967",,"0",false,"52967"
"12397",,"0",false,"12397"
"8293",,"0",false,"8293"
"9833",,"0",false,"9833"
"522",,"0",false,"522"
"47736","47944","4050",false,"47944"
"22197",,"0",false,"22197"
"7327",,"0",false,"7327"
"59434",,"0",false,"59434"
"29327",,"0",false,"29327"
"3197",,"0",false,"3197"
"32995",,"0",false,"32995"
"5209",,"0",false,"5209"
"25798",,"0",false,"25798"
"24486",,"0",false,"24486"
"66615",,"0",false,"66615"
"641",,"0",false,"641"
"72870",,"0",false,"72870"
"28046",,"0",false,"28046"
"72872",,"0",false,"72872"
"72873",,"0",false,"72873"
"10614",,"0",false,"10614"
"2085",,"0",false,"2085"
"2905",,"0",false,"2905"
"35937",,"0",false,"35937"
"49507",,"0",false,"49507"
"49494",,"0",false,"49494"
"1358",,"0",false,"1358"
"49701",,"0",false,"49701"
"10598",,"0",false,"10598"
"54033",,"0",false,"54033"
"57352",,"0",false,"57352"
"58948",,"0",false,"58948"
"59435",,"0",false,"59435"
"58760",,"0",false,"58760"
"65875",,"0",false,"65875"
"2345",,"0",false,"2345"
"11794",,"0",false,"11794"
"57533",,"0",false,"57533"
"66372",,"0",false,"66372"
"72893",,"0",false,"72893"
"22661",,"0",false,"22661"
"10017",,"0",false,"10017"
"44590",,"0",false,"44590"
"608",,"0",false,"608"
"6208",,"0",false,"6208"
"37045",,"0",false,"37045"
"57988",,"0",false,"57988"
"12343",,"0",false,"12343"
"28350",,"0",false,"28350"
"35703",,"0",false,"35703"
"17790",,"0",false,"17790"
"56203",,"0",false,"56203"
"423",,"0",false,"423"
"32290",,"0",false,"32290"
"72908",,"0",false,"72908"
"72909",,"0",false,"72909"
"1327",,"0",false,"1327"
"62837",,"0",false,"62837"
"62126",,"0",false,"62126"
"72913",,"0",false,"72913"
"33197",,"0",false,"33197"
"30463",,"0",false,"30463"
"26209",,"0",false,"26209"
"66764",,"0",false,"66764"
"46678",,"0",false,"46678"
"30374",,"0",false,"30374"
"66449",,"0",false,"66449"
"40439",,"0",false,"40439"
"51075",,"0",false,"51075"
"15397",,"0",false,"15397"
"59275",,"0",false,"59275"
"72925",,"0",false,"72925"
"5202",,"0",false,"5202"
"1491",,"0",false,"1491"
"36249",,"0",false,"36249"
"31667",,"0",false,"31667"
"6959",,"0",false,"6959"
"52939",,"0",false,"52939"
"38654",,"0",false,"38654"
"55024",,"0",false,"55024"
"11587",,"0",false,"11587"
"21791",,"0",false,"21791"
"11596",,"0",false,"11596"
"66224",,"0",false,"66224"
"54589",,"0",false,"54589"
"55228",,"0",false,"55228"
"72940",,"0",false,"72940"
"355",,"0",false,"355"
"66769",,"0",false,"66769"
"72943",,"0",false,"72943"
"46140",,"0",false,"46140"
"52223",,"0",false,"52223"
"47738",,"0",false,"47738"
"38489",,"0",false,"38489"
"72948",,"0",false,"72948"
"63904",,"0",false,"63904"
"33146",,"0",false,"33146"
"50",,"0",false,"50"
"1722",,"0",false,"1722"
"35612",,"0",false,"35612"
"66648",,"0",false,"66648"
"2287",,"0",false,"2287"
"54591",,"0",false,"54591"
"44588",,"0",false,"44588"
"4250",,"0",false,"4250"
"72959",,"0",false,"72959"
"29652",,"0",false,"29652"
"19191",,"0",false,"19191"
"10191","9584","2532",false,"9584"
"18242",,"0",false,"18242"
"33203",,"0",false,"33203"
"72965",,"0",false,"72965"
"27003",,"0",false,"27003"
"51519",,"0",false,"51519"
"2281",,"0",false,"2281"
"58788",,"0",false,"58788"
"72970",,"0",false,"72970"
"5141",,"0",false,"5141"
"23129",,"0",false,"23129"
"49501",,"0",false,"49501"
"37545",,"0",false,"37545"
"55241",,"0",false,"55241"
"72976",,"0",false,"72976"
"35090",,"0",false,"35090"
"30844",,"0",false,"30844"
"72979",,"0",false,"72979"
"51624",,"0",false,"51624"
"2045",,"0",false,"2045"
"39837",,"0",false,"39837"
"4978",,"0",false,"4978"
"32981",,"0",false,"32981"
"72985",,"0",false,"72985"
"7847",,"0",false,"7847"
"5548",,"0",false,"5548"
"72988",,"0",false,"72988"
"17361",,"0",false,"17361"
"797",,"0",false,"797"
"48198",,"0",false,"48198"
"35390",,"0",false,"35390"
"232",,"0",false,"232"
"7657",,"0",false,"7657"
"52540",,"0",false,"52540"
"13492",,"0",false,"13492"
"41069",,"0",false,"41069"
"16938",,"0",false,"16938"
"72999",,"0",false,"72999"
"17975",,"0",false,"17975"
"58596",,"0",false,"58596"
"21704",,"0",false,"21704"
"14",,"0",false,"14"
"20449",,"0",false,"20449"
"12365",,"0",false,"12365"
"20735",,"0",false,"20735"
"73007",,"0",false,"73007"
"52971",,"0",false,"52971"
"8398",,"0",false,"8398"
"73010",,"0",false,"73010"
"3925",,"0",false,"3925"
"33422",,"0",false,"33422"
"37857",,"0",false,"37857"
"73014",,"0",false,"73014"
"19158",,"0",false,"19158"
"3229",,"0",false,"3229"
"36492",,"0",false,"36492"
"39118",,"0",false,"39118"
"6116",,"0",false,"6116"
"73020",,"0",false,"73020"
"73021",,"0",false,"73021"
"30055",,"0",false,"30055"
"2909",,"0",false,"2909"
"2922",,"0",false,"2922"
"4500",,"0",false,"4500"
"58619",,"0",false,"58619"
"31163",,"0",false,"31163"
"66160",,"0",false,"66160"
"6576",,"0",false,"6576"
"73030",,"0",false,"73030"
"56137",,"0",false,"56137"
"54195",,"0",false,"54195"
"12944",,"0",false,"12944"
"55004",,"0",false,"55004"
"64169",,"0",false,"64169"
"73036",,"0",false,"73036"
"62797",,"0",false,"62797"
"73038",,"0",false,"73038"
"73039",,"0",false,"73039"
"19212",,"0",false,"19212"
"61414","61414","373",true,"61414"
"53486",,"0",false,"53486"
"62659",,"0",false,"62659"
"32858",,"0",false,"32858"
"53857",,"0",false,"53857"
"23889",,"0",false,"23889"
"33908",,"0",false,"33908"
"16598",,"0",false,"16598"
"7276",,"0",false,"7276"
"50863",,"0",false,"50863"
"28771",,"0",false,"28771"
"10011",,"0",false,"10011"
"19053",,"0",false,"19053"
"40922",,"0",false,"40922"
"13459",,"0",false,"13459"
"73056",,"0",false,"73056"
"64376",,"0",false,"64376"
"38479",,"0",false,"38479"
"14527",,"0",false,"14527"
"10193",,"0",false,"10193"
"513",,"0",false,"513"
"63499",,"0",false,"63499"
"45026",,"0",false,"45026"
"73064",,"0",false,"73064"
"29786",,"0",false,"29786"
"73066",,"0",false,"73066"
"15598",,"0",false,"15598"
"18239",,"0",false,"18239"
"55626",,"0",false,"55626"
"73070",,"0",false,"73070"
"33199",,"0",false,"33199"
"56782",,"0",false,"56782"
"6742",,"0",false,"6742"
"129",,"0",false,"129"
"34901",,"0",false,"34901"
"37985",,"0",false,"37985"
"20306",,"0",false,"20306"
"73078",,"0",false,"73078"
"50061",,"0",false,"50061"
"56594","56593","4971",false,"56593"
"8966",,"0",false,"8966"
"73082",,"0",false,"73082"
"39041",,"0",false,"39041"
"66655",,"0",false,"66655"
"1556",,"0",false,"1556"
"73086",,"0",false,"73086"
"3621",,"0",false,"3621"
"5792",,"0",false,"5792"
"5286",,"0",false,"5286"
"4382",,"0",false,"4382"
"54822",,"0",false,"54822"
"7848",,"0",false,"7848"
"27789",,"0",false,"27789"
"17102",,"0",false,"17102"
"2255",,"0",false,"2255"
"479",,"0",false,"479"
"21158",,"0",false,"21158"
"14904","13842","3228",false,"13842"
"57362",,"0",false,"57362"
"52155",,"0",false,"52155"
"51514",,"0",false,"51514"
"73102","51117","78",false,"51117"
"295",,"0",false,"295"
"73104",,"0",false,"73104"
"73105",,"0",false,"73105"
"16090",,"0",false,"16090"
"66073",,"0",false,"66073"
"41110",,"0",false,"41110"
"23886",,"0",false,"23886"
"29213",,"0",false,"29213"
"11761",,"0",false,"11761"
"32045",,"0",false,"32045"
"13496",,"0",false,"13496"
"35945",,"0",false,"35945"
"2553",,"0",false,"2553"
"64026",,"0",false,"64026"
"73117",,"0",false,"73117"
"32113",,"0",false,"32113"
"22034",,"0",false,"22034"
"16908",,"0",false,"16908"
"4248",,"0",false,"4248"
"44516","44515","4027",false,"44515"
"65426",,"0",false,"65426"
"53824",,"0",false,"53824"
"54038",,"0",false,"54038"
"4593",,"0",false,"4593"
"61054",,"0",false,"61054"
"9539",,"0",false,"9539"
"31132",,"0",false,"31132"
"17803",,"0",false,"17803"
"64442",,"0",false,"64442"
"7694",,"0",false,"7694"
"63373",,"0",false,"63373"
"3773",,"0",false,"3773"
"73135",,"0",false,"73135"
"66694",,"0",false,"66694"
"73137",,"0",false,"73137"
"1928",,"0",false,"1928"
"61236",,"0",false,"61236"
"50064","50068","4158",false,"50068"
"5025",,"0",false,"5025"
"36920",,"0",false,"36920"
"2756",,"0",false,"2756"
"55012",,"0",false,"55012"
"27520",,"0",false,"27520"
"50076",,"0",false,"50076"
"14028",,"0",false,"14028"
"27517",,"0",false,"27517"
"55237",,"0",false,"55237"
"16450",,"0",false,"16450"
"44567",,"0",false,"44567"
"4375",,"0",false,"4375"
"73153",,"0",false,"73153"
"4540",,"0",false,"4540"
"17949",,"0",false,"17949"
"36077",,"0",false,"36077"
"48924",,"0",false,"48924"
"4184","4479","2380",false,"4479"
"73159",,"0",false,"73159"
"34034",,"0",false,"34034"
"51304",,"0",false,"51304"
"49887",,"0",false,"49887"
"1089",,"0",false,"1089"
"225",,"0",false,"225"
"73165",,"0",false,"73165"
"10013",,"0",false,"10013"
"5198",,"0",false,"5198"
"19055",,"0",false,"19055"
"20308",,"0",false,"20308"
"10719",,"0",false,"10719"
"9245",,"0",false,"9245"
"5365",,"0",false,"5365"
"73173",,"0",false,"73173"
"28772",,"0",false,"28772"
"5604",,"0",false,"5604"
"13302","13842","3228",false,"13842"
"48114",,"0",false,"48114"
"56897",,"0",false,"56897"
"46670",,"0",false,"46670"
"55317",,"0",false,"55317"
"55557",,"0",false,"55557"
"36951",,"0",false,"36951"
"10674",,"0",false,"10674"
"73184",,"0",false,"73184"
"73185",,"0",false,"73185"
"45683",,"0",false,"45683"
"17786",,"0",false,"17786"
"66193",,"0",false,"66193"
"73189",,"0",false,"73189"
"35244",,"0",false,"35244"
"7",,"0",false,"7"
"35387",,"0",false,"35387"
"89",,"0",false,"89"
"73194",,"0",false,"73194"
"48948",,"0",false,"48948"
"3688",,"0",false,"3688"
"73197",,"0",false,"73197"
"8390",,"0",false,"8390"
"46796",,"0",false,"46796"
"54091",,"0",false,"54091"
"58302",,"0",false,"58302"
"66788",,"0",false,"66788"
"49143",,"0",false,"49143"
"10615",,"0",false,"10615"
"65662",,"0",false,"65662"
"52473",,"0",false,"52473"
"28351",,"0",false,"28351"
"21316",,"0",false,"21316"
"3932",,"0",false,"3932"
"27515",,"0",false,"27515"
"58290",,"0",false,"58290"
"6639",,"0",false,"6639"
"1720",,"0",false,"1720"
"9250",,"0",false,"9250"
"35927",,"0",false,"35927"
"21575",,"0",false,"21575"
"62441",,"0",false,"62441"
"41421",,"0",false,"41421"
"29053",,"0",false,"29053"
"46644",,"0",false,"46644"
"34681",,"0",false,"34681"
"56993",,"0",false,"56993"
"32846",,"0",false,"32846"
"12942",,"0",false,"12942"
"6051",,"0",false,"6051"
"49872",,"0",false,"49872"
"28226",,"0",false,"28226"
"65689",,"0",false,"65689"
"66465",,"0",false,"66465"
"13451",,"0",false,"13451"
"73231",,"0",false,"73231"
"26212",,"0",false,"26212"
"17542",,"0",false,"17542"
"32974",,"0",false,"32974"
"3985",,"0",false,"3985"
"10623",,"0",false,"10623"
"73237",,"0",false,"73237"
"36589",,"0",false,"36589"
"19897",,"0",false,"19897"
"50967",,"0",false,"50967"
"34248",,"0",false,"34248"
"51265",,"0",false,"51265"
"14525",,"0",false,"14525"
"55616",,"0",false,"55616"
"51440",,"0",false,"51440"
"45910",,"0",false,"45910"
"19615",,"0",false,"19615"
"44183",,"0",false,"44183"
"4669",,"0",false,"4669"
"29800",,"0",false,"29800"
"12883",,"0",false,"12883"
"34373",,"0",false,"34373"
"73253",,"0",false,"73253"
"5546","5546","2361",true,"5546"
"55944",,"0",false,"55944"
"7138",,"0",false,"7138"
"50690",,"0",false,"50690"
"12894",,"0",false,"12894"
"5179",,"0",false,"5179"
"16451",,"0",false,"16451"
"6590",,"0",false,"6590"
"55433",,"0",false,"55433"
"36071",,"0",false,"36071"
"35711",,"0",false,"35711"
"47330",,"0",false,"47330"
"4803",,"0",false,"4803"
"43337",,"0",false,"43337"
"29686",,"0",false,"29686"
"73269",,"0",false,"73269"
"73270",,"0",false,"73270"
"23132",,"0",false,"23132"
"5199",,"0",false,"5199"
"16400",,"0",false,"16400"
"9241",,"0",false,"9241"
"49862",,"0",false,"49862"
"61241",,"0",false,"61241"
"54526",,"0",false,"54526"
"73278",,"0",false,"73278"
"66370",,"0",false,"66370"
"27381",,"0",false,"27381"
"2550",,"0",false,"2550"
"8964",,"0",false,"8964"
"34237",,"0",false,"34237"
"66832",,"0",false,"66832"
"5751",,"0",false,"5751"
"7282",,"0",false,"7282"
"4495",,"0",false,"4495"
"17787",,"0",false,"17787"
"73289",,"0",false,"73289"
"73290",,"0",false,"73290"
"2829",,"0",false,"2829"
"17362",,"0",false,"17362"
"5696",,"0",false,"5696"
"15959",,"0",false,"15959"
"3766",,"0",false,"3766"
"7695",,"0",false,"7695"
"73297",,"0",false,"73297"
"51992",,"0",false,"51992"
"73299",,"0",false,"73299"
"33202",,"0",false,"33202"
"73301",,"0",false,"73301"
"32149",,"0",false,"32149"
"40458",,"0",false,"40458"
"3329",,"0",false,"3329"
"2293",,"0",false,"2293"
"36068",,"0",false,"36068"
"73307",,"0",false,"73307"
"56797",,"0",false,"56797"
"60531",,"0",false,"60531"
"37846","37537","1538",false,"37537"
"48374",,"0",false,"48374"
"39373",,"0",false,"39373"
"19208",,"0",false,"19208"
"1925",,"0",false,"1925"
"11189",,"0",false,"11189"
"56570",,"0",false,"56570"
"6637",,"0",false,"6637"
"23420",,"0",false,"23420"
"19686",,"0",false,"19686"
"35059",,"0",false,"35059"
"34244",,"0",false,"34244"
"73322",,"0",false,"73322"
"31197",,"0",false,"31197"
"18633",,"0",false,"18633"
"65044",,"0",false,"65044"
"66358",,"0",false,"66358"
"53744",,"0",false,"53744"
"50074",,"0",false,"50074"
"61369",,"0",false,"61369"
"73330",,"0",false,"73330"
"22214",,"0",false,"22214"
"50070",,"0",false,"50070"
"17948",,"0",false,"17948"
"2343",,"0",false,"2343"
"6526",,"0",false,"6526"
"5289",,"0",false,"5289"
"2468",,"0",false,"2468"
"21262",,"0",false,"21262"
"32786",,"0",false,"32786"
"49715",,"0",false,"49715"
"73341",,"0",false,"73341"
"52968",,"0",false,"52968"
"2100",,"0",false,"2100"
"54041",,"0",false,"54041"
"22662",,"0",false,"22662"
"1288",,"0",false,"1288"
"34815",,"0",false,"34815"
"41401",,"0",false,"41401"
"35251",,"0",false,"35251"
"45280",,"0",false,"45280"
"7865",,"0",false,"7865"
"63210",,"0",false,"63210"
"65270",,"0",false,"65270"
"66820",,"0",false,"66820"
"1554",,"0",false,"1554"
"2769",,"0",false,"2769"
"1264",,"0",false,"1264"
"48170",,"0",false,"48170"
"23931",,"0",false,"23931"
"14536",,"0",false,"14536"
"20890",,"0",false,"20890"
"54841",,"0",false,"54841"
"41553",,"0",false,"41553"
"2448",,"0",false,"2448"
"65420",,"0",false,"65420"
"45135",,"0",false,"45135"
"30197",,"0",false,"30197"
"12896",,"0",false,"12896"
"47502",,"0",false,"47502"
"42879",,"0",false,"42879"
"19624",,"0",false,"19624"
"48568",,"0",false,"48568"
"46666",,"0",false,"46666"
"6737",,"0",false,"6737"
"19639",,"0",false,"19639"
"3386",,"0",false,"3386"
"47334",,"0",false,"47334"
"56987",,"0",false,"56987"
"430",,"0",false,"430"
"32173",,"0",false,"32173"
"34270",,"0",false,"34270"
"1336",,"0",false,"1336"
"4876",,"0",false,"4876"
"54858",,"0",false,"54858"
"16585",,"0",false,"16585"
"32285",,"0",false,"32285"
"51620",,"0",false,"51620"
"4377",,"0",false,"4377"
"66732",,"0",false,"66732"
"2551",,"0",false,"2551"
"15051",,"0",false,"15051"
"66345",,"0",false,"66345"
"1727",,"0",false,"1727"
"2259",,"0",false,"2259"
"73395",,"0",false,"73395"
"57172",,"0",false,"57172"
"4493",,"0",false,"4493"
"73398",,"0",false,"73398"
"46914",,"0",false,"46914"
"5697",,"0",false,"5697"
"57157",,"0",false,"57157"
"13296",,"0",false,"13296"
"1502",,"0",false,"1502"
"7084",,"0",false,"7084"
"5367",,"0",false,"5367"
"47759",,"0",false,"47759"
"52163",,"0",false,"52163"
"3931",,"0",false,"3931"
"64764",,"0",false,"64764"
"47151",,"0",false,"47151"
"55067",,"0",false,"55067"
"73412",,"0",false,"73412"
"2285",,"0",false,"2285"
"24484",,"0",false,"24484"
"73415",,"0",false,"73415"
"51813",,"0",false,"51813"
"3771",,"0",false,"3771"
"31585",,"0",false,"31585"
"25659",,"0",false,"25659"
"32688",,"0",false,"32688"
"1926",,"0",false,"1926"
"21161",,"0",false,"21161"
"73423",,"0",false,"73423"
"46917",,"0",false,"46917"
"5547","5546","2361",false,"5546"
"5641",,"0",false,"5641"
"42295",,"0",false,"42295"
"73428",,"0",false,"73428"
"6109",,"0",false,"6109"
"73430",,"0",false,"73430"
"16094",,"0",false,"16094"
"57001",,"0",false,"57001"
"73433",,"0",false,"73433"
"3934",,"0",false,"3934"
"48134",,"0",false,"48134"
"42456",,"0",false,"42456"
"12893",,"0",false,"12893"
"2337",,"0",false,"2337"
"58777",,"0",false,"58777"
"73440",,"0",false,"73440"
"44",,"0",false,"44"
"5545","5546","2361",false,"5546"
"61051",,"0",false,"61051"
"6145",,"0",false,"6145"
"73445",,"0",false,"73445"
"49271",,"0",false,"49271"
"43723",,"0",false,"43723"
"39830",,"0",false,"39830"
"8672",,"0",false,"8672"
"6589",,"0",false,"6589"
"54821",,"0",false,"54821"
"49487",,"0",false,"49487"
"65073",,"0",false,"65073"
"33395",,"0",false,"33395"
"56200",,"0",false,"56200"
"3020",,"0",false,"3020"
"11856",,"0",false,"11856"
"62962",,"0",false,"62962"
"7696",,"0",false,"7696"
"54243",,"0",false,"54243"
"65345",,"0",false,"65345"
"73462",,"0",false,"73462"
"4286",,"0",false,"4286"
"39045",,"0",false,"39045"
"66828",,"0",false,"66828"
"35880",,"0",false,"35880"
"42160",,"0",false,"42160"
"57179",,"0",false,"57179"
"60821",,"0",false,"60821"
"73470",,"0",false,"73470"
"21701",,"0",false,"21701"
"73472",,"0",false,"73472"
"54808",,"0",false,"54808"
"20892",,"0",false,"20892"
"73475",,"0",false,"73475"
"34676",,"0",false,"34676"
"51862",,"0",false,"51862"
"49318",,"0",false,"49318"
"18650",,"0",false,"18650"
"34386",,"0",false,"34386"
"5012",,"0",false,"5012"
"7835","7836","2629",false,"7836"
"50695",,"0",false,"50695"
"28937",,"0",false,"28937"
"45386",,"0",false,"45386"
"33346",,"0",false,"33346"
"17937",,"0",false,"17937"
"50098",,"0",false,"50098"
"56949",,"0",false,"56949"
"61837",,"0",false,"61837"
"52779",,"0",false,"52779"
"73492",,"0",false,"73492"
"66416",,"0",false,"66416"
"56377",,"0",false,"56377"
"226",,"0",false,"226"
"2043",,"0",false,"2043"
"20312",,"0",false,"20312"
"49467",,"0",false,"49467"
"65492",,"0",false,"65492"
"73500",,"0",false,"73500"
"3201",,"0",false,"3201"
"5643",,"0",false,"5643"
"8673",,"0",false,"8673"
"36066",,"0",false,"36066"
"5805",,"0",false,"5805"
"40609",,"0",false,"40609"
"25664",,"0",false,"25664"
"20303",,"0",false,"20303"
"8",,"0",false,"8"
"53742","53561","3672",false,"53561"
"609",,"0",false,"609"
"55423",,"0",false,"55423"
"51702",,"0",false,"51702"
"34519",,"0",false,"34519"
"54724",,"0",false,"54724"
"52772",,"0",false,"52772"
"46916",,"0",false,"46916"
"73518",,"0",false,"73518"
"48946",,"0",false,"48946"
"3875",,"0",false,"3875"
"2089",,"0",false,"2089"
"73522",,"0",false,"73522"
"17832",,"0",false,"17832"
"32657",,"0",false,"32657"
"50531",,"0",false,"50531"
"6525","6524","3148",false,"6524"
"49871",,"0",false,"49871"
"58298",,"0",false,"58298"
"58927",,"0",false,"58927"
"16462",,"0",false,"16462"
"11883",,"0",false,"11883"
"35015",,"0",false,"35015"
"27085",,"0",false,"27085"
"1261",,"0",false,"1261"
"49695",,"0",false,"49695"
"29796",,"0",false,"29796"
"17821",,"0",false,"17821"
"53495",,"0",false,"53495"
"12955",,"0",false,"12955"
"4254",,"0",false,"4254"
"44565",,"0",false,"44565"
"61881",,"0",false,"61881"
"49025",,"0",false,"49025"
"16424",,"0",false,"16424"
"41523",,"0",false,"41523"
"49134",,"0",false,"49134"
"52470",,"0",false,"52470"
"73548",,"0",false,"73548"
"49637",,"0",false,"49637"
"32782",,"0",false,"32782"
"1553",,"0",false,"1553"
"48919",,"0",false,"48919"
"73553",,"0",false,"73553"
"54318",,"0",false,"54318"
"11790",,"0",false,"11790"
"5200",,"0",false,"5200"
"6053",,"0",false,"6053"
"50861",,"0",false,"50861"
"51445",,"0",false,"51445"
"5014",,"0",false,"5014"
"1329",,"0",false,"1329"
"12946",,"0",false,"12946"
"73563",,"0",false,"73563"
"38617",,"0",false,"38617"
"37229",,"0",false,"37229"
"17939",,"0",false,"17939"
"73567",,"0",false,"73567"
"42933",,"0",false,"42933"
"24491",,"0",false,"24491"
"48564",,"0",false,"48564"
"36897",,"0",false,"36897"
"2749",,"0",false,"2749"
"41113",,"0",false,"41113"
"73574",,"0",false,"73574"
"10671",,"0",false,"10671"
"45085","44515","4027",false,"44515"
"54221",,"0",false,"54221"
"73578",,"0",false,"73578"
"45582",,"0",false,"45582"
"32122",,"0",false,"32122"
"54794",,"0",false,"54794"
"14529",,"0",false,"14529"
"55469",,"0",false,"55469"
"6963",,"0",false,"6963"
"66782",,"0",false,"66782"
"1495",,"0",false,"1495"
"4249",,"0",false,"4249"
"31030",,"0",false,"31030"
"6560",,"0",false,"6560"
"73590",,"0",false,"73590"
"37240",,"0",false,"37240"
"35882",,"0",false,"35882"
"73593",,"0",false,"73593"
"37554",,"0",false,"37554"
"34205",,"0",false,"34205"
"27939",,"0",false,"27939"
"45891",,"0",false,"45891"
"13295",,"0",false,"13295"
"3680",,"0",false,"3680"
"42325",,"0",false,"42325"
"5143",,"0",false,"5143"
"1730",,"0",false,"1730"
"31142",,"0",false,"31142"
"10049",,"0",false,"10049"
"55750",,"0",false,"55750"
"52483",,"0",false,"52483"
"21454",,"0",false,"21454"
"4499",,"0",false,"4499"
"7537",,"0",false,"7537"
"35437",,"0",false,"35437"
"51438",,"0",false,"51438"
"7269",,"0",false,"7269"
"3770",,"0",false,"3770"
"38931",,"0",false,"38931"
"1726",,"0",false,"1726"
"62960",,"0",false,"62960"
"5239",,"0",false,"5239"
"73618",,"0",false,"73618"
"54399",,"0",false,"54399"
"31013",,"0",false,"31013"
"38797",,"0",false,"38797"
"16452",,"0",false,"16452"
"36067",,"0",false,"36067"
"5694",,"0",false,"5694"
"47308",,"0",false,"47308"
"65688",,"0",false,"65688"
"24200",,"0",false,"24200"
"4695",,"0",false,"4695"
"2284",,"0",false,"2284"
"54439",,"0",false,"54439"
"48709",,"0",false,"48709"
"284",,"0",false,"284"
"34027",,"0",false,"34027"
"45830",,"0",false,"45830"
"9945",,"0",false,"9945"
"21324",,"0",false,"21324"
"2816",,"0",false,"2816"
"35039",,"0",false,"35039"
"3768",,"0",false,"3768"
"57521",,"0",false,"57521"
"73641",,"0",false,"73641"
"32996",,"0",false,"32996"
"5788",,"0",false,"5788"
"32944",,"0",false,"32944"
"20467",,"0",false,"20467"
"16426",,"0",false,"16426"
"17788",,"0",false,"17788"
"55367",,"0",false,"55367"
"21001",,"0",false,"21001"
"56615",,"0",false,"56615"
"66097",,"0",false,"66097"
"59741",,"0",false,"59741"
"73653",,"0",false,"73653"
"16463",,"0",false,"16463"
"49881",,"0",false,"49881"
"2347",,"0",false,"2347"
"11602",,"0",false,"11602"
"56031",,"0",false,"56031"
"42324","42615","3441",false,"42615"
"17952",,"0",false,"17952"
"39258",,"0",false,"39258"
"73662",,"0",false,"73662"
"44185",,"0",false,"44185"
"48738",,"0",false,"48738"
"73665",,"0",false,"73665"
"33348",,"0",false,"33348"
"3445",,"0",false,"3445"
"6987",,"0",false,"6987"
"73669",,"0",false,"73669"
"22230",,"0",false,"22230"
"73671",,"0",false,"73671"
"73672",,"0",false,"73672"
"49088",,"0",false,"49088"
"1150",,"0",false,"1150"
"5774",,"0",false,"5774"
"73676",,"0",false,"73676"
"73677",,"0",false,"73677"
"55439",,"0",false,"55439"
"61240",,"0",false,"61240"
"73680",,"0",false,"73680"
"2742",,"0",false,"2742"
"32470",,"0",false,"32470"
"73683",,"0",false,"73683"
"56896",,"0",false,"56896"
"59856",,"0",false,"59856"
"7700",,"0",false,"7700"
"66379",,"0",false,"66379"
"38560",,"0",false,"38560"
"39133",,"0",false,"39133"
"8868",,"0",false,"8868"
"44600",,"0",false,"44600"
"73692",,"0",false,"73692"
"53501",,"0",false,"53501"
"22964",,"0",false,"22964"
"6465",,"0",false,"6465"
"39443","39108","1537",false,"39108"
"73697",,"0",false,"73697"
"1486",,"0",false,"1486"
"1126",,"0",false,"1126"
"8843",,"0",false,"8843"
"9242",,"0",false,"9242"
"47034",,"0",false,"47034"
"2741",,"0",false,"2741"
"36823",,"0",false,"36823"
"22663",,"0",false,"22663"
"8457",,"0",false,"8457"
"38609",,"0",false,"38609"
"65726",,"0",false,"65726"
"73709",,"0",false,"73709"
"14050",,"0",false,"14050"
"73711",,"0",false,"73711"
"953",,"0",false,"953"
"3216",,"0",false,"3216"
"7650",,"0",false,"7650"
"60406",,"0",false,"60406"
"19220",,"0",false,"19220"
"21596",,"0",false,"21596"
"27501",,"0",false,"27501"
"32263",,"0",false,"32263"
"2093",,"0",false,"2093"
"38796",,"0",false,"38796"
"65043",,"0",false,"65043"
"52380",,"0",false,"52380"
"31389",,"0",false,"31389"
"73725",,"0",false,"73725"
"73726",,"0",false,"73726"
"36040",,"0",false,"36040"
"30163",,"0",false,"30163"
"25792",,"0",false,"25792"
"46627",,"0",false,"46627"
"73731",,"0",false,"73731"
"29794",,"0",false,"29794"
"45411",,"0",false,"45411"
"2762",,"0",false,"2762"
"10602",,"0",false,"10602"
"41521",,"0",false,"41521"
"54687",,"0",false,"54687"
"34919",,"0",false,"34919"
"39904",,"0",false,"39904"
"51969",,"0",false,"51969"
"60757",,"0",false,"60757"
"47328",,"0",false,"47328"
"27377",,"0",false,"27377"
"32580",,"0",false,"32580"
"33343",,"0",false,"33343"
"924",,"0",false,"924"
"66155",,"0",false,"66155"
"50069",,"0",false,"50069"
"37866",,"0",false,"37866"
"10600",,"0",false,"10600"
"44308",,"0",false,"44308"
"47732","47731","4011",false,"47731"
"17038",,"0",false,"17038"
"25668",,"0",false,"25668"
"65574",,"0",false,"65574"
"23890",,"0",false,"23890"
"481",,"0",false,"481"
"43199",,"0",false,"43199"
"46623",,"0",false,"46623"
"16465",,"0",false,"16465"
"8828",,"0",false,"8828"
"42299",,"0",false,"42299"
"73763",,"0",false,"73763"
"12159",,"0",false,"12159"
"66640",,"0",false,"66640"
"73766",,"0",false,"73766"
"31028",,"0",false,"31028"
"39778",,"0",false,"39778"
"45889",,"0",false,"45889"
"66494",,"0",false,"66494"
"49855","49855","3992",true,"49855"
"55018",,"0",false,"55018"
"11859",,"0",false,"11859"
"35391",,"0",false,"35391"
"20729",,"0",false,"20729"
"4341",,"0",false,"4341"
"73777",,"0",false,"73777"
"2339",,"0",false,"2339"
"22042",,"0",false,"22042"
"16914",,"0",false,"16914"
"49682",,"0",false,"49682"
"23062",,"0",false,"23062"
"642",,"0",false,"642"
"7690",,"0",false,"7690"
"51971",,"0",false,"51971"
"65544",,"0",false,"65544"
"36903",,"0",false,"36903"
"36433",,"0",false,"36433"
"35048",,"0",false,"35048"
"6577",,"0",false,"6577"
"44592",,"0",false,"44592"
"3777",,"0",false,"3777"
"37858",,"0",false,"37858"
"52053",,"0",false,"52053"
"15923",,"0",false,"15923"
"64248",,"0",false,"64248"
"44884",,"0",false,"44884"
"31390",,"0",false,"31390"
"54240",,"0",false,"54240"
"73800",,"0",false,"73800"
"11176",,"0",false,"11176"
"43339","43904","3842",false,"43904"
"57693",,"0",false,"57693"
"5183",,"0",false,"5183"
"56421",,"0",false,"56421"
"35037",,"0",false,"35037"
"73807",,"0",false,"73807"
"41109",,"0",false,"41109"
"56231",,"0",false,"56231"
"13298",,"0",false,"13298"
"7121",,"0",false,"7121"
"35955",,"0",false,"35955"
"3410",,"0",false,"3410"
"54051",,"0",false,"54051"
"38403",,"0",false,"38403"
"33352",,"0",false,"33352"
"3709",,"0",false,"3709"
"449",,"0",false,"449"
"39931",,"0",false,"39931"
"6516",,"0",false,"6516"
"66627",,"0",false,"66627"
"15592",,"0",false,"15592"
"31159",,"0",false,"31159"
"1894",,"0",false,"1894"
"18233",,"0",false,"18233"
"40480",,"0",false,"40480"
"62439",,"0",false,"62439"
"383",,"0",false,"383"
"28467",,"0",false,"28467"
"59126",,"0",false,"59126"
"17953",,"0",false,"17953"
"59249",,"0",false,"59249"
"37852",,"0",false,"37852"
"5406","5822","2461",false,"5822"
"47501",,"0",false,"47501"
"65417",,"0",false,"65417"
"41066",,"0",false,"41066"
"22503",,"0",false,"22503"
"54047",,"0",false,"54047"
"65691",,"0",false,"65691"
"42772",,"0",false,"42772"
"52770",,"0",false,"52770"
"59843",,"0",false,"59843"
"2686",,"0",false,"2686"
"56955",,"0",false,"56955"
"73846",,"0",false,"73846"
"66806",,"0",false,"66806"
"33345",,"0",false,"33345"
"19222",,"0",false,"19222"
"356",,"0",false,"356"
"17950",,"0",false,"17950"
"2275",,"0",false,"2275"
"45858","45858","4022",true,"45858"
"10650",,"0",false,"10650"
"59669",,"0",false,"59669"
"6049",,"0",false,"6049"
"19196",,"0",false,"19196"
"3662",,"0",false,"3662"
"73859",,"0",false,"73859"
"23881",,"0",false,"23881"
"21153",,"0",false,"21153"
"5130",,"0",false,"5130"
"27073",,"0",false,"27073"
"57678",,"0",false,"57678"
"44283",,"0",false,"44283"
"51",,"0",false,"51"
"37649",,"0",false,"37649"
"31383",,"0",false,"31383"
"66836",,"0",false,"66836"
"73870",,"0",false,"73870"
"37245",,"0",false,"37245"
"3982",,"0",false,"3982"
"37711",,"0",false,"37711"
"61117",,"0",false,"61117"
"29185",,"0",false,"29185"
"10195",,"0",false,"10195"
"47145",,"0",false,"47145"
"17531",,"0",false,"17531"
"66505",,"0",false,"66505"
"3003",,"0",false,"3003"
"35741",,"0",false,"35741"
"1555",,"0",false,"1555"
"50682",,"0",false,"50682"
"1716",,"0",false,"1716"
"44854",,"0",false,"44854"
"44322",,"0",false,"44322"
"65173",,"0",false,"65173"
"73888",,"0",false,"73888"
"1330",,"0",false,"1330"
"62074",,"0",false,"62074"
"33337",,"0",false,"33337"
"51975",,"0",false,"51975"
"33919",,"0",false,"33919"
"54898",,"0",false,"54898"
"20305",,"0",false,"20305"
"3681",,"0",false,"3681"
"73897",,"0",false,"73897"
"38402",,"0",false,"38402"
"7122",,"0",false,"7122"
"33897",,"0",false,"33897"
"51264",,"0",false,"51264"
"7532",,"0",false,"7532"
"425",,"0",false,"425"
"73904",,"0",false,"73904"
"1497",,"0",false,"1497"
"37860",,"0",false,"37860"
"14542",,"0",false,"14542"
"18368",,"0",false,"18368"
"17829",,"0",false,"17829"
"25786",,"0",false,"25786"
"4598",,"0",false,"4598"
"32681",,"0",false,"32681"
"25665",,"0",false,"25665"
"16459",,"0",false,"16459"
"6103",,"0",false,"6103"
"4166",,"0",false,"4166"
"4699",,"0",false,"4699"
"30436",,"0",false,"30436"
"7836","7836","2629",true,"7836"
"33303",,"0",false,"33303"
"33860",,"0",false,"33860"
"73922",,"0",false,"73922"
"5206",,"0",false,"5206"
"5404","5822","2461",false,"5822"
"60645","60820","3627",false,"60820"
"73926",,"0",false,"73926"
"1762",,"0",false,"1762"
"30399",,"0",false,"30399"
"64016",,"0",false,"64016"
"35239",,"0",false,"35239"
"61687",,"0",false,"61687"
"58863",,"0",false,"58863"
"57371",,"0",false,"57371"
"4342",,"0",false,"4342"
"43052",,"0",false,"43052"
"61124",,"0",false,"61124"
"64936",,"0",false,"64936"
"63936",,"0",false,"63936"
"73939",,"0",false,"73939"
"6750",,"0",false,"6750"
"50117","50529","3691",false,"50529"
"73942",,"0",false,"73942"
"32437",,"0",false,"32437"
"35693",,"0",false,"35693"
"2325",,"0",false,"2325"
"3923",,"0",false,"3923"
"32250",,"0",false,"32250"
"23059",,"0",false,"23059"
"66071",,"0",false,"66071"
"9476",,"0",false,"9476"
"25362",,"0",false,"25362"
"1080",,"0",false,"1080"
"62071",,"0",false,"62071"
"49641",,"0",false,"49641"
"6047",,"0",false,"6047"
"73956",,"0",false,"73956"
"73957",,"0",false,"73957"
"56973",,"0",false,"56973"
"43773",,"0",false,"43773"
"55649",,"0",false,"55649"
"48754",,"0",false,"48754"
"3449",,"0",false,"3449"
"48779",,"0",false,"48779"
"24042",,"0",false,"24042"
"31175",,"0",false,"31175"
"3800",,"0",false,"3800"
"12741",,"0",false,"12741"
"44712",,"0",false,"44712"
"3894",,"0",false,"3894"
"27",,"0",false,"27"
"11792",,"0",false,"11792"
"37556",,"0",false,"37556"
"73973",,"0",false,"73973"
"73974",,"0",false,"73974"
"3001",,"0",false,"3001"
"73976",,"0",false,"73976"
"39964",,"0",false,"39964"
"16912",,"0",false,"16912"
"36359",,"0",false,"36359"
"73980",,"0",false,"73980"
"53270",,"0",false,"53270"
"3790",,"0",false,"3790"
"53101",,"0",false,"53101"
"2506",,"0",false,"2506"
"669",,"0",false,"669"
"25364",,"0",false,"25364"
"55657",,"0",false,"55657"
"41107",,"0",false,"41107"
"73989",,"0",false,"73989"
"2036",,"0",false,"2036"
"56035",,"0",false,"56035"
"50302",,"0",false,"50302"
"20872",,"0",false,"20872"
"39609",,"0",false,"39609"
"60865",,"0",false,"60865"
"55050",,"0",false,"55050"
"1099",,"0",false,"1099"
"428",,"0",false,"428"
"977",,"0",false,"977"
"3663",,"0",false,"3663"
"55364",,"0",false,"55364"
"66634",,"0",false,"66634"
"46594",,"0",false,"46594"
"74004",,"0",false,"74004"
"74005",,"0",false,"74005"
"5201",,"0",false,"5201"
"52948",,"0",false,"52948"
"66880",,"0",false,"66880"
"3218",,"0",false,"3218"
"74010",,"0",false,"74010"
"11015",,"0",false,"11015"
"10999",,"0",false,"10999"
"62660",,"0",false,"62660"
"38247",,"0",false,"38247"
"20037",,"0",false,"20037"
"20898",,"0",false,"20898"
"41115",,"0",false,"41115"
"19043",,"0",false,"19043"
"24032",,"0",false,"24032"
"6515",,"0",false,"6515"
"4917",,"0",false,"4917"
"28644",,"0",false,"28644"
"58077",,"0",false,"58077"
"54719",,"0",false,"54719"
"17093",,"0",false,"17093"
"36248",,"0",false,"36248"
"954",,"0",false,"954"
"17776",,"0",false,"17776"
"33450",,"0",false,"33450"
"48921",,"0",false,"48921"
"74031",,"0",false,"74031"
"31034",,"0",false,"31034"
"51241",,"0",false,"51241"
"3850",,"0",false,"3850"
"31593",,"0",false,"31593"
"32291",,"0",false,"32291"
"32406",,"0",false,"32406"
"45051",,"0",false,"45051"
"6096",,"0",false,"6096"
"66132",,"0",false,"66132"
"3450",,"0",false,"3450"
"19614",,"0",false,"19614"
"12331",,"0",false,"12331"
"3018",,"0",false,"3018"
"74045",,"0",false,"74045"
"2274",,"0",false,"2274"
"56763",,"0",false,"56763"
"636",,"0",false,"636"
"33196",,"0",false,"33196"
"22051",,"0",false,"22051"
"74051",,"0",false,"74051"
"11813",,"0",false,"11813"
"74053",,"0",false,"74053"
"16140",,"0",false,"16140"
"28022",,"0",false,"28022"
"925",,"0",false,"925"
"8869",,"0",false,"8869"
"74058",,"0",false,"74058"
"41863",,"0",false,"41863"
"3615",,"0",false,"3615"
"34233",,"0",false,"34233"
"10021",,"0",false,"10021"
"3791",,"0",false,"3791"
"65584",,"0",false,"65584"
"1352",,"0",false,"1352"
"19224",,"0",false,"19224"
"31584",,"0",false,"31584"
"52047",,"0",false,"52047"
"37562",,"0",false,"37562"
"74070",,"0",false,"74070"
"19580",,"0",false,"19580"
"2334",,"0",false,"2334"
"66080",,"0",false,"66080"
"46656",,"0",false,"46656"
"27062",,"0",false,"27062"
"48197",,"0",false,"48197"
"37226",,"0",false,"37226"
"25667",,"0",false,"25667"
"53484",,"0",false,"53484"
"51619",,"0",false,"51619"
"66645",,"0",false,"66645"
"1715",,"0",false,"1715"
"55443",,"0",false,"55443"
"26080",,"0",false,"26080"
"47470",,"0",false,"47470"
"66088",,"0",false,"66088"
"55748",,"0",false,"55748"
"1537",,"0",false,"1537"
"57012",,"0",false,"57012"
"60935",,"0",false,"60935"
"22052",,"0",false,"22052"
"42034",,"0",false,"42034"
"30757",,"0",false,"30757"
"20733",,"0",false,"20733"
"32254",,"0",false,"32254"
"74096",,"0",false,"74096"
"2688",,"0",false,"2688"
"39846",,"0",false,"39846"
"2804",,"0",false,"2804"
"74100",,"0",false,"74100"
"28842",,"0",false,"28842"
"45676",,"0",false,"45676"
"5187",,"0",false,"5187"
"14051",,"0",false,"14051"
"23061",,"0",false,"23061"
"49486",,"0",false,"49486"
"18335",,"0",false,"18335"
"22478",,"0",false,"22478"
"74109",,"0",false,"74109"
"31348",,"0",false,"31348"
"823",,"0",false,"823"
"47336",,"0",false,"47336"
"4597",,"0",false,"4597"
"7699",,"0",false,"7699"
"50463",,"0",false,"50463"
"49635",,"0",false,"49635"
"54037",,"0",false,"54037"
"20409",,"0",false,"20409"
"59797",,"0",false,"59797"
"40791",,"0",false,"40791"
"60691",,"0",false,"60691"
"44146",,"0",false,"44146"
"5781",,"0",false,"5781"
"54054",,"0",false,"54054"
"3136",,"0",false,"3136"
"20900",,"0",false,"20900"
"74127",,"0",false,"74127"
"50458",,"0",false,"50458"
"74129",,"0",false,"74129"
"10065",,"0",false,"10065"
"13186",,"0",false,"13186"
"2130",,"0",false,"2130"
"74133",,"0",false,"74133"
"49086",,"0",false,"49086"
"385",,"0",false,"385"
"54244",,"0",false,"54244"
"4483",,"0",false,"4483"
"49275",,"0",false,"49275"
"8456","8456","2512",true,"8456"
"57367",,"0",false,"57367"
"3016",,"0",false,"3016"
"74142",,"0",false,"74142"
"1873",,"0",false,"1873"
"41692",,"0",false,"41692"
"228",,"0",false,"228"
"7649",,"0",false,"7649"
"56985",,"0",false,"56985"
"43333",,"0",false,"43333"
"450",,"0",false,"450"
"40565",,"0",false,"40565"
"66063",,"0",false,"66063"
"60755",,"0",false,"60755"
"41065",,"0",false,"41065"
"31510",,"0",false,"31510"
"74155",,"0",false,"74155"
"74156",,"0",false,"74156"
"48319",,"0",false,"48319"
"3393",,"0",false,"3393"
"7691",,"0",false,"7691"
"32047",,"0",false,"32047"
"19204",,"0",false,"19204"
"45127",,"0",false,"45127"
"54119",,"0",false,"54119"
"10",,"0",false,"10"
"53493",,"0",false,"53493"
"30048","29646","3017",false,"29646"
"2080",,"0",false,"2080"
"59128",,"0",false,"59128"
"66826",,"0",false,"66826"
"611",,"0",false,"611"
"2332",,"0",false,"2332"
"8391",,"0",false,"8391"
"28357",,"0",false,"28357"
"74174",,"0",false,"74174"
"3000",,"0",false,"3000"
"45122",,"0",false,"45122"
"48099",,"0",false,"48099"
"21152",,"0",false,"21152"
"63453",,"0",false,"63453"
"8447",,"0",false,"8447"
"44888",,"0",false,"44888"
"34385",,"0",false,"34385"
"37243",,"0",false,"37243"
"74184",,"0",false,"74184"
"17879",,"0",false,"17879"
"74186",,"0",false,"74186"
"52051",,"0",false,"52051"
"16915",,"0",false,"16915"
"34736",,"0",false,"34736"
"1245",,"0",false,"1245"
"47993",,"0",false,"47993"
"42883",,"0",false,"42883"
"11307",,"0",false,"11307"
"53463",,"0",false,"53463"
"62874",,"0",false,"62874"
"791",,"0",false,"791"
"57360",,"0",false,"57360"
"58957",,"0",false,"58957"
"50078",,"0",false,"50078"
"34243",,"0",false,"34243"
"11815",,"0",false,"11815"
"61883",,"0",false,"61883"
"54123",,"0",false,"54123"
"3138",,"0",false,"3138"
"74205",,"0",false,"74205"
"48926",,"0",false,"48926"
"56233",,"0",false,"56233"
"62263",,"0",false,"62263"
"2552",,"0",false,"2552"
"30074",,"0",false,"30074"
"12534",,"0",false,"12534"
"947",,"0",false,"947"
"40487",,"0",false,"40487"
"18215",,"0",false,"18215"
"36677",,"0",false,"36677"
"386",,"0",false,"386"
"66626",,"0",false,"66626"
"66686",,"0",false,"66686"
"1492",,"0",false,"1492"
"74220",,"0",false,"74220"
"32125",,"0",false,"32125"
"9995",,"0",false,"9995"
"66043",,"0",false,"66043"
"26335",,"0",false,"26335"
"3914",,"0",false,"3914"
"24935",,"0",false,"24935"
"3217",,"0",false,"3217"
"28773",,"0",false,"28773"
"61113",,"0",false,"61113"
"509",,"0",false,"509"
"18337",,"0",false,"18337"
"12341",,"0",false,"12341"
"32762",,"0",false,"32762"
"74234",,"0",false,"74234"
"29770",,"0",false,"29770"
"65067",,"0",false,"65067"
"17770",,"0",false,"17770"
"9518",,"0",false,"9518"
"24439",,"0",false,"24439"
"20468",,"0",false,"20468"
"74241",,"0",false,"74241"
"56516",,"0",false,"56516"
"16467",,"0",false,"16467"
"59127",,"0",false,"59127"
"62876",,"0",false,"62876"
"48175",,"0",false,"48175"
"1927",,"0",false,"1927"
"12402",,"0",false,"12402"
"25656",,"0",false,"25656"
"57166",,"0",false,"57166"
"74251",,"0",false,"74251"
"74252",,"0",false,"74252"
"27518",,"0",false,"27518"
"12891",,"0",false,"12891"
"20834",,"0",false,"20834"
"26952",,"0",false,"26952"
"61052",,"0",false,"61052"
"33572",,"0",false,"33572"
"19490",,"0",false,"19490"
"63823",,"0",false,"63823"
"74261",,"0",false,"74261"
"74262",,"0",false,"74262"
"57101",,"0",false,"57101"
"11242",,"0",false,"11242"
"10057",,"0",false,"10057"
"19577",,"0",false,"19577"
"30640",,"0",false,"30640"
"40313",,"0",false,"40313"
"25367",,"0",false,"25367"
"1082",,"0",false,"1082"
"74271",,"0",false,"74271"
"51513",,"0",false,"51513"
"74273",,"0",false,"74273"
"38029",,"0",false,"38029"
"27075",,"0",false,"27075"
"34383",,"0",false,"34383"
"5364",,"0",false,"5364"
"16412",,"0",false,"16412"
"74279",,"0",false,"74279"
"15416",,"0",false,"15416"
"5698",,"0",false,"5698"
"36076",,"0",false,"36076"
"57688",,"0",false,"57688"
"74284",,"0",false,"74284"
"56224",,"0",false,"56224"
"66095",,"0",false,"66095"
"24208",,"0",false,"24208"
"794",,"0",false,"794"
"74289",,"0",false,"74289"
"65585",,"0",false,"65585"
"286",,"0",false,"286"
"66145",,"0",false,"66145"
"22946",,"0",false,"22946"
"7128",,"0",false,"7128"
"36064",,"0",false,"36064"
"1121",,"0",false,"1121"
"35884",,"0",false,"35884"
"2231",,"0",false,"2231"
"35047",,"0",false,"35047"
"29177",,"0",false,"29177"
"21332",,"0",false,"21332"
"3772",,"0",false,"3772"
"35267",,"0",false,"35267"
"5136","4798","2372",false,"4798"
"65983",,"0",false,"65983"
"13523",,"0",false,"13523"
"59277",,"0",false,"59277"
"74308",,"0",false,"74308"
"35386",,"0",false,"35386"
"48947",,"0",false,"48947"
"16471",,"0",false,"16471"
"5642",,"0",false,"5642"
"9359",,"0",false,"9359"
"46177",,"0",false,"46177"
"74315",,"0",false,"74315"
"46795",,"0",false,"46795"
"35100",,"0",false,"35100"
"24780",,"0",false,"24780"
"2740",,"0",false,"2740"
"1490",,"0",false,"1490"
"22810",,"0",false,"22810"
"33347",,"0",false,"33347"
"50681",,"0",false,"50681"
"48918",,"0",false,"48918"
"66614",,"0",false,"66614"
"64905",,"0",false,"64905"
"52472",,"0",false,"52472"
"66883",,"0",false,"66883"
"58138",,"0",false,"58138"
"46663",,"0",false,"46663"
"22600",,"0",false,"22600"
"17772",,"0",false,"17772"
"50689",,"0",false,"50689"
"1152",,"0",false,"1152"
"66252",,"0",false,"66252"
"29455",,"0",false,"29455"
"34033",,"0",false,"34033"
"18803",,"0",false,"18803"
"49491",,"0",false,"49491"
"4570",,"0",false,"4570"
"1085",,"0",false,"1085"
"25660",,"0",false,"25660"
"19480",,"0",false,"19480"
"54010",,"0",false,"54010"
"47693",,"0",false,"47693"
"17505",,"0",false,"17505"
"46758",,"0",false,"46758"
"52946",,"0",false,"52946"
"6620",,"0",false,"6620"
"24334",,"0",false,"24334"
"9520",,"0",false,"9520"
"17938",,"0",false,"17938"
"35944",,"0",false,"35944"
"38824",,"0",false,"38824"
"19876",,"0",false,"19876"
"8872",,"0",false,"8872"
"85",,"0",false,"85"
"14001",,"0",false,"14001"
"36510",,"0",false,"36510"
"49847",,"0",false,"49847"
"74361",,"0",false,"74361"
"4172","4479","2380",false,"4479"
"74363",,"0",false,"74363"
"2129",,"0",false,"2129"
"33322",,"0",false,"33322"
"61493",,"0",false,"61493"
"5002",,"0",false,"5002"
"65590",,"0",false,"65590"
"39114",,"0",false,"39114"
"74370",,"0",false,"74370"
"3900",,"0",false,"3900"
"57777",,"0",false,"57777"
"58300",,"0",false,"58300"
"74374",,"0",false,"74374"
"1872",,"0",false,"1872"
"5013",,"0",false,"5013"
"31335",,"0",false,"31335"
"47146",,"0",false,"47146"
"22671",,"0",false,"22671"
"49484",,"0",false,"49484"
"60160",,"0",false,"60160"
"7321",,"0",false,"7321"
"51117","51117","78",true,"51117"
"40444",,"0",false,"40444"
"57676",,"0",false,"57676"
"38616",,"0",false,"38616"
"74387",,"0",false,"74387"
"35710",,"0",false,"35710"
"31540",,"0",false,"31540"
"66267",,"0",false,"66267"
"9443",,"0",false,"9443"
"74392",,"0",false,"74392"
"1713",,"0",false,"1713"
"74394",,"0",false,"74394"
"50692",,"0",false,"50692"
"59447",,"0",false,"59447"
"5186",,"0",false,"5186"
"74398",,"0",false,"74398"
"35926",,"0",false,"35926"
"44033",,"0",false,"44033"
"6962",,"0",false,"6962"
"24033",,"0",false,"24033"
"2037",,"0",false,"2037"
"46643",,"0",false,"46643"
"30440",,"0",false,"30440"
"12900",,"0",false,"12900"
"1354",,"0",false,"1354"
"28355",,"0",false,"28355"
"65657",,"0",false,"65657"
"2903",,"0",false,"2903"
"22674",,"0",false,"22674"
"52328",,"0",false,"52328"
"8237",,"0",false,"8237"
"3669",,"0",false,"3669"
"41520",,"0",false,"41520"
"13293",,"0",false,"13293"
"27070",,"0",false,"27070"
"1255",,"0",false,"1255"
"34231",,"0",false,"34231"
"22948",,"0",false,"22948"
"31172",,"0",false,"31172"
"56009",,"0",false,"56009"
"64139",,"0",false,"64139"
"17495",,"0",false,"17495"
"74425",,"0",false,"74425"
"62255",,"0",false,"62255"
"6202",,"0",false,"6202"
"40454",,"0",false,"40454"
"74429",,"0",false,"74429"
"3328",,"0",false,"3328"
"29784",,"0",false,"29784"
"74432",,"0",false,"74432"
"32123",,"0",false,"32123"
"40992",,"0",false,"40992"
"32574",,"0",false,"32574"
"51628",,"0",false,"51628"
"16069",,"0",false,"16069"
"16904",,"0",false,"16904"
"74439",,"0",false,"74439"
"43198",,"0",false,"43198"
"74441",,"0",false,"74441"
"18805",,"0",false,"18805"
"54441",,"0",false,"54441"
"74444",,"0",false,"74444"
"56977",,"0",false,"56977"
"34372",,"0",false,"34372"
"45581",,"0",false,"45581"
"37465",,"0",false,"37465"
"22812",,"0",false,"22812"
"3856",,"0",false,"3856"
"37230",,"0",false,"37230"
"88",,"0",false,"88"
"53858",,"0",false,"53858"
"25236",,"0",false,"25236"
"15586",,"0",false,"15586"
"825",,"0",false,"825"
"48563",,"0",false,"48563"
"6041",,"0",false,"6041"
"49332",,"0",false,"49332"
"12339",,"0",false,"12339"
"17773",,"0",false,"17773"
"64839",,"0",false,"64839"
"11172",,"0",false,"11172"
"17801",,"0",false,"17801"
"74465",,"0",false,"74465"
"7328",,"0",false,"7328"
"56961",,"0",false,"56961"
"21260",,"0",false,"21260"
"644",,"0",false,"644"
"46618",,"0",false,"46618"
"18334",,"0",false,"18334"
"36395",,"0",false,"36395"
"56613",,"0",false,"56613"
"5785",,"0",false,"5785"
"38408",,"0",false,"38408"
"74476",,"0",false,"74476"
"33201",,"0",false,"33201"
"32261",,"0",false,"32261"
"51983",,"0",false,"51983"
"14030",,"0",false,"14030"
"351",,"0",false,"351"
"54204",,"0",false,"54204"
"56795","56794","4984",false,"56794"
"47731","47731","4011",true,"47731"
"45387",,"0",false,"45387"
"56771",,"0",false,"56771"
"10659",,"0",false,"10659"
"74488",,"0",false,"74488"
"74489",,"0",false,"74489"
"3793",,"0",false,"3793"
"51877",,"0",false,"51877"
"20464",,"0",false,"20464"
"46320",,"0",false,"46320"
"44891",,"0",false,"44891"
"7222",,"0",false,"7222"
"46",,"0",false,"46"
"74497",,"0",false,"74497"
"2998",,"0",false,"2998"
"41404",,"0",false,"41404"
"74500",,"0",false,"74500"
"25370",,"0",false,"25370"
"54834",,"0",false,"54834"
"74503",,"0",false,"74503"
"62619",,"0",false,"62619"
"51256",,"0",false,"51256"
"45888",,"0",false,"45888"
"28438",,"0",false,"28438"
"66572",,"0",false,"66572"
"7125",,"0",false,"7125"
"7645",,"0",false,"7645"
"29648",,"0",false,"29648"
"15964",,"0",false,"15964"
"74513",,"0",false,"74513"
"13519",,"0",false,"13519"
"40803",,"0",false,"40803"
"30259",,"0",false,"30259"
"12345",,"0",false,"12345"
"15626",,"0",false,"15626"
"74519",,"0",false,"74519"
"66841",,"0",false,"66841"
"422",,"0",false,"422"
"5193","5195","3180",false,"5195"
"54434",,"0",false,"54434"
"19488",,"0",false,"19488"
"64094",,"0",false,"64094"
"22676",,"0",false,"22676"
"17961",,"0",false,"17961"
"74528",,"0",false,"74528"
"63743",,"0",false,"63743"
"21313",,"0",false,"21313"
"66082",,"0",false,"66082"
"74532",,"0",false,"74532"
"35350",,"0",false,"35350"
"14340",,"0",false,"14340"
"5981",,"0",false,"5981"
"55839",,"0",false,"55839"
"7224",,"0",false,"7224"
"25930",,"0",false,"25930"
"2092",,"0",false,"2092"
"32112",,"0",false,"32112"
"358",,"0",false,"358"
"18399",,"0",false,"18399"
"66307",,"0",false,"66307"
"50060",,"0",false,"50060"
"65870",,"0",false,"65870"
"48347",,"0",false,"48347"
"48567",,"0",false,"48567"
"26758",,"0",false,"26758"
"6052",,"0",false,"6052"
"6990",,"0",false,"6990"
"19626",,"0",false,"19626"
"2761",,"0",false,"2761"
"74553",,"0",false,"74553"
"48907",,"0",false,"48907"
"61996",,"0",false,"61996"
"5134",,"0",false,"5134"
"53",,"0",false,"53"
"74558",,"0",false,"74558"
"15420",,"0",false,"15420"
"7326",,"0",false,"7326"
"58614",,"0",false,"58614"
"31536",,"0",false,"31536"
"60472",,"0",false,"60472"
"3897",,"0",false,"3897"
"66343",,"0",false,"66343"
"64567",,"0",false,"64567"
"11236",,"0",false,"11236"
"34921",,"0",false,"34921"
"7139",,"0",false,"7139"
"74570",,"0",false,"74570"
"74571",,"0",false,"74571"
"65503",,"0",false,"65503"
"1332",,"0",false,"1332"
"2084",,"0",false,"2084"
"32284",,"0",false,"32284"
"6948","6948","2357",true,"6948"
"24493",,"0",false,"24493"
"43332",,"0",false,"43332"
"55033",,"0",false,"55033"
"65789",,"0",false,"65789"
"159",,"0",false,"159"
"50063",,"0",false,"50063"
"38934",,"0",false,"38934"
"74584",,"0",false,"74584"
"74585",,"0",false,"74585"
"65593",,"0",false,"65593"
"64619",,"0",false,"64619"
"14903",,"0",false,"14903"
"7126",,"0",false,"7126"
"40440",,"0",false,"40440"
"7536",,"0",false,"7536"
"41112",,"0",false,"41112"
"66847",,"0",false,"66847"
"61614",,"0",false,"61614"
"64173",,"0",false,"64173"
"13521",,"0",false,"13521"
"35243",,"0",false,"35243"
"8286",,"0",false,"8286"
"31537",,"0",false,"31537"
"65071",,"0",false,"65071"
"18375",,"0",false,"18375"
"56572",,"0",false,"56572"
"74603",,"0",false,"74603"
"58953",,"0",false,"58953"
"4600",,"0",false,"4600"
"28440",,"0",false,"28440"
"45043",,"0",false,"45043"
"4170",,"0",false,"4170"
"51626",,"0",false,"51626"
"27807",,"0",false,"27807"
"22960",,"0",false,"22960"
"74612",,"0",false,"74612"
"57177",,"0",false,"57177"
"56195",,"0",false,"56195"
"125",,"0",false,"125"
"65660",,"0",false,"65660"
"3776",,"0",false,"3776"
"39798",,"0",false,"39798"
"22505",,"0",false,"22505"
"56401","56593","4971",false,"56593"
"47814",,"0",false,"47814"
"74622",,"0",false,"74622"
"6201",,"0",false,"6201"
"32618",,"0",false,"32618"
"53813",,"0",false,"53813"
"8228",,"0",false,"8228"
"25796",,"0",false,"25796"
"4568",,"0",false,"4568"
"3926",,"0",false,"3926"
"54727",,"0",false,"54727"
"74631",,"0",false,"74631"
"35033",,"0",false,"35033"
"52541",,"0",false,"52541"
"36824",,"0",false,"36824"
"62526",,"0",false,"62526"
"6050",,"0",false,"6050"
"3853",,"0",false,"3853"
"16596",,"0",false,"16596"
"60520","60520","284",true,"60520"
"54452",,"0",false,"54452"
"17830",,"0",false,"17830"
"291",,"0",false,"291"
"63128",,"0",false,"63128"
"3453",,"0",false,"3453"
"1304",,"0",false,"1304"
"3708",,"0",false,"3708"
"47561",,"0",false,"47561"
"16460",,"0",false,"16460"
"14520",,"0",false,"14520"
"36502",,"0",false,"36502"
"3984",,"0",false,"3984"
"54627",,"0",false,"54627"
"5782",,"0",false,"5782"
"54203",,"0",false,"54203"
"3898",,"0",false,"3898"
"2683",,"0",false,"2683"
"74657",,"0",false,"74657"
"37468",,"0",false,"37468"
"29",,"0",false,"29"
"25530",,"0",false,"25530"
"63212",,"0",false,"63212"
"3005",,"0",false,"3005"
"34763",,"0",false,"34763"
"4240",,"0",false,"4240"
"55209",,"0",false,"55209"
"2272",,"0",false,"2272"
"7277",,"0",false,"7277"
"62262",,"0",false,"62262"
"63614",,"0",false,"63614"
"49466",,"0",false,"49466"
"3380",,"0",false,"3380"
"25369",,"0",false,"25369"
"4371",,"0",false,"4371"
"2832",,"0",false,"2832"
"2040",,"0",false,"2040"
"45081","44515","4027",false,"44515"
"48334",,"0",false,"48334"
"48394",,"0",false,"48394"
"49694",,"0",false,"49694"
"59615",,"0",false,"59615"
"74681",,"0",false,"74681"
"74682",,"0",false,"74682"
"43731",,"0",false,"43731"
"56808",,"0",false,"56808"
"74685",,"0",false,"74685"
"66412",,"0",false,"66412"
"28646",,"0",false,"28646"
"2748",,"0",false,"2748"
"24337",,"0",false,"24337"
"2237",,"0",false,"2237"
"63050",,"0",false,"63050"
"57159",,"0",false,"57159"
"58307",,"0",false,"58307"
"74694",,"0",false,"74694"
"30258",,"0",false,"30258"
"3667",,"0",false,"3667"
"13011",,"0",false,"13011"
"6991",,"0",false,"6991"
"1884",,"0",false,"1884"
"17360",,"0",false,"17360"
"66276",,"0",false,"66276"
"74702",,"0",false,"74702"
"5205",,"0",false,"5205"
"54603",,"0",false,"54603"
"3222",,"0",false,"3222"
"7644",,"0",false,"7644"
"27503",,"0",false,"27503"
"4516",,"0",false,"4516"
"52302",,"0",false,"52302"
"2041",,"0",false,"2041"
"13522",,"0",false,"13522"
"25234",,"0",false,"25234"
"16936",,"0",false,"16936"
"74714",,"0",false,"74714"
"41868",,"0",false,"41868"
"49856",,"0",false,"49856"
"24504",,"0",false,"24504"
"12363",,"0",false,"12363"
"3135",,"0",false,"3135"
"34677",,"0",false,"34677"
"3",,"0",false,"3"
"52482",,"0",false,"52482"
"66749",,"0",false,"66749"
"956",,"0",false,"956"
"17784",,"0",false,"17784"
"63006",,"0",false,"63006"
"23111",,"0",false,"23111"
"74728",,"0",false,"74728"
"20887",,"0",false,"20887"
"65483",,"0",false,"65483"
"74731",,"0",false,"74731"
"64906",,"0",false,"64906"
"4253",,"0",false,"4253"
"58075",,"0",false,"58075"
"3854",,"0",false,"3854"
"66260",,"0",false,"66260"
"1101",,"0",false,"1101"
"6100",,"0",false,"6100"
"58289",,"0",false,"58289"
"12335",,"0",false,"12335"
"3799",,"0",false,"3799"
"3454",,"0",false,"3454"
"6624",,"0",false,"6624"
"7223",,"0",false,"7223"
"40921",,"0",false,"40921"
"9532",,"0",false,"9532"
"62128",,"0",false,"62128"
"47733","47944","4050",false,"47944"
"22193",,"0",false,"22193"
"2976",,"0",false,"2976"
"66222",,"0",false,"66222"
"74752",,"0",false,"74752"
"5783",,"0",false,"5783"
"48708",,"0",false,"48708"
"18947",,"0",false,"18947"
"49861",,"0",false,"49861"
"74757",,"0",false,"74757"
"56773",,"0",false,"56773"
"11260",,"0",false,"11260"
"58763",,"0",false,"58763"
"4241",,"0",false,"4241"
"33181",,"0",false,"33181"
"74763",,"0",false,"74763"
"57519",,"0",false,"57519"
"50485",,"0",false,"50485"
"3619","4479","2380",false,"4479"
"60229",,"0",false,"60229"
"30968",,"0",false,"30968"
"22816",,"0",false,"22816"
"20870",,"0",false,"20870"
"44595",,"0",false,"44595"
"19228",,"0",false,"19228"
"7325",,"0",false,"7325"
"6045",,"0",false,"6045"
"2833",,"0",false,"2833"
"43621","43904","3842",false,"43904"
"37052",,"0",false,"37052"
"3240",,"0",false,"3240"
"2338",,"0",false,"2338"
"74780",,"0",false,"74780"
"65497",,"0",false,"65497"
"35051",,"0",false,"35051"
"4347",,"0",false,"4347"
"51437",,"0",false,"51437"
"34204",,"0",false,"34204"
"17804",,"0",false,"17804"
"12941",,"0",false,"12941"
"43167",,"0",false,"43167"
"26085",,"0",false,"26085"
"4661",,"0",false,"4661"
"30260",,"0",false,"30260"
"53133",,"0",false,"53133"
"74793",,"0",false,"74793"
"32117",,"0",false,"32117"
"74795",,"0",false,"74795"
"12905",,"0",false,"12905"
"53929",,"0",false,"53929"
"52148",,"0",false,"52148"
"66397",,"0",false,"66397"
"2278",,"0",false,"2278"
"6583",,"0",false,"6583"
"74802",,"0",false,"74802"
"38930",,"0",false,"38930"
"1323",,"0",false,"1323"
"4872",,"0",false,"4872"
"65967",,"0",false,"65967"
"65194",,"0",false,"65194"
"66015",,"0",false,"66015"
"30438",,"0",false,"30438"
"32469",,"0",false,"32469"
"5191",,"0",false,"5191"
"47434",,"0",false,"47434"
"37332",,"0",false,"37332"
"14524",,"0",false,"14524"
"40445",,"0",false,"40445"
"54631",,"0",false,"54631"
"74817",,"0",false,"74817"
"21775",,"0",false,"21775"
"55249",,"0",false,"55249"
"60029","60029","516",true,"60029"
"30937",,"0",false,"30937"
"2244",,"0",false,"2244"
"13307",,"0",false,"13307"
"16221",,"0",false,"16221"
"12882",,"0",false,"12882"
"51263",,"0",false,"51263"
"24330",,"0",false,"24330"
"54049",,"0",false,"54049"
"56044",,"0",false,"56044"
"5544","5546","2361",false,"5546"
"4599",,"0",false,"4599"
"45892",,"0",false,"45892"
"7278",,"0",false,"7278"
"13303","13842","3228",false,"13842"
"28774",,"0",false,"28774"
"41196",,"0",false,"41196"
"38399",,"0",false,"38399"
"8842",,"0",false,"8842"
"4169",,"0",false,"4169"
"37863",,"0",false,"37863"
"28427",,"0",false,"28427"
"2044",,"0",false,"2044"
"26859",,"0",false,"26859"
"38921",,"0",false,"38921"
"74845",,"0",false,"74845"
"2134",,"0",false,"2134"
"2544",,"0",false,"2544"
"10072",,"0",false,"10072"
"74849",,"0",false,"74849"
"1721",,"0",false,"1721"
"74851",,"0",false,"74851"
"387",,"0",false,"387"
"39366",,"0",false,"39366"
"49087",,"0",false,"49087"
"66328",,"0",false,"66328"
"37456",,"0",false,"37456"
"57681",,"0",false,"57681"
"74858",,"0",false,"74858"
"74859",,"0",false,"74859"
"32683",,"0",false,"32683"
"64591",,"0",false,"64591"
"1458",,"0",false,"1458"
"74863",,"0",false,"74863"
"452",,"0",false,"452"
"49455",,"0",false,"49455"
"32576",,"0",false,"32576"
"36498",,"0",false,"36498"
"66377",,"0",false,"66377"
"58384",,"0",false,"58384"
"21317",,"0",false,"21317"
"59266",,"0",false,"59266"
"11301",,"0",false,"11301"
"50685",,"0",false,"50685"
"74874",,"0",false,"74874"
"35522",,"0",false,"35522"
"17916",,"0",false,"17916"
"42061",,"0",false,"42061"
"74878",,"0",false,"74878"
"9990",,"0",false,"9990"
"53671",,"0",false,"53671"
"1917",,"0",false,"1917"
"11592",,"0",false,"11592"
"35016",,"0",false,"35016"
"3983",,"0",false,"3983"
"3668",,"0",false,"3668"
"48710",,"0",false,"48710"
"74887",,"0",false,"74887"
"2336",,"0",false,"2336"
"11588",,"0",false,"11588"
"12943",,"0",false,"12943"
"35375",,"0",false,"35375"
"3004",,"0",false,"3004"
"3313",,"0",false,"3313"
"66580",,"0",false,"66580"
"44599",,"0",false,"44599"
"8449",,"0",false,"8449"
"10591",,"0",false,"10591"
"74898",,"0",false,"74898"
"50671","50068","4158",false,"50068"
"19071",,"0",false,"19071"
"74901",,"0",false,"74901"
"2258",,"0",false,"2258"
"3019",,"0",false,"3019"
"42896",,"0",false,"42896"
"2234",,"0",false,"2234"
"61603",,"0",false,"61603"
"74907",,"0",false,"74907"
"74908",,"0",false,"74908"
"38410",,"0",false,"38410"
"34861",,"0",false,"34861"
"793",,"0",false,"793"
"66818",,"0",false,"66818"
"3381",,"0",false,"3381"
"43047",,"0",false,"43047"
"44878",,"0",false,"44878"
"2446",,"0",false,"2446"
"36921",,"0",false,"36921"
"49512",,"0",false,"49512"
"1881",,"0",false,"1881"
"74920",,"0",false,"74920"
"57171",,"0",false,"57171"
"74922",,"0",false,"74922"
"74923",,"0",false,"74923"
"63294",,"0",false,"63294"
"74925",,"0",false,"74925"
"48574",,"0",false,"48574"
"1284",,"0",false,"1284"
"18244",,"0",false,"18244"
"74929",,"0",false,"74929"
"14897",,"0",false,"14897"
"2556",,"0",false,"2556"
"74932",,"0",false,"74932"
"66444",,"0",false,"66444"
"37783",,"0",false,"37783"
"74935",,"0",false,"74935"
"8389",,"0",false,"8389"
"30644",,"0",false,"30644"
"34675",,"0",false,"34675"
"34905",,"0",false,"34905"
"64320",,"0",false,"64320"
"10010",,"0",false,"10010"
"1496",,"0",false,"1496"
"36833",,"0",false,"36833"
"45193",,"0",false,"45193"
"60996",,"0",false,"60996"
"52620",,"0",false,"52620"
"38391",,"0",false,"38391"
"74948",,"0",false,"74948"
"61115",,"0",false,"61115"
"8839",,"0",false,"8839"
"3221",,"0",false,"3221"
"7170",,"0",false,"7170"
"42620",,"0",false,"42620"
"3986",,"0",false,"3986"
"1673",,"0",false,"1673"
"29778",,"0",false,"29778"
"51615",,"0",false,"51615"
"4515",,"0",false,"4515"
"61505",,"0",false,"61505"
"13838",,"0",false,"13838"
"74961",,"0",false,"74961"
"22660",,"0",false,"22660"
"37854",,"0",false,"37854"
"3015",,"0",false,"3015"
"55807",,"0",false,"55807"
"74966",,"0",false,"74966"
"1719",,"0",false,"1719"
"65269",,"0",false,"65269"
"53196",,"0",false,"53196"
"46378",,"0",false,"46378"
"25802",,"0",false,"25802"
"41856",,"0",false,"41856"
"65290",,"0",false,"65290"
"40894",,"0",false,"40894"
"3924",,"0",false,"3924"
"2279",,"0",false,"2279"
"2706",,"0",false,"2706"
"12940",,"0",false,"12940"
"39574",,"0",false,"39574"
"74980",,"0",false,"74980"
"66762",,"0",false,"66762"
"37460",,"0",false,"37460"
"53677",,"0",false,"53677"
"27379",,"0",false,"27379"
"74985",,"0",false,"74985"
"74986",,"0",false,"74986"
"47812",,"0",false,"47812"
"57837",,"0",false,"57837"
"2331",,"0",false,"2331"
"1918",,"0",false,"1918"
"53949",,"0",false,"53949"
"74992",,"0",false,"74992"
"40438",,"0",false,"40438"
"19226",,"0",false,"19226"
"40505",,"0",false,"40505"
"47303",,"0",false,"47303"
"45539",,"0",false,"45539"
"66166",,"0",false,"66166"
"41108",,"0",false,"41108"
"1893",,"0",false,"1893"
"75001",,"0",false,"75001"
"22056",,"0",false,"22056"
"56041",,"0",false,"56041"
"346",,"0",false,"346"
"29051",,"0",false,"29051"
"3013",,"0",false,"3013"
"45829",,"0",false,"45829"
"34026",,"0",false,"34026"
"75009",,"0",false,"75009"
"796",,"0",false,"796"
"24054",,"0",false,"24054"
"49517",,"0",false,"49517"
"75013",,"0",false,"75013"
"60880",,"0",false,"60880"
"50454",,"0",false,"50454"
"52052",,"0",false,"52052"
"2235",,"0",false,"2235"
"12881",,"0",false,"12881"
"75019",,"0",false,"75019"
"45391",,"0",false,"45391"
"40",,"0",false,"40"
"5672",,"0",false,"5672"
"75023",,"0",false,"75023"
"2685",,"0",false,"2685"
"49272",,"0",false,"49272"
"61041",,"0",false,"61041"
"4798","4798","2372",true,"4798"
"1882",,"0",false,"1882"
"31401",,"0",false,"31401"
"65511",,"0",false,"65511"
"2830",,"0",false,"2830"
"55233",,"0",false,"55233"
"75033",,"0",false,"75033"
"17356",,"0",false,"17356"
"42621",,"0",false,"42621"
"50866",,"0",false,"50866"
"7114",,"0",false,"7114"
"75038",,"0",false,"75038"
"47791",,"0",false,"47791"
"2329",,"0",false,"2329"
"17914",,"0",false,"17914"
"5242",,"0",false,"5242"
"58148",,"0",false,"58148"
"44282",,"0",false,"44282"
"2743",,"0",false,"2743"
"22216",,"0",false,"22216"
"5691",,"0",false,"5691"
"59740",,"0",false,"59740"
"1494",,"0",false,"1494"
"51611",,"0",false,"51611"
"37236",,"0",false,"37236"
"75052",,"0",false,"75052"
"66824",,"0",false,"66824"
"20879",,"0",false,"20879"
"25784",,"0",false,"25784"
"49307",,"0",false,"49307"
"42750",,"0",false,"42750"
"37400",,"0",false,"37400"
"3765",,"0",false,"3765"
"24443",,"0",false,"24443"
"53827","53827","4687",true,"53827"
"54046",,"0",false,"54046"
"52769",,"0",false,"52769"
"19485",,"0",false,"19485"
"1766",,"0",false,"1766"
"75066",,"0",false,"75066"
"7046","6524","3148",false,"6524"
"26466",,"0",false,"26466"
"66156",,"0",false,"66156"
"20473",,"0",false,"20473"
"75071",,"0",false,"75071"
"75072",,"0",false,"75072"
"40548",,"0",false,"40548"
"61986",,"0",false,"61986"
"6622",,"0",false,"6622"
"55631",,"0",false,"55631"
"26956",,"0",false,"26956"
"19206",,"0",false,"19206"
"352",,"0",false,"352"
"54804",,"0",false,"54804"
"75081",,"0",false,"75081"
"87",,"0",false,"87"
"14008",,"0",false,"14008"
"53745",,"0",false,"53745"
"33896",,"0",false,"33896"
"39966",,"0",false,"39966"
"3137",,"0",false,"3137"
"75088",,"0",false,"75088"
"46725",,"0",false,"46725"
"2133",,"0",false,"2133"
"33324",,"0",false,"33324"
"36826",,"0",false,"36826"
"33553",,"0",false,"33553"
"56229",,"0",false,"56229"
"49632",,"0",false,"49632"
"15052",,"0",false,"15052"
"4815",,"0",false,"4815"
"2131",,"0",false,"2131"
"75099",,"0",false,"75099"
"7771",,"0",false,"7771"
"47",,"0",false,"47"
"48776",,"0",false,"48776"
"33344",,"0",false,"33344"
"60224",,"0",false,"60224"
"63662",,"0",false,"63662"
"41424",,"0",false,"41424"
"46880",,"0",false,"46880"
"7323",,"0",false,"7323"
"25556",,"0",false,"25556"
"56802",,"0",false,"56802"
"1874",,"0",false,"1874"
"37679",,"0",false,"37679"
"49141",,"0",false,"49141"
"33537",,"0",false,"33537"
"39779",,"0",false,"39779"
"75116",,"0",false,"75116"
"15510",,"0",false,"15510"
"66576",,"0",false,"66576"
"42328",,"0",false,"42328"
"10590",,"0",false,"10590"
"12320",,"0",false,"12320"
"10069",,"0",false,"10069"
"53102",,"0",false,"53102"
"5403",,"0",false,"5403"
"54855",,"0",false,"54855"
"35392",,"0",false,"35392"
"36896",,"0",false,"36896"
"1674",,"0",false,"1674"
"75129",,"0",false,"75129"
"49917",,"0",false,"49917"
"32253",,"0",false,"32253"
"65343",,"0",false,"65343"
"75133",,"0",false,"75133"
"35324",,"0",false,"35324"
"75135",,"0",false,"75135"
"57201",,"0",false,"57201"
"24652",,"0",false,"24652"
"10009",,"0",false,"10009"
"49880",,"0",false,"49880"
"43051",,"0",false,"43051"
"66433",,"0",false,"66433"
"29864",,"0",false,"29864"
"1356",,"0",false,"1356"
"34679",,"0",false,"34679"
"75145",,"0",false,"75145"
"2907",,"0",false,"2907"
"35371",,"0",false,"35371"
"75148",,"0",false,"75148"
"1355",,"0",false,"1355"
"75150",,"0",false,"75150"
"2342",,"0",false,"2342"
"28346",,"0",false,"28346"
"19069",,"0",false,"19069"
"75154",,"0",false,"75154"
"53665",,"0",false,"53665"
"58295",,"0",false,"58295"
"60209",,"0",false,"60209"
"52117",,"0",false,"52117"
"35238",,"0",false,"35238"
"13497",,"0",false,"13497"
"18219",,"0",false,"18219"
"44880",,"0",false,"44880"
"75163",,"0",false,"75163"
"44848",,"0",false,"44848"
"75165",,"0",false,"75165"
"32653",,"0",false,"32653"
"40176",,"0",false,"40176"
"3385",,"0",false,"3385"
"57721",,"0",false,"57721"
"52695",,"0",false,"52695"
"20731",,"0",false,"20731"
"43176",,"0",false,"43176"
"63044",,"0",false,"63044"
"421",,"0",false,"421"
"30408",,"0",false,"30408"
"1325",,"0",false,"1325"
"15389",,"0",false,"15389"
"65065",,"0",false,"65065"
"22058",,"0",false,"22058"
"46346",,"0",false,"46346"
"59471",,"0",false,"59471"
"37849",,"0",false,"37849"
"1324",,"0",false,"1324"
"6555",,"0",false,"6555"
"15071",,"0",false,"15071"
"7047","6524","3148",false,"6524"
"21783",,"0",false,"21783"
"50667",,"0",false,"50667"
"66748",,"0",false,"66748"
"90",,"0",false,"90"
"37246",,"0",false,"37246"
"976",,"0",false,"976"
"47144",,"0",false,"47144"
"34235",,"0",false,"34235"
"5135",,"0",false,"5135"
"38356",,"0",false,"38356"
"54809",,"0",false,"54809"
"75198",,"0",false,"75198"
"826",,"0",false,"826"
"55247",,"0",false,"55247"
"75201",,"0",false,"75201"
"65993",,"0",false,"65993"
"4284",,"0",false,"4284"
"4601",,"0",false,"4601"
"61425",,"0",false,"61425"
"51448",,"0",false,"51448"
"57843",,"0",false,"57843"
"75208",,"0",false,"75208"
"30458",,"0",false,"30458"
"39571",,"0",false,"39571"
"66812",,"0",false,"66812"
"24055","23596","2700",false,"23596"
"7772",,"0",false,"7772"
"75214",,"0",false,"75214"
"22350",,"0",false,"22350"
"44572",,"0",false,"44572"
"5231",,"0",false,"5231"
"2977",,"0",false,"2977"
"5617",,"0",false,"5617"
"56391",,"0",false,"56391"
"28549",,"0",false,"28549"
"40890",,"0",false,"40890"
"55799",,"0",false,"55799"
"4687",,"0",false,"4687"
"13491",,"0",false,"13491"
"53564",,"0",false,"53564"
"20472",,"0",false,"20472"
"66878",,"0",false,"66878"
"10071",,"0",false,"10071"
"66850",,"0",false,"66850"
"28769",,"0",false,"28769"
"75232",,"0",false,"75232"
"40167",,"0",false,"40167"
"1285",,"0",false,"1285"
"17807",,"0",false,"17807"
"56957",,"0",false,"56957"
"4569",,"0",false,"4569"
"3241",,"0",false,"3241"
"75239",,"0",false,"75239"
"21136",,"0",false,"21136"
"29656",,"0",false,"29656"
"26957",,"0",false,"26957"
"43014",,"0",false,"43014"
"17774",,"0",false,"17774"
"58134",,"0",false,"58134"
"8239",,"0",false,"8239"
"60381",,"0",false,"60381"
"17947",,"0",false,"17947"
"47549",,"0",false,"47549"
"5592",,"0",false,"5592"
"48333",,"0",false,"48333"
"35032",,"0",false,"35032"
"46142",,"0",false,"46142"
"44010",,"0",false,"44010"
"9989",,"0",false,"9989"
"4171","4479","2380",false,"4479"
"53669",,"0",false,"53669"
"15627",,"0",false,"15627"
"75259",,"0",false,"75259"
"66217",,"0",false,"66217"
"27086",,"0",false,"27086"
"5197",,"0",false,"5197"
"9437",,"0",false,"9437"
"39905",,"0",false,"39905"
"36830",,"0",false,"36830"
"424",,"0",false,"424"
"3536",,"0",false,"3536"
"3437",,"0",false,"3437"
"41380",,"0",false,"41380"
"1296",,"0",false,"1296"
"64762",,"0",false,"64762"
"31388",,"0",false,"31388"
"36039",,"0",false,"36039"
"75274",,"0",false,"75274"
"10616",,"0",false,"10616"
"19192",,"0",false,"19192"
"10192",,"0",false,"10192"
"5766",,"0",false,"5766"
"75279",,"0",false,"75279"
"66623",,"0",false,"66623"
"23028",,"0",false,"23028"
"795",,"0",false,"795"
"64106",,"0",false,"64106"
"32251",,"0",false,"32251"
"34399",,"0",false,"34399"
"4229",,"0",false,"4229"
"22191",,"0",false,"22191"
"75288",,"0",false,"75288"
"24346",,"0",false,"24346"
"75290",,"0",false,"75290"
"50272",,"0",false,"50272"
"52466",,"0",false,"52466"
"37865",,"0",false,"37865"
"37048",,"0",false,"37048"
"75295",,"0",false,"75295"
"75296",,"0",false,"75296"
"29687",,"0",false,"29687"
"20877",,"0",false,"20877"
"27087",,"0",false,"27087"
"6457",,"0",false,"6457"
"31147",,"0",false,"31147"
"14896",,"0",false,"14896"
"287",,"0",false,"287"
"56015",,"0",false,"56015"
"59798",,"0",false,"59798"
"4987",,"0",false,"4987"
"31541",,"0",false,"31541"
"23429",,"0",false,"23429"
"49125",,"0",false,"49125"
"52046",,"0",false,"52046"
"512",,"0",false,"512"
"75312",,"0",false,"75312"
"75313",,"0",false,"75313"
"5284",,"0",false,"5284"
"11003",,"0",false,"11003"
"3144",,"0",false,"3144"
"75317",,"0",false,"75317"
"62699",,"0",false,"62699"
"4688",,"0",false,"4688"
"13493",,"0",false,"13493"
"29276",,"0",false,"29276"
"7718",,"0",false,"7718"
"46043",,"0",false,"46043"
"33164",,"0",false,"33164"
"53496",,"0",false,"53496"
"24331",,"0",false,"24331"
"75327",,"0",false,"75327"
"75328",,"0",false,"75328"
"59103",,"0",false,"59103"
"3851",,"0",false,"3851"
"66365",,"0",false,"66365"
"35384",,"0",false,"35384"
"55042",,"0",false,"55042"
"75334",,"0",false,"75334"
"20828",,"0",false,"20828"
"161",,"0",false,"161"
"15590",,"0",false,"15590"
"3451",,"0",false,"3451"
"17096",,"0",false,"17096"
"18232",,"0",false,"18232"
"19209",,"0",false,"19209"
"36907",,"0",false,"36907"
"31402",,"0",false,"31402"
"17098",,"0",false,"17098"
"478",,"0",false,"478"
"5780",,"0",false,"5780"
"49104",,"0",false,"49104"
"27648",,"0",false,"27648"
"47553",,"0",false,"47553"
"57840",,"0",false,"57840"
"40759",,"0",false,"40759"
"8290",,"0",false,"8290"
"31548",,"0",false,"31548"
"8962",,"0",false,"8962"
"4238",,"0",false,"4238"
"511",,"0",false,"511"
"66255",,"0",false,"66255"
"62880",,"0",false,"62880"
"51439",,"0",false,"51439"
"46423",,"0",false,"46423"
"54036",,"0",false,"54036"
"3438",,"0",false,"3438"
"75363",,"0",false,"75363"
"34773",,"0",false,"34773"
"12892",,"0",false,"12892"
"127",,"0",false,"127"
"15764",,"0",false,"15764"
"35592",,"0",false,"35592"
"5767",,"0",false,"5767"
"46568",,"0",false,"46568"
"66310",,"0",false,"66310"
"50472","50068","4158",false,"50068"
"36687",,"0",false,"36687"
"4230",,"0",false,"4230"
"19210",,"0",false,"19210"
"10669",,"0",false,"10669"
"66582",,"0",false,"66582"
"31570",,"0",false,"31570"
"51302",,"0",false,"51302"
"65752",,"0",false,"65752"
"8232",,"0",false,"8232"
"59089",,"0",false,"59089"
"2239",,"0",false,"2239"
"10012",,"0",false,"10012"
"19054",,"0",false,"19054"
"49237",,"0",false,"49237"
"66556",,"0",false,"66556"
"477",,"0",false,"477"
"45420",,"0",false,"45420"
"40483","40485","3419",false,"40485"
"2549",,"0",false,"2549"
"35376",,"0",false,"35376"
"17785",,"0",false,"17785"
"75394",,"0",false,"75394"
"75395",,"0",false,"75395"
"6458",,"0",false,"6458"
"46372",,"0",false,"46372"
"56780",,"0",false,"56780"
"5188",,"0",false,"5188"
"36394",,"0",false,"36394"
"75401",,"0",false,"75401"
"28768",,"0",false,"28768"
"75403",,"0",false,"75403"
"34384",,"0",false,"34384"
"1710",,"0",false,"1710"
"65425",,"0",false,"65425"
"46160",,"0",false,"46160"
"52050",,"0",false,"52050"
"75409",,"0",false,"75409"
"33066",,"0",false,"33066"
"56953",,"0",false,"56953"
"47499",,"0",false,"47499"
"52224",,"0",false,"52224"
"3008",,"0",false,"3008"
"8099",,"0",false,"8099"
"3145",,"0",false,"3145"
"21135",,"0",false,"21135"
"42748",,"0",false,"42748"
"17528",,"0",false,"17528"
"50077",,"0",false,"50077"
"1924",,"0",false,"1924"
"32640",,"0",false,"32640"
"75423",,"0",false,"75423"
"2794",,"0",false,"2794"
"47304",,"0",false,"47304"
"49674",,"0",false,"49674"
"48318",,"0",false,"48318"
"59841",,"0",false,"59841"
"1761",,"0",false,"1761"
"9360",,"0",false,"9360"
"54234",,"0",false,"54234"
"4918",,"0",false,"4918"
"50087",,"0",false,"50087"
"5616",,"0",false,"5616"
"38725",,"0",false,"38725"
"1907",,"0",false,"1907"
"75437",,"0",false,"75437"
"3537",,"0",false,"3537"
"66853",,"0",false,"66853"
"54697",,"0",false,"54697"
"75441",,"0",false,"75441"
"41437",,"0",false,"41437"
"7171",,"0",false,"7171"
"65988",,"0",false,"65988"
"54447",,"0",false,"54447"
"33552",,"0",false,"33552"
"43769",,"0",false,"43769"
"46425",,"0",false,"46425"
"61940",,"0",false,"61940"
"27089",,"0",false,"27089"
"21259",,"0",false,"21259"
"24344",,"0",false,"24344"
"63697",,"0",false,"63697"
"31329",,"0",false,"31329"
"34028",,"0",false,"34028"
"75456",,"0",false,"75456"
"27511",,"0",false,"27511"
"8238",,"0",false,"8238"
"66027",,"0",false,"66027"
"5591",,"0",false,"5591"
"222",,"0",false,"222"
"75462",,"0",false,"75462"
"75463",,"0",false,"75463"
"75464",,"0",false,"75464"
"43727",,"0",false,"43727"
"37869",,"0",false,"37869"
"34234",,"0",false,"34234"
"56967",,"0",false,"56967"
"48925",,"0",false,"48925"
"3616",,"0",false,"3616"
"75471",,"0",false,"75471"
"21592",,"0",false,"21592"
"1280",,"0",false,"1280"
"2240",,"0",false,"2240"
"1357",,"0",false,"1357"
"30400",,"0",false,"30400"
"48540",,"0",false,"48540"
"2546",,"0",false,"2546"
"75479",,"0",false,"75479"
"50859",,"0",false,"50859"
"1485",,"0",false,"1485"
"75482",,"0",false,"75482"
"4",,"0",false,"4"
"44569",,"0",false,"44569"
"9589","9584","2532",false,"9584"
"66032",,"0",false,"66032"
"28345",,"0",false,"28345"
"8827",,"0",false,"8827"
"75489",,"0",false,"75489"
"21574",,"0",false,"21574"
"34395",,"0",false,"34395"
"2366",,"0",false,"2366"
"66644",,"0",false,"66644"
"65412",,"0",false,"65412"
"2534",,"0",false,"2534"
"7127",,"0",false,"7127"
"51432",,"0",false,"51432"
"60408",,"0",false,"60408"
"35700",,"0",false,"35700"
"11305",,"0",false,"11305"
"57164",,"0",false,"57164"
"20730",,"0",false,"20730"
"17805",,"0",false,"17805"
"3049",,"0",false,"3049"
"75505",,"0",false,"75505"
"1530",,"0",false,"1530"
"29865",,"0",false,"29865"
"26205",,"0",false,"26205"
"66381",,"0",false,"66381"
"28639",,"0",false,"28639"
"2694",,"0",false,"2694"
"6749",,"0",false,"6749"
"4986",,"0",false,"4986"
"30142",,"0",false,"30142"
"51970",,"0",false,"51970"
"1908",,"0",false,"1908"
"50289",,"0",false,"50289"
"66560",,"0",false,"66560"
"2236",,"0",false,"2236"
"12949",,"0",false,"12949"
"23739",,"0",false,"23739"
"15951",,"0",false,"15951"
"5283",,"0",false,"5283"
"38304",,"0",false,"38304"
"58443",,"0",false,"58443"
"75526",,"0",false,"75526"
"11213",,"0",false,"11213"
"1883",,"0",false,"1883"
"65728",,"0",false,"65728"
"1661",,"0",false,"1661"
"66085",,"0",false,"66085"
"60045",,"0",false,"60045"
"56584",,"0",false,"56584"
"75534",,"0",false,"75534"
"65309",,"0",false,"65309"
"32615",,"0",false,"32615"
"14518",,"0",false,"14518"
"7120",,"0",false,"7120"
"64095",,"0",false,"64095"
"55015",,"0",false,"55015"
"34370",,"0",false,"34370"
"19207",,"0",false,"19207"
"14532",,"0",false,"14532"
"58292",,"0",false,"58292"
"56986",,"0",false,"56986"
"50730",,"0",false,"50730"
"54125",,"0",false,"54125"
"5337",,"0",false,"5337"
"51060",,"0",false,"51060"
"12886",,"0",false,"12886"
"75551",,"0",false,"75551"
"75552",,"0",false,"75552"
"3243",,"0",false,"3243"
"39829","40485","3419",false,"40485"
"35042",,"0",false,"35042"
"58303",,"0",false,"58303"
"15593",,"0",false,"15593"
"17781",,"0",false,"17781"
"18234",,"0",false,"18234"
"20577",,"0",false,"20577"
"2317",,"0",false,"2317"
"3915",,"0",false,"3915"
"3899",,"0",false,"3899"
"1076",,"0",false,"1076"
"7834",,"0",false,"7834"
"66831",,"0",false,"66831"
"56002",,"0",false,"56002"
"32481",,"0",false,"32481"
"62080",,"0",false,"62080"
"20448",,"0",false,"20448"
"75571",,"0",false,"75571"
"33327",,"0",false,"33327"
"15083",,"0",false,"15083"
"36387",,"0",false,"36387"
"7313",,"0",false,"7313"
"56777",,"0",false,"56777"
"9441",,"0",false,"9441"
"62617",,"0",false,"62617"
"6556",,"0",false,"6556"
"280",,"0",false,"280"
"55276",,"0",false,"55276"
"41399",,"0",false,"41399"
"75583",,"0",false,"75583"
"17358",,"0",false,"17358"
"51489",,"0",false,"51489"
"43734",,"0",false,"43734"
"34577",,"0",false,"34577"
"27931",,"0",false,"27931"
"3392",,"0",false,"3392"
"52596",,"0",false,"52596"
"2902",,"0",false,"2902"
"56705",,"0",false,"56705"
"15903",,"0",false,"15903"
"921",,"0",false,"921"
"5243",,"0",false,"5243"
"665",,"0",false,"665"
"10007",,"0",false,"10007"
"61809",,"0",false,"61809"
"22218",,"0",false,"22218"
"41864",,"0",false,"41864"
"75601",,"0",false,"75601"
"29615",,"0",false,"29615"
"49285",,"0",false,"49285"
"5232",,"0",false,"5232"
"75605",,"0",false,"75605"
"28643",,"0",false,"28643"
"39932",,"0",false,"39932"
"12951",,"0",false,"12951"
"248",,"0",false,"248"
"63984",,"0",false,"63984"
"53741","53561","3672",false,"53561"
"56761",,"0",false,"56761"
"10599",,"0",false,"10599"
"54035",,"0",false,"54035"
"39368",,"0",false,"39368"
"28770",,"0",false,"28770"
"44515","44515","4027",true,"44515"
"2793",,"0",false,"2793"
"31539",,"0",false,"31539"
"23428",,"0",false,"23428"
"1146",,"0",false,"1146"
"16422",,"0",false,"16422"
"49919",,"0",false,"49919"
"1760",,"0",false,"1760"
"75625",,"0",false,"75625"
"50459",,"0",false,"50459"
"11006",,"0",false,"11006"
"1666",,"0",false,"1666"
"11788",,"0",false,"11788"
"75630",,"0",false,"75630"
"1083",,"0",false,"1083"
"34935",,"0",false,"34935"
"3855",,"0",false,"3855"
"14534",,"0",false,"14534"
"75635",,"0",false,"75635"
"44030",,"0",false,"44030"
"445",,"0",false,"445"
"51703",,"0",false,"51703"
"11795",,"0",false,"11795"
"3455",,"0",false,"3455"
"45395",,"0",false,"45395"
"2703",,"0",false,"2703"
"19194",,"0",false,"19194"
"44564",,"0",false,"44564"
"75645",,"0",false,"75645"
"3661",,"0",false,"3661"
"13995",,"0",false,"13995"
"79",,"0",false,"79"
"59437",,"0",false,"59437"
"50676",,"0",false,"50676"
"65400",,"0",false,"65400"
"30643",,"0",false,"30643"
"10018",,"0",false,"10018"
"75654",,"0",false,"75654"
"63316",,"0",false,"63316"
"20827",,"0",false,"20827"
"75657",,"0",false,"75657"
"1122",,"0",false,"1122"
"36905",,"0",false,"36905"
"49469",,"0",false,"49469"
"18776",,"0",false,"18776"
"23984",,"0",false,"23984"
"47730",,"0",false,"47730"
"13987",,"0",false,"13987"
"45647",,"0",false,"45647"
"3792",,"0",false,"3792"
"12317",,"0",false,"12317"
"48395",,"0",false,"48395"
"1068",,"0",false,"1068"
"24494",,"0",false,"24494"
"56959",,"0",false,"56959"
"75672",,"0",false,"75672"
"54522",,"0",false,"54522"
"19995",,"0",false,"19995"
"75675",,"0",false,"75675"
"57196",,"0",false,"57196"
"75677",,"0",false,"75677"
"44636",,"0",false,"44636"
"128",,"0",false,"128"
"33539",,"0",false,"33539"
"75681",,"0",false,"75681"
"1763",,"0",false,"1763"
"51428",,"0",false,"51428"
"15457",,"0",false,"15457"
"22231",,"0",false,"22231"
"60403",,"0",false,"60403"
"59853",,"0",false,"59853"
"27224",,"0",false,"27224"
"45492",,"0",false,"45492"
"16901",,"0",false,"16901"
"75691",,"0",false,"75691"
"12175",,"0",false,"12175"
"2326",,"0",false,"2326"
"52628",,"0",false,"52628"
"36185",,"0",false,"36185"
"1249",,"0",false,"1249"
"66636",,"0",false,"66636"
"53030",,"0",false,"53030"
"5543","5543","2363",true,"5543"
"58958",,"0",false,"58958"
"53459",,"0",false,"53459"
"75702",,"0",false,"75702"
"40481","40485","3419",false,"40485"
"10425",,"0",false,"10425"
"66839",,"0",false,"66839"
"348",,"0",false,"348"
"75707",,"0",false,"75707"
"56769",,"0",false,"56769"
"18643",,"0",false,"18643"
"1529",,"0",false,"1529"
"21772",,"0",false,"21772"
"75712",,"0",false,"75712"
"56983",,"0",false,"56983"
"44591",,"0",false,"44591"
"75715",,"0",false,"75715"
"34379",,"0",false,"34379"
"19221",,"0",false,"19221"
"413",,"0",false,"413"
"17342",,"0",false,"17342"
"5676",,"0",false,"5676"
"2689",,"0",false,"2689"
"32260",,"0",false,"32260"
"42",,"0",false,"42"
"45084","44515","4027",false,"44515"
"46920",,"0",false,"46920"
"19482",,"0",false,"19482"
"25663",,"0",false,"25663"
"21768",,"0",false,"21768"
"54793",,"0",false,"54793"
"30159",,"0",false,"30159"
"82",,"0",false,"82"
"1102",,"0",false,"1102"
"821",,"0",false,"821"
"43580",,"0",false,"43580"
"55054",,"0",false,"55054"
"29363",,"0",false,"29363"
"314",,"0",false,"314"
"12321",,"0",false,"12321"
"3444",,"0",false,"3444"
"8227",,"0",false,"8227"
"13503",,"0",false,"13503"
"638",,"0",false,"638"
"46592",,"0",false,"46592"
"65192",,"0",false,"65192"
"14371","13842","3228",false,"13842"
"50474",,"0",false,"50474"
"45170",,"0",false,"45170"
"75748",,"0",false,"75748"
"4236",,"0",false,"4236"
"41377",,"0",false,"41377"
"20316",,"0",false,"20316"
"30015",,"0",false,"30015"
"10194",,"0",false,"10194"
"7831",,"0",false,"7831"
"34920",,"0",false,"34920"
"4484",,"0",false,"4484"
"75757",,"0",false,"75757"
"19618",,"0",false,"19618"
"53844","54028","4633",false,"54028"
"20459",,"0",false,"20459"
"50461",,"0",false,"50461"
"3242",,"0",false,"3242"
"31719",,"0",false,"31719"
"15591",,"0",false,"15591"
"224",,"0",false,"224"
"75766",,"0",false,"75766"
"43331",,"0",false,"43331"
"6619",,"0",false,"6619"
"23874",,"0",false,"23874"
"6464",,"0",false,"6464"
"58864",,"0",false,"58864"
"2505",,"0",false,"2505"
"61689",,"0",false,"61689"
"75774",,"0",false,"75774"
"59260",,"0",false,"59260"
"34242",,"0",false,"34242"
"55655",,"0",false,"55655"
"54829",,"0",false,"54829"
"155",,"0",false,"155"
"66306",,"0",false,"66306"
"53268",,"0",false,"53268"
"51614",,"0",false,"51614"
"59091",,"0",false,"59091"
"6",,"0",false,"6"
"15390",,"0",false,"15390"
"11879",,"0",false,"11879"
"26429",,"0",false,"26429"
"21747",,"0",false,"21747"
"66770",,"0",false,"66770"
"27072",,"0",false,"27072"
"47063",,"0",false,"47063"
"33680",,"0",false,"33680"
"42105",,"0",false,"42105"
"8388",,"0",false,"8388"
"23875",,"0",false,"23875"
"7320",,"0",false,"7320"
"75797",,"0",false,"75797"
"9588","9584","2532",false,"9584"
"66668",,"0",false,"66668"
"28765",,"0",false,"28765"
"60934",,"0",false,"60934"
"61070",,"0",false,"61070"
"35237","35237","1560",true,"35237"
"66700",,"0",false,"66700"
"10670",,"0",false,"10670"
"10594",,"0",false,"10594"
"13494",,"0",false,"13494"
"12400",,"0",false,"12400"
"787",,"0",false,"787"
"56324",,"0",false,"56324"
"17813",,"0",false,"17813"
"3547",,"0",false,"3547"
"2083",,"0",false,"2083"
"35099",,"0",false,"35099"
"19478",,"0",false,"19478"
"20888",,"0",false,"20888"
"18384",,"0",false,"18384"
"35787",,"0",false,"35787"
"943",,"0",false,"943"
"382",,"0",false,"382"
"66659",,"0",false,"66659"
"50303",,"0",false,"50303"
"66402",,"0",false,"66402"
"41827",,"0",false,"41827"
"13999",,"0",false,"13999"
"53461",,"0",false,"53461"
"53676",,"0",false,"53676"
"1459",,"0",false,"1459"
"505",,"0",false,"505"
"46617",,"0",false,"46617"
"1665",,"0",false,"1665"
"75832",,"0",false,"75832"
"32128",,"0",false,"32128"
"46400","46401","930",false,"46401"
"56396",,"0",false,"56396"
"48899",,"0",false,"48899"
"38820",,"0",false,"38820"
"66574",,"0",false,"66574"
"28468",,"0",false,"28468"
"7832",,"0",false,"7832"
"54031",,"0",false,"54031"
"20466",,"0",false,"20466"
"31756",,"0",false,"31756"
"121",,"0",false,"121"
"20871",,"0",false,"20871"
"64850",,"0",false,"64850"
"62260",,"0",false,"62260"
"1326",,"0",false,"1326"
"44757",,"0",false,"44757"
"39255",,"0",false,"39255"
"39715",,"0",false,"39715"
"17344",,"0",false,"17344"
"62794",,"0",false,"62794"
"75854",,"0",false,"75854"
"75855",,"0",false,"75855"
"45419",,"0",false,"45419"
"52481",,"0",false,"52481"
"37222",,"0",false,"37222"
"44034",,"0",false,"44034"
"14900",,"0",false,"14900"
"2539",,"0",false,"2539"
"32057",,"0",false,"32057"
"37227",,"0",false,"37227"
"43730",,"0",false,"43730"
"4916",,"0",false,"4916"
"51433",,"0",false,"51433"
"12449",,"0",false,"12449"
"65231",,"0",false,"65231"
"58621",,"0",false,"58621"
"29986",,"0",false,"29986"
"7717",,"0",false,"7717"
"58784",,"0",false,"58784"
"61559",,"0",false,"61559"
"34260",,"0",false,"34260"
"16398",,"0",false,"16398"
"4828",,"0",false,"4828"
"1536",,"0",false,"1536"
"5621",,"0",false,"5621"
"66364",,"0",false,"66364"
"5690",,"0",false,"5690"
"32579",,"0",false,"32579"
"790",,"0",false,"790"
"6095",,"0",false,"6095"
"30758",,"0",false,"30758"
"25",,"0",false,"25"
"75886",,"0",false,"75886"
"59997",,"0",false,"59997"
"1912",,"0",false,"1912"
"30932",,"0",false,"30932"
"923",,"0",false,"923"
"48023",,"0",false,"48023"
"17782",,"0",false,"17782"
"50080",,"0",false,"50080"
"5596","5597","3168",false,"5597"
"27521",,"0",false,"27521"
"40792",,"0",false,"40792"
"6040",,"0",false,"6040"
"51118",,"0",false,"51118"
"34375",,"0",false,"34375"
"63048",,"0",false,"63048"
"75901",,"0",false,"75901"
"9806",,"0",false,"9806"
"17825",,"0",false,"17825"
"1298",,"0",false,"1298"
"3659",,"0",false,"3659"
"10696",,"0",false,"10696"
"5341",,"0",false,"5341"
"45080",,"0",false,"45080"
"60480",,"0",false,"60480"
"56418",,"0",false,"56418"
"42428",,"0",false,"42428"
"39382",,"0",false,"39382"
"10621",,"0",false,"10621"
"1148",,"0",false,"1148"
"36038",,"0",false,"36038"
"5770",,"0",false,"5770"
"54601",,"0",false,"54601"
"54833",,"0",false,"54833"
"2995",,"0",false,"2995"
"64138",,"0",false,"64138"
"75921",,"0",false,"75921"
"58761",,"0",false,"58761"
"4508",,"0",false,"4508"
"23282",,"0",false,"23282"
"22794",,"0",false,"22794"
"17935",,"0",false,"17935"
"27491",,"0",false,"27491"
"8226",,"0",false,"8226"
"46726",,"0",false,"46726"
"75930",,"0",false,"75930"
"29578",,"0",false,"29578"
"31750",,"0",false,"31750"
"58308",,"0",false,"58308"
"75934",,"0",false,"75934"
"75935",,"0",false,"75935"
"56045",,"0",false,"56045"
"37051",,"0",false,"37051"
"17092",,"0",false,"17092"
"37864",,"0",false,"37864"
"75940",,"0",false,"75940"
"13996",,"0",false,"13996"
"81",,"0",false,"81"
"17791",,"0",false,"17791"
"6461",,"0",false,"6461"
"289",,"0",false,"289"
"14902",,"0",false,"14902"
"39927","38935","1",false,"38935"
"1124",,"0",false,"1124"
"4990",,"0",false,"4990"
"8287",,"0",false,"8287"
"36895",,"0",false,"36895"
"58459",,"0",false,"58459"
"54939",,"0",false,"54939"
"66226",,"0",false,"66226"
"61691",,"0",false,"61691"
"75956",,"0",false,"75956"
"26520",,"0",false,"26520"
"52627",,"0",false,"52627"
"54616",,"0",false,"54616"
"53928",,"0",false,"53928"
"64399",,"0",false,"64399"
"4520",,"0",false,"4520"
"20319",,"0",false,"20319"
"9516",,"0",false,"9516"
"5288",,"0",false,"5288"
"29284",,"0",false,"29284"
"64618",,"0",false,"64618"
"5344",,"0",false,"5344"
"56197",,"0",false,"56197"
"3384",,"0",false,"3384"
"4070",,"0",false,"4070"
"30437",,"0",false,"30437"
"33180",,"0",false,"33180"
"63134",,"0",false,"63134"
"215",,"0",false,"215"
"8334",,"0",false,"8334"
"56185",,"0",false,"56185"
"75978",,"0",false,"75978"
"5563",,"0",false,"5563"
"16913",,"0",false,"16913"
"10720",,"0",false,"10720"
"41386",,"0",false,"41386"
"5980",,"0",false,"5980"
"66800",,"0",false,"66800"
"46885",,"0",false,"46885"
"40159","40485","3419",false,"40485"
"8229",,"0",false,"8229"
"19579",,"0",false,"19579"
"11240",,"0",false,"11240"
"9586","9584","2532",false,"9584"
"75991",,"0",false,"75991"
"15049",,"0",false,"15049"
"31146",,"0",false,"31146"
"3671",,"0",false,"3671"
"57692",,"0",false,"57692"
"5784",,"0",false,"5784"
"55614",,"0",false,"55614"
"18809",,"0",false,"18809"
"57846",,"0",false,"57846"
"3913",,"0",false,"3913"
"65985",,"0",false,"65985"
"40294",,"0",false,"40294"
"605",,"0",false,"605"
"1672",,"0",false,"1672"
"12398",,"0",false,"12398"
"14540",,"0",false,"14540"
"11209",,"0",false,"11209"
"54048",,"0",false,"54048"
"57010",,"0",false,"57010"
"17827",,"0",false,"17827"
"47973",,"0",false,"47973"
"38322",,"0",false,"38322"
"19616",,"0",false,"19616"
"52147",,"0",false,"52147"
"76015",,"0",false,"76015"
"42753",,"0",false,"42753"
"4659",,"0",false,"4659"
"42460",,"0",false,"42460"
"6575",,"0",false,"6575"
"12736",,"0",false,"12736"
"76021",,"0",false,"76021"
"76022",,"0",false,"76022"
"76023",,"0",false,"76023"
"3996",,"0",false,"3996"
"34367",,"0",false,"34367"
"76026",,"0",false,"76026"
"4662",,"0",false,"4662"
"59436",,"0",false,"59436"
"76029",,"0",false,"76029"
"63535",,"0",false,"63535"
"84",,"0",false,"84"
"65621",,"0",false,"65621"
"2242",,"0",false,"2242"
"23583",,"0",false,"23583"
"57354",,"0",false,"57354"
"44011",,"0",false,"44011"
"6033",,"0",false,"6033"
"34346",,"0",false,"34346"
"7275",,"0",false,"7275"
"2705",,"0",false,"2705"
"12938",,"0",false,"12938"
"29654",,"0",false,"29654"
"47061",,"0",false,"47061"
"17793",,"0",false,"17793"
"6462",,"0",false,"6462"
"2335",,"0",false,"2335"
"76047",,"0",false,"76047"
"76048",,"0",false,"76048"
"57993",,"0",false,"57993"
"56801",,"0",false,"56801"
"35374",,"0",false,"35374"
"76052",,"0",false,"76052"
"2266",,"0",false,"2266"
"58764",,"0",false,"58764"
"46414",,"0",false,"46414"
"55426",,"0",false,"55426"
"55850",,"0",false,"55850"
"5192",,"0",false,"5192"
"45915",,"0",false,"45915"
"47476",,"0",false,"47476"
"15386",,"0",false,"15386"
"57373",,"0",false,"57373"
"29980",,"0",false,"29980"
"50280",,"0",false,"50280"
"3012",,"0",false,"3012"
"52953",,"0",false,"52953"
"44877",,"0",false,"44877"
"31384",,"0",false,"31384"
"20736",,"0",false,"20736"
"76070",,"0",false,"76070"
"24039",,"0",false,"24039"
"2798",,"0",false,"2798"
"58622",,"0",false,"58622"
"45327",,"0",false,"45327"
"64547",,"0",false,"64547"
"76076",,"0",false,"76076"
"15588",,"0",false,"15588"
"37782",,"0",false,"37782"
"66802",,"0",false,"66802"
"38409",,"0",false,"38409"
"23421",,"0",false,"23421"
"5620",,"0",false,"5620"
"24034",,"0",false,"24034"
"62534",,"0",false,"62534"
"32575",,"0",false,"32575"
"4823",,"0",false,"4823"
"65501",,"0",false,"65501"
"25357",,"0",false,"25357"
"37984",,"0",false,"37984"
"2328",,"0",false,"2328"
"51625",,"0",false,"51625"
"3128",,"0",false,"3128"
"38792",,"0",false,"38792"
"31143",,"0",false,"31143"
"6101",,"0",false,"6101"
"61886",,"0",false,"61886"
"48719",,"0",false,"48719"
"59105",,"0",false,"59105"
"76099",,"0",false,"76099"
"58955",,"0",false,"58955"
"42756",,"0",false,"42756"
"1869",,"0",false,"1869"
"25800",,"0",false,"25800"
"4660",,"0",false,"4660"
"19161",,"0",false,"19161"
"55075",,"0",false,"55075"
"53117",,"0",false,"53117"
"55019",,"0",false,"55019"
"49287",,"0",false,"49287"
"49454",,"0",false,"49454"
"2682",,"0",false,"2682"
"5595","5597","3168",false,"5597"
"27088",,"0",false,"27088"
"76114",,"0",false,"76114"
"43173",,"0",false,"43173"
"38164",,"0",false,"38164"
"2087",,"0",false,"2087"
"59444",,"0",false,"59444"
"28464",,"0",false,"28464"
"1765",,"0",false,"1765"
"1282",,"0",false,"1282"
"354",,"0",false,"354"
"20896",,"0",false,"20896"
"49706",,"0",false,"49706"
"30165",,"0",false,"30165"
"1359",,"0",false,"1359"
"6046",,"0",false,"6046"
"76128",,"0",false,"76128"
"53635",,"0",false,"53635"
"9994",,"0",false,"9994"
"3971",,"0",false,"3971"
"59811",,"0",false,"59811"
"24622",,"0",false,"24622"
"5128",,"0",false,"5128"
"20318",,"0",false,"20318"
"21602",,"0",false,"21602"
"49",,"0",false,"49"
"28349",,"0",false,"28349"
"50529","50529","3691",true,"50529"
"2994",,"0",false,"2994"
"20718",,"0",false,"20718"
"45908",,"0",false,"45908"
"34315",,"0",false,"34315"
"2370",,"0",false,"2370"
"34381",,"0",false,"34381"
"39906",,"0",false,"39906"
"76147",,"0",false,"76147"
"4507",,"0",false,"4507"
"21261",,"0",false,"21261"
"46879",,"0",false,"46879"
"16088",,"0",false,"16088"
"66077",,"0",false,"66077"
"17530",,"0",false,"17530"
"49470",,"0",false,"49470"
"2999",,"0",false,"2999"
"58231",,"0",false,"58231"
"7131",,"0",false,"7131"
"50453",,"0",false,"50453"
"50670",,"0",false,"50670"
"9248",,"0",false,"9248"
"1712",,"0",false,"1712"
"64840",,"0",false,"64840"
"44005",,"0",false,"44005"
"45390",,"0",false,"45390"
"1328",,"0",false,"1328"
"5677",,"0",false,"5677"
"76167",,"0",false,"76167"
"52146",,"0",false,"52146"
"65750",,"0",false,"65750"
"3053",,"0",false,"3053"
"58946",,"0",false,"58946"
"66191",,"0",false,"66191"
"1534",,"0",false,"1534"
"52947",,"0",false,"52947"
"76175",,"0",false,"76175"
"33073",,"0",false,"33073"
"45132",,"0",false,"45132"
"2698",,"0",false,"2698"
"66760",,"0",false,"66760"
"63336",,"0",false,"63336"
"44640",,"0",false,"44640"
"55029",,"0",false,"55029"
"7118",,"0",false,"7118"
"76184",,"0",false,"76184"
"76185",,"0",false,"76185"
"1910",,"0",false,"1910"
"4920",,"0",false,"4920"
"54729",,"0",false,"54729"
"1493",,"0",false,"1493"
"6260",,"0",false,"6260"
"5287",,"0",false,"5287"
"76192",,"0",false,"76192"
"66274",,"0",false,"66274"
"48768",,"0",false,"48768"
"66050",,"0",false,"66050"
"76196",,"0",false,"76196"
"51610",,"0",false,"51610"
"45828",,"0",false,"45828"
"9439",,"0",false,"9439"
"11279",,"0",false,"11279"
"28424",,"0",false,"28424"
"5562",,"0",false,"5562"
"60878",,"0",false,"60878"
"66866",,"0",false,"66866"
"18783",,"0",false,"18783"
"24441",,"0",false,"24441"
"22476",,"0",false,"22476"
"66269",,"0",false,"66269"
"10431",,"0",false,"10431"
"76210",,"0",false,"76210"
"24036",,"0",false,"24036"
"14522",,"0",false,"14522"
"54443",,"0",false,"54443"
"1758",,"0",false,"1758"
"54852",,"0",false,"54852"
"76216",,"0",false,"76216"
"76217",,"0",false,"76217"
"57173",,"0",false,"57173"
"9831",,"0",false,"9831"
"21133",,"0",false,"21133"
"26954",,"0",false,"26954"
"37087",,"0",false,"37087"
"57190","57000","4981",false,"57000"
"61686",,"0",false,"61686"
"57536",,"0",false,"57536"
"26653",,"0",false,"26653"
"33211",,"0",false,"33211"
"3618","4479","2380",false,"4479"
"65995",,"0",false,"65995"
"4560",,"0",false,"4560"
"45675",,"0",false,"45675"
"23750",,"0",false,"23750"
"55274",,"0",false,"55274"
"53672",,"0",false,"53672"
"2321",,"0",false,"2321"
"18241",,"0",false,"18241"
"34232",,"0",false,"34232"
"25354",,"0",false,"25354"
"1078",,"0",false,"1078"
"47969",,"0",false,"47969"
"7838",,"0",false,"7838"
"52621",,"0",false,"52621"
"43757",,"0",false,"43757"
"27068",,"0",false,"27068"
"33333",,"0",false,"33333"
"33536",,"0",false,"33536"
"45000",,"0",false,"45000"
"24038",,"0",false,"24038"
"36389",,"0",false,"36389"
"65654",,"0",false,"65654"
"66719",,"0",false,"66719"
"6557",,"0",false,"6557"
"13474",,"0",false,"13474"
"45427",,"0",false,"45427"
"282",,"0",false,"282"
"2675",,"0",false,"2675"
"54853",,"0",false,"54853"
"34348",,"0",false,"34348"
"2997",,"0",false,"2997"
"58598",,"0",false,"58598"
"17504",,"0",false,"17504"
"45355",,"0",false,"45355"
"1287",,"0",false,"1287"
"2447",,"0",false,"2447"
"7274",,"0",false,"7274"
"51062",,"0",false,"51062"
"65623",,"0",false,"65623"
"32605",,"0",false,"32605"
"16566",,"0",false,"16566"
"15897",,"0",false,"15897"
"40491",,"0",false,"40491"
"2906",,"0",false,"2906"
"61235",,"0",false,"61235"
"45393",,"0",false,"45393"
"667",,"0",false,"667"
"15962",,"0",false,"15962"
"36277",,"0",false,"36277"
"64935",,"0",false,"64935"
"36269",,"0",false,"36269"
"47564",,"0",false,"47564"
"36837",,"0",false,"36837"
"250",,"0",false,"250"
"36391",,"0",false,"36391"
"56590",,"0",false,"56590"
"1097",,"0",false,"1097"
"30754",,"0",false,"30754"
"12360",,"0",false,"12360"
"2797",,"0",false,"2797"
"76289",,"0",false,"76289"
"66030",,"0",false,"66030"
"76291",,"0",false,"76291"
"54629",,"0",false,"54629"
"40615",,"0",false,"40615"
"31551",,"0",false,"31551"
"29677",,"0",false,"29677"
"31138",,"0",false,"31138"
"76297",,"0",false,"76297"
"13010",,"0",false,"13010"
"76299",,"0",false,"76299"
"4696",,"0",false,"4696"
"18790",,"0",false,"18790"
"44714",,"0",false,"44714"
"5600",,"0",false,"5600"
"37763",,"0",false,"37763"
"76305",,"0",false,"76305"
"38158",,"0",false,"38158"
"41315",,"0",false,"41315"
"44879",,"0",false,"44879"
"76309",,"0",false,"76309"
"57181",,"0",false,"57181"
"53482",,"0",false,"53482"
"66119",,"0",false,"66119"
"76313",,"0",false,"76313"
"6989",,"0",false,"6989"
"76315",,"0",false,"76315"
"76316",,"0",false,"76316"
"59982",,"0",false,"59982"
"46169",,"0",false,"46169"
"76319",,"0",false,"76319"
"1868",,"0",false,"1868"
"514",,"0",false,"514"
"56389",,"0",false,"56389"
"3796",,"0",false,"3796"
"3446",,"0",false,"3446"
"3014",,"0",false,"3014"
"58779",,"0",false,"58779"
"52862",,"0",false,"52862"
"76328",,"0",false,"76328"
"4063",,"0",false,"4063"
"5678",,"0",false,"5678"
"66870",,"0",false,"66870"
"17831",,"0",false,"17831"
"1764",,"0",false,"1764"
"30407",,"0",false,"30407"
"634",,"0",false,"634"
"49493",,"0",false,"49493"
"130",,"0",false,"130"
"76338",,"0",false,"76338"
"41725",,"0",false,"41725"
"16461",,"0",false,"16461"
"33149",,"0",false,"33149"
"2079",,"0",false,"2079"
"46760",,"0",false,"46760"
"66299",,"0",false,"66299"
"2445",,"0",false,"2445"
"57358",,"0",false,"57358"
"3787",,"0",false,"3787"
"55219",,"0",false,"55219"
"44566",,"0",false,"44566"
"66478",,"0",false,"66478"
"51063",,"0",false,"51063"
"76352",,"0",false,"76352"
"16906",,"0",false,"16906"
"19581",,"0",false,"19581"
"480",,"0",false,"480"
"28354",,"0",false,"28354"
"2330",,"0",false,"2330"
"76358",,"0",false,"76358"
"65070",,"0",false,"65070"
"4698",,"0",false,"4698"
"40486",,"0",false,"40486"
"1711",,"0",false,"1711"
"5196",,"0",false,"5196"
"27069",,"0",false,"27069"
"37639",,"0",false,"37639"
"36829",,"0",false,"36829"
"37237",,"0",false,"37237"
"21780",,"0",false,"21780"
"56981",,"0",false,"56981"
"15394",,"0",false,"15394"
"42751",,"0",false,"42751"
"30960",,"0",false,"30960"
"1533",,"0",false,"1533"
"57169",,"0",false,"57169"
"76375",,"0",false,"76375"
"76376",,"0",false,"76376"
"52054","52220","124",false,"52220"
"48396",,"0",false,"48396"
"4680",,"0",false,"4680"
"13475",,"0",false,"13475"
"55945",,"0",false,"55945"
"2684",,"0",false,"2684"
"76383",,"0",false,"76383"
"76384",,"0",false,"76384"
"42292",,"0",false,"42292"
"65453",,"0",false,"65453"
"1767",,"0",false,"1767"
"54143",,"0",false,"54143"
"62304",,"0",false,"62304"
"35043",,"0",false,"35043"
"25671",,"0",false,"25671"
"2273",,"0",false,"2273"
"59656",,"0",false,"59656"
"4561",,"0",false,"4561"
"76395",,"0",false,"76395"
"3391",,"0",false,"3391"
"3448",,"0",false,"3448"
"55071",,"0",false,"55071"
"13294",,"0",false,"13294"
"5622",,"0",false,"5622"
"55227",,"0",false,"55227"
"57009",,"0",false,"57009"
"640",,"0",false,"640"
"53446",,"0",false,"53446"
"46876",,"0",false,"46876"
"5777",,"0",false,"5777"
"53449",,"0",false,"53449"
"51630",,"0",false,"51630"
"41379",,"0",false,"41379"
"14032",,"0",false,"14032"
"3432",,"0",false,"3432"
"3528",,"0",false,"3528"
"54029",,"0",false,"54029"
"19460",,"0",false,"19460"
"58132",,"0",false,"58132"
"1714",,"0",false,"1714"
"34936",,"0",false,"34936"
"3789",,"0",false,"3789"
"33051",,"0",false,"33051"
"76420",,"0",false,"76420"
"49135",,"0",false,"49135"
"16431",,"0",false,"16431"
"1244",,"0",false,"1244"
"41691",,"0",false,"41691"
"55211",,"0",false,"55211"
"34374",,"0",false,"34374"
"15599",,"0",false,"15599"
"2992",,"0",false,"2992"
"18240",,"0",false,"18240"
"66817",,"0",false,"66817"
"5597","5597","3168",true,"5597"
"36906",,"0",false,"36906"
"50268","50068","4158",false,"50068"
"62961",,"0",false,"62961"
"76435",,"0",false,"76435"
"8967",,"0",false,"8967"
"15398",,"0",false,"15398"
"33401",,"0",false,"33401"
"76439",,"0",false,"76439"
"51248",,"0",false,"51248"
"6450",,"0",false,"6450"
"76442",,"0",false,"76442"
"76443",,"0",false,"76443"
"22045",,"0",false,"22045"
"76445",,"0",false,"76445"
"66533",,"0",false,"66533"
"56204",,"0",false,"56204"
"20322",,"0",false,"20322"
"41425",,"0",false,"41425"
"24047",,"0",false,"24047"
"39113",,"0",false,"39113"
"65849",,"0",false,"65849"
"5185",,"0",false,"5185"
"49846",,"0",false,"49846"
"1243",,"0",false,"1243"
"34720",,"0",false,"34720"
"7643",,"0",false,"7643"
"66702",,"0",false,"66702"
"51427",,"0",false,"51427"
"24335",,"0",false,"24335"
"23004",,"0",false,"23004"
"789",,"0",false,"789"
"57356",,"0",false,"57356"
"3551",,"0",false,"3551"
"2923",,"0",false,"2923"
"3055",,"0",false,"3055"
"41382",,"0",false,"41382"
"1454",,"0",false,"1454"
"30380",,"0",false,"30380"
"63497",,"0",false,"63497"
"16909",,"0",false,"16909"
"4824","5543","2363",false,"5543"
"2548",,"0",false,"2548"
"945",,"0",false,"945"
"40482","40485","3419",false,"40485"
"28132",,"0",false,"28132"
"76477",,"0",false,"76477"
"76478",,"0",false,"76478"
"29407",,"0",false,"29407"
"65871",,"0",false,"65871"
"44315",,"0",false,"44315"
"384",,"0",false,"384"
"14007",,"0",false,"14007"
"40336",,"0",false,"40336"
"24788",,"0",false,"24788"
"76486",,"0",false,"76486"
"42296",,"0",false,"42296"
"26327",,"0",false,"26327"
"31198",,"0",false,"31198"
"28766",,"0",false,"28766"
"1461",,"0",false,"1461"
"66253",,"0",false,"66253"
"507",,"0",false,"507"
"76494",,"0",false,"76494"
"36831",,"0",false,"36831"
"20460",,"0",false,"20460"
"58284",,"0",false,"58284"
"54032",,"0",false,"54032"
"5175",,"0",false,"5175"
"76500",,"0",false,"76500"
"31400",,"0",false,"31400"
"3007",,"0",false,"3007"
"8866",,"0",false,"8866"
"123",,"0",false,"123"
"59666",,"0",false,"59666"
"1923",,"0",false,"1923"
"52938",,"0",false,"52938"
"32636",,"0",false,"32636"
"59861",,"0",false,"59861"
"36686",,"0",false,"36686"
"39270",,"0",false,"39270"
"48316",,"0",false,"48316"
"39832",,"0",false,"39832"
"49710",,"0",false,"49710"
"66758",,"0",false,"66758"
"31412",,"0",false,"31412"
"42203",,"0",false,"42203"
"14517",,"0",false,"14517"
"8224",,"0",false,"8224"
"5705",,"0",false,"5705"
"48539",,"0",false,"48539"
"473",,"0",false,"473"
"10432",,"0",false,"10432"
"2543",,"0",false,"2543"
"37235",,"0",false,"37235"
"33689",,"0",false,"33689"
"76527",,"0",false,"76527"
"44561",,"0",false,"44561"
"60222",,"0",false,"60222"
"17771",,"0",false,"17771"
"43474",,"0",false,"43474"
"63982",,"0",false,"63982"
"57986",,"0",false,"57986"
"1887",,"0",false,"1887"
"41426",,"0",false,"41426"
"33551",,"0",false,"33551"
"54008",,"0",false,"54008"
"792",,"0",false,"792"
"33200",,"0",false,"33200"
"22055",,"0",false,"22055"
"6561",,"0",false,"6561"
"52218",,"0",false,"52218"
"58445",,"0",false,"58445"
"62701",,"0",false,"62701"
"76545",,"0",false,"76545"
"7124",,"0",false,"7124"
"6559",,"0",false,"6559"
"30409",,"0",false,"30409"
"35690",,"0",false,"35690"
"2677",,"0",false,"2677"
"39371",,"0",false,"39371"
"57842",,"0",false,"57842"
"1916",,"0",false,"1916"
"17060",,"0",false,"17060"
"2582",,"0",false,"2582"
"76556",,"0",false,"76556"
"76557",,"0",false,"76557"
"7106",,"0",false,"7106"
"76559",,"0",false,"76559"
"7270",,"0",false,"7270"
"50857",,"0",false,"50857"
"28436",,"0",false,"28436"
"55253",,"0",false,"55253"
"39516",,"0",false,"39516"
"7268",,"0",false,"7268"
"51623",,"0",false,"51623"
"4168",,"0",false,"4168"
"5240",,"0",false,"5240"
"76569",,"0",false,"76569"
"6248",,"0",false,"6248"
"76571",,"0",false,"76571"
"22030",,"0",false,"22030"
"2233",,"0",false,"2233"
"29646","29646","3017",true,"29646"
"35785",,"0",false,"35785"
"38803",,"0",false,"38803"
"22213",,"0",false,"22213"
"44469",,"0",false,"44469"
"46345",,"0",false,"46345"
"1880",,"0",false,"1880"
"46919",,"0",false,"46919"
"46424",,"0",false,"46424"
"36835",,"0",false,"36835"
"2521",,"0",false,"2521"
"54196",,"0",false,"54196"
"54429",,"0",false,"54429"
"66602",,"0",false,"66602"
"76588",,"0",false,"76588"
"19486",,"0",false,"19486"
"76590",,"0",false,"76590"
"44571",,"0",false,"44571"
"45641","45887","4204",false,"45887"
"45412",,"0",false,"45412"
"53565",,"0",false,"53565"
"5789",,"0",false,"5789"
"4648",,"0",false,"4648"
"8230",,"0",false,"8230"
"37856",,"0",false,"37856"
"35444",,"0",false,"35444"
"5787",,"0",false,"5787"
"39836",,"0",false,"39836"
"19484",,"0",false,"19484"
"76603",,"0",false,"76603"
"37368",,"0",false,"37368"
"55044",,"0",false,"55044"
"65930",,"0",false,"65930"
"25356",,"0",false,"25356"
"349",,"0",false,"349"
"76609",,"0",false,"76609"
"4363",,"0",false,"4363"
"59376",,"0",false,"59376"
"83",,"0",false,"83"
"31403",,"0",false,"31403"
"61698",,"0",false,"61698"
"10649",,"0",false,"10649"
"3129",,"0",false,"3129"
"3896",,"0",false,"3896"
"50288",,"0",false,"50288"
"2075",,"0",false,"2075"
"22601",,"0",false,"22601"
"43",,"0",false,"43"
"49836",,"0",false,"49836"
"8291",,"0",false,"8291"
"65578",,"0",false,"65578"
"18804",,"0",false,"18804"
"1870",,"0",false,"1870"
"34268",,"0",false,"34268"
"66378",,"0",false,"66378"
"76629",,"0",false,"76629"
"76630",,"0",false,"76630"
"66504",,"0",false,"66504"
"76632",,"0",false,"76632"
"76633",,"0",false,"76633"
"35699",,"0",false,"35699"
"7119",,"0",false,"7119"
"25235",,"0",false,"25235"
"25531",,"0",false,"25531"
"29983",,"0",false,"29983"
"315",,"0",false,"315"
"217",,"0",false,"217"
"76641",,"0",false,"76641"
"32658",,"0",false,"32658"
"1522",,"0",false,"1522"
"33038",,"0",false,"33038"
"65517",,"0",false,"65517"
"8867",,"0",false,"8867"
"53764",,"0",false,"53764"
"10137",,"0",false,"10137"
"66810",,"0",false,"66810"
"8233",,"0",false,"8233"
"1274",,"0",false,"1274"
"20320",,"0",false,"20320"
"76653",,"0",false,"76653"
"4913",,"0",false,"4913"
"35354",,"0",false,"35354"
"66790",,"0",false,"66790"
"40168","40168","3404",true,"40168"
"66621",,"0",false,"66621"
"7107",,"0",false,"7107"
"7833",,"0",false,"7833"
"31162",,"0",false,"31162"
"3917",,"0",false,"3917"
"46157",,"0",false,"46157"
"19462",,"0",false,"19462"
"76665",,"0",false,"76665"
"56000",,"0",false,"56000"
"76667",,"0",false,"76667"
"17493",,"0",false,"17493"
"6249",,"0",false,"6249"
"607",,"0",false,"607"
"76671",,"0",false,"76671"
"76672",,"0",false,"76672"
"76673",,"0",false,"76673"
"10434",,"0",false,"10434"
"33683",,"0",false,"33683"
"76676",,"0",false,"76676"
"37249",,"0",false,"37249"
"10651",,"0",false,"10651"
"2522",,"0",false,"2522"
"3892",,"0",false,"3892"
"1535",,"0",false,"1535"
"21784",,"0",false,"21784"
"24502",,"0",false,"24502"
"7825",,"0",false,"7825"
"6623",,"0",false,"6623"
"58934",,"0",false,"58934"
"76687",,"0",false,"76687"
"76688",,"0",false,"76688"
"86",,"0",false,"86"
"3852",,"0",false,"3852"
"50072",,"0",false,"50072"
"76692",,"0",false,"76692"
"9478",,"0",false,"9478"
"41483",,"0",false,"41483"
"39828","40485","3419",false,"40485"
"39450",,"0",false,"39450"
"8944",,"0",false,"8944"
"29860",,"0",false,"29860"
"3452",,"0",false,"3452"
"6037","6524","3148",false,"6524"
"76701",,"0",false,"76701"
"43608",,"0",false,"43608"
"66037",,"0",false,"66037"
"66435",,"0",false,"66435"
"4276",,"0",false,"4276"
"34578",,"0",false,"34578"
"76707",,"0",false,"76707"
"7324",,"0",false,"7324"
"53678",,"0",false,"53678"
"1072",,"0",false,"1072"
"15960",,"0",false,"15960"
"1899",,"0",false,"1899"
"22054",,"0",false,"22054"
"4239",,"0",false,"4239"
"3969",,"0",false,"3969"
"76716",,"0",false,"76716"
"8289",,"0",false,"8289"
"24930",,"0",false,"24930"
"66386",,"0",false,"66386"
"29807",,"0",false,"29807"
"52221","52220","124",false,"52220"
"50293",,"0",false,"50293"
"3530",,"0",false,"3530"
"20463",,"0",false,"20463"
"65435",,"0",false,"65435"
"2035",,"0",false,"2035"
"56193",,"0",false,"56193"
"54625",,"0",false,"54625"
"56805",,"0",false,"56805"
"42033",,"0",false,"42033"
"17350",,"0",false,"17350"
"36393",,"0",false,"36393"
"2831",,"0",false,"2831"
"37405",,"0",false,"37405"
"45408",,"0",false,"45408"
"19459",,"0",false,"19459"
"24043",,"0",false,"24043"
"52154",,"0",false,"52154"
"31751",,"0",false,"31751"
"57357",,"0",false,"57357"
"19203",,"0",false,"19203"
"76742",,"0",false,"76742"
"10657",,"0",false,"10657"
"54593",,"0",false,"54593"
"23417",,"0",false,"23417"
"61498",,"0",false,"61498"
"54640",,"0",false,"54640"
"39264","38935","1",false,"38935"
"3237",,"0",false,"3237"
"47309",,"0",false,"47309"
"43619",,"0",false,"43619"
"14010",,"0",false,"14010"
"1528",,"0",false,"1528"
"15956",,"0",false,"15956"
"8231",,"0",false,"8231"
"22215",,"0",false,"22215"
"37241",,"0",false,"37241"
"12337",,"0",false,"12337"
"61750",,"0",false,"61750"
"25365",,"0",false,"25365"
"76761",,"0",false,"76761"
"35752",,"0",false,"35752"
"66683",,"0",false,"66683"
"4083",,"0",false,"4083"
"6558",,"0",false,"6558"
"9435",,"0",false,"9435"
"420",,"0",false,"420"
"76768",,"0",false,"76768"
"17503",,"0",false,"17503"
"76770",,"0",false,"76770"
"50480",,"0",false,"50480"
"2367",,"0",false,"2367"
"35240",,"0",false,"35240"
"12734",,"0",false,"12734"
"35577",,"0",false,"35577"
"2509",,"0",false,"2509"
"23572",,"0",false,"23572"
"76778",,"0",false,"76778"
"66548",,"0",false,"66548"
"55040",,"0",false,"55040"
"45319",,"0",false,"45319"
"38932",,"0",false,"38932"
"3617",,"0",false,"3617"
"628",,"0",false,"628"
"76785",,"0",false,"76785"
"48113",,"0",false,"48113"
"32471",,"0",false,"32471"
"6621",,"0",false,"6621"
"3050",,"0",false,"3050"
"38156","37537","1538",false,"37537"
"43172",,"0",false,"43172"
"37467",,"0",false,"37467"
"66703",,"0",false,"66703"
"29583",,"0",false,"29583"
"38170",,"0",false,"38170"
"29861",,"0",false,"29861"
"51258",,"0",false,"51258"
"63992",,"0",false,"63992"
"76799",,"0",false,"76799"
"13520",,"0",false,"13520"
"157",,"0",false,"157"
"2695",,"0",false,"2695"
"56704",,"0",false,"56704"
"2132",,"0",false,"2132"
"76805",,"0",false,"76805"
"158",,"0",false,"158"
"36184",,"0",false,"36184"
"946",,"0",false,"946"
"4277",,"0",false,"4277"
"1875",,"0",false,"1875"
"65698",,"0",false,"65698"
"56004",,"0",false,"56004"
"39185",,"0",false,"39185"
"41465",,"0",false,"41465"
"44164",,"0",false,"44164"
"49142",,"0",false,"49142"
"7322",,"0",false,"7322"
"13009",,"0",false,"13009"
"20876",,"0",false,"20876"
"2996",,"0",false,"2996"
"18221",,"0",false,"18221"
"66530",,"0",false,"66530"
"76823",,"0",false,"76823"
"34040",,"0",false,"34040"
"61501",,"0",false,"61501"
"49130",,"0",false,"49130"
"508",,"0",false,"508"
"76828",,"0",false,"76828"
"1671",,"0",false,"1671"
"47940",,"0",false,"47940"
"76831",,"0",false,"76831"
"66894",,"0",false,"66894"
"4681",,"0",false,"4681"
"54418",,"0",false,"54418"
"76835",,"0",false,"76835"
"38721",,"0",false,"38721"
"21745",,"0",false,"21745"
"62966",,"0",false,"62966"
"124",,"0",false,"124"
"11002",,"0",false,"11002"
"76841",,"0",false,"76841"
"30402",,"0",false,"30402"
"32940",,"0",false,"32940"
"41713",,"0",false,"41713"
"39939",,"0",false,"39939"
"76846",,"0",false,"76846"
"2074",,"0",false,"2074"
"76848",,"0",false,"76848"
"35368",,"0",false,"35368"
"39268",,"0",false,"39268"
"55052",,"0",false,"55052"
"49833",,"0",false,"49833"
"3443",,"0",false,"3443"
"21156",,"0",false,"21156"
"2318",,"0",false,"2318"
"5772",,"0",false,"5772"
"51488",,"0",false,"51488"
"76858",,"0",false,"76858"
"17095",,"0",false,"17095"
"35241",,"0",false,"35241"
"54317",,"0",false,"54317"
"46591",,"0",false,"46591"
"25529",,"0",false,"25529"
"44849",,"0",false,"44849"
"58932",,"0",false,"58932"
"11282",,"0",false,"11282"
"76867",,"0",false,"76867"
"32656",,"0",false,"32656"
"1521",,"0",false,"1521"
"3433",,"0",false,"3433"
"36070",,"0",false,"36070"
"2243",,"0",false,"2243"
"46287",,"0",false,"46287"
"9477",,"0",false,"9477"
"9438",,"0",false,"9438"
"35581",,"0",false,"35581"
"1313",,"0",false,"1313"
"46565",,"0",false,"46565"
"32227",,"0",false,"32227"
"76880",,"0",false,"76880"
"57531",,"0",false,"57531"
"6463",,"0",false,"6463"
"66460",,"0",false,"66460"
"76884",,"0",false,"76884"
"2586",,"0",false,"2586"
"9839",,"0",false,"9839"
"33492",,"0",false,"33492"
"65504",,"0",false,"65504"
"3916",,"0",false,"3916"
"21753",,"0",false,"21753"
"55653",,"0",false,"55653"
"16628",,"0",false,"16628"
"34236",,"0",false,"34236"
"42617",,"0",false,"42617"
"817",,"0",false,"817"
"54811",,"0",false,"54811"
"2365",,"0",false,"2365"
"61310",,"0",false,"61310"
"50883",,"0",false,"50883"
"31972",,"0",false,"31972"
"76901",,"0",false,"76901"
"76902",,"0",false,"76902"
"37367",,"0",false,"37367"
"22599",,"0",false,"22599"
"3394",,"0",false,"3394"
"29250",,"0",false,"29250"
"22495",,"0",false,"22495"
"76908",,"0",false,"76908"
"3048",,"0",false,"3048"
"49329",,"0",false,"49329"
"38398",,"0",false,"38398"
"76912",,"0",false,"76912"
"33140",,"0",false,"33140"
"342",,"0",false,"342"
"76915",,"0",false,"76915"
"1292",,"0",false,"1292"
"20878",,"0",false,"20878"
"76918",,"0",false,"76918"
"2693",,"0",false,"2693"
"18806",,"0",false,"18806"
"50460",,"0",false,"50460"
"31391",,"0",false,"31391"
"5765",,"0",false,"5765"
"36",,"0",false,"36"
"3238",,"0",false,"3238"
"16630",,"0",false,"16630"
"65813",,"0",false,"65813"
"17512",,"0",false,"17512"
"66458",,"0",false,"66458"
"65394",,"0",false,"65394"
"4554",,"0",false,"4554"
"19476",,"0",false,"19476"
"11004",,"0",false,"11004"
"17945",,"0",false,"17945"
"32616",,"0",false,"32616"
"10135",,"0",false,"10135"
"76937",,"0",false,"76937"
"76938",,"0",false,"76938"
"76939",,"0",false,"76939"
"27380",,"0",false,"27380"
"22496",,"0",false,"22496"
"22962",,"0",false,"22962"
"25360",,"0",false,"25360"
"66768",,"0",false,"66768"
"31411",,"0",false,"31411"
"66154",,"0",false,"66154"
"76947",,"0",false,"76947"
"76948",,"0",false,"76948"
"11858",,"0",false,"11858"
"33353",,"0",false,"33353"
"3529",,"0",false,"3529"
"6456",,"0",false,"6456"
"17097",,"0",false,"17097"
"56610",,"0",false,"56610"
"49832",,"0",false,"49832"
"50294",,"0",false,"50294"
"16591",,"0",false,"16591"
"12630",,"0",false,"12630"
"971",,"0",false,"971"
"76960",,"0",false,"76960"
"11834",,"0",false,"11834"
"56990",,"0",false,"56990"
"76963",,"0",false,"76963"
"54194",,"0",false,"54194"
"66889",,"0",false,"66889"
"10589",,"0",false,"10589"
"31550",,"0",false,"31550"
"17352",,"0",false,"17352"
"44474",,"0",false,"44474"
"7824",,"0",false,"7824"
"49145",,"0",false,"49145"
"54642",,"0",false,"54642"
"54028","54028","4633",true,"54028"
"76974",,"0",false,"76974"
"2316",,"0",false,"2316"
"783",,"0",false,"783"
"65289",,"0",false,"65289"
"76978",,"0",false,"76978"
"76979",,"0",false,"76979"
"3539",,"0",false,"3539"
"55014",,"0",false,"55014"
"18657",,"0",false,"18657"
"49704",,"0",false,"49704"
"76984",,"0",false,"76984"
"763",,"0",false,"763"
"20875",,"0",false,"20875"
"8676",,"0",false,"8676"
"2538",,"0",false,"2538"
"36276",,"0",false,"36276"
"4915",,"0",false,"4915"
"25605",,"0",false,"25605"
"48573",,"0",false,"48573"
"16903",,"0",false,"16903"
"29984",,"0",false,"29984"
"22944",,"0",false,"22944"
"47337",,"0",false,"47337"
"53460",,"0",false,"53460"
"53670",,"0",false,"53670"
"10077",,"0",false,"10077"
"29285",,"0",false,"29285"
"31160",,"0",false,"31160"
"60692",,"0",false,"60692"
"1455",,"0",false,"1455"
"44143",,"0",false,"44143"
"47943","47944","4050",false,"47944"
"7169",,"0",false,"7169"
"65174",,"0",false,"65174"
"2358",,"0",false,"2358"
"34715",,"0",false,"34715"
"77010",,"0",false,"77010"
"6094",,"0",false,"6094"
"32482",,"0",false,"32482"
"21774",,"0",false,"21774"
"1477",,"0",false,"1477"
"42388",,"0",false,"42388"
"2526",,"0",false,"2526"
"22057",,"0",false,"22057"
"61087",,"0",false,"61087"
"77019",,"0",false,"77019"
"24329",,"0",false,"24329"
"55998",,"0",false,"55998"
"16469",,"0",false,"16469"
"1911",,"0",false,"1911"
"4825","5543","2363",false,"5543"
"36256",,"0",false,"36256"
"43191",,"0",false,"43191"
"48019",,"0",false,"48019"
"45538",,"0",false,"45538"
"66829",,"0",false,"66829"
"57683",,"0",false,"57683"
"63615",,"0",false,"63615"
"50273",,"0",false,"50273"
"1145",,"0",false,"1145"
"61314",,"0",false,"61314"
"6039",,"0",false,"6039"
"49131",,"0",false,"49131"
"15111",,"0",false,"15111"
"60159",,"0",false,"60159"
"77039",,"0",false,"77039"
"1902",,"0",false,"1902"
"31415",,"0",false,"31415"
"19072",,"0",false,"19072"
"49518",,"0",false,"49518"
"77044",,"0",false,"77044"
"4167",,"0",false,"4167"
"66266",,"0",false,"66266"
"46410",,"0",false,"46410"
"499",,"0",false,"499"
"35256",,"0",false,"35256"
"43177",,"0",false,"43177"
"66887",,"0",false,"66887"
"77052",,"0",false,"77052"
"786",,"0",false,"786"
"77054",,"0",false,"77054"
"13993",,"0",false,"13993"
"24929",,"0",false,"24929"
"115",,"0",false,"115"
"5671",,"0",false,"5671"
"31222",,"0",false,"31222"
"61807",,"0",false,"61807"
"65398",,"0",false,"65398"
"48370",,"0",false,"48370"
"38935","38935","1",true,"38935"
"66507",,"0",false,"66507"
"10656",,"0",false,"10656"
"13464",,"0",false,"13464"
"8208",,"0",false,"8208"
"45540",,"0",false,"45540"
"7113",,"0",false,"7113"
"465",,"0",false,"465"
"47032",,"0",false,"47032"
"77072",,"0",false,"77072"
"14009",,"0",false,"14009"
"12425",,"0",false,"12425"
"51808",,"0",false,"51808"
"55822",,"0",false,"55822"
"40797",,"0",false,"40797"
"77078",,"0",false,"77078"
"44876",,"0",false,"44876"
"109",,"0",false,"109"
"12336",,"0",false,"12336"
"46401","46401","930",true,"46401"
"56397",,"0",false,"56397"
"20043",,"0",false,"20043"
"2528",,"0",false,"2528"
"22672",,"0",false,"22672"
"54831",,"0",false,"54831"
"22484",,"0",false,"22484"
"65402",,"0",false,"65402"
"51806",,"0",false,"51806"
"16899",,"0",false,"16899"
"18788",,"0",false,"18788"
"77093",,"0",false,"77093"
"30927",,"0",false,"30927"
"32641",,"0",false,"32641"
"59859",,"0",false,"59859"
"7045",,"0",false,"7045"
"2444",,"0",false,"2444"
"28775",,"0",false,"28775"
"55650",,"0",false,"55650"
"5599",,"0",false,"5599"
"45925",,"0",false,"45925"
"15567",,"0",false,"15567"
"51303",,"0",false,"51303"
"19044",,"0",false,"19044"
"917",,"0",false,"917"
"77107",,"0",false,"77107"
"10693",,"0",false,"10693"
"77109",,"0",false,"77109"
"55236",,"0",false,"55236"
"31145",,"0",false,"31145"
"17777",,"0",false,"17777"
"77113",,"0",false,"77113"
"6988",,"0",false,"6988"
"24040",,"0",false,"24040"
"55627",,"0",false,"55627"
"56228",,"0",false,"56228"
"7770",,"0",false,"7770"
"244",,"0",false,"244"
"61937",,"0",false,"61937"
"42045",,"0",false,"42045"
"57696",,"0",false,"57696"
"24795",,"0",false,"24795"
"66496",,"0",false,"66496"
"42360",,"0",false,"42360"
"41423",,"0",false,"41423"
"25801",,"0",false,"25801"
"5615",,"0",false,"5615"
"10672",,"0",false,"10672"
"47500",,"0",false,"47500"
"44713",,"0",false,"44713"
"66579",,"0",false,"66579"
"58921",,"0",false,"58921"
"61225",,"0",false,"61225"
"57689",,"0",false,"57689"
"33222",,"0",false,"33222"
"27936",,"0",false,"27936"
"7514",,"0",false,"7514"
"42749",,"0",false,"42749"
"4062",,"0",false,"4062"
"25358",,"0",false,"25358"
"1079",,"0",false,"1079"
"55440",,"0",false,"55440"
"45673",,"0",false,"45673"
"77145",,"0",false,"77145"
"8214",,"0",false,"8214"
"36281",,"0",false,"36281"
"77148",,"0",false,"77148"
"49675",,"0",false,"49675"
"52045",,"0",false,"52045"
"77151",,"0",false,"77151"
"77152",,"0",false,"77152"
"65526",,"0",false,"65526"
"441",,"0",false,"441"
"63136",,"0",false,"63136"
"77156",,"0",false,"77156"
"6761",,"0",false,"6761"
"2704",,"0",false,"2704"
"59654",,"0",false,"59654"
"75",,"0",false,"75"
"55844",,"0",false,"55844"
"44035",,"0",false,"44035"
"77163",,"0",false,"77163"
"60704",,"0",false,"60704"
"5590",,"0",false,"5590"
"62198",,"0",false,"62198"
"77167",,"0",false,"77167"
"26118",,"0",false,"26118"
"283",,"0",false,"283"
"66855",,"0",false,"66855"
"1470",,"0",false,"1470"
"39965",,"0",false,"39965"
"31594",,"0",false,"31594"
"38344",,"0",false,"38344"
"601",,"0",false,"601"
"4088",,"0",false,"4088"
"44142",,"0",false,"44142"
"38166",,"0",false,"38166"
"177",,"0",false,"177"
"22652",,"0",false,"22652"
"3011",,"0",false,"3011"
"30759",,"0",false,"30759"
"668",,"0",false,"668"
"38825",,"0",false,"38825"
"77185",,"0",false,"77185"
"4651",,"0",false,"4651"
"77187",,"0",false,"77187"
"6616",,"0",false,"6616"
"57161",,"0",false,"57161"
"1704",,"0",false,"1704"
"32993",,"0",false,"32993"
"53318",,"0",false,"53318"
"66480",,"0",false,"66480"
"37785",,"0",false,"37785"
"58076",,"0",false,"58076"
"77196",,"0",false,"77196"
"21892",,"0",false,"21892"
"39374",,"0",false,"39374"
"31325",,"0",false,"31325"
"77200",,"0",false,"77200"
"45678",,"0",false,"45678"
"16636",,"0",false,"16636"
"77203",,"0",false,"77203"
"6745",,"0",false,"6745"
"65591",,"0",false,"65591"
"15585",,"0",false,"15585"
"54501",,"0",false,"54501"
"1098",,"0",false,"1098"
"53666",,"0",false,"53666"
"66746",,"0",false,"66746"
"9838",,"0",false,"9838"
"50860",,"0",false,"50860"
"77213",,"0",false,"77213"
"15723",,"0",false,"15723"
"47060",,"0",false,"47060"
"25783",,"0",false,"25783"
"17959",,"0",false,"17959"
"4283",,"0",false,"4283"
"17779",,"0",false,"17779"
"2327",,"0",false,"2327"
"34678",,"0",false,"34678"
"34853",,"0",false,"34853"
"45394",,"0",false,"45394"
"36407",,"0",false,"36407"
"47575",,"0",false,"47575"
"77226",,"0",false,"77226"
"344",,"0",false,"344"
"77228",,"0",false,"77228"
"14523",,"0",false,"14523"
"59097",,"0",false,"59097"
"65414",,"0",false,"65414"
"47946",,"0",false,"47946"
"24046",,"0",false,"24046"
"54432",,"0",false,"54432"
"77235",,"0",false,"77235"
"12880",,"0",false,"12880"
"77237",,"0",false,"77237"
"26955",,"0",false,"26955"
"19205",,"0",false,"19205"
"37983",,"0",false,"37983"
"409",,"0",false,"409"
"4686",,"0",false,"4686"
"5668",,"0",false,"5668"
"2681",,"0",false,"2681"
"4827",,"0",false,"4827"
"46413",,"0",false,"46413"
"38",,"0",false,"38"
"56974",,"0",false,"56974"
"77249",,"0",false,"77249"
"54384",,"0",false,"54384"
"77251",,"0",false,"77251"
"77252",,"0",false,"77252"
"13991",,"0",false,"13991"
"78",,"0",false,"78"
"13292",,"0",false,"13292"
"6143",,"0",false,"6143"
"40160","40485","3419",false,"40485"
"7110",,"0",false,"7110"
"40457",,"0",false,"40457"
"77260",,"0",false,"77260"
"61122",,"0",false,"61122"
"51631",,"0",false,"51631"
"5336",,"0",false,"5336"
"77264",,"0",false,"77264"
"56394",,"0",false,"56394"
"58141",,"0",false,"58141"
"12319",,"0",false,"12319"
"635",,"0",false,"635"
"38791","39108","1537",false,"39108"
"35589",,"0",false,"35589"
"42313",,"0",false,"42313"
"37223",,"0",false,"37223"
"973",,"0",false,"973"
"62170",,"0",false,"62170"
"7678",,"0",false,"7678"
"62709",,"0",false,"62709"
"2525",,"0",false,"2525"
"22654",,"0",false,"22654"
"3436",,"0",false,"3436"
"54219",,"0",false,"54219"
"77281",,"0",false,"77281"
"2803",,"0",false,"2803"
"77283",,"0",false,"77283"
"2587",,"0",false,"2587"
"65888",,"0",false,"65888"
"52142",,"0",false,"52142"
"40108",,"0",false,"40108"
"15898",,"0",false,"15898"
"4652",,"0",false,"4652"
"39701",,"0",false,"39701"
"60866",,"0",false,"60866"
"7312",,"0",false,"7312"
"2980",,"0",false,"2980"
"77294",,"0",false,"77294"
"51490",,"0",false,"51490"
"34003",,"0",false,"34003"
"3411",,"0",false,"3411"
"350",,"0",false,"350"
"51254",,"0",false,"51254"
"53494",,"0",false,"53494"
"53116",,"0",false,"53116"
"77302",,"0",false,"77302"
"43302",,"0",false,"43302"
"48898",,"0",false,"48898"
"47033",,"0",false,"47033"
"77306",,"0",false,"77306"
"7767",,"0",false,"7767"
"39592",,"0",false,"39592"
"45",,"0",false,"45"
"77310",,"0",false,"77310"
"33328",,"0",false,"33328"
"35365",,"0",false,"35365"
"47788",,"0",false,"47788"
"37777",,"0",false,"37777"
"77315",,"0",false,"77315"
"15388",,"0",false,"15388"
"58446",,"0",false,"58446"
"34380",,"0",false,"34380"
"18808",,"0",false,"18808"
"6090",,"0",false,"6090"
"1660",,"0",false,"1660"
"32637",,"0",false,"32637"
"31133",,"0",false,"31133"
"412",,"0",false,"412"
"28880",,"0",false,"28880"
"17514",,"0",false,"17514"
"52226",,"0",false,"52226"
"77328",,"0",false,"77328"
"7123",,"0",false,"7123"
"6234",,"0",false,"6234"
"3143",,"0",false,"3143"
"35270",,"0",false,"35270"
"5669",,"0",false,"5669"
"77334",,"0",false,"77334"
"50079",,"0",false,"50079"
"41416",,"0",false,"41416"
"32674",,"0",false,"32674"
"23870",,"0",false,"23870"
"8871",,"0",false,"8871"
"45131",,"0",false,"45131"
"2792",,"0",false,"2792"
"77342",,"0",false,"77342"
"66075",,"0",false,"66075"
"64109",,"0",false,"64109"
"77345",,"0",false,"77345"
"28021",,"0",false,"28021"
"30145",,"0",false,"30145"
"6645",,"0",false,"6645"
"1276",,"0",false,"1276"
"32048",,"0",false,"32048"
"77351",,"0",false,"77351"
"65392",,"0",false,"65392"
"77353",,"0",false,"77353"
"17065",,"0",false,"17065"
"1353",,"0",false,"1353"
"28352",,"0",false,"28352"
"21606",,"0",false,"21606"
"7837","7836","2629",false,"7836"
"6034",,"0",false,"6034"
"7111",,"0",false,"7111"
"12384",,"0",false,"12384"
"50287",,"0",false,"50287"
"52465",,"0",false,"52465"
"48767",,"0",false,"48767"
"37231",,"0",false,"37231"
"50050",,"0",false,"50050"
"3545",,"0",false,"3545"
"19061",,"0",false,"19061"
"45893",,"0",false,"45893"
"35216",,"0",false,"35216"
"77371",,"0",false,"77371"
"38161",,"0",false,"38161"
"10418",,"0",false,"10418"
"65896",,"0",false,"65896"
"54394",,"0",false,"54394"
"117",,"0",false,"117"
"16095",,"0",false,"16095"
"17917",,"0",false,"17917"
"28227",,"0",false,"28227"
"3041",,"0",false,"3041"
"66423",,"0",false,"66423"
"2593",,"0",false,"2593"
"19582",,"0",false,"19582"
"12453",,"0",false,"12453"
"13524",,"0",false,"13524"
"36388",,"0",false,"36388"
"56323",,"0",false,"56323"
"57534",,"0",false,"57534"
"45392",,"0",false,"45392"
"13472",,"0",false,"13472"
"46684",,"0",false,"46684"
"8212",,"0",false,"8212"
"77393",,"0",false,"77393"
"824",,"0",false,"824"
"77395",,"0",false,"77395"
"4558",,"0",false,"4558"
"66628",,"0",false,"66628"
"64933",,"0",false,"64933"
"3389",,"0",false,"3389"
"47712",,"0",false,"47712"
"58286",,"0",false,"58286"
"50530",,"0",false,"50530"
"7768",,"0",false,"7768"
"77404",,"0",false,"77404"
"37225",,"0",false,"37225"
"16086",,"0",false,"16086"
"38713",,"0",false,"38713"
"29815",,"0",false,"29815"
"55671",,"0",false,"55671"
"5613",,"0",false,"5613"
"77411",,"0",false,"77411"
"56972",,"0",false,"56972"
"14994",,"0",false,"14994"
"77414",,"0",false,"77414"
"31137",,"0",false,"31137"
"3548",,"0",false,"3548"
"4684",,"0",false,"4684"
"41385",,"0",false,"41385"
"77419",,"0",false,"77419"
"9836",,"0",false,"9836"
"77421",,"0",false,"77421"
"40158","40485","3419",false,"40485"
"1283",,"0",false,"1283"
"44570",,"0",false,"44570"
"65418",,"0",false,"65418"
"1755",,"0",false,"1755"
"48777",,"0",false,"48777"
"47792",,"0",false,"47792"
"25799",,"0",false,"25799"
"66079",,"0",false,"66079"
"48756",,"0",false,"48756"
"43002",,"0",false,"43002"
"40293",,"0",false,"40293"
"4826",,"0",false,"4826"
"17340",,"0",false,"17340"
"33214",,"0",false,"33214"
"49837",,"0",false,"49837"
"77438",,"0",false,"77438"
"46962",,"0",false,"46962"
"5588",,"0",false,"5588"
"47526",,"0",false,"47526"
"77442",,"0",false,"77442"
"17912",,"0",false,"17912"
"1906",,"0",false,"1906"
"77445",,"0",false,"77445"
"47945","47944","4050",false,"47944"
"65933",,"0",false,"65933"
"61805",,"0",false,"61805"
"20873",,"0",false,"20873"
"66604",,"0",false,"66604"
"66467",,"0",false,"66467"
"3995",,"0",false,"3995"
"6562",,"0",false,"6562"
"33557",,"0",false,"33557"
"40790",,"0",false,"40790"
"33690",,"0",false,"33690"
"3657",,"0",false,"3657"
"36362",,"0",false,"36362"
"5335",,"0",false,"5335"
"5976",,"0",false,"5976"
"50416",,"0",false,"50416"
"18538",,"0",false,"18538"
"50270",,"0",false,"50270"
"2511",,"0",false,"2511"
"35249",,"0",false,"35249"
"47156",,"0",false,"47156"
"77467",,"0",false,"77467"
"77468",,"0",false,"77468"
"49331",,"0",false,"49331"
"36579",,"0",false,"36579"
"15589",,"0",false,"15589"
"6142",,"0",false,"6142"
"37374",,"0",false,"37374"
"3054",,"0",false,"3054"
"54301",,"0",false,"54301"
"7271",,"0",false,"7271"
"58175",,"0",false,"58175"
"57690",,"0",false,"57690"
"38172",,"0",false,"38172"
"46136",,"0",false,"46136"
"58135",,"0",false,"58135"
"3964",,"0",false,"3964"
"77483",,"0",false,"77483"
"2699",,"0",false,"2699"
"4056",,"0",false,"4056"
"49450",,"0",false,"49450"
"65020",,"0",false,"65020"
"64981",,"0",false,"64981"
"55424",,"0",false,"55424"
"160",,"0",false,"160"
"50261",,"0",false,"50261"
"77492",,"0",false,"77492"
"38157",,"0",false,"38157"
"11835",,"0",false,"11835"
"65580",,"0",false,"65580"
"4829",,"0",false,"4829"
"4697",,"0",false,"4697"
"1474",,"0",false,"1474"
"19074",,"0",false,"19074"
"59485",,"0",false,"59485"
"11303",,"0",false,"11303"
"510",,"0",false,"510"
"77503",,"0",false,"77503"
"3006",,"0",false,"3006"
"8908",,"0",false,"8908"
"40113",,"0",false,"40113"
"77507",,"0",false,"77507"
"77508",,"0",false,"77508"
"45439",,"0",false,"45439"
"1066",,"0",false,"1066"
"66868",,"0",false,"66868"
"45326",,"0",false,"45326"
"3140",,"0",false,"3140"
"42390",,"0",false,"42390"
"49492",,"0",false,"49492"
"5338",,"0",false,"5338"
"10067",,"0",false,"10067"
"54445",,"0",false,"54445"
"19068",,"0",false,"19068"
"126",,"0",false,"126"
"43197",,"0",false,"43197"
"77522",,"0",false,"77522"
"1759",,"0",false,"1759"
"51995",,"0",false,"51995"
"77525",,"0",false,"77525"
"55021",,"0",false,"55021"
"3447",,"0",false,"3447"
"66476",,"0",false,"66476"
"54480",,"0",false,"54480"
"48760",,"0",false,"48760"
"36586",,"0",false,"36586"
"47249",,"0",false,"47249"
"10008",,"0",false,"10008"
"33570",,"0",false,"33570"
"41724",,"0",false,"41724"
"3546",,"0",false,"3546"
"27378",,"0",false,"27378"
"12171",,"0",false,"12171"
"11772",,"0",false,"11772"
"33386",,"0",false,"33386"
"64937",,"0",false,"64937"
"48718",,"0",false,"48718"
"17783",,"0",false,"17783"
"40262",,"0",false,"40262"
"52326",,"0",false,"52326"
"10417",,"0",false,"10417"
"53900",,"0",false,"53900"
"55814",,"0",false,"55814"
"60867","60867","368",true,"60867"
"54002",,"0",false,"54002"
"14530",,"0",false,"14530"
"6084",,"0",false,"6084"
"60822",,"0",false,"60822"
"31943",,"0",false,"31943"
"10595",,"0",false,"10595"
"22053",,"0",false,"22053"
"3434",,"0",false,"3434"
"43169",,"0",false,"43169"
"3788",,"0",false,"3788"
"1525",,"0",false,"1525"
"8870",,"0",false,"8870"
"32643",,"0",false,"32643"
"12884",,"0",false,"12884"
"9406",,"0",false,"9406"
"77565",,"0",false,"77565"
"2512",,"0",false,"2512"
"2676",,"0",false,"2676"
"28019",,"0",false,"28019"
"49686",,"0",false,"49686"
"5763",,"0",false,"5763"
"58600",,"0",false,"58600"
"77572",,"0",false,"77572"
"2590",,"0",false,"2590"
"1476",,"0",false,"1476"
"66781",,"0",false,"66781"
"21760",,"0",false,"21760"
"3607",,"0",false,"3607"
"50264","50068","4158",false,"50068"
"32467",,"0",false,"32467"
"1289",,"0",false,"1289"
"2369",,"0",false,"2369"
"30639",,"0",false,"30639"
"77583",,"0",false,"77583"
"45792",,"0",false,"45792"
"66863",,"0",false,"66863"
"37011",,"0",false,"37011"
"17101",,"0",false,"17101"
"251",,"0",false,"251"
"22043",,"0",false,"22043"
"6454",,"0",false,"6454"
"55365",,"0",false,"55365"
"56978",,"0",false,"56978"
"57516",,"0",false,"57516"
"77594",,"0",false,"77594"
"77595",,"0",false,"77595"
"29049",,"0",false,"29049"
"3052",,"0",false,"3052"
"5184",,"0",false,"5184"
"46883",,"0",false,"46883"
"3960",,"0",false,"3960"
"54386",,"0",false,"54386"
"20886",,"0",false,"20886"
"45649",,"0",false,"45649"
"77604",,"0",false,"77604"
"43443",,"0",false,"43443"
"2697",,"0",false,"2697"
"54634",,"0",false,"54634"
"77608",,"0",false,"77608"
"3141",,"0",false,"3141"
"77610",,"0",false,"77610"
"47117",,"0",false,"47117"
"4557",,"0",false,"4557"
"77613",,"0",false,"77613"
"50875",,"0",false,"50875"
"2790",,"0",false,"2790"
"55431",,"0",false,"55431"
"22196",,"0",false,"22196"
"77618",,"0",false,"77618"
"77619",,"0",false,"77619"
"55466",,"0",false,"55466"
"22967",,"0",false,"22967"
"4914",,"0",false,"4914"
"77623",,"0",false,"77623"
"61795",,"0",false,"61795"
"66786",,"0",false,"66786"
"5612",,"0",false,"5612"
"52791",,"0",false,"52791"
"55366",,"0",false,"55366"
"59980",,"0",false,"59980"
"77630",,"0",false,"77630"
"1757",,"0",false,"1757"
"39112",,"0",false,"39112"
"6093",,"0",false,"6093"
"58540",,"0",false,"58540"
"54420",,"0",false,"54420"
"10055",,"0",false,"10055"
"2127",,"0",false,"2127"
"10597",,"0",false,"10597"
"77639",,"0",false,"77639"
"53315",,"0",false,"53315"
"26947",,"0",false,"26947"
"34719",,"0",false,"34719"
"30016",,"0",false,"30016"
"58756",,"0",false,"58756"
"10429",,"0",false,"10429"
"19065",,"0",false,"19065"
"46010",,"0",false,"46010"
"57525",,"0",false,"57525"
"2320",,"0",false,"2320"
"5587",,"0",false,"5587"
"39831",,"0",false,"39831"
"49709",,"0",false,"49709"
"220",,"0",false,"220"
"31343",,"0",false,"31343"
"77655",,"0",false,"77655"
"44348",,"0",false,"44348"
"77657",,"0",false,"77657"
"34915",,"0",false,"34915"
"2039",,"0",false,"2039"
"49703",,"0",false,"49703"
"765",,"0",false,"765"
"4085",,"0",false,"4085"
"77663",,"0",false,"77663"
"21591",,"0",false,"21591"
"1278",,"0",false,"1278"
"49655",,"0",false,"49655"
"55025",,"0",false,"55025"
"59267",,"0",false,"59267"
"2542",,"0",false,"2542"
"53138",,"0",false,"53138"
"29254",,"0",false,"29254"
"34712",,"0",false,"34712"
"29391",,"0",false,"29391"
"3656",,"0",false,"3656"
"2",,"0",false,"2"
"4919",,"0",false,"4919"
"44560","44560","1449",true,"44560"
"15417",,"0",false,"15417"
"2674",,"0",false,"2674"
"21154",,"0",false,"21154"
"53674",,"0",false,"53674"
"3963",,"0",false,"3963"
"64737",,"0",false,"64737"
"50497",,"0",false,"50497"
"54224",,"0",false,"54224"
"17499",,"0",false,"17499"
"55816",,"0",false,"55816"
"36722",,"0",false,"36722"
"66896",,"0",false,"66896"
"2362",,"0",false,"2362"
"19067",,"0",false,"19067"
"50731",,"0",false,"50731"
"42591",,"0",false,"42591"
"54644",,"0",false,"54644"
"54850",,"0",false,"54850"
"21782",,"0",false,"21782"
"25371",,"0",false,"25371"
"10064",,"0",false,"10064"
"29248",,"0",false,"29248"
"2993",,"0",false,"2993"
"55805",,"0",false,"55805"
"77702",,"0",false,"77702"
"26792",,"0",false,"26792"
"22482",,"0",false,"22482"
"3045",,"0",false,"3045"
"38246",,"0",false,"38246"
"45429",,"0",false,"45429"
"77708",,"0",false,"77708"
"1526",,"0",false,"1526"
"49918",,"0",false,"49918"
"62254",,"0",false,"62254"
"49102",,"0",false,"49102"
"36250",,"0",false,"36250"
"57530",,"0",false,"57530"
"1708",,"0",false,"1708"
"37396",,"0",false,"37396"
"35755",,"0",false,"35755"
"24793",,"0",false,"24793"
"77719",,"0",false,"77719"
"40441",,"0",false,"40441"
"48572",,"0",false,"48572"
"33332",,"0",false,"33332"
"15112",,"0",false,"15112"
"2232",,"0",false,"2232"
"77725",,"0",false,"77725"
"36576",,"0",false,"36576"
"77727",,"0",false,"77727"
"36724",,"0",false,"36724"
"1879",,"0",false,"1879"
"77730",,"0",false,"77730"
"52626",,"0",false,"52626"
"42616",,"0",false,"42616"
"501",,"0",false,"501"
"54647",,"0",false,"54647"
"22346",,"0",false,"22346"
"9584","9584","2532",true,"9584"
"77737",,"0",false,"77737"
"59305",,"0",false,"59305"
"77739",,"0",false,"77739"
"39115",,"0",false,"39115"
"788",,"0",false,"788"
"2975",,"0",false,"2975"
"41236",,"0",false,"41236"
"14029",,"0",false,"14029"
"32604",,"0",false,"32604"
"59096",,"0",false,"59096"
"30018",,"0",false,"30018"
"77748",,"0",false,"77748"
"65314",,"0",false,"65314"
"55852",,"0",false,"55852"
"59674",,"0",false,"59674"
"5675",,"0",false,"5675"
"77753",,"0",false,"77753"
"38302",,"0",false,"38302"
"77755",,"0",false,"77755"
"61178",,"0",false,"61178"
"41862",,"0",false,"41862"
"20705",,"0",false,"20705"
"39835",,"0",false,"39835"
"31347",,"0",false,"31347"
"5333",,"0",false,"5333"
"35034",,"0",false,"35034"
"3895",,"0",false,"3895"
"40251",,"0",false,"40251"
"49314",,"0",false,"49314"
"1074",,"0",false,"1074"
"37553",,"0",false,"37553"
"77768",,"0",false,"77768"
"44020",,"0",false,"44020"
"51249",,"0",false,"51249"
"10430",,"0",false,"10430"
"53926",,"0",false,"53926"
"44847",,"0",false,"44847"
"35389",,"0",false,"35389"
"13501",,"0",false,"13501"
"6259",,"0",false,"6259"
"40166",,"0",false,"40166"
"47967",,"0",false,"47967"
"66130",,"0",false,"66130"
"59612",,"0",false,"59612"
"44883",,"0",false,"44883"
"111",,"0",false,"111"
"7310",,"0",false,"7310"
"33701",,"0",false,"33701"
"56139",,"0",false,"56139"
"66161",,"0",false,"66161"
"66291",,"0",false,"66291"
"12344",,"0",false,"12344"
"3142",,"0",false,"3142"
"26324",,"0",false,"26324"
"6552",,"0",false,"6552"
"60109",,"0",false,"60109"
"7830",,"0",false,"7830"
"20724",,"0",false,"20724"
"278",,"0",false,"278"
"37256",,"0",false,"37256"
"2791",,"0",false,"2791"
"55068",,"0",false,"55068"
"34764",,"0",false,"34764"
"63534",,"0",false,"63534"
"42615","42615","3441",true,"42615"
"77802",,"0",false,"77802"
"49835",,"0",false,"49835"
"59667",,"0",false,"59667"
"7049","6524","3148",false,"6524"
"54525",,"0",false,"54525"
"77807",,"0",false,"77807"
"65491",,"0",false,"65491"
"15384",,"0",false,"15384"
"37348",,"0",false,"37348"
"77811",,"0",false,"77811"
"57838",,"0",false,"57838"
"919",,"0",false,"919"
"66600",,"0",false,"66600"
"9016",,"0",false,"9016"
"38405",,"0",false,"38405"
"36363",,"0",false,"36363"
"47548",,"0",false,"47548"
"663",,"0",false,"663"
"46403",,"0",false,"46403"
"21778",,"0",false,"21778"
"46079",,"0",false,"46079"
"22032",,"0",false,"22032"
"1532",,"0",false,"1532"
"31161",,"0",false,"31161"
"18398",,"0",false,"18398"
"35369",,"0",false,"35369"
"53267",,"0",false,"53267"
"4799",,"0",false,"4799"
"2128",,"0",false,"2128"
"51682",,"0",false,"51682"
"7774",,"0",false,"7774"
"28359",,"0",false,"28359"
"66687",,"0",false,"66687"
"246",,"0",false,"246"
"62877",,"0",false,"62877"
"77837",,"0",false,"77837"
"2371",,"0",false,"2371"
"37242",,"0",false,"37242"
"5619",,"0",false,"5619"
"53681",,"0",false,"53681"
"15419",,"0",false,"15419"
"37248",,"0",false,"37248"
"2789",,"0",false,"2789"
"49274",,"0",false,"49274"
"4653",,"0",false,"4653"
"57375",,"0",false,"57375"
"8096",,"0",false,"8096"
"1756",,"0",false,"1756"
"10075",,"0",false,"10075"
"7294",,"0",false,"7294"
"77852",,"0",false,"77852"
"11000",,"0",false,"11000"
"51800",,"0",false,"51800"
"57103",,"0",false,"57103"
"25366",,"0",false,"25366"
"1081",,"0",false,"1081"
"1662",,"0",false,"1662"
"65576",,"0",false,"65576"
"18662",,"0",false,"18662"
"5277",,"0",false,"5277"
"16947",,"0",false,"16947"
"50071",,"0",false,"50071"
"41826",,"0",false,"41826"
"443",,"0",false,"443"
"77866",,"0",false,"77866"
"31718",,"0",false,"31718"
"77868",,"0",false,"77868"
"77869",,"0",false,"77869"
"77",,"0",false,"77"
"5594",,"0",false,"5594"
"1350",,"0",false,"1350"
"52140",,"0",false,"52140"
"2126",,"0",false,"2126"
"285",,"0",false,"285"
"36816",,"0",false,"36816"
"1120",,"0",false,"1120"
"77878",,"0",false,"77878"
"60819","60820","3627",false,"60820"
"1248",,"0",false,"1248"
"18229",,"0",false,"18229"
"603",,"0",false,"603"
"44470",,"0",false,"44470"
"34708",,"0",false,"34708"
"8288",,"0",false,"8288"
"47714",,"0",false,"47714"
"41427",,"0",false,"41427"
"77888",,"0",false,"77888"
"33679",,"0",false,"33679"
"43472",,"0",false,"43472"
"179",,"0",false,"179"
"77892",,"0",false,"77892"
"20051",,"0",false,"20051"
"5670",,"0",false,"5670"
"43058",,"0",false,"43058"
"670",,"0",false,"670"
"29459",,"0",false,"29459"
"1527",,"0",false,"1527"
"2038",,"0",false,"2038"
"77900",,"0",false,"77900"
"12173",,"0",false,"12173"
"49483",,"0",false,"49483"
"41387","41387","1119",true,"41387"
"77904",,"0",false,"77904"
"77905",,"0",false,"77905"
"46728",,"0",false,"46728"
"13502",,"0",false,"13502"
"54245",,"0",false,"54245"
"1349",,"0",false,"1349"
"39254",,"0",false,"39254"
"820",,"0",false,"820"
"25787",,"0",false,"25787"
"42590",,"0",false,"42590"
"16893",,"0",false,"16893"
"20315",,"0",false,"20315"
"15251",,"0",false,"15251"
"1247",,"0",false,"1247"
"34249",,"0",false,"34249"
"59556",,"0",false,"59556"
"35012",,"0",false,"35012"
"37159",,"0",false,"37159"
"35786",,"0",false,"35786"
"57622",,"0",false,"57622"
"61496",,"0",false,"61496"
"23743",,"0",false,"23743"
"45665",,"0",false,"45665"
"56013",,"0",false,"56013"
"37220","37537","1538",false,"37537"
"40773",,"0",false,"40773"
"50290",,"0",false,"50290"
"25230",,"0",false,"25230"
"77932",,"0",false,"77932"
"46567",,"0",false,"46567"
"18635",,"0",false,"18635"
"47556",,"0",false,"47556"
"56757",,"0",false,"56757"
"36572",,"0",false,"36572"
"35190",,"0",false,"35190"
"45165",,"0",false,"45165"
"25374",,"0",false,"25374"
"411",,"0",false,"411"
"56775",,"0",false,"56775"
"77943",,"0",false,"77943"
"66362",,"0",false,"66362"
"77945",,"0",false,"77945"
"56992",,"0",false,"56992"
"1664",,"0",false,"1664"
"54633",,"0",false,"54633"
"37466",,"0",false,"37466"
"77950",,"0",false,"77950"
"24941",,"0",false,"24941"
"77952",,"0",false,"77952"
"63478",,"0",false,"63478"
"5561",,"0",false,"5561"
"55232",,"0",false,"55232"
"52220","52220","124",true,"52220"
"4559",,"0",false,"4559"
"39238",,"0",false,"39238"
"80",,"0",false,"80"
"1100",,"0",false,"1100"
"77961",,"0",false,"77961"
"819",,"0",false,"819"
"38298",,"0",false,"38298"
"40169","40168","3404",false,"40168"
"33748",,"0",false,"33748"
"58145",,"0",false,"58145"
"7511",,"0",false,"7511"
"31571",,"0",false,"31571"
"66557",,"0",false,"66557"
"5340",,"0",false,"5340"
"16639",,"0",false,"16639"
"637",,"0",false,"637"
"43171",,"0",false,"43171"
"7682",,"0",false,"7682"
"29787",,"0",false,"29787"
"975",,"0",false,"975"
"6553",,"0",false,"6553"
"47691",,"0",false,"47691"
"53135",,"0",false,"53135"
"12733",,"0",false,"12733"
"20831",,"0",false,"20831"
"3440",,"0",false,"3440"
"17812",,"0",false,"17812"
"974",,"0",false,"974"
"24931",,"0",false,"24931"
"56781",,"0",false,"56781"
"48906",,"0",false,"48906"
"8223",,"0",false,"8223"
"2591",,"0",false,"2591"
"10601",,"0",false,"10601"
"20451",,"0",false,"20451"
"3139",,"0",false,"3139"
"5769",,"0",false,"5769"
"34550",,"0",false,"34550"
"12981",,"0",false,"12981"
"65595",,"0",false,"65595"
"34368",,"0",false,"34368"
"15602",,"0",false,"15602"
"33477",,"0",false,"33477"
"1277",,"0",false,"1277"
"60041",,"0",false,"60041"
"30836",,"0",false,"30836"
"55046",,"0",false,"55046"
"3786",,"0",false,"3786"
"22200",,"0",false,"22200"
"153",,"0",false,"153"
"26091",,"0",false,"26091"
"49909",,"0",false,"49909"
"51057",,"0",false,"51057"
"34727",,"0",false,"34727"
"66272",,"0",false,"66272"
"43062",,"0",false,"43062"
"3620","4479","2380",false,"4479"
"43609",,"0",false,"43609"
"41854",,"0",false,"41854"
"53029",,"0",false,"53029"
"53132",,"0",false,"53132"
"12342",,"0",false,"12342"
"29655",,"0",false,"29655"
"4685",,"0",false,"4685"
"20317",,"0",false,"20317"
"27064",,"0",false,"27064"
"14270",,"0",false,"14270"
"6443",,"0",false,"6443"
"6460",,"0",false,"6460"
"62210",,"0",false,"62210"
"78027",,"0",false,"78027"
"28348",,"0",false,"28348"
"6618",,"0",false,"6618"
"50274",,"0",false,"50274"
"15396",,"0",false,"15396"
"78032",,"0",false,"78032"
"8274",,"0",false,"8274"
"52217",,"0",false,"52217"
"50481",,"0",false,"50481"
"35367",,"0",false,"35367"
"29301",,"0",false,"29301"
"78038",,"0",false,"78038"
"78039",,"0",false,"78039"
"56199",,"0",false,"56199"
"8097",,"0",false,"8097"
"63786",,"0",false,"63786"
"414",,"0",false,"414"
"50672","50068","4158",false,"50068"
"11016",,"0",false,"11016"
"78046",,"0",false,"78046"
"29255",,"0",false,"29255"
"21790",,"0",false,"21790"
"2364",,"0",false,"2364"
"20052",,"0",false,"20052"
"10662",,"0",false,"10662"
"46673",,"0",false,"46673"
"21781",,"0",false,"21781"
"55483",,"0",false,"55483"
"44032",,"0",false,"44032"
"3543",,"0",false,"3543"
"37741",,"0",false,"37741"
"29862",,"0",false,"29862"
"18396",,"0",false,"18396"
"47361",,"0",false,"47361"
"6647",,"0",false,"6647"
"32064",,"0",false,"32064"
"35733",,"0",false,"35733"
"38091",,"0",false,"38091"
"45931",,"0",false,"45931"
"4816",,"0",false,"4816"
"78067",,"0",false,"78067"
"18380",,"0",false,"18380"
"17073",,"0",false,"17073"
"3435",,"0",false,"3435"
"44857",,"0",false,"44857"
"59979",,"0",false,"59979"
"6038",,"0",false,"6038"
"49128",,"0",false,"49128"
"66369",,"0",false,"66369"
"78076",,"0",false,"78076"
"3404",,"0",false,"3404"
"25559",,"0",false,"25559"
"5764",,"0",false,"5764"
"30756",,"0",false,"30756"
"37542",,"0",false,"37542"
"78082",,"0",false,"78082"
"49328",,"0",false,"49328"
"503",,"0",false,"503"
"57200",,"0",false,"57200"
"54790",,"0",false,"54790"
"49106",,"0",false,"49106"
"28845",,"0",false,"28845"
"502",,"0",false,"502"
"46593",,"0",false,"46593"
"78091",,"0",false,"78091"
"17814",,"0",false,"17814"
"78093",,"0",false,"78093"
"66026",,"0",false,"66026"
"30819",,"0",false,"30819"
"33657",,"0",false,"33657"
"31714",,"0",false,"31714"
"45045",,"0",false,"45045"
"119",,"0",false,"119"
"61617",,"0",false,"61617"
"78101",,"0",false,"78101"
"65811",,"0",false,"65811"
"6455",,"0",false,"6455"
"118",,"0",false,"118"
"47906",,"0",false,"47906"
"66819",,"0",false,"66819"
"63297",,"0",false,"63297"
"59482",,"0",false,"59482"
"58441",,"0",false,"58441"
"57183",,"0",false,"57183"
"33574",,"0",false,"33574"
"45936",,"0",false,"45936"
"48943",,"0",false,"48943"
"66331",,"0",false,"66331"
"35958",,"0",false,"35958"
"78116",,"0",false,"78116"
"20832",,"0",false,"20832"
"33501",,"0",false,"33501"
"64475",,"0",false,"64475"
"31410",,"0",false,"31410"
"78121",,"0",false,"78121"
"2078",,"0",false,"2078"
"33691",,"0",false,"33691"
"78124",,"0",false,"78124"
"32495",,"0",false,"32495"
"32033",,"0",false,"32033"
"58613",,"0",false,"58613"
"78128",,"0",false,"78128"
"65723",,"0",false,"65723"
"5977",,"0",false,"5977"
"25373",,"0",false,"25373"
"56793",,"0",false,"56793"
"20734",,"0",false,"20734"
"46398",,"0",false,"46398"
"56386",,"0",false,"56386"
"38716",,"0",false,"38716"
"21151",,"0",false,"21151"
"66263",,"0",false,"66263"
"1942",,"0",false,"1942"
"47771",,"0",false,"47771"
"53113",,"0",false,"53113"
"37855",,"0",false,"37855"
"66152",,"0",false,"66152"
"33512",,"0",false,"33512"
"78145",,"0",false,"78145"
"29979",,"0",false,"29979"
"20728",,"0",false,"20728"
"6444",,"0",false,"6444"
"2575",,"0",false,"2575"
"14901",,"0",false,"14901"
"59670",,"0",false,"59670"
"29586",,"0",false,"29586"
"4830",,"0",false,"4830"
"6092",,"0",false,"6092"
"15579",,"0",false,"15579"
"920",,"0",false,"920"
"23410",,"0",false,"23410"
"6554",,"0",false,"6554"
"47562",,"0",false,"47562"
"26422",,"0",false,"26422"
"53447",,"0",false,"53447"
"29612",,"0",false,"29612"
"78163",,"0",false,"78163"
"17090",,"0",false,"17090"
"53450",,"0",false,"53450"
"2784",,"0",false,"2784"
"51612",,"0",false,"51612"
"15954",,"0",false,"15954"
"66862",,"0",false,"66862"
"57847",,"0",false,"57847"
"45935",,"0",false,"45935"
"2463",,"0",false,"2463"
"41731",,"0",false,"41731"
"5339",,"0",false,"5339"
"2515",,"0",false,"2515"
"28767",,"0",false,"28767"
"371",,"0",false,"371"
"18789",,"0",false,"18789"
"59628",,"0",false,"59628"
"66731",,"0",false,"66731"
"6036",,"0",false,"6036"
"1690",,"0",false,"1690"
"78183",,"0",false,"78183"
"66448",,"0",false,"66448"
"15597",,"0",false,"15597"
"78186",,"0",false,"78186"
"34706",,"0",false,"34706"
"23274",,"0",false,"23274"
"19904",,"0",false,"19904"
"39783",,"0",false,"39783"
"78191",,"0",false,"78191"
"51255",,"0",false,"51255"
"11216",,"0",false,"11216"
"7155",,"0",false,"7155"
"214",,"0",false,"214"
"43666",,"0",false,"43666"
"28847",,"0",false,"28847"
"49897",,"0",false,"49897"
"37146",,"0",false,"37146"
"49453",,"0",false,"49453"
"24938",,"0",false,"24938"
"8965",,"0",false,"8965"
"4060",,"0",false,"4060"
"444",,"0",false,"444"
"65072",,"0",false,"65072"
"78206",,"0",false,"78206"
"61604",,"0",false,"61604"
"38169",,"0",false,"38169"
"2991",,"0",false,"2991"
"62836",,"0",false,"62836"
"20289",,"0",false,"20289"
"1516",,"0",false,"1516"
"17477",,"0",false,"17477"
"36678",,"0",false,"36678"
"13498",,"0",false,"13498"
"66264",,"0",false,"66264"
"22209",,"0",false,"22209"
"57006",,"0",false,"57006"
"604",,"0",false,"604"
"78220",,"0",false,"78220"
"2588",,"0",false,"2588"
"78222",,"0",false,"78222"
"45035",,"0",false,"45035"
"6617",,"0",false,"6617"
"4480","4479","2380",false,"4479"
"39777","39108","1537",false,"39108"
"7112",,"0",false,"7112"
"2068",,"0",false,"2068"
"78229",,"0",false,"78229"
"47257",,"0",false,"47257"
"11261",,"0",false,"11261"
"54628",,"0",false,"54628"
"24201",,"0",false,"24201"
"38199",,"0",false,"38199"
"47942","47944","4050",false,"47944"
"66404",,"0",false,"66404"
"17811",,"0",false,"17811"
"78238",,"0",false,"78238"
"78239",,"0",false,"78239"
"27930",,"0",false,"27930"
"38933",,"0",false,"38933"
"1943",,"0",false,"1943"
"31909",,"0",false,"31909"
"35372",,"0",false,"35372"
"8225",,"0",false,"8225"
"9433",,"0",false,"9433"
"78247",,"0",false,"78247"
"55846",,"0",false,"55846"
"78249",,"0",false,"78249"
"16905",,"0",false,"16905"
"1141",,"0",false,"1141"
"2527",,"0",false,"2527"
"65873",,"0",false,"65873"
"3550",,"0",false,"3550"
"6032",,"0",false,"6032"
"20290",,"0",false,"20290"
"15385",,"0",false,"15385"
"9592",,"0",false,"9592"
"78259",,"0",false,"78259"
"53930",,"0",false,"53930"
"78261",,"0",false,"78261"
"17789",,"0",false,"17789"
"78263",,"0",false,"78263"
"49882",,"0",false,"49882"
"6088",,"0",false,"6088"
"4189",,"0",false,"4189"
"48764",,"0",false,"48764"
"21779",,"0",false,"21779"
"36596",,"0",false,"36596"
"29714",,"0",false,"29714"
"23432",,"0",false,"23432"
"78272",,"0",false,"78272"
"65066",,"0",false,"65066"
"31547",,"0",false,"31547"
"32472",,"0",false,"32472"
"37780",,"0",false,"37780"
"6706",,"0",false,"6706"
"1903",,"0",false,"1903"
"59857",,"0",false,"59857"
"17808",,"0",false,"17808"
"32654",,"0",false,"32654"
"3611",,"0",false,"3611"
"7295",,"0",false,"7295"
"57165",,"0",false,"57165"
"65499",,"0",false,"65499"
"50062",,"0",false,"50062"
"51053",,"0",false,"51053"
"23596","23596","2700",true,"23596"
"78289",,"0",false,"78289"
"78290",,"0",false,"78290"
"54725",,"0",false,"54725"
"5278",,"0",false,"5278"
"43578",,"0",false,"43578"
"17387",,"0",false,"17387"
"78295",,"0",false,"78295"
"1691",,"0",false,"1691"
"7513",,"0",false,"7513"
"52327",,"0",false,"52327"
"60758",,"0",false,"60758"
"25352",,"0",false,"25352"
"1707",,"0",false,"1707"
"60221",,"0",false,"60221"
"42754",,"0",false,"42754"
"20416",,"0",false,"20416"
"78305",,"0",false,"78305"
"64881",,"0",false,"64881"
"31752",,"0",false,"31752"
"24940",,"0",false,"24940"
"78309",,"0",false,"78309"
"14370",,"0",false,"14370"
"54009",,"0",false,"54009"
"66035",,"0",false,"66035"
"40891",,"0",false,"40891"
"58783",,"0",false,"58783"
"20055",,"0",false,"20055"
"66417",,"0",false,"66417"
"57175",,"0",false,"57175"
"6704",,"0",false,"6704"
"46912",,"0",false,"46912"
"65229",,"0",false,"65229"
"22664",,"0",false,"22664"
"31511",,"0",false,"31511"
"57687",,"0",false,"57687"
"78324",,"0",false,"78324"
"5228",,"0",false,"5228"
"55918",,"0",false,"55918"
"7720",,"0",false,"7720"
"78328",,"0",false,"78328"
"1107",,"0",false,"1107"
"58151",,"0",false,"58151"
"26524",,"0",false,"26524"
"56006",,"0",false,"56006"
"19646",,"0",false,"19646"
"25628",,"0",false,"25628"
"78335",,"0",false,"78335"
"48775",,"0",false,"48775"
"55436",,"0",false,"55436"
"21601",,"0",false,"21601"
"78339",,"0",false,"78339"
"33692",,"0",false,"33692"
"55464",,"0",false,"55464"
"7769",,"0",false,"7769"
"154",,"0",false,"154"
"78344",,"0",false,"78344"
"5614",,"0",false,"5614"
"32528",,"0",false,"32528"
"47939",,"0",false,"47939"
"66317",,"0",false,"66317"
"15955",,"0",false,"15955"
"29981",,"0",false,"29981"
"240",,"0",false,"240"
"51801",,"0",false,"51801"
"10624",,"0",false,"10624"
"23987",,"0",false,"23987"
"16944",,"0",false,"16944"
"15395",,"0",false,"15395"
"2359",,"0",false,"2359"
"34718",,"0",false,"34718"
"30753",,"0",false,"30753"
"9434",,"0",false,"9434"
"23271",,"0",false,"23271"
"78362",,"0",false,"78362"
"26090",,"0",false,"26090"
"35583",,"0",false,"35583"
"4282",,"0",false,"4282"
"42720",,"0",false,"42720"
"21789",,"0",false,"21789"
"2462",,"0",false,"2462"
"624",,"0",false,"624"
"3209",,"0",false,"3209"
"45388",,"0",false,"45388"
"49451",,"0",false,"49451"
"1075",,"0",false,"1075"
"45426",,"0",false,"45426"
"23891",,"0",false,"23891"
"3042",,"0",false,"3042"
"78377",,"0",false,"78377"
"31872",,"0",false,"31872"
"17502",,"0",false,"17502"
"5589",,"0",false,"5589"
"61237",,"0",false,"61237"
"18400",,"0",false,"18400"
"437",,"0",false,"437"
"18226",,"0",false,"18226"
"11789",,"0",false,"11789"
"8860",,"0",false,"8860"
"1343",,"0",false,"1343"
"30157",,"0",false,"30157"
"78389",,"0",false,"78389"
"53110",,"0",false,"53110"
"25377",,"0",false,"25377"
"37142",,"0",false,"37142"
"78393",,"0",false,"78393"
"78394",,"0",false,"78394"
"52222","52220","124",false,"52220"
"78396",,"0",false,"78396"
"49126",,"0",false,"49126"
"51487",,"0",false,"51487"
"24035",,"0",false,"24035"
"35607",,"0",false,"35607"
"38165",,"0",false,"38165"
"2990",,"0",false,"2990"
"78403",,"0",false,"78403"
"13842","13842","3228",true,"13842"
"34371",,"0",false,"34371"
"61305",,"0",false,"61305"
"63291",,"0",false,"63291"
"1271",,"0",false,"1271"
"66228",,"0",false,"66228"
"1515",,"0",false,"1515"
"45642",,"0",false,"45642"
"664",,"0",false,"664"
"43175",,"0",false,"43175"
"18379",,"0",false,"18379"
"3891",,"0",false,"3891"
"32603",,"0",false,"32603"
"78417",,"0",false,"78417"
"120",,"0",false,"120"
"52945",,"0",false,"52945"
"18217",,"0",false,"18217"
"16097",,"0",false,"16097"
"78422",,"0",false,"78422"
"25353",,"0",false,"25353"
"78424",,"0",false,"78424"
"3047",,"0",false,"3047"
"14516",,"0",false,"14516"
"55230",,"0",false,"55230"
"2067",,"0",false,"2067"
"19901",,"0",false,"19901"
"49107",,"0",false,"49107"
"14561",,"0",false,"14561"
"66792",,"0",false,"66792"
"78433",,"0",false,"78433"
"2692",,"0",false,"2692"
"32992",,"0",false,"32992"
"2314",,"0",false,"2314"
"4275",,"0",false,"4275"
"28353",,"0",false,"28353"
"33655",,"0",false,"33655"
"8861",,"0",false,"8861"
"55824",,"0",false,"55824"
"78442",,"0",false,"78442"
"3215",,"0",false,"3215"
"15957",,"0",false,"15957"
"9591",,"0",false,"9591"
"78446",,"0",false,"78446"
"78447",,"0",false,"78447"
"78448",,"0",false,"78448"
"3549",,"0",false,"3549"
"27938",,"0",false,"27938"
"171",,"0",false,"171"
"21758",,"0",false,"21758"
"10426",,"0",false,"10426"
"52141",,"0",false,"52141"
"78455",,"0",false,"78455"
"78456",,"0",false,"78456"
"9436",,"0",false,"9436"
"4679",,"0",false,"4679"
"66197",,"0",false,"66197"
"66329",,"0",false,"66329"
"20412",,"0",false,"20412"
"46161",,"0",false,"46161"
"4220",,"0",false,"4220"
"13094",,"0",false,"13094"
"49676",,"0",false,"49676"
"8267",,"0",false,"8267"
"59812",,"0",false,"59812"
"39260","38935","1",false,"38935"
"17363",,"0",false,"17363"
"78470",,"0",false,"78470"
"1471",,"0",false,"1471"
"66473",,"0",false,"66473"
"10695",,"0",false,"10695"
"61120",,"0",false,"61120"
"247",,"0",false,"247"
"17951",,"0",false,"17951"
"1067",,"0",false,"1067"
"22029",,"0",false,"22029"
"2315",,"0",false,"2315"
"31549",,"0",false,"31549"
"17386",,"0",false,"17386"
"40175",,"0",false,"40175"
"78483",,"0",false,"78483"
"55622",,"0",false,"55622"
"26643",,"0",false,"26643"
"13988",,"0",false,"13988"
"74",,"0",false,"74"
"24037",,"0",false,"24037"
"338",,"0",false,"338"
"52790",,"0",false,"52790"
"28222",,"0",false,"28222"
"41313",,"0",false,"41313"
"57197",,"0",false,"57197"
"9403",,"0",false,"9403"
"3431",,"0",false,"3431"
"49327",,"0",false,"49327"
"48176",,"0",false,"48176"
"51251",,"0",false,"51251"
"38801",,"0",false,"38801"
"2508",,"0",false,"2508"
"34716",,"0",false,"34716"
"23409",,"0",false,"23409"
"26654",,"0",false,"26654"
"78504",,"0",false,"78504"
"78505",,"0",false,"78505"
"48566",,"0",false,"48566"
"26203",,"0",false,"26203"
"50684",,"0",false,"50684"
"7670",,"0",false,"7670"
"54523",,"0",false,"54523"
"18746",,"0",false,"18746"
"25355",,"0",false,"25355"
"33573",,"0",false,"33573"
"10120",,"0",false,"10120"
"15458",,"0",false,"15458"
"45305",,"0",false,"45305"
"13998",,"0",false,"13998"
"759",,"0",false,"759"
"78519",,"0",false,"78519"
"7098",,"0",false,"7098"
"63295",,"0",false,"63295"
"31951",,"0",false,"31951"
"45860",,"0",false,"45860"
"35381",,"0",false,"35381"
"12322",,"0",false,"12322"
"78526",,"0",false,"78526"
"12960",,"0",false,"12960"
"6244",,"0",false,"6244"
"61506",,"0",false,"61506"
"6449",,"0",false,"6449"
"35753",,"0",false,"35753"
"6607",,"0",false,"6607"
"43615",,"0",false,"43615"
"27383",,"0",false,"27383"
"6699",,"0",false,"6699"
"57185",,"0",false,"57185"
"19903",,"0",false,"19903"
"57680",,"0",false,"57680"
"20874",,"0",false,"20874"
"66815",,"0",false,"66815"
"78541",,"0",false,"78541"
"47084",,"0",false,"47084"
"38160",,"0",false,"38160"
"52225",,"0",false,"52225"
"65755",,"0",false,"65755"
"56587",,"0",false,"56587"
"8207",,"0",false,"8207"
"65512",,"0",false,"65512"
"52304",,"0",false,"52304"
"45320",,"0",false,"45320"
"5281",,"0",false,"5281"
"19640",,"0",false,"19640"
"50882",,"0",false,"50882"
"40756",,"0",false,"40756"
"32837",,"0",false,"32837"
"31326",,"0",false,"31326"
"21894",,"0",false,"21894"
