Basin_ID,InlandSink
1872,FALSE
1873,FALSE
2046,FALSE
2047,FALSE
2048,FALSE
2052,FALSE
2053,FALSE
2054,FALSE
2055,FALSE
2079,FALSE
2243,FALSE
2244,FALSE
2255,FALSE
2256,FALSE
2257,FALSE
2258,FALSE
2259,FALSE
2260,FALSE
2261,FALSE
2262,FALSE
2263,FALSE
2264,FALSE
2265,FALSE
2285,FALSE
2286,FALSE
2287,FALSE
2290,FALSE
2296,FALSE
2467,FALSE
2468,FALSE
2469,FALSE
2470,FALSE
2471,FALSE
2472,FALSE
2474,FALSE
2475,FALSE
2476,FALSE
2477,FALSE
2478,FALSE
2479,FALSE
2480,FALSE
2266,FALSE
2505,FALSE
2506,FALSE
2507,FALSE
2508,FALSE
2539,FALSE
2542,FALSE
2692,FALSE
2693,FALSE
2694,FALSE
2695,FALSE
2696,FALSE
2697,FALSE
2698,FALSE
2699,FALSE
2703,FALSE
2704,FALSE
2705,FALSE
2706,FALSE
2737,FALSE
2738,FALSE
2739,FALSE
2740,FALSE
2741,FALSE
2742,FALSE
2743,FALSE
2747,FALSE
2748,FALSE
2755,FALSE
2756,FALSE
2757,FALSE
2758,FALSE
2774,FALSE
3017,FALSE
2785,FALSE
2908,FALSE
2909,FALSE
2922,FALSE
2924,FALSE
2925,FALSE
2926,FALSE
2927,FALSE
2928,FALSE
2929,FALSE
2975,FALSE
2976,FALSE
2977,FALSE
2978,FALSE
2980,FALSE
2993,FALSE
2994,FALSE
2995,FALSE
2996,FALSE
2997,FALSE
2998,FALSE
2999,FALSE
3000,FALSE
3001,FALSE
3002,FALSE
3003,FALSE
3004,FALSE
3005,FALSE
3008,FALSE
3011,FALSE
3012,FALSE
3013,FALSE
3014,FALSE
3128,FALSE
3138,FALSE
3140,FALSE
3141,FALSE
3142,FALSE
3143,FALSE
3144,FALSE
3145,FALSE
3191,FALSE
3192,FALSE
3193,FALSE
3194,FALSE
3195,FALSE
3196,FALSE
3197,FALSE
3198,FALSE
3199,FALSE
3200,FALSE
3201,FALSE
3205,FALSE
77878,FALSE
3209,FALSE
3210,FALSE
3211,FALSE
3212,FALSE
3213,FALSE
3214,FALSE
3215,FALSE
73301,FALSE
3216,FALSE
3225,FALSE
3236,FALSE
69271,FALSE
3318,FALSE
3319,FALSE
3329,FALSE
3333,FALSE
3334,FALSE
3335,FALSE
3380,FALSE
3381,FALSE
3383,FALSE
3384,FALSE
3385,FALSE
3386,FALSE
3389,FALSE
3391,FALSE
3392,FALSE
3393,FALSE
3418,FALSE
3419,FALSE
3448,FALSE
3455,FALSE
3528,FALSE
3529,FALSE
3538,FALSE
3539,FALSE
3540,FALSE
3541,FALSE
3542,FALSE
3543,FALSE
3544,FALSE
3545,FALSE
3546,FALSE
3547,FALSE
3548,FALSE
3549,FALSE
3550,FALSE
3551,FALSE
3591,FALSE
3592,FALSE
3593,FALSE
3594,FALSE
3596,FALSE
3597,FALSE
3598,FALSE
3599,FALSE
3600,FALSE
3601,FALSE
3602,FALSE
3603,FALSE
3605,FALSE
3606,FALSE
3607,FALSE
3608,FALSE
3609,FALSE
3610,FALSE
3611,FALSE
3612,FALSE
3616,FALSE
3617,FALSE
3618,FALSE
3619,FALSE
3621,FALSE
3622,FALSE
3623,FALSE
3624,FALSE
3625,FALSE
3626,FALSE
3627,FALSE
3628,FALSE
3642,FALSE
3643,FALSE
3646,FALSE
3647,FALSE
3648,FALSE
3649,FALSE
75482,FALSE
3662,FALSE
3663,FALSE
3667,FALSE
3668,FALSE
3669,FALSE
3689,FALSE
3690,FALSE
3778,FALSE
3786,FALSE
3787,FALSE
3788,FALSE
3789,FALSE
3790,FALSE
3791,FALSE
3792,FALSE
3793,FALSE
3795,FALSE
3798,FALSE
3800,FALSE
3850,FALSE
3851,FALSE
3852,FALSE
3853,FALSE
3854,FALSE
3855,FALSE
3856,FALSE
3857,FALSE
3858,FALSE
3865,FALSE
3866,FALSE
3875,FALSE
3876,FALSE
3877,FALSE
70193,FALSE
71368,FALSE
3880,FALSE
3881,FALSE
3882,FALSE
3620,FALSE
3886,FALSE
3887,FALSE
3888,FALSE
3889,FALSE
3890,FALSE
3891,FALSE
3892,FALSE
3894,FALSE
3895,FALSE
3896,FALSE
3897,FALSE
3898,FALSE
3899,FALSE
3900,FALSE
3901,FALSE
3913,FALSE
3915,FALSE
3917,FALSE
3923,FALSE
3924,FALSE
74728,FALSE
3925,FALSE
3926,FALSE
3927,FALSE
3928,FALSE
3930,FALSE
3931,FALSE
72073,FALSE
3943,FALSE
3945,FALSE
3951,FALSE
3952,FALSE
3958,FALSE
3971,FALSE
3987,FALSE
4062,FALSE
4063,FALSE
4070,FALSE
4072,FALSE
4073,FALSE
4074,FALSE
4075,FALSE
4076,FALSE
4077,FALSE
4078,FALSE
4079,FALSE
4080,FALSE
4081,FALSE
4082,FALSE
67718,FALSE
4083,FALSE
4084,FALSE
4085,FALSE
4088,FALSE
4137,FALSE
4138,FALSE
4166,FALSE
4167,FALSE
4168,FALSE
4169,FALSE
4170,FALSE
4171,FALSE
4172,FALSE
4173,FALSE
4184,FALSE
4185,FALSE
4187,FALSE
4188,FALSE
4189,FALSE
4191,FALSE
4192,FALSE
4193,FALSE
4194,FALSE
4195,FALSE
4207,FALSE
68526,FALSE
4220,FALSE
4223,FALSE
4224,FALSE
4229,FALSE
4236,FALSE
4239,FALSE
4240,FALSE
4241,FALSE
4248,FALSE
4249,FALSE
4253,FALSE
4263,FALSE
4264,FALSE
4265,FALSE
4271,FALSE
4272,FALSE
4276,FALSE
4354,FALSE
4355,FALSE
4362,FALSE
4363,FALSE
4371,FALSE
4372,FALSE
4373,FALSE
4374,FALSE
4375,FALSE
4376,FALSE
4377,FALSE
4378,FALSE
4379,FALSE
4380,FALSE
4381,FALSE
4382,FALSE
4383,FALSE
4384,FALSE
4385,FALSE
4386,FALSE
4479,FALSE
4480,FALSE
4482,FALSE
4483,FALSE
4484,FALSE
4493,FALSE
4494,FALSE
4495,FALSE
4496,FALSE
4497,FALSE
4499,FALSE
4500,FALSE
4503,FALSE
4505,FALSE
4516,FALSE
4519,FALSE
4520,FALSE
4539,FALSE
4540,FALSE
4541,FALSE
4546,FALSE
4548,FALSE
4551,FALSE
4552,FALSE
4554,FALSE
4556,FALSE
4557,FALSE
4558,FALSE
4559,FALSE
4571,FALSE
4584,FALSE
4591,FALSE
74685,FALSE
4661,FALSE
4662,FALSE
4669,FALSE
4670,FALSE
4678,FALSE
4679,FALSE
4680,FALSE
4681,FALSE
4682,FALSE
4684,FALSE
4685,FALSE
4686,FALSE
4687,FALSE
4688,FALSE
4689,FALSE
4695,FALSE
4696,FALSE
4697,FALSE
4698,FALSE
4699,FALSE
4790,FALSE
4791,FALSE
4792,FALSE
4793,FALSE
4794,FALSE
4796,FALSE
4797,FALSE
4799,FALSE
4800,FALSE
4801,FALSE
4802,FALSE
4804,FALSE
4815,FALSE
4816,FALSE
4817,FALSE
4823,FALSE
4824,FALSE
4825,FALSE
4826,FALSE
4827,FALSE
4828,FALSE
4829,FALSE
4830,FALSE
4832,FALSE
4833,FALSE
4834,FALSE
4835,FALSE
4836,FALSE
4837,FALSE
4848,FALSE
4849,FALSE
4872,FALSE
76167,FALSE
4873,FALSE
4875,FALSE
4877,FALSE
4882,FALSE
4890,FALSE
4892,FALSE
4893,FALSE
75334,FALSE
4986,FALSE
4987,FALSE
4990,FALSE
67038,FALSE
4992,FALSE
4993,FALSE
4995,FALSE
5000,FALSE
5002,FALSE
5003,FALSE
5004,FALSE
5012,FALSE
5013,FALSE
5014,FALSE
5015,FALSE
5019,FALSE
5020,FALSE
5021,FALSE
5022,FALSE
5023,FALSE
5024,FALSE
5025,FALSE
5033,FALSE
5034,FALSE
5035,FALSE
5128,FALSE
5130,FALSE
5134,FALSE
5135,FALSE
5136,FALSE
4798,FALSE
5141,FALSE
5142,FALSE
5143,FALSE
4803,FALSE
5168,FALSE
5169,FALSE
5170,FALSE
5172,FALSE
5173,FALSE
5174,FALSE
5175,FALSE
5176,FALSE
5177,FALSE
5178,FALSE
5179,FALSE
5180,FALSE
5181,FALSE
5182,FALSE
5183,FALSE
5186,FALSE
5187,FALSE
5188,FALSE
5191,FALSE
5192,FALSE
5193,FALSE
5194,FALSE
5195,FALSE
5199,FALSE
5201,FALSE
5208,FALSE
5209,FALSE
5210,FALSE
5211,FALSE
5228,FALSE
5229,FALSE
5230,FALSE
66920,FALSE
76676,FALSE
5239,FALSE
5242,FALSE
5243,FALSE
70417,FALSE
72026,FALSE
5345,FALSE
5346,FALSE
5347,FALSE
5348,FALSE
5349,FALSE
5350,FALSE
5351,FALSE
5352,FALSE
5353,FALSE
5354,FALSE
5355,FALSE
5356,FALSE
5357,FALSE
5358,FALSE
5359,FALSE
5360,FALSE
5361,FALSE
5363,FALSE
5364,FALSE
5365,FALSE
5366,FALSE
5367,FALSE
5368,FALSE
5369,FALSE
5370,FALSE
5373,FALSE
5374,FALSE
5385,FALSE
5386,FALSE
5387,FALSE
5403,FALSE
5404,FALSE
5405,FALSE
5406,FALSE
5129,FALSE
5500,FALSE
5501,FALSE
5502,FALSE
5543,FALSE
5544,FALSE
5545,FALSE
5546,FALSE
5547,FALSE
5548,FALSE
5549,FALSE
5550,FALSE
5554,FALSE
5555,FALSE
5557,FALSE
5558,FALSE
70803,FALSE
5561,FALSE
5562,FALSE
5563,FALSE
5564,FALSE
5565,FALSE
5566,FALSE
5567,FALSE
5585,FALSE
5586,FALSE
5587,FALSE
5588,FALSE
5589,FALSE
5590,FALSE
5591,FALSE
5592,FALSE
5593,FALSE
5594,FALSE
5595,FALSE
5596,FALSE
5597,FALSE
5599,FALSE
5600,FALSE
5608,FALSE
68074,FALSE
5612,FALSE
5613,FALSE
5615,FALSE
5619,FALSE
5621,FALSE
5622,FALSE
5640,FALSE
5641,FALSE
5642,FALSE
5643,FALSE
5647,FALSE
5655,FALSE
78505,FALSE
66952,FALSE
5658,FALSE
5659,FALSE
5660,FALSE
5661,FALSE
5668,FALSE
5670,FALSE
5671,FALSE
5672,FALSE
5675,FALSE
5678,FALSE
5690,FALSE
5696,FALSE
5697,FALSE
5763,FALSE
5764,FALSE
5765,FALSE
5766,FALSE
5767,FALSE
5768,FALSE
5769,FALSE
5770,FALSE
5772,FALSE
5774,FALSE
5777,FALSE
5780,FALSE
5781,FALSE
5782,FALSE
5783,FALSE
5784,FALSE
5785,FALSE
5786,FALSE
76831,FALSE
5787,FALSE
5788,FALSE
5789,FALSE
5792,FALSE
5803,FALSE
5804,FALSE
5805,FALSE
5822,FALSE
5823,FALSE
5824,FALSE
5976,FALSE
5977,FALSE
5978,FALSE
5979,FALSE
5980,FALSE
5981,FALSE
6016,FALSE
6017,FALSE
5598,FALSE
6022,FALSE
6023,FALSE
6024,FALSE
6025,FALSE
6026,FALSE
6031,FALSE
6037,FALSE
6040,FALSE
6041,FALSE
6045,FALSE
6049,FALSE
71324,FALSE
6056,FALSE
6083,FALSE
6085,FALSE
6086,FALSE
6087,FALSE
6088,FALSE
6090,FALSE
6091,FALSE
6092,FALSE
76672,FALSE
6093,FALSE
6094,FALSE
6095,FALSE
6096,FALSE
6100,FALSE
6101,FALSE
6110,FALSE
6114,FALSE
6115,FALSE
6118,FALSE
6119,FALSE
6120,FALSE
6125,FALSE
6143,FALSE
67924,FALSE
71874,FALSE
6203,FALSE
6204,FALSE
6205,FALSE
6206,FALSE
6207,FALSE
6208,FALSE
6209,FALSE
6210,FALSE
6211,FALSE
6227,FALSE
6228,FALSE
6229,FALSE
6230,FALSE
6231,FALSE
6232,FALSE
6233,FALSE
6234,FALSE
6235,FALSE
6236,FALSE
6237,FALSE
6238,FALSE
6239,FALSE
6240,FALSE
6241,FALSE
6242,FALSE
6243,FALSE
6244,FALSE
6245,FALSE
6247,FALSE
6248,FALSE
6249,FALSE
6259,FALSE
6260,FALSE
6432,FALSE
6433,FALSE
6434,FALSE
6436,FALSE
6437,FALSE
6438,FALSE
6439,FALSE
6440,FALSE
6441,FALSE
6442,FALSE
6443,FALSE
6444,FALSE
6446,FALSE
6447,FALSE
6448,FALSE
6449,FALSE
6450,FALSE
6451,FALSE
6452,FALSE
6454,FALSE
6455,FALSE
6456,FALSE
6457,FALSE
6458,FALSE
6459,FALSE
6460,FALSE
6461,FALSE
6462,FALSE
6463,FALSE
6464,FALSE
6465,FALSE
6467,FALSE
6468,FALSE
6515,FALSE
6516,FALSE
6517,FALSE
6518,FALSE
6523,FALSE
6524,FALSE
6525,FALSE
6531,FALSE
6545,FALSE
6557,FALSE
6558,FALSE
6559,FALSE
6562,FALSE
6575,FALSE
6576,FALSE
6577,FALSE
6586,FALSE
70108,FALSE
6589,FALSE
6590,FALSE
6591,FALSE
6592,FALSE
6595,FALSE
6596,FALSE
6597,FALSE
6598,FALSE
6600,FALSE
6606,FALSE
68631,FALSE
6616,FALSE
6617,FALSE
6619,FALSE
6620,FALSE
76022,FALSE
6622,FALSE
6624,FALSE
6642,FALSE
77237,FALSE
6701,FALSE
6702,FALSE
6703,FALSE
6704,FALSE
6705,FALSE
6706,FALSE
6736,FALSE
6737,FALSE
6738,FALSE
6739,FALSE
6740,FALSE
6741,FALSE
6742,FALSE
6743,FALSE
6744,FALSE
6745,FALSE
6746,FALSE
6747,FALSE
6749,FALSE
6750,FALSE
6758,FALSE
6759,FALSE
6760,FALSE
71871,FALSE
6763,FALSE
6771,FALSE
6772,FALSE
6773,FALSE
6774,FALSE
6775,FALSE
6776,FALSE
6777,FALSE
6778,FALSE
6779,FALSE
6948,FALSE
6959,FALSE
6962,FALSE
6963,FALSE
6964,FALSE
6965,FALSE
6980,FALSE
6981,FALSE
6982,FALSE
6984,FALSE
6985,FALSE
6986,FALSE
6987,FALSE
6988,FALSE
6989,FALSE
6990,FALSE
6991,FALSE
7045,FALSE
7046,FALSE
7047,FALSE
7048,FALSE
7049,FALSE
7087,FALSE
7088,FALSE
7089,FALSE
7090,FALSE
7091,FALSE
7101,FALSE
7102,FALSE
75150,FALSE
7115,FALSE
7118,FALSE
7120,FALSE
7121,FALSE
7123,FALSE
7124,FALSE
7126,FALSE
7127,FALSE
7128,FALSE
7131,FALSE
7139,FALSE
7142,FALSE
72680,FALSE
7151,FALSE
7152,FALSE
7153,FALSE
7154,FALSE
78447,FALSE
7155,FALSE
7156,FALSE
7157,FALSE
7169,FALSE
7170,FALSE
7223,FALSE
7224,FALSE
7225,FALSE
7226,FALSE
7227,FALSE
7228,FALSE
7229,FALSE
7230,FALSE
7268,FALSE
7269,FALSE
7270,FALSE
7271,FALSE
7272,FALSE
7273,FALSE
7274,FALSE
7276,FALSE
7277,FALSE
7278,FALSE
7279,FALSE
7280,FALSE
7282,FALSE
7283,FALSE
7284,FALSE
7287,FALSE
7288,FALSE
7289,FALSE
7290,FALSE
7291,FALSE
7292,FALSE
7293,FALSE
7294,FALSE
7295,FALSE
7296,FALSE
7297,FALSE
6761,FALSE
7309,FALSE
7310,FALSE
7311,FALSE
7312,FALSE
7313,FALSE
7320,FALSE
7321,FALSE
76048,FALSE
7322,FALSE
7323,FALSE
7324,FALSE
7325,FALSE
7326,FALSE
7327,FALSE
7328,FALSE
7511,FALSE
7512,FALSE
7513,FALSE
7514,FALSE
7532,FALSE
7536,FALSE
7537,FALSE
7538,FALSE
7541,FALSE
7542,FALSE
7645,FALSE
75071,FALSE
7657,FALSE
72231,FALSE
7661,FALSE
7662,FALSE
7664,FALSE
7665,FALSE
7666,FALSE
7668,FALSE
7678,FALSE
7682,FALSE
78526,FALSE
75940,FALSE
7683,FALSE
7690,FALSE
77623,FALSE
7691,FALSE
7692,FALSE
7696,FALSE
7697,FALSE
71341,FALSE
7698,FALSE
7700,FALSE
7767,FALSE
7768,FALSE
7769,FALSE
7770,FALSE
7771,FALSE
7772,FALSE
7773,FALSE
7774,FALSE
7817,FALSE
7818,FALSE
7819,FALSE
7820,FALSE
7821,FALSE
7822,FALSE
7824,FALSE
7825,FALSE
7826,FALSE
7829,FALSE
7830,FALSE
7831,FALSE
7832,FALSE
7833,FALSE
7834,FALSE
7835,FALSE
7836,FALSE
7837,FALSE
7838,FALSE
7847,FALSE
7848,FALSE
7865,FALSE
7866,FALSE
7875,FALSE
7876,FALSE
7877,FALSE
7878,FALSE
7883,FALSE
7884,FALSE
8088,FALSE
8096,FALSE
8097,FALSE
8099,FALSE
8100,FALSE
8101,FALSE
8199,FALSE
8214,FALSE
8224,FALSE
8225,FALSE
8226,FALSE
8227,FALSE
8228,FALSE
8229,FALSE
8230,FALSE
8231,FALSE
8232,FALSE
8233,FALSE
8237,FALSE
8253,FALSE
8255,FALSE
8256,FALSE
8265,FALSE
8267,FALSE
77310,FALSE
8274,FALSE
8291,FALSE
8335,FALSE
8336,FALSE
8337,FALSE
8338,FALSE
8388,FALSE
8389,FALSE
71179,FALSE
8391,FALSE
8393,FALSE
8394,FALSE
8395,FALSE
8396,FALSE
8397,FALSE
8398,FALSE
8399,FALSE
8400,FALSE
8401,FALSE
8447,FALSE
8448,FALSE
8449,FALSE
8454,FALSE
8455,FALSE
8456,FALSE
8457,FALSE
8659,FALSE
8669,FALSE
8670,FALSE
8671,FALSE
8672,FALSE
8674,FALSE
8675,FALSE
8676,FALSE
8786,FALSE
8810,FALSE
8811,FALSE
8827,FALSE
8828,FALSE
8839,FALSE
73030,FALSE
8841,FALSE
8845,FALSE
8862,FALSE
68011,FALSE
8908,FALSE
8909,FALSE
8944,FALSE
8945,FALSE
8962,FALSE
8963,FALSE
8964,FALSE
8965,FALSE
8966,FALSE
8967,FALSE
8968,FALSE
9016,FALSE
9017,FALSE
9019,FALSE
9230,FALSE
9241,FALSE
9242,FALSE
8673,FALSE
9245,FALSE
9246,FALSE
9247,FALSE
9248,FALSE
67248,FALSE
70691,FALSE
9249,FALSE
9250,FALSE
9251,FALSE
9358,FALSE
9359,FALSE
9360,FALSE
9403,FALSE
9404,FALSE
9405,FALSE
9406,FALSE
9410,FALSE
9412,FALSE
9436,FALSE
9477,FALSE
9478,FALSE
9516,FALSE
9517,FALSE
9518,FALSE
9519,FALSE
9520,FALSE
9532,FALSE
9533,FALSE
71549,FALSE
9535,FALSE
9537,FALSE
9538,FALSE
9539,FALSE
9540,FALSE
9541,FALSE
9584,FALSE
9585,FALSE
9586,FALSE
9587,FALSE
9588,FALSE
9589,FALSE
9590,FALSE
9591,FALSE
9592,FALSE
9804,FALSE
9805,FALSE
9806,FALSE
9807,FALSE
9816,FALSE
9817,FALSE
9823,FALSE
9824,FALSE
9825,FALSE
9826,FALSE
9828,FALSE
9829,FALSE
9831,FALSE
9832,FALSE
9833,FALSE
9834,FALSE
9836,FALSE
9837,FALSE
9838,FALSE
9839,FALSE
9945,FALSE
9987,FALSE
9988,FALSE
9995,FALSE
10007,FALSE
10008,FALSE
10009,FALSE
10011,FALSE
10013,FALSE
10060,FALSE
10061,FALSE
10062,FALSE
10063,FALSE
10064,FALSE
10065,FALSE
10066,FALSE
10067,FALSE
10068,FALSE
10069,FALSE
10070,FALSE
10071,FALSE
10072,FALSE
10073,FALSE
10074,FALSE
10075,FALSE
10076,FALSE
10077,FALSE
10078,FALSE
10119,FALSE
10120,FALSE
10121,FALSE
10122,FALSE
10123,FALSE
10124,FALSE
10125,FALSE
10126,FALSE
10127,FALSE
10128,FALSE
10129,FALSE
10130,FALSE
10131,FALSE
10132,FALSE
73010,FALSE
10133,FALSE
10134,FALSE
10135,FALSE
10136,FALSE
10137,FALSE
10138,FALSE
10139,FALSE
10191,FALSE
10192,FALSE
10193,FALSE
10194,FALSE
10195,FALSE
10411,FALSE
10413,FALSE
10416,FALSE
10417,FALSE
10418,FALSE
10425,FALSE
10426,FALSE
10427,FALSE
10428,FALSE
10429,FALSE
10430,FALSE
10431,FALSE
10432,FALSE
10433,FALSE
10588,FALSE
10589,FALSE
10590,FALSE
10594,FALSE
10595,FALSE
10596,FALSE
10598,FALSE
10603,FALSE
10614,FALSE
10615,FALSE
70452,FALSE
10618,FALSE
10650,FALSE
10651,FALSE
10656,FALSE
10657,FALSE
10658,FALSE
10659,FALSE
10662,FALSE
10669,FALSE
10670,FALSE
10671,FALSE
10672,FALSE
10673,FALSE
10674,FALSE
10692,FALSE
10693,FALSE
10694,FALSE
10695,FALSE
10696,FALSE
10697,FALSE
10698,FALSE
10699,FALSE
10718,FALSE
10719,FALSE
10720,FALSE
10721,FALSE
10816,FALSE
10999,FALSE
11000,FALSE
11003,FALSE
11005,FALSE
11006,FALSE
11013,FALSE
11016,FALSE
11017,FALSE
11176,FALSE
11177,FALSE
11180,FALSE
11181,FALSE
11185,FALSE
11188,FALSE
11205,FALSE
11238,FALSE
11239,FALSE
11241,FALSE
11242,FALSE
11259,FALSE
11260,FALSE
11261,FALSE
11279,FALSE
11280,FALSE
11281,FALSE
11282,FALSE
11301,FALSE
11302,FALSE
11303,FALSE
11304,FALSE
11305,FALSE
11306,FALSE
11307,FALSE
11402,FALSE
11586,FALSE
11587,FALSE
11588,FALSE
11589,FALSE
11590,FALSE
11592,FALSE
11593,FALSE
11595,FALSE
11596,FALSE
11597,FALSE
11600,FALSE
11601,FALSE
11602,FALSE
11603,FALSE
11604,FALSE
11605,FALSE
11606,FALSE
11607,FALSE
11755,FALSE
11761,FALSE
11762,FALSE
11763,FALSE
11765,FALSE
11773,FALSE
11788,FALSE
11814,FALSE
11815,FALSE
11816,FALSE
11817,FALSE
11833,FALSE
11834,FALSE
11835,FALSE
11836,FALSE
11856,FALSE
11857,FALSE
11858,FALSE
11859,FALSE
11878,FALSE
70896,FALSE
11879,FALSE
11882,FALSE
11883,FALSE
11884,FALSE
11885,FALSE
11886,FALSE
12158,FALSE
12159,FALSE
12160,FALSE
12161,FALSE
12162,FALSE
12163,FALSE
12164,FALSE
12165,FALSE
12166,FALSE
12167,FALSE
12168,FALSE
12170,FALSE
12171,FALSE
12172,FALSE
12173,FALSE
12174,FALSE
12175,FALSE
12317,FALSE
12322,FALSE
12331,FALSE
12335,FALSE
12336,FALSE
12337,FALSE
12338,FALSE
12339,FALSE
12341,FALSE
12342,FALSE
12343,FALSE
12344,FALSE
12384,FALSE
12385,FALSE
12399,FALSE
12400,FALSE
12401,FALSE
12402,FALSE
12403,FALSE
12422,FALSE
12423,FALSE
12424,FALSE
12425,FALSE
12426,FALSE
12447,FALSE
12448,FALSE
12449,FALSE
12450,FALSE
12451,FALSE
12452,FALSE
12453,FALSE
12534,TRUE
12535,TRUE
12536,TRUE
12630,FALSE
12732,FALSE
12733,FALSE
12734,FALSE
12735,FALSE
12736,FALSE
12737,FALSE
12741,FALSE
12880,FALSE
12887,FALSE
12890,FALSE
12892,FALSE
12894,FALSE
12895,FALSE
12897,FALSE
69914,FALSE
12900,FALSE
12901,FALSE
12903,FALSE
12904,FALSE
12905,FALSE
12910,FALSE
12911,FALSE
12912,FALSE
12918,FALSE
12940,FALSE
12941,FALSE
12942,FALSE
12943,FALSE
12944,FALSE
12945,FALSE
12946,FALSE
12949,FALSE
12954,FALSE
12955,FALSE
12956,FALSE
12957,FALSE
12958,FALSE
12959,FALSE
12960,FALSE
12978,FALSE
12979,FALSE
78220,FALSE
12980,FALSE
12981,FALSE
13008,FALSE
13009,FALSE
13010,FALSE
13011,FALSE
13094,TRUE
13186,FALSE
13292,FALSE
13293,FALSE
13294,FALSE
13295,FALSE
13296,FALSE
13297,FALSE
13298,FALSE
13299,FALSE
13301,FALSE
13302,FALSE
13303,FALSE
13304,FALSE
13305,FALSE
13306,FALSE
13307,FALSE
13448,FALSE
13451,FALSE
13452,FALSE
71433,FALSE
13454,FALSE
13455,FALSE
13457,FALSE
13458,FALSE
13459,FALSE
13466,FALSE
13467,FALSE
70557,FALSE
13494,FALSE
13495,FALSE
13496,FALSE
13497,FALSE
13498,FALSE
13499,FALSE
13500,FALSE
13501,FALSE
13502,FALSE
13503,FALSE
13519,FALSE
13520,FALSE
13521,FALSE
13522,FALSE
13523,FALSE
13524,FALSE
13525,FALSE
13741,FALSE
13838,FALSE
13839,FALSE
13842,FALSE
13987,FALSE
13988,FALSE
13989,FALSE
13991,FALSE
13993,FALSE
13995,FALSE
69071,FALSE
13996,FALSE
13998,FALSE
69279,FALSE
13999,FALSE
14001,FALSE
14002,FALSE
76937,FALSE
14008,FALSE
14009,FALSE
14010,FALSE
14028,FALSE
14029,FALSE
14030,FALSE
14031,FALSE
14032,FALSE
14050,FALSE
14051,FALSE
14052,FALSE
14053,FALSE
14270,FALSE
14337,FALSE
14338,FALSE
14339,FALSE
14340,FALSE
14364,FALSE
14365,FALSE
14366,FALSE
14369,FALSE
14370,FALSE
14371,FALSE
14372,FALSE
14516,FALSE
14517,FALSE
73270,FALSE
14521,FALSE
14522,FALSE
14523,FALSE
14525,FALSE
14529,FALSE
14531,FALSE
14537,FALSE
14539,FALSE
14541,FALSE
14542,FALSE
14561,FALSE
14562,FALSE
14563,FALSE
14564,FALSE
14565,FALSE
14587,FALSE
14588,FALSE
14589,FALSE
14873,FALSE
14874,FALSE
14875,FALSE
14876,FALSE
14896,FALSE
14897,FALSE
14898,FALSE
14899,FALSE
14900,FALSE
14901,FALSE
14902,FALSE
14903,FALSE
14904,FALSE
14994,FALSE
15049,FALSE
15050,FALSE
15051,FALSE
15052,FALSE
15067,FALSE
15068,FALSE
15069,FALSE
15085,FALSE
15086,FALSE
15087,FALSE
15111,FALSE
15112,FALSE
15251,FALSE
15383,FALSE
15384,FALSE
15385,FALSE
15386,FALSE
15387,FALSE
15388,FALSE
15389,FALSE
15390,FALSE
15394,FALSE
15395,FALSE
15396,FALSE
15397,FALSE
15398,FALSE
15416,FALSE
15417,FALSE
15418,FALSE
15419,FALSE
15422,FALSE
15423,FALSE
15451,FALSE
15452,FALSE
15453,FALSE
15454,FALSE
15510,FALSE
15566,FALSE
15579,FALSE
15600,FALSE
15601,FALSE
15602,FALSE
15626,FALSE
15627,FALSE
15723,FALSE
15764,FALSE
15897,FALSE
15898,FALSE
15899,FALSE
15902,FALSE
15903,FALSE
15904,FALSE
15905,FALSE
15922,FALSE
15923,FALSE
15924,FALSE
15925,FALSE
15952,FALSE
15953,FALSE
15954,FALSE
15955,FALSE
15956,FALSE
15957,FALSE
15960,FALSE
15962,FALSE
15963,FALSE
16067,FALSE
76196,FALSE
16068,FALSE
16085,FALSE
72518,FALSE
16095,FALSE
16096,FALSE
16097,FALSE
16098,FALSE
16122,FALSE
16123,FALSE
16125,FALSE
16137,FALSE
16138,FALSE
16139,FALSE
16140,FALSE
16221,FALSE
16394,FALSE
16396,FALSE
16397,FALSE
16398,FALSE
16399,FALSE
16400,FALSE
16401,FALSE
16402,FALSE
16411,FALSE
16412,FALSE
16413,FALSE
16416,FALSE
16417,FALSE
16418,FALSE
16419,FALSE
16421,FALSE
16422,FALSE
16423,FALSE
16424,FALSE
16425,FALSE
16426,FALSE
16431,FALSE
16451,FALSE
16452,FALSE
16453,FALSE
16460,FALSE
16461,FALSE
16462,FALSE
16463,FALSE
16464,FALSE
16465,FALSE
16466,FALSE
16467,FALSE
16566,FALSE
16567,FALSE
16583,FALSE
16584,FALSE
16585,FALSE
16588,FALSE
16595,FALSE
16596,FALSE
16597,FALSE
16598,FALSE
16623,FALSE
16624,FALSE
16625,FALSE
16626,FALSE
72979,FALSE
68192,FALSE
16627,FALSE
16628,FALSE
16629,FALSE
16630,FALSE
16632,FALSE
16633,FALSE
16634,FALSE
16635,FALSE
16636,FALSE
16637,FALSE
16638,FALSE
16639,FALSE
16640,FALSE
16890,FALSE
16891,FALSE
16892,FALSE
16893,FALSE
16898,FALSE
16899,FALSE
16900,FALSE
16901,FALSE
16902,FALSE
16903,FALSE
16904,FALSE
16905,FALSE
16906,FALSE
16907,FALSE
16908,FALSE
16909,FALSE
16910,FALSE
16911,FALSE
16912,FALSE
16913,FALSE
16914,FALSE
16915,FALSE
16916,FALSE
16932,FALSE
16933,FALSE
16934,FALSE
16935,FALSE
16936,FALSE
16940,FALSE
16941,FALSE
16942,FALSE
70312,FALSE
17038,FALSE
17062,FALSE
17063,FALSE
17064,FALSE
17065,FALSE
17073,FALSE
17074,FALSE
17090,FALSE
78206,FALSE
74585,FALSE
17091,FALSE
17092,FALSE
17093,FALSE
17095,FALSE
17096,FALSE
17097,FALSE
17098,FALSE
17099,FALSE
17101,FALSE
17102,FALSE
17340,FALSE
17341,FALSE
17342,FALSE
17344,FALSE
17350,FALSE
17351,FALSE
17352,FALSE
17356,FALSE
17357,FALSE
17358,FALSE
17359,FALSE
17360,FALSE
17361,FALSE
17362,FALSE
17363,FALSE
17378,FALSE
17379,FALSE
17381,FALSE
17382,FALSE
17384,FALSE
17385,FALSE
17387,FALSE
17440,FALSE
17474,FALSE
17493,FALSE
17495,FALSE
17499,FALSE
17501,FALSE
17502,FALSE
17503,FALSE
17504,FALSE
17505,FALSE
17512,FALSE
17513,FALSE
17514,FALSE
17515,FALSE
17528,FALSE
17529,FALSE
17530,FALSE
17531,FALSE
17532,FALSE
17533,FALSE
17534,FALSE
17536,FALSE
17540,FALSE
17541,FALSE
17542,FALSE
17770,FALSE
17771,FALSE
17772,FALSE
17773,FALSE
17774,FALSE
17775,FALSE
17776,FALSE
17777,FALSE
17778,FALSE
17779,FALSE
17780,FALSE
17781,FALSE
17782,FALSE
17783,FALSE
17784,FALSE
17785,FALSE
17786,FALSE
17787,FALSE
17788,FALSE
17789,FALSE
17790,FALSE
17791,FALSE
17792,FALSE
17793,FALSE
17794,FALSE
17795,FALSE
17796,FALSE
17801,FALSE
17802,FALSE
17803,FALSE
17804,FALSE
17805,FALSE
17806,FALSE
17807,FALSE
17808,FALSE
17809,FALSE
17810,FALSE
17811,FALSE
17812,FALSE
17813,FALSE
17814,FALSE
17821,FALSE
17825,FALSE
17829,FALSE
17830,FALSE
17879,FALSE
17912,FALSE
17913,FALSE
17914,FALSE
17915,FALSE
17916,FALSE
17917,FALSE
17918,FALSE
17934,FALSE
17935,FALSE
17939,FALSE
17940,FALSE
17945,FALSE
17947,FALSE
17948,FALSE
17949,FALSE
17950,FALSE
17951,FALSE
17952,FALSE
17953,FALSE
17959,FALSE
17960,FALSE
17961,FALSE
17962,FALSE
17974,FALSE
17975,FALSE
68278,FALSE
17976,FALSE
17977,FALSE
17978,FALSE
17979,FALSE
18215,FALSE
18216,FALSE
18217,FALSE
18218,FALSE
18219,FALSE
18220,FALSE
18221,FALSE
18226,FALSE
18227,FALSE
18229,FALSE
18230,FALSE
18231,FALSE
77093,FALSE
18232,FALSE
18233,FALSE
18234,FALSE
18239,FALSE
18240,FALSE
18241,FALSE
18242,FALSE
18243,FALSE
18244,FALSE
18247,FALSE
18248,FALSE
18249,FALSE
18250,FALSE
18251,FALSE
18334,FALSE
18335,FALSE
18336,FALSE
18355,FALSE
18356,FALSE
18366,FALSE
18367,FALSE
18368,FALSE
18369,FALSE
18370,FALSE
18371,FALSE
18374,FALSE
18375,FALSE
18376,FALSE
18377,FALSE
18378,FALSE
18379,FALSE
18380,FALSE
18381,FALSE
18382,FALSE
18383,FALSE
18384,FALSE
18394,FALSE
77113,FALSE
18395,FALSE
18396,FALSE
18397,FALSE
18398,FALSE
18399,FALSE
18400,FALSE
18489,FALSE
18538,FALSE
18633,FALSE
18634,FALSE
18635,FALSE
18636,FALSE
18642,FALSE
18643,FALSE
18645,FALSE
18649,FALSE
18650,FALSE
18652,FALSE
18653,FALSE
18654,FALSE
18655,FALSE
18656,FALSE
18657,FALSE
18658,FALSE
18659,FALSE
18660,FALSE
18661,FALSE
18744,FALSE
18746,FALSE
18775,FALSE
18776,FALSE
18777,FALSE
18778,FALSE
18779,FALSE
18780,FALSE
18781,FALSE
18783,FALSE
18784,FALSE
18785,FALSE
18786,FALSE
18787,FALSE
18788,FALSE
18789,FALSE
18790,FALSE
18791,FALSE
18792,FALSE
18802,FALSE
18803,FALSE
18804,FALSE
18805,FALSE
18806,FALSE
18807,FALSE
18808,FALSE
18809,FALSE
18896,FALSE
18947,FALSE
19041,FALSE
19042,FALSE
19043,FALSE
19044,FALSE
19053,FALSE
19054,FALSE
19055,FALSE
19056,FALSE
19057,FALSE
19058,FALSE
19061,FALSE
19062,FALSE
19063,FALSE
19064,FALSE
19065,FALSE
19066,FALSE
19067,FALSE
19068,FALSE
19069,FALSE
19070,FALSE
19071,FALSE
19072,FALSE
19073,FALSE
19155,FALSE
19156,FALSE
19157,FALSE
19158,FALSE
19159,FALSE
19160,FALSE
19161,FALSE
19191,FALSE
19192,FALSE
19193,FALSE
19194,FALSE
19195,FALSE
19196,FALSE
19203,FALSE
19204,FALSE
19205,FALSE
19206,FALSE
19207,FALSE
19208,FALSE
19209,FALSE
19210,FALSE
19211,FALSE
19212,FALSE
19220,FALSE
19221,FALSE
19222,FALSE
19223,FALSE
19224,FALSE
19225,FALSE
19226,FALSE
19228,FALSE
19229,FALSE
19230,FALSE
19459,FALSE
19460,FALSE
19461,FALSE
19462,FALSE
19474,FALSE
19476,FALSE
19477,FALSE
19478,FALSE
19480,FALSE
19481,FALSE
19482,FALSE
19484,FALSE
19485,FALSE
19486,FALSE
19487,FALSE
19488,FALSE
19489,FALSE
19490,FALSE
19491,FALSE
19492,FALSE
19577,FALSE
19578,FALSE
19579,FALSE
19580,FALSE
19581,FALSE
19582,FALSE
75148,FALSE
19583,FALSE
19612,FALSE
19613,FALSE
19614,FALSE
78076,FALSE
19615,FALSE
19616,FALSE
19617,FALSE
19618,FALSE
19624,FALSE
19625,FALSE
19626,FALSE
19629,FALSE
72988,FALSE
19630,FALSE
19631,FALSE
19638,FALSE
19639,FALSE
19640,FALSE
19641,FALSE
19646,FALSE
19686,FALSE
19875,FALSE
19876,FALSE
19878,FALSE
19891,FALSE
19892,FALSE
19893,FALSE
19897,FALSE
19899,FALSE
19900,FALSE
19901,FALSE
19902,FALSE
19903,FALSE
19904,FALSE
19905,FALSE
19992,FALSE
19993,FALSE
19994,FALSE
19995,FALSE
19996,FALSE
19997,FALSE
20027,FALSE
20028,FALSE
20031,FALSE
20032,FALSE
20036,FALSE
20037,FALSE
20038,FALSE
20039,FALSE
20043,FALSE
20044,FALSE
20045,FALSE
20046,FALSE
20050,FALSE
20051,FALSE
20052,FALSE
20053,FALSE
20054,FALSE
20055,FALSE
20099,FALSE
20287,FALSE
20288,FALSE
20289,FALSE
20290,FALSE
20303,FALSE
20304,FALSE
20305,FALSE
20306,FALSE
20307,FALSE
20308,FALSE
20309,FALSE
20310,FALSE
20311,FALSE
20312,FALSE
20313,FALSE
20316,FALSE
20317,FALSE
20318,FALSE
20319,FALSE
20320,FALSE
20321,FALSE
20322,FALSE
20409,FALSE
20410,FALSE
20411,FALSE
20412,FALSE
20415,FALSE
20416,FALSE
20448,FALSE
20449,FALSE
20450,FALSE
20451,FALSE
20452,FALSE
20453,FALSE
20458,FALSE
20459,FALSE
20460,FALSE
20463,FALSE
20464,FALSE
20465,FALSE
20466,FALSE
20467,FALSE
20468,FALSE
20469,FALSE
20472,FALSE
20473,FALSE
20529,FALSE
20577,TRUE
20703,FALSE
20704,FALSE
20705,FALSE
20706,FALSE
20718,FALSE
20721,FALSE
20722,FALSE
20723,FALSE
20724,FALSE
20725,FALSE
20726,FALSE
20728,FALSE
20730,FALSE
20731,FALSE
20732,FALSE
20733,FALSE
20734,FALSE
20735,FALSE
20736,FALSE
20826,FALSE
20827,FALSE
20828,FALSE
20829,FALSE
20830,FALSE
20831,FALSE
20832,FALSE
20833,FALSE
20834,FALSE
20868,FALSE
20869,FALSE
20870,FALSE
20871,FALSE
73926,FALSE
20872,FALSE
20873,FALSE
20874,FALSE
20875,FALSE
20876,FALSE
20877,FALSE
20878,FALSE
20879,FALSE
20886,FALSE
20887,FALSE
20888,FALSE
20890,FALSE
20891,FALSE
20892,FALSE
20893,FALSE
20894,FALSE
20895,FALSE
20896,FALSE
20897,FALSE
20898,FALSE
20899,FALSE
20900,FALSE
20901,FALSE
20903,FALSE
20960,FALSE
21001,TRUE
21006,TRUE
21131,FALSE
21132,FALSE
21133,FALSE
21135,FALSE
21136,FALSE
21137,FALSE
21149,FALSE
21150,FALSE
21151,FALSE
21152,FALSE
21153,FALSE
21154,FALSE
21155,FALSE
21156,FALSE
21158,FALSE
21159,FALSE
21160,FALSE
71819,FALSE
21161,FALSE
21162,FALSE
21163,FALSE
21164,FALSE
21259,FALSE
21260,FALSE
21261,FALSE
21262,FALSE
21302,FALSE
21303,FALSE
21304,FALSE
21305,FALSE
21306,FALSE
21307,FALSE
21312,FALSE
21313,FALSE
21314,FALSE
21315,FALSE
21316,FALSE
21317,FALSE
21321,FALSE
21322,FALSE
21323,FALSE
21324,FALSE
21326,FALSE
21327,FALSE
21328,FALSE
21329,FALSE
21330,FALSE
21331,FALSE
21332,FALSE
21333,FALSE
21334,FALSE
21335,FALSE
21336,FALSE
21337,FALSE
21338,FALSE
21339,FALSE
21340,FALSE
21341,FALSE
21437,TRUE
21444,TRUE
21454,TRUE
21571,FALSE
21572,FALSE
21573,FALSE
21574,FALSE
21575,FALSE
21576,FALSE
21577,FALSE
21578,FALSE
21588,FALSE
21589,FALSE
21590,FALSE
21591,FALSE
21592,FALSE
21593,FALSE
75505,FALSE
78249,FALSE
21595,FALSE
21597,FALSE
21600,FALSE
21601,FALSE
21602,FALSE
21603,FALSE
21604,FALSE
21605,FALSE
21606,FALSE
21701,FALSE
21704,FALSE
21745,FALSE
21746,FALSE
21747,FALSE
21748,FALSE
21749,FALSE
21750,FALSE
21751,FALSE
21752,FALSE
21753,FALSE
21758,FALSE
71393,FALSE
21759,FALSE
21760,FALSE
21761,FALSE
21762,FALSE
21763,FALSE
21768,FALSE
21769,FALSE
21772,FALSE
21773,FALSE
21774,FALSE
21775,FALSE
21776,FALSE
21777,FALSE
21778,FALSE
21779,FALSE
21780,FALSE
21781,FALSE
21782,FALSE
21783,FALSE
21784,FALSE
21789,FALSE
21790,FALSE
21791,FALSE
21886,TRUE
21891,TRUE
21892,TRUE
21893,TRUE
21894,TRUE
21898,TRUE
21899,TRUE
21902,TRUE
22025,FALSE
22026,FALSE
22027,FALSE
22028,FALSE
22029,FALSE
22030,FALSE
22031,FALSE
22032,FALSE
22033,FALSE
22034,FALSE
22042,FALSE
22043,FALSE
22044,FALSE
22047,FALSE
22048,FALSE
22049,FALSE
22050,FALSE
22051,FALSE
22052,FALSE
22053,FALSE
22054,FALSE
22055,FALSE
22056,FALSE
22057,FALSE
22058,FALSE
22151,FALSE
22152,FALSE
22190,FALSE
22191,FALSE
22192,FALSE
22193,FALSE
22196,FALSE
22197,FALSE
22198,FALSE
22199,FALSE
22200,FALSE
22207,FALSE
22208,FALSE
22209,FALSE
22213,FALSE
22214,FALSE
22215,FALSE
22216,FALSE
22217,FALSE
22218,FALSE
22219,FALSE
22230,FALSE
22231,FALSE
22335,TRUE
22346,TRUE
22347,TRUE
22350,TRUE
22353,TRUE
22475,FALSE
22476,FALSE
22477,FALSE
22478,FALSE
22479,FALSE
22482,FALSE
22483,FALSE
22484,FALSE
22486,FALSE
22494,FALSE
22495,FALSE
22496,FALSE
22497,FALSE
22498,FALSE
22499,FALSE
22500,FALSE
22501,FALSE
22502,FALSE
22503,FALSE
22504,FALSE
22505,FALSE
22506,FALSE
22507,FALSE
22566,FALSE
22599,FALSE
22600,FALSE
22601,FALSE
75691,FALSE
22604,FALSE
22642,FALSE
22651,FALSE
22652,FALSE
22653,FALSE
22654,FALSE
22660,FALSE
22661,FALSE
22662,FALSE
22663,FALSE
22664,FALSE
22671,FALSE
22672,FALSE
22673,FALSE
22674,FALSE
22675,FALSE
22676,FALSE
22677,FALSE
22794,TRUE
22809,TRUE
22810,TRUE
22812,TRUE
22816,TRUE
22944,FALSE
22945,FALSE
22946,FALSE
22947,FALSE
22948,FALSE
22949,FALSE
22950,FALSE
22955,FALSE
22956,FALSE
22957,FALSE
22962,FALSE
22963,FALSE
22964,FALSE
22965,FALSE
22966,FALSE
22967,FALSE
23004,TRUE
23028,FALSE
23059,FALSE
23060,FALSE
23061,FALSE
23062,FALSE
23063,FALSE
23109,FALSE
23110,FALSE
23111,FALSE
23117,FALSE
23118,FALSE
23119,FALSE
23128,FALSE
23129,FALSE
23130,FALSE
23131,FALSE
23132,FALSE
23134,FALSE
23254,TRUE
23271,TRUE
23273,TRUE
23274,TRUE
23277,TRUE
23279,TRUE
23280,TRUE
23282,TRUE
23405,FALSE
23406,FALSE
23409,FALSE
23410,FALSE
23415,FALSE
23420,FALSE
23421,FALSE
23426,FALSE
23427,FALSE
23428,FALSE
23429,FALSE
23430,FALSE
23431,FALSE
23432,FALSE
23522,FALSE
23523,FALSE
23526,FALSE
23572,FALSE
23573,FALSE
23574,FALSE
23579,FALSE
23580,FALSE
23581,FALSE
23582,FALSE
23583,FALSE
23595,FALSE
23596,FALSE
23713,TRUE
23714,TRUE
23739,TRUE
23740,TRUE
23743,TRUE
23750,TRUE
23870,FALSE
23871,FALSE
23874,FALSE
23875,FALSE
23879,FALSE
23885,FALSE
23887,FALSE
77657,FALSE
23889,FALSE
23890,FALSE
23891,FALSE
23921,TRUE
23931,TRUE
23933,TRUE
23984,FALSE
23985,FALSE
23986,FALSE
23987,FALSE
24031,FALSE
24032,FALSE
24033,FALSE
24034,FALSE
24035,FALSE
24036,FALSE
24037,FALSE
24038,FALSE
24039,FALSE
24040,FALSE
24041,FALSE
24042,FALSE
24043,FALSE
24046,FALSE
24047,FALSE
24053,FALSE
24054,FALSE
24055,FALSE
24200,TRUE
24201,TRUE
24204,TRUE
24208,TRUE
24329,FALSE
24330,FALSE
24331,FALSE
24334,FALSE
24335,FALSE
24337,FALSE
24338,FALSE
67228,FALSE
24345,FALSE
24346,FALSE
24439,FALSE
24440,FALSE
24441,FALSE
24443,FALSE
24483,FALSE
24484,FALSE
24485,FALSE
24486,FALSE
24487,FALSE
24488,FALSE
24489,FALSE
24491,FALSE
24492,FALSE
24493,FALSE
24494,FALSE
24502,FALSE
24503,FALSE
70263,FALSE
24504,FALSE
24505,FALSE
24506,FALSE
24622,TRUE
24652,TRUE
24653,TRUE
24656,TRUE
24659,TRUE
24780,FALSE
24781,FALSE
24783,FALSE
24785,FALSE
24786,FALSE
24788,FALSE
24789,FALSE
24790,FALSE
24792,FALSE
24794,FALSE
24926,FALSE
24927,FALSE
24928,FALSE
24929,FALSE
24930,FALSE
24931,FALSE
24932,FALSE
24935,FALSE
24936,FALSE
24937,FALSE
24938,FALSE
24939,FALSE
24940,FALSE
24941,FALSE
24942,FALSE
24943,FALSE
24944,FALSE
24945,FALSE
25096,TRUE
25102,TRUE
25196,FALSE
25222,FALSE
25223,FALSE
25226,FALSE
25227,FALSE
25228,FALSE
25229,FALSE
76848,FALSE
25230,FALSE
25231,FALSE
25234,FALSE
25235,FALSE
25268,TRUE
25274,TRUE
25352,FALSE
25353,FALSE
25354,FALSE
25355,FALSE
25356,FALSE
25357,FALSE
25358,FALSE
25359,FALSE
25360,FALSE
25361,FALSE
25362,FALSE
25363,FALSE
25364,FALSE
25365,FALSE
25366,FALSE
25367,FALSE
25369,FALSE
25370,FALSE
75630,FALSE
25371,FALSE
25372,FALSE
25373,FALSE
25374,FALSE
25375,FALSE
25376,FALSE
25377,FALSE
25511,TRUE
25529,TRUE
25530,TRUE
25531,TRUE
25556,TRUE
25559,TRUE
25605,TRUE
25628,FALSE
25655,FALSE
25656,FALSE
25659,FALSE
25660,FALSE
25661,FALSE
25662,FALSE
25663,FALSE
25664,FALSE
25665,FALSE
25667,FALSE
25668,FALSE
25669,FALSE
25670,FALSE
25671,FALSE
25783,FALSE
25784,FALSE
25785,FALSE
25786,FALSE
25787,FALSE
25788,FALSE
73942,FALSE
25790,FALSE
25792,FALSE
25793,FALSE
25794,FALSE
76701,FALSE
25795,FALSE
25796,FALSE
25798,FALSE
25799,FALSE
25800,FALSE
25801,FALSE
25802,FALSE
25930,TRUE
25950,TRUE
26080,FALSE
26081,FALSE
26085,FALSE
26086,FALSE
68235,FALSE
26087,FALSE
26088,FALSE
26090,FALSE
26091,FALSE
26092,FALSE
26093,FALSE
26118,TRUE
26202,FALSE
26203,FALSE
26204,FALSE
26205,FALSE
26206,FALSE
26207,FALSE
26208,FALSE
26209,FALSE
26210,FALSE
26211,FALSE
26212,FALSE
26213,FALSE
26214,FALSE
26215,FALSE
26216,FALSE
26222,FALSE
26223,FALSE
26224,FALSE
26225,FALSE
71976,FALSE
26226,FALSE
26227,FALSE
26228,FALSE
26229,FALSE
26230,FALSE
26231,FALSE
26324,TRUE
26327,TRUE
26335,TRUE
26417,TRUE
26422,TRUE
26424,TRUE
26429,TRUE
26466,TRUE
26511,FALSE
26512,FALSE
26514,FALSE
26515,FALSE
26516,FALSE
26518,FALSE
75583,FALSE
26519,FALSE
26520,FALSE
26522,FALSE
26523,FALSE
26524,FALSE
26631,FALSE
26632,FALSE
26633,FALSE
26634,FALSE
26635,FALSE
26641,FALSE
26642,FALSE
26643,FALSE
26653,FALSE
26654,FALSE
26655,FALSE
26656,FALSE
26657,FALSE
26658,FALSE
26659,FALSE
26660,FALSE
26661,FALSE
26758,TRUE
26765,TRUE
26769,TRUE
26792,TRUE
26859,TRUE
26893,TRUE
26945,FALSE
26946,FALSE
26947,FALSE
26948,FALSE
26952,FALSE
26953,FALSE
26954,FALSE
26955,FALSE
26956,FALSE
26957,FALSE
27003,TRUE
27062,FALSE
27063,FALSE
27064,FALSE
27068,FALSE
27069,FALSE
27070,FALSE
27071,FALSE
27072,FALSE
27073,FALSE
27074,FALSE
27075,FALSE
27085,FALSE
27086,FALSE
27087,FALSE
27088,FALSE
27089,FALSE
27191,TRUE
27203,TRUE
27224,TRUE
27377,FALSE
27378,FALSE
27379,FALSE
27380,FALSE
27381,FALSE
27382,FALSE
27383,FALSE
27386,FALSE
27387,FALSE
27491,FALSE
27492,FALSE
27500,FALSE
27501,FALSE
27502,FALSE
69252,FALSE
74392,FALSE
27503,FALSE
27504,FALSE
27505,FALSE
27506,FALSE
27507,FALSE
27508,FALSE
27509,FALSE
27510,FALSE
27511,FALSE
27512,FALSE
27513,FALSE
27514,FALSE
27515,FALSE
27516,FALSE
27517,FALSE
27518,FALSE
27519,FALSE
27520,FALSE
27521,FALSE
27648,TRUE
27655,TRUE
27789,FALSE
27804,FALSE
27806,FALSE
27807,FALSE
27810,FALSE
27813,FALSE
27814,FALSE
27917,FALSE
27918,FALSE
27928,FALSE
27929,FALSE
27930,FALSE
66998,FALSE
69738,FALSE
27931,FALSE
27932,FALSE
27933,FALSE
27934,FALSE
27935,FALSE
27936,FALSE
27937,FALSE
27938,FALSE
74992,FALSE
27939,FALSE
28019,FALSE
28020,FALSE
28021,FALSE
28022,FALSE
28464,FALSE
28046,FALSE
28466,FALSE
28467,FALSE
28468,FALSE
28118,TRUE
28132,TRUE
28208,FALSE
28221,FALSE
70425,FALSE
28222,FALSE
28224,FALSE
28225,FALSE
28226,FALSE
28227,FALSE
28332,FALSE
28333,FALSE
28345,FALSE
28346,FALSE
28347,FALSE
28348,FALSE
28349,FALSE
28350,FALSE
28351,FALSE
28352,FALSE
28353,FALSE
28354,FALSE
28355,FALSE
28356,FALSE
28357,FALSE
28358,FALSE
28359,FALSE
28424,FALSE
28425,FALSE
28426,FALSE
28427,FALSE
28434,FALSE
28435,FALSE
28436,FALSE
28437,FALSE
28438,FALSE
28439,FALSE
28440,FALSE
28872,FALSE
28462,FALSE
28463,FALSE
28469,FALSE
28480,TRUE
28492,TRUE
28524,TRUE
28549,TRUE
28577,TRUE
28578,TRUE
28585,TRUE
28590,TRUE
28599,TRUE
28639,FALSE
28640,FALSE
28642,FALSE
28643,FALSE
28644,FALSE
70616,FALSE
28646,FALSE
28764,FALSE
28765,FALSE
28766,FALSE
28767,FALSE
28768,FALSE
28769,FALSE
73297,FALSE
28770,FALSE
28771,FALSE
28772,FALSE
28773,FALSE
28774,FALSE
28775,FALSE
28838,FALSE
28839,FALSE
28840,FALSE
28841,FALSE
28842,FALSE
28843,FALSE
28844,FALSE
28845,FALSE
28846,FALSE
28847,FALSE
28848,FALSE
28849,FALSE
28850,FALSE
29277,FALSE
28871,FALSE
28880,FALSE
28937,TRUE
28964,TRUE
28981,TRUE
28984,TRUE
28987,TRUE
28998,TRUE
29049,FALSE
29050,FALSE
29051,FALSE
29052,FALSE
29053,FALSE
29055,FALSE
29056,FALSE
29174,FALSE
29175,FALSE
29176,FALSE
29177,FALSE
29178,FALSE
29179,FALSE
29180,FALSE
29181,FALSE
29182,FALSE
29183,FALSE
29184,FALSE
29185,FALSE
29213,FALSE
29214,FALSE
29215,FALSE
29247,FALSE
29248,FALSE
29249,FALSE
29250,FALSE
29251,FALSE
29253,FALSE
29255,FALSE
29677,FALSE
29275,FALSE
29276,FALSE
29285,FALSE
29294,TRUE
29301,FALSE
29312,TRUE
29327,TRUE
29351,TRUE
29363,TRUE
29374,TRUE
29378,TRUE
29389,TRUE
29391,TRUE
29397,TRUE
29405,TRUE
29407,TRUE
29416,TRUE
29454,FALSE
29455,FALSE
71001,FALSE
29457,FALSE
29458,FALSE
29459,FALSE
29573,FALSE
29574,FALSE
29575,FALSE
29576,FALSE
29577,FALSE
29578,FALSE
29579,FALSE
29583,FALSE
29584,FALSE
29585,FALSE
29586,FALSE
29612,FALSE
29613,FALSE
29614,FALSE
29615,FALSE
29616,FALSE
29646,FALSE
29647,FALSE
29648,FALSE
29254,FALSE
29652,FALSE
29653,FALSE
29654,FALSE
29655,FALSE
29656,FALSE
30074,FALSE
29676,FALSE
29685,FALSE
29686,FALSE
29687,TRUE
29702,TRUE
29714,TRUE
29770,TRUE
29778,TRUE
29781,TRUE
29783,TRUE
29784,TRUE
29786,TRUE
29787,TRUE
29794,TRUE
29796,TRUE
29797,TRUE
29800,TRUE
29802,TRUE
29807,TRUE
29815,TRUE
29855,FALSE
29856,FALSE
29859,FALSE
29860,FALSE
29861,FALSE
29862,FALSE
29863,FALSE
29864,FALSE
29865,FALSE
29978,FALSE
29979,FALSE
78263,FALSE
29980,FALSE
29981,FALSE
29983,FALSE
29984,FALSE
29985,FALSE
29986,FALSE
29987,FALSE
29988,FALSE
30015,FALSE
30016,FALSE
30017,FALSE
30018,FALSE
30019,FALSE
30047,FALSE
30048,FALSE
30049,FALSE
30050,FALSE
30051,FALSE
30052,FALSE
30053,FALSE
30054,FALSE
30055,FALSE
30073,FALSE
30080,FALSE
30081,FALSE
30082,FALSE
30099,FALSE
30142,TRUE
30145,TRUE
30157,TRUE
30159,TRUE
30160,TRUE
30162,TRUE
30163,TRUE
30165,TRUE
30172,TRUE
30178,TRUE
30187,TRUE
30192,TRUE
30194,TRUE
30196,TRUE
30197,TRUE
30199,TRUE
30200,TRUE
30202,TRUE
30206,TRUE
30252,FALSE
69460,FALSE
30253,FALSE
30255,FALSE
30258,FALSE
30259,FALSE
30260,FALSE
30371,FALSE
30372,FALSE
30373,FALSE
30374,FALSE
30377,FALSE
30378,FALSE
30379,FALSE
30380,FALSE
30399,FALSE
30400,FALSE
30401,FALSE
30402,FALSE
30407,FALSE
30408,FALSE
74929,FALSE
30409,FALSE
30436,FALSE
30437,FALSE
30438,FALSE
30439,FALSE
30440,FALSE
30457,FALSE
30463,FALSE
30464,FALSE
30502,TRUE
30550,TRUE
30558,TRUE
30566,TRUE
30573,TRUE
30575,TRUE
30583,TRUE
30586,TRUE
30590,TRUE
30634,FALSE
76185,FALSE
30635,FALSE
30638,FALSE
30639,FALSE
30640,FALSE
30642,FALSE
77727,FALSE
30643,FALSE
30644,FALSE
30645,FALSE
30753,FALSE
30754,FALSE
30755,FALSE
30756,FALSE
30757,FALSE
30758,FALSE
30759,FALSE
30760,FALSE
30761,FALSE
30762,FALSE
73290,FALSE
72165,FALSE
30763,FALSE
78128,FALSE
30764,FALSE
30781,FALSE
30782,FALSE
30783,FALSE
30784,FALSE
30790,FALSE
30791,FALSE
30792,FALSE
30793,FALSE
30819,FALSE
30820,FALSE
30836,FALSE
30844,FALSE
30925,TRUE
30927,TRUE
30932,TRUE
30937,TRUE
30940,TRUE
30947,TRUE
30950,TRUE
30958,TRUE
30960,TRUE
30963,TRUE
30966,TRUE
30968,TRUE
31012,FALSE
31013,FALSE
31020,FALSE
31021,FALSE
70270,FALSE
67427,FALSE
31023,FALSE
31028,TRUE
31030,TRUE
31032,TRUE
31034,TRUE
31130,FALSE
31131,FALSE
31132,FALSE
31133,FALSE
31137,FALSE
31138,FALSE
31140,FALSE
31141,FALSE
31142,FALSE
31143,FALSE
31144,FALSE
31145,FALSE
31146,FALSE
31147,FALSE
31157,FALSE
31158,FALSE
31159,FALSE
31160,FALSE
31161,FALSE
31162,FALSE
31163,FALSE
31164,FALSE
31165,FALSE
31172,FALSE
31173,FALSE
31174,FALSE
31175,FALSE
31196,FALSE
31197,FALSE
31198,FALSE
31199,FALSE
31200,FALSE
31201,FALSE
31222,FALSE
31223,FALSE
31228,TRUE
31235,TRUE
31322,TRUE
31325,TRUE
31326,TRUE
31329,TRUE
31335,TRUE
31343,TRUE
31346,TRUE
31347,TRUE
31348,TRUE
31349,TRUE
31353,TRUE
31383,FALSE
31384,FALSE
31388,FALSE
31389,FALSE
31390,FALSE
31391,FALSE
31392,FALSE
31398,FALSE
31399,FALSE
31400,FALSE
31401,FALSE
31402,FALSE
31403,FALSE
31410,TRUE
31411,TRUE
31412,TRUE
31415,TRUE
31510,FALSE
31511,FALSE
31512,FALSE
31536,FALSE
31537,FALSE
31538,FALSE
67554,FALSE
31539,FALSE
31540,FALSE
31541,FALSE
31546,FALSE
31547,FALSE
31548,FALSE
31549,FALSE
31550,FALSE
31551,FALSE
31570,FALSE
31571,FALSE
31584,FALSE
31585,FALSE
31592,FALSE
31593,FALSE
31594,TRUE
31667,TRUE
31671,TRUE
31673,TRUE
31688,TRUE
31695,TRUE
31708,TRUE
31711,TRUE
31714,TRUE
31718,TRUE
31719,TRUE
31720,TRUE
31750,FALSE
31751,FALSE
78101,FALSE
31752,FALSE
31753,FALSE
31754,FALSE
31755,FALSE
77152,FALSE
31756,FALSE
31757,FALSE
31758,FALSE
31759,FALSE
31760,FALSE
31764,FALSE
75462,FALSE
74571,FALSE
31765,FALSE
31775,TRUE
31872,FALSE
77151,FALSE
31873,FALSE
31897,FALSE
31898,FALSE
31900,FALSE
67652,FALSE
31901,FALSE
31902,FALSE
31907,FALSE
31908,FALSE
31909,FALSE
31910,FALSE
31928,FALSE
69767,FALSE
78091,FALSE
31929,FALSE
31930,FALSE
31943,FALSE
31951,FALSE
31972,TRUE
32033,TRUE
32045,TRUE
32047,TRUE
32048,TRUE
32049,TRUE
32052,TRUE
32057,TRUE
32059,TRUE
32064,TRUE
32068,TRUE
32107,FALSE
32108,FALSE
32109,FALSE
32110,FALSE
32111,FALSE
32112,FALSE
32113,FALSE
32114,FALSE
32115,FALSE
32116,FALSE
32117,FALSE
32122,TRUE
32123,TRUE
32125,TRUE
32126,TRUE
32128,TRUE
32149,TRUE
32173,FALSE
32223,FALSE
32224,FALSE
32225,FALSE
32226,FALSE
32227,FALSE
32250,FALSE
32251,FALSE
32252,FALSE
32253,FALSE
32254,FALSE
32260,FALSE
32261,FALSE
32262,FALSE
32263,FALSE
32281,FALSE
32282,FALSE
32283,FALSE
32284,FALSE
32285,FALSE
32286,FALSE
32287,FALSE
32288,FALSE
32289,FALSE
32290,FALSE
32291,FALSE
32305,FALSE
32322,TRUE
32338,TRUE
32386,TRUE
32406,TRUE
32410,TRUE
32437,TRUE
32467,FALSE
32469,FALSE
32470,FALSE
32471,FALSE
75464,FALSE
32472,FALSE
32481,TRUE
32482,TRUE
32483,TRUE
32495,TRUE
32528,FALSE
32574,FALSE
32575,FALSE
32576,FALSE
32577,FALSE
32578,FALSE
32579,FALSE
32580,FALSE
32581,FALSE
32601,FALSE
32602,FALSE
32603,FALSE
32604,FALSE
32605,FALSE
32606,FALSE
32607,FALSE
32608,FALSE
32609,FALSE
32610,FALSE
32615,FALSE
32616,FALSE
32617,FALSE
32618,FALSE
32636,FALSE
32637,FALSE
32638,FALSE
32639,FALSE
32640,FALSE
32641,FALSE
32642,FALSE
32643,FALSE
32653,FALSE
32654,FALSE
32655,FALSE
32656,FALSE
67019,FALSE
75013,FALSE
32657,FALSE
32658,FALSE
32674,FALSE
32681,FALSE
32683,FALSE
32688,TRUE
32762,TRUE
32780,TRUE
32781,TRUE
32782,TRUE
32786,TRUE
32804,TRUE
32835,FALSE
32836,FALSE
32837,FALSE
32838,FALSE
32839,FALSE
32846,TRUE
32848,TRUE
32849,TRUE
32858,TRUE
32860,TRUE
32939,FALSE
32940,FALSE
32941,FALSE
32942,FALSE
32943,FALSE
32944,FALSE
32963,FALSE
32964,FALSE
32965,FALSE
32967,FALSE
32968,FALSE
32969,FALSE
32974,FALSE
32975,FALSE
32976,FALSE
32977,FALSE
32981,TRUE
32982,TRUE
32984,FALSE
32986,FALSE
32987,FALSE
32988,FALSE
32989,FALSE
32990,FALSE
32991,FALSE
32992,FALSE
32993,FALSE
32994,FALSE
32995,FALSE
32996,FALSE
32997,FALSE
33014,FALSE
33015,FALSE
33017,FALSE
33018,FALSE
33037,FALSE
33038,FALSE
33043,FALSE
33051,TRUE
33064,TRUE
33066,TRUE
33073,TRUE
33140,TRUE
33146,TRUE
33149,TRUE
33163,TRUE
33164,TRUE
33179,FALSE
33180,FALSE
33181,FALSE
33182,FALSE
33195,FALSE
33196,FALSE
33197,FALSE
33198,FALSE
33199,FALSE
33200,FALSE
33201,FALSE
33202,FALSE
33203,FALSE
33211,TRUE
33214,TRUE
33221,TRUE
33222,TRUE
33303,FALSE
70372,FALSE
33304,FALSE
33322,FALSE
75133,FALSE
75099,FALSE
33324,FALSE
33327,FALSE
73082,FALSE
33328,FALSE
33331,FALSE
33332,FALSE
33333,FALSE
33334,FALSE
33335,FALSE
33336,FALSE
33337,FALSE
33343,FALSE
33344,FALSE
33345,FALSE
33346,FALSE
33347,FALSE
33348,FALSE
33349,FALSE
33350,FALSE
33351,FALSE
33352,FALSE
33353,FALSE
33386,TRUE
33395,FALSE
33396,FALSE
33401,FALSE
33406,TRUE
33412,TRUE
33422,TRUE
33450,TRUE
33477,TRUE
33492,TRUE
33501,TRUE
33503,TRUE
33511,TRUE
33512,TRUE
33536,FALSE
33537,FALSE
33539,FALSE
33551,FALSE
33552,FALSE
33553,FALSE
33557,FALSE
33558,FALSE
33568,TRUE
33570,TRUE
33572,TRUE
33573,TRUE
33574,TRUE
33575,TRUE
33655,FALSE
33657,FALSE
69139,FALSE
33658,FALSE
33676,FALSE
33678,FALSE
33679,FALSE
33680,FALSE
33681,FALSE
33682,FALSE
33683,FALSE
33686,FALSE
33687,FALSE
33689,FALSE
33690,FALSE
33691,FALSE
33692,FALSE
33697,FALSE
33698,FALSE
33699,FALSE
33700,FALSE
33701,FALSE
33747,FALSE
33748,FALSE
33755,FALSE
33855,TRUE
33857,TRUE
33860,TRUE
33887,FALSE
33888,FALSE
33889,FALSE
33890,FALSE
33892,FALSE
33893,FALSE
33894,FALSE
33895,FALSE
33896,FALSE
33897,FALSE
33901,FALSE
33902,FALSE
33903,FALSE
33907,FALSE
67075,FALSE
33908,FALSE
33919,TRUE
33928,TRUE
33975,FALSE
34003,FALSE
34005,FALSE
34006,FALSE
34007,FALSE
73671,FALSE
34008,FALSE
34026,FALSE
34027,FALSE
34028,FALSE
34029,FALSE
34030,FALSE
34031,FALSE
34033,FALSE
34034,FALSE
34035,FALSE
34037,FALSE
34038,FALSE
34039,FALSE
34040,FALSE
34044,FALSE
34045,FALSE
34046,FALSE
34047,FALSE
34048,FALSE
34049,FALSE
34094,FALSE
34102,FALSE
34103,FALSE
34142,TRUE
34204,TRUE
34205,TRUE
34214,TRUE
34231,FALSE
34232,FALSE
34233,FALSE
34234,FALSE
34235,FALSE
34236,FALSE
34237,FALSE
71832,FALSE
73105,FALSE
34238,FALSE
34242,FALSE
34243,FALSE
34244,FALSE
34248,FALSE
34249,FALSE
34250,FALSE
34260,TRUE
34268,TRUE
34270,TRUE
34315,FALSE
34342,FALSE
34344,FALSE
34346,FALSE
76029,FALSE
78039,FALSE
34348,FALSE
34367,FALSE
34368,FALSE
34370,FALSE
75019,FALSE
34371,FALSE
34372,FALSE
34373,FALSE
34374,FALSE
34375,FALSE
34379,FALSE
34380,FALSE
34381,FALSE
34382,FALSE
34383,FALSE
34384,FALSE
34385,FALSE
34386,FALSE
34395,TRUE
34399,TRUE
34418,TRUE
34430,FALSE
34440,FALSE
34512,TRUE
34517,TRUE
34519,TRUE
34520,TRUE
34537,TRUE
34550,TRUE
34568,FALSE
34569,FALSE
34570,FALSE
34571,FALSE
34577,FALSE
34578,FALSE
34582,FALSE
34583,FALSE
34584,FALSE
34585,FALSE
34586,FALSE
34592,TRUE
34593,TRUE
34594,TRUE
34597,TRUE
34598,TRUE
34675,FALSE
34676,FALSE
34677,FALSE
34678,FALSE
34679,FALSE
69849,FALSE
34680,FALSE
34681,FALSE
34697,FALSE
34698,FALSE
34699,FALSE
34700,FALSE
34701,FALSE
69413,FALSE
34702,FALSE
34703,FALSE
34704,FALSE
34705,FALSE
34706,FALSE
34707,FALSE
34708,FALSE
34709,FALSE
34710,FALSE
34711,FALSE
34712,FALSE
34713,FALSE
34714,FALSE
34715,FALSE
34716,FALSE
34717,FALSE
34718,FALSE
34719,FALSE
34720,FALSE
34727,TRUE
34729,TRUE
34736,TRUE
34763,FALSE
34764,FALSE
34773,FALSE
34815,TRUE
34847,TRUE
34849,TRUE
34853,TRUE
34861,TRUE
34882,TRUE
34901,FALSE
34902,FALSE
34903,FALSE
34904,FALSE
34905,FALSE
34912,FALSE
34913,FALSE
34914,FALSE
34915,FALSE
34918,FALSE
34919,FALSE
72591,FALSE
34920,FALSE
34921,FALSE
34930,TRUE
34931,TRUE
34933,TRUE
34934,TRUE
34935,TRUE
34936,TRUE
34986,FALSE
35012,FALSE
35013,FALSE
35014,FALSE
35015,FALSE
76603,FALSE
75154,FALSE
35016,FALSE
35032,FALSE
35033,FALSE
35034,FALSE
35037,FALSE
35039,FALSE
35040,FALSE
35041,FALSE
35042,FALSE
35043,FALSE
35046,FALSE
35047,FALSE
35048,FALSE
35049,FALSE
35050,FALSE
35051,FALSE
35052,FALSE
35053,FALSE
35054,FALSE
35059,TRUE
35060,TRUE
35066,TRUE
35067,TRUE
35090,TRUE
35098,FALSE
35107,FALSE
35178,TRUE
35186,TRUE
35190,TRUE
35216,TRUE
35237,FALSE
35238,FALSE
35239,FALSE
35240,FALSE
35241,FALSE
35242,FALSE
35243,FALSE
35244,FALSE
35248,FALSE
35249,FALSE
35251,FALSE
35252,FALSE
35253,FALSE
35256,FALSE
35257,FALSE
35267,TRUE
35270,TRUE
35324,FALSE
35348,FALSE
35349,FALSE
35350,FALSE
35351,FALSE
35352,FALSE
35354,FALSE
35355,FALSE
35365,FALSE
35367,FALSE
35368,FALSE
35369,FALSE
35370,FALSE
35371,FALSE
35372,FALSE
35373,FALSE
35374,FALSE
35375,FALSE
35376,FALSE
35377,FALSE
35378,FALSE
35381,FALSE
35382,FALSE
35384,FALSE
35385,FALSE
35386,FALSE
35387,FALSE
35388,FALSE
35389,FALSE
35390,FALSE
35391,FALSE
35392,FALSE
35099,FALSE
35100,FALSE
35437,FALSE
35444,FALSE
35513,TRUE
35522,TRUE
35526,TRUE
35530,TRUE
35574,FALSE
35575,FALSE
35576,FALSE
35577,FALSE
35580,FALSE
35581,FALSE
35582,FALSE
67840,FALSE
35583,FALSE
35588,FALSE
76383,FALSE
35589,FALSE
35590,FALSE
35591,FALSE
35592,FALSE
35597,FALSE
69109,FALSE
35598,FALSE
35599,FALSE
35607,TRUE
35611,TRUE
35612,TRUE
35690,FALSE
76768,FALSE
72792,FALSE
35691,FALSE
35693,FALSE
35697,FALSE
35698,FALSE
35699,FALSE
35700,FALSE
35701,FALSE
35702,FALSE
35703,FALSE
35704,FALSE
35705,FALSE
35706,FALSE
35707,FALSE
35708,FALSE
35709,FALSE
35710,FALSE
35711,FALSE
35712,FALSE
35713,FALSE
35716,FALSE
35717,FALSE
35721,FALSE
35722,FALSE
35723,FALSE
35724,FALSE
69423,FALSE
35725,FALSE
35726,FALSE
35727,FALSE
35728,FALSE
35729,FALSE
35730,FALSE
35731,FALSE
35732,FALSE
35733,FALSE
35734,FALSE
35735,FALSE
35736,FALSE
35738,FALSE
35739,FALSE
35740,FALSE
35741,FALSE
35745,FALSE
35746,FALSE
35747,FALSE
35752,FALSE
35753,FALSE
35754,FALSE
35755,FALSE
35756,FALSE
35785,FALSE
35786,FALSE
35787,FALSE
35789,FALSE
35790,FALSE
35880,TRUE
35882,TRUE
35884,TRUE
35925,FALSE
35926,FALSE
35927,FALSE
35928,FALSE
35929,FALSE
35930,FALSE
35935,FALSE
35936,FALSE
35937,FALSE
35938,FALSE
35944,FALSE
35945,FALSE
35949,TRUE
35953,TRUE
35954,TRUE
35955,TRUE
35958,TRUE
36035,FALSE
36036,FALSE
36037,FALSE
36038,FALSE
36039,FALSE
36040,FALSE
36042,FALSE
36043,FALSE
36063,FALSE
73974,FALSE
36064,FALSE
36065,FALSE
36066,FALSE
36067,FALSE
75409,FALSE
36068,FALSE
36069,FALSE
36070,FALSE
36071,FALSE
36072,FALSE
36074,FALSE
36075,FALSE
36076,FALSE
36077,FALSE
36078,FALSE
36079,FALSE
35788,FALSE
36184,TRUE
36185,TRUE
36186,TRUE
36248,FALSE
36249,FALSE
36250,FALSE
36256,FALSE
36258,FALSE
36259,FALSE
36260,FALSE
36268,FALSE
36269,FALSE
36276,TRUE
36277,TRUE
36281,TRUE
36358,FALSE
36359,FALSE
36360,FALSE
36361,FALSE
36362,FALSE
36363,FALSE
36364,FALSE
36365,FALSE
36380,TRUE
36387,FALSE
74010,FALSE
36388,FALSE
36389,FALSE
36390,FALSE
36391,FALSE
36392,FALSE
36393,FALSE
36394,FALSE
36395,FALSE
36399,TRUE
36407,TRUE
36433,TRUE
36489,TRUE
36491,TRUE
36492,TRUE
36493,TRUE
36498,TRUE
36502,TRUE
36504,TRUE
36506,TRUE
36509,TRUE
36510,TRUE
36563,FALSE
36564,FALSE
69514,FALSE
36565,FALSE
36570,FALSE
36571,FALSE
36572,FALSE
36573,FALSE
36575,FALSE
36576,FALSE
36577,FALSE
36578,FALSE
36579,FALSE
36586,FALSE
36588,FALSE
36589,FALSE
36591,TRUE
36595,TRUE
36596,TRUE
36598,TRUE
36677,FALSE
36678,FALSE
78433,FALSE
36679,FALSE
36682,FALSE
36683,FALSE
36684,FALSE
36685,FALSE
36686,FALSE
36687,FALSE
36688,FALSE
36689,FALSE
36699,TRUE
36701,TRUE
36714,FALSE
36715,FALSE
36716,FALSE
36717,FALSE
36718,FALSE
36719,FALSE
36720,FALSE
36721,FALSE
36722,FALSE
36723,FALSE
36724,FALSE
36725,FALSE
36726,FALSE
36727,FALSE
36728,FALSE
36736,TRUE
36816,TRUE
36823,TRUE
36824,TRUE
36826,TRUE
36829,TRUE
36830,TRUE
36831,TRUE
36833,TRUE
36835,TRUE
36837,TRUE
36895,FALSE
36896,FALSE
36897,FALSE
36902,FALSE
36903,FALSE
36904,FALSE
36905,FALSE
36906,FALSE
36907,FALSE
36913,FALSE
36917,FALSE
36918,FALSE
36919,FALSE
36920,FALSE
36921,FALSE
36927,TRUE
36951,TRUE
37008,FALSE
37009,FALSE
37010,FALSE
37011,FALSE
37029,TRUE
37045,FALSE
37046,FALSE
37047,FALSE
37048,FALSE
37049,FALSE
37050,FALSE
37051,FALSE
37052,FALSE
37053,FALSE
37062,TRUE
37087,TRUE
37094,TRUE
37097,TRUE
37140,TRUE
37141,TRUE
37142,TRUE
37145,TRUE
37146,TRUE
37149,TRUE
37156,TRUE
37159,TRUE
37162,TRUE
37176,TRUE
37220,FALSE
37222,FALSE
37223,FALSE
37224,FALSE
37225,FALSE
37226,FALSE
37227,FALSE
37228,FALSE
37229,FALSE
37230,FALSE
37231,FALSE
37235,FALSE
37236,FALSE
37237,FALSE
37240,FALSE
37241,FALSE
37242,FALSE
37243,FALSE
37244,FALSE
37245,FALSE
37246,FALSE
37247,FALSE
37248,FALSE
37249,FALSE
37250,FALSE
37256,TRUE
37257,TRUE
37305,FALSE
37306,FALSE
37332,FALSE
37333,FALSE
37348,TRUE
37360,TRUE
37367,FALSE
37368,FALSE
37374,TRUE
37396,TRUE
37400,TRUE
37405,TRUE
37456,TRUE
37458,TRUE
37460,TRUE
37461,TRUE
37463,TRUE
37464,TRUE
37465,TRUE
37466,TRUE
37467,TRUE
37468,TRUE
37472,TRUE
37536,FALSE
37537,FALSE
37538,FALSE
37539,FALSE
71116,FALSE
69930,FALSE
37540,FALSE
37541,FALSE
37542,FALSE
37543,FALSE
37544,FALSE
37545,FALSE
37546,FALSE
37547,FALSE
37548,FALSE
37549,FALSE
37550,FALSE
37552,FALSE
37553,FALSE
37554,FALSE
37555,FALSE
37556,FALSE
37557,FALSE
37562,TRUE
37585,TRUE
37635,FALSE
37636,FALSE
76785,FALSE
37637,FALSE
37638,FALSE
37639,FALSE
37649,TRUE
37673,FALSE
37674,FALSE
37675,FALSE
37676,FALSE
37679,TRUE
37692,TRUE
37711,TRUE
37727,TRUE
37741,TRUE
37763,TRUE
37772,TRUE
37774,TRUE
37777,TRUE
37780,TRUE
37782,TRUE
37783,TRUE
37785,TRUE
37846,FALSE
37847,FALSE
37848,FALSE
37849,FALSE
37850,FALSE
37851,FALSE
37852,FALSE
37853,FALSE
37854,FALSE
37855,FALSE
37856,FALSE
37857,FALSE
37858,FALSE
37859,FALSE
37860,FALSE
37861,FALSE
37862,FALSE
37863,FALSE
73641,FALSE
77107,FALSE
37864,FALSE
37865,FALSE
37866,FALSE
37869,TRUE
37942,FALSE
66914,FALSE
37943,FALSE
37944,FALSE
37983,FALSE
37984,FALSE
37985,FALSE
37989,TRUE
38029,TRUE
38070,TRUE
38077,TRUE
38080,TRUE
38083,TRUE
38091,TRUE
38092,TRUE
38094,TRUE
38156,FALSE
38157,FALSE
38158,FALSE
38159,FALSE
38160,FALSE
38161,FALSE
38164,FALSE
38165,FALSE
38166,FALSE
38167,FALSE
38168,FALSE
38169,FALSE
77414,FALSE
38170,FALSE
69810,FALSE
38171,FALSE
38172,FALSE
38193,TRUE
38194,TRUE
38199,TRUE
38245,FALSE
38246,FALSE
38247,FALSE
38248,FALSE
38249,FALSE
38250,FALSE
38293,FALSE
38294,FALSE
38295,FALSE
38296,FALSE
38297,FALSE
38298,FALSE
38299,FALSE
38300,FALSE
38301,FALSE
38302,FALSE
38303,FALSE
38304,FALSE
38322,TRUE
38344,TRUE
38356,TRUE
38391,TRUE
38398,TRUE
38399,TRUE
38401,TRUE
38402,TRUE
38403,TRUE
38405,TRUE
38407,TRUE
38408,TRUE
38409,TRUE
38410,TRUE
38411,TRUE
38476,FALSE
38478,FALSE
38479,FALSE
38480,FALSE
38481,FALSE
38484,FALSE
71789,FALSE
38485,FALSE
72813,FALSE
38486,FALSE
38489,TRUE
38501,TRUE
38503,TRUE
38559,FALSE
70941,FALSE
70290,FALSE
38560,FALSE
38608,FALSE
38609,FALSE
38610,FALSE
38616,FALSE
38617,FALSE
70018,FALSE
68859,FALSE
38618,FALSE
38654,TRUE
38713,TRUE
38716,TRUE
38718,TRUE
38721,TRUE
38722,TRUE
38725,TRUE
38791,FALSE
38792,FALSE
38793,FALSE
38796,FALSE
38797,FALSE
38800,FALSE
38801,FALSE
38802,FALSE
38803,FALSE
38820,TRUE
38824,TRUE
38825,TRUE
38868,FALSE
38869,FALSE
38919,FALSE
38921,FALSE
38930,FALSE
38931,FALSE
38932,FALSE
38933,FALSE
38934,FALSE
38935,FALSE
74932,FALSE
38936,FALSE
39033,TRUE
39041,TRUE
39045,TRUE
39047,TRUE
39049,TRUE
39108,FALSE
39109,FALSE
39110,FALSE
39112,FALSE
39113,FALSE
39114,FALSE
39115,FALSE
39116,FALSE
39118,FALSE
39119,FALSE
39120,FALSE
39121,FALSE
39133,TRUE
39134,TRUE
39185,FALSE
39186,FALSE
38920,FALSE
39237,FALSE
39238,FALSE
39239,FALSE
39240,FALSE
39241,FALSE
39254,FALSE
39255,FALSE
39256,FALSE
39257,FALSE
39258,FALSE
39259,FALSE
39260,FALSE
39261,FALSE
39263,FALSE
39264,FALSE
39265,FALSE
39266,FALSE
39267,FALSE
39268,FALSE
39270,TRUE
39278,TRUE
39294,FALSE
39322,TRUE
39366,TRUE
39368,TRUE
39371,TRUE
39373,TRUE
39374,TRUE
39381,TRUE
39382,TRUE
39443,FALSE
39444,FALSE
39445,FALSE
39446,FALSE
39447,FALSE
39450,FALSE
39451,FALSE
39502,FALSE
39515,FALSE
39516,FALSE
39571,FALSE
39572,FALSE
39573,FALSE
39574,FALSE
39592,FALSE
39598,FALSE
39609,TRUE
39628,FALSE
39701,TRUE
39705,TRUE
39715,TRUE
39776,FALSE
39777,FALSE
74570,FALSE
73104,FALSE
39778,FALSE
39779,FALSE
77306,FALSE
39780,FALSE
39782,FALSE
39783,FALSE
39798,TRUE
39828,FALSE
39829,FALSE
39830,FALSE
39831,FALSE
39832,FALSE
39833,FALSE
39834,FALSE
39835,FALSE
39836,FALSE
39837,FALSE
39846,FALSE
39847,FALSE
39904,FALSE
39905,FALSE
39906,FALSE
39927,TRUE
39931,FALSE
39932,FALSE
39939,TRUE
39964,FALSE
39965,FALSE
39966,FALSE
39984,TRUE
40036,TRUE
40039,TRUE
40108,FALSE
40109,FALSE
40110,FALSE
40111,FALSE
40112,FALSE
40113,FALSE
40114,FALSE
40117,FALSE
40118,FALSE
40119,FALSE
40120,FALSE
40133,TRUE
40155,FALSE
40156,FALSE
40157,FALSE
40158,FALSE
40159,FALSE
40160,FALSE
40161,FALSE
40166,FALSE
40167,FALSE
40168,FALSE
40169,FALSE
40170,FALSE
40171,FALSE
40175,FALSE
40176,FALSE
40177,FALSE
40246,TRUE
40251,TRUE
40261,FALSE
40262,FALSE
40277,TRUE
40292,FALSE
40293,FALSE
40294,FALSE
40295,FALSE
40313,TRUE
40336,FALSE
40366,TRUE
40420,FALSE
40438,FALSE
40439,FALSE
76867,FALSE
40440,FALSE
40441,FALSE
40443,FALSE
40444,FALSE
40445,FALSE
40454,TRUE
40457,TRUE
40458,TRUE
40479,FALSE
40480,FALSE
40481,FALSE
40482,FALSE
40483,FALSE
40484,FALSE
40485,FALSE
40486,FALSE
40487,FALSE
40490,FALSE
72247,FALSE
40491,FALSE
40493,FALSE
40505,TRUE
40548,TRUE
40565,TRUE
40575,TRUE
40579,FALSE
40583,FALSE
40586,TRUE
40609,FALSE
40610,FALSE
40611,FALSE
40615,TRUE
40618,TRUE
40619,TRUE
40620,TRUE
40621,TRUE
40639,TRUE
40652,FALSE
40753,FALSE
70259,FALSE
40754,FALSE
40756,FALSE
40757,FALSE
40758,FALSE
40759,FALSE
40769,TRUE
40773,TRUE
40790,FALSE
40791,FALSE
40792,FALSE
40793,FALSE
40797,FALSE
40798,FALSE
40799,FALSE
40800,FALSE
40801,FALSE
40802,FALSE
40803,FALSE
40824,TRUE
40890,FALSE
40891,FALSE
40894,FALSE
40921,FALSE
40922,FALSE
40992,TRUE
41046,FALSE
41064,FALSE
41065,FALSE
41066,FALSE
41069,FALSE
41070,FALSE
41071,FALSE
41084,TRUE
41415,FALSE
41100,FALSE
41101,FALSE
41102,FALSE
41106,FALSE
75198,FALSE
41107,FALSE
41108,FALSE
41109,FALSE
41110,FALSE
41111,FALSE
41112,FALSE
41113,FALSE
41114,FALSE
41115,FALSE
41175,TRUE
41196,TRUE
41205,FALSE
41206,FALSE
41207,FALSE
41208,FALSE
41209,FALSE
41236,FALSE
41237,FALSE
41256,TRUE
41261,TRUE
41313,TRUE
41315,TRUE
41376,FALSE
41377,FALSE
41379,FALSE
41380,FALSE
78393,FALSE
41381,FALSE
41382,FALSE
41385,FALSE
41386,FALSE
71612,FALSE
41387,FALSE
41399,TRUE
41401,TRUE
41404,TRUE
41414,FALSE
41416,FALSE
41421,FALSE
41422,FALSE
41423,FALSE
41424,FALSE
41425,FALSE
41426,FALSE
41427,FALSE
41437,TRUE
41465,TRUE
41483,TRUE
41520,FALSE
41521,FALSE
41523,FALSE
41550,FALSE
41553,FALSE
41554,FALSE
41691,FALSE
41692,FALSE
72181,FALSE
41693,FALSE
41697,FALSE
41698,FALSE
41699,FALSE
41713,TRUE
41724,FALSE
41725,FALSE
41726,FALSE
41731,FALSE
41732,FALSE
41801,FALSE
41815,TRUE
41826,FALSE
41827,FALSE
41854,FALSE
41855,FALSE
41856,FALSE
41862,FALSE
41863,FALSE
41864,FALSE
41868,TRUE
41991,FALSE
41992,FALSE
68507,FALSE
41994,FALSE
41995,FALSE
41998,FALSE
41999,FALSE
42000,FALSE
42009,TRUE
42011,TRUE
42024,FALSE
42025,FALSE
42026,FALSE
42029,FALSE
42030,FALSE
42031,FALSE
42032,FALSE
42033,FALSE
42034,FALSE
42045,TRUE
42061,TRUE
42105,FALSE
42129,FALSE
42130,FALSE
42131,FALSE
42158,FALSE
42160,FALSE
42161,FALSE
42162,FALSE
42163,FALSE
42164,FALSE
42165,FALSE
42166,FALSE
77807,FALSE
42167,FALSE
42203,TRUE
42292,FALSE
42293,FALSE
42295,FALSE
42296,FALSE
42297,FALSE
42299,FALSE
42300,FALSE
42313,TRUE
42315,TRUE
42324,FALSE
77203,FALSE
42325,FALSE
42328,FALSE
42329,FALSE
42330,FALSE
42358,TRUE
42360,TRUE
42388,TRUE
42390,TRUE
42427,FALSE
42428,FALSE
42429,FALSE
42456,FALSE
42457,FALSE
42458,FALSE
42459,FALSE
42460,FALSE
42475,TRUE
42585,FALSE
42587,FALSE
42588,FALSE
42590,FALSE
42591,FALSE
42604,TRUE
42615,FALSE
42616,FALSE
42617,FALSE
42619,FALSE
42620,FALSE
72909,FALSE
42621,FALSE
42720,FALSE
42721,FALSE
42748,FALSE
42749,FALSE
42750,FALSE
42751,FALSE
42752,FALSE
42753,FALSE
42754,FALSE
42755,FALSE
42756,FALSE
43047,FALSE
42772,FALSE
42879,FALSE
67372,FALSE
42880,FALSE
42883,FALSE
42884,FALSE
42885,FALSE
42895,TRUE
42896,TRUE
42906,FALSE
42907,FALSE
42908,FALSE
42909,FALSE
42910,FALSE
42911,FALSE
42912,FALSE
68738,FALSE
42913,FALSE
42914,FALSE
42933,TRUE
43002,TRUE
43005,TRUE
43013,FALSE
43014,FALSE
43040,FALSE
43041,FALSE
43043,FALSE
43044,FALSE
43046,FALSE
43048,FALSE
43049,FALSE
43050,FALSE
43051,FALSE
43052,FALSE
43053,FALSE
43054,FALSE
43055,FALSE
43056,FALSE
43057,FALSE
43058,FALSE
43059,FALSE
43060,FALSE
43061,FALSE
43062,FALSE
43167,FALSE
43168,FALSE
43169,FALSE
43170,FALSE
43171,FALSE
43172,FALSE
43173,FALSE
43175,FALSE
77185,FALSE
43176,FALSE
43177,FALSE
43183,TRUE
43190,TRUE
43191,TRUE
43197,FALSE
76338,FALSE
74184,FALSE
43198,FALSE
43199,FALSE
43200,FALSE
43202,FALSE
43226,TRUE
43302,FALSE
43303,FALSE
43580,FALSE
43330,FALSE
43331,FALSE
43332,FALSE
43333,FALSE
43337,FALSE
43338,FALSE
43339,FALSE
43441,FALSE
43442,FALSE
43443,FALSE
43445,FALSE
43446,FALSE
43447,FALSE
43448,FALSE
43449,FALSE
43450,FALSE
43451,FALSE
68800,FALSE
43452,FALSE
43471,FALSE
43472,FALSE
43473,FALSE
43474,FALSE
43476,FALSE
43477,FALSE
43578,FALSE
43579,FALSE
43581,FALSE
43582,FALSE
43586,TRUE
43608,FALSE
43609,FALSE
43611,FALSE
43612,FALSE
43613,FALSE
43614,FALSE
43615,FALSE
43619,FALSE
43621,FALSE
43666,FALSE
43723,FALSE
43724,FALSE
43725,FALSE
43727,FALSE
43728,FALSE
43729,FALSE
43730,FALSE
43731,FALSE
43732,FALSE
43734,FALSE
43752,FALSE
43753,FALSE
68256,FALSE
43754,FALSE
43755,FALSE
43757,FALSE
43769,TRUE
43773,TRUE
43860,FALSE
43861,FALSE
43620,TRUE
43899,FALSE
43900,FALSE
43901,FALSE
43902,FALSE
43904,FALSE
43905,FALSE
43947,FALSE
44003,FALSE
44004,FALSE
68126,FALSE
44005,FALSE
44008,FALSE
44009,FALSE
44010,FALSE
44011,FALSE
44012,FALSE
44013,FALSE
44020,TRUE
44021,TRUE
44030,FALSE
44032,FALSE
44033,FALSE
44034,FALSE
44035,FALSE
75935,FALSE
44037,FALSE
76978,FALSE
44038,FALSE
44055,TRUE
44142,FALSE
44143,FALSE
44146,TRUE
44164,TRUE
44183,FALSE
44185,FALSE
44186,FALSE
44281,FALSE
44282,FALSE
44283,FALSE
44284,FALSE
44286,FALSE
72084,FALSE
44287,FALSE
44289,FALSE
44300,TRUE
44305,FALSE
44306,FALSE
44307,FALSE
44308,FALSE
44309,FALSE
44310,FALSE
44311,FALSE
44036,FALSE
44315,FALSE
44316,FALSE
44318,FALSE
44320,FALSE
44321,FALSE
44322,FALSE
44329,TRUE
44346,TRUE
44348,TRUE
44426,FALSE
44427,FALSE
44428,FALSE
44429,FALSE
44434,TRUE
44469,FALSE
44470,FALSE
44472,FALSE
44473,FALSE
44474,FALSE
44515,FALSE
44516,FALSE
44560,FALSE
44561,FALSE
44563,FALSE
44564,FALSE
44565,FALSE
44566,FALSE
44567,FALSE
44568,FALSE
44569,FALSE
44570,FALSE
44571,FALSE
44572,FALSE
44581,TRUE
44588,FALSE
44589,FALSE
44590,FALSE
44591,FALSE
44592,FALSE
44593,FALSE
44594,FALSE
44595,FALSE
44598,FALSE
44599,FALSE
44600,FALSE
44601,FALSE
44602,FALSE
44603,FALSE
44604,FALSE
44605,FALSE
44606,FALSE
44636,TRUE
44640,TRUE
44712,FALSE
44713,FALSE
44714,FALSE
44755,FALSE
44757,FALSE
44763,FALSE
44764,FALSE
44799,FALSE
44800,FALSE
44801,FALSE
44802,FALSE
44845,FALSE
44846,FALSE
44847,FALSE
76289,FALSE
44848,FALSE
44849,FALSE
44852,FALSE
44853,FALSE
44854,FALSE
44855,FALSE
44856,FALSE
44857,FALSE
44858,FALSE
44873,FALSE
44876,FALSE
44877,FALSE
44878,FALSE
44879,FALSE
44880,FALSE
44881,FALSE
44882,FALSE
44883,FALSE
44884,FALSE
44885,FALSE
44886,FALSE
44888,FALSE
44889,FALSE
75571,FALSE
44891,FALSE
44893,FALSE
45000,FALSE
45002,FALSE
45026,FALSE
45035,TRUE
45043,FALSE
45044,FALSE
45045,FALSE
45050,FALSE
45051,FALSE
45080,FALSE
45081,FALSE
45082,FALSE
45083,FALSE
45084,FALSE
45085,FALSE
45086,FALSE
45087,FALSE
45120,FALSE
45121,FALSE
45122,FALSE
45126,FALSE
45127,FALSE
45128,FALSE
45129,FALSE
45130,FALSE
45131,FALSE
45132,FALSE
45133,FALSE
45134,FALSE
45135,FALSE
45136,FALSE
45152,FALSE
45153,FALSE
45154,FALSE
45155,FALSE
45156,FALSE
45160,FALSE
67597,FALSE
45161,FALSE
45165,FALSE
45166,FALSE
45167,FALSE
45168,FALSE
45169,FALSE
45170,FALSE
45193,TRUE
45206,TRUE
45279,FALSE
45280,FALSE
45305,FALSE
45319,FALSE
45320,FALSE
45321,FALSE
45322,FALSE
45325,FALSE
45326,FALSE
45327,FALSE
45355,FALSE
68802,FALSE
76076,FALSE
45356,FALSE
45386,FALSE
45387,FALSE
45388,FALSE
45389,FALSE
45390,FALSE
45391,FALSE
76305,FALSE
45392,FALSE
45393,FALSE
45394,FALSE
45395,FALSE
45408,TRUE
45411,FALSE
45412,FALSE
45419,FALSE
45420,FALSE
45421,FALSE
45422,FALSE
45425,FALSE
45426,FALSE
45427,FALSE
45428,FALSE
72940,FALSE
45429,FALSE
45430,FALSE
45431,FALSE
45439,TRUE
45492,TRUE
45538,FALSE
45539,FALSE
45540,FALSE
45577,FALSE
45578,FALSE
45579,FALSE
45580,FALSE
45581,FALSE
45582,FALSE
45583,FALSE
45611,FALSE
45612,FALSE
45641,FALSE
45642,FALSE
67977,FALSE
45643,FALSE
45644,FALSE
45646,FALSE
45647,FALSE
45648,FALSE
45649,FALSE
45665,FALSE
45666,FALSE
45667,FALSE
45673,FALSE
45674,FALSE
45675,FALSE
45676,FALSE
45678,FALSE
45681,FALSE
45682,FALSE
78339,FALSE
45683,FALSE
45790,FALSE
45791,FALSE
45792,FALSE
45818,TRUE
45827,FALSE
45828,FALSE
45829,FALSE
45830,FALSE
45858,FALSE
45859,FALSE
45860,FALSE
45886,FALSE
45887,FALSE
45888,FALSE
45889,FALSE
45890,FALSE
45891,FALSE
45892,FALSE
45893,FALSE
45894,FALSE
45895,FALSE
45896,FALSE
45903,TRUE
45904,TRUE
45908,TRUE
45910,TRUE
45914,FALSE
45915,FALSE
45921,FALSE
45923,FALSE
45924,FALSE
45925,FALSE
69692,FALSE
45926,FALSE
45927,FALSE
45928,FALSE
45929,FALSE
45930,FALSE
45931,FALSE
45932,FALSE
45933,FALSE
45934,FALSE
45935,FALSE
45936,FALSE
46010,TRUE
46043,FALSE
46044,FALSE
46286,FALSE
46073,TRUE
46078,FALSE
46079,FALSE
46104,FALSE
46105,FALSE
46106,FALSE
46107,FALSE
46108,FALSE
46132,FALSE
76052,FALSE
46133,FALSE
46136,FALSE
46139,FALSE
46140,FALSE
46141,FALSE
46142,FALSE
46143,FALSE
46157,TRUE
46160,FALSE
46161,FALSE
46162,FALSE
46168,FALSE
73956,FALSE
46169,FALSE
46175,FALSE
46176,FALSE
46177,FALSE
46178,FALSE
46285,FALSE
46287,FALSE
46320,FALSE
46321,FALSE
46345,FALSE
46346,FALSE
46347,FALSE
46371,FALSE
46372,FALSE
46376,FALSE
46377,FALSE
46378,FALSE
46380,FALSE
46381,FALSE
46397,FALSE
46398,FALSE
46399,FALSE
46400,FALSE
46401,FALSE
46402,FALSE
46403,FALSE
46409,FALSE
46410,FALSE
46411,FALSE
46412,FALSE
46413,FALSE
46414,FALSE
46415,FALSE
46416,FALSE
46423,FALSE
46424,FALSE
46425,FALSE
46533,FALSE
46534,FALSE
46565,FALSE
46566,FALSE
46567,FALSE
46568,FALSE
46591,FALSE
46592,FALSE
46593,FALSE
46594,FALSE
46617,FALSE
46618,FALSE
46879,FALSE
46621,FALSE
46623,FALSE
46625,FALSE
46626,FALSE
46627,FALSE
46643,FALSE
46644,FALSE
46645,FALSE
46646,FALSE
46656,FALSE
46657,FALSE
46658,FALSE
46659,FALSE
46660,FALSE
46661,FALSE
46662,FALSE
46663,FALSE
46664,FALSE
46665,FALSE
46666,FALSE
46667,FALSE
46668,FALSE
46669,FALSE
46670,FALSE
46671,FALSE
46672,FALSE
46673,FALSE
46674,FALSE
46675,FALSE
46676,FALSE
46677,FALSE
46678,FALSE
46679,FALSE
46680,FALSE
46681,FALSE
46682,FALSE
46684,FALSE
46725,TRUE
46726,TRUE
46727,TRUE
46728,TRUE
46758,TRUE
46760,TRUE
46787,TRUE
46793,FALSE
46795,FALSE
46796,FALSE
46826,FALSE
46827,FALSE
47084,FALSE
46849,FALSE
46850,FALSE
46851,FALSE
46875,FALSE
46876,FALSE
46877,FALSE
46878,FALSE
46880,FALSE
46882,FALSE
46883,FALSE
46884,FALSE
46885,FALSE
46912,FALSE
46913,FALSE
46914,FALSE
46915,FALSE
46916,FALSE
46917,FALSE
46918,FALSE
68185,FALSE
77739,FALSE
46919,FALSE
72965,FALSE
46920,FALSE
46921,FALSE
46922,FALSE
46930,TRUE
46949,TRUE
46962,TRUE
47025,TRUE
47032,FALSE
47033,FALSE
47034,FALSE
47060,FALSE
47061,FALSE
47062,FALSE
47063,FALSE
47083,FALSE
47085,FALSE
47110,FALSE
47111,FALSE
47115,FALSE
47116,FALSE
47117,FALSE
47142,FALSE
47143,FALSE
47144,FALSE
47145,FALSE
47146,FALSE
47151,TRUE
47156,TRUE
47238,TRUE
47249,TRUE
47256,FALSE
47257,FALSE
47281,FALSE
47282,FALSE
47283,FALSE
47284,FALSE
47303,FALSE
47304,FALSE
47308,FALSE
47309,FALSE
47328,FALSE
47329,FALSE
47330,FALSE
47334,FALSE
47335,FALSE
47336,FALSE
47337,FALSE
47338,FALSE
47359,FALSE
47360,FALSE
47361,FALSE
47362,FALSE
47363,FALSE
47364,FALSE
47365,FALSE
47434,TRUE
47469,TRUE
47470,TRUE
47476,FALSE
47478,FALSE
47479,FALSE
47499,FALSE
47500,FALSE
47501,FALSE
70668,FALSE
47502,FALSE
47520,FALSE
47521,FALSE
47526,FALSE
47527,FALSE
47547,FALSE
47548,FALSE
47549,FALSE
47553,FALSE
47554,FALSE
47555,FALSE
47556,FALSE
47561,FALSE
47562,FALSE
47563,FALSE
47564,FALSE
47574,FALSE
47575,FALSE
76569,FALSE
47577,FALSE
47578,FALSE
47579,FALSE
72839,FALSE
47580,FALSE
47593,TRUE
47691,FALSE
47693,FALSE
47712,FALSE
47713,FALSE
47714,FALSE
47730,FALSE
47731,FALSE
47732,FALSE
47733,FALSE
47736,FALSE
47737,FALSE
47738,FALSE
47759,FALSE
47760,FALSE
47761,FALSE
47765,FALSE
70591,FALSE
47766,FALSE
47767,FALSE
47768,FALSE
47769,FALSE
47770,FALSE
47771,FALSE
47780,FALSE
47781,FALSE
47782,FALSE
47783,FALSE
47784,FALSE
47785,FALSE
47786,FALSE
47787,FALSE
47788,FALSE
47789,FALSE
47791,FALSE
76527,FALSE
47792,FALSE
47812,TRUE
47814,TRUE
47890,FALSE
47904,FALSE
72691,FALSE
47905,FALSE
70078,FALSE
47906,FALSE
47925,FALSE
47926,FALSE
47939,FALSE
47940,FALSE
47941,FALSE
47942,FALSE
47943,FALSE
47944,FALSE
47945,FALSE
47946,FALSE
47967,FALSE
47969,FALSE
47973,FALSE
47974,FALSE
47975,FALSE
47790,FALSE
47993,FALSE
47994,FALSE
47995,FALSE
47996,FALSE
47997,FALSE
47998,FALSE
47999,FALSE
48019,TRUE
48023,TRUE
48099,FALSE
48113,FALSE
48114,FALSE
74874,FALSE
48115,FALSE
48131,FALSE
48132,FALSE
48133,FALSE
48134,FALSE
48147,FALSE
48148,FALSE
48170,FALSE
48171,FALSE
48174,FALSE
67971,FALSE
48175,FALSE
48176,FALSE
48194,FALSE
48195,FALSE
48196,FALSE
48197,FALSE
48198,FALSE
48199,FALSE
71136,FALSE
48200,FALSE
48220,TRUE
48316,FALSE
48317,FALSE
48318,FALSE
48319,FALSE
48331,FALSE
48332,FALSE
48333,FALSE
48334,FALSE
48346,FALSE
48347,FALSE
48370,FALSE
48371,FALSE
48372,FALSE
48374,FALSE
48376,FALSE
48377,FALSE
48394,FALSE
77753,FALSE
48395,FALSE
75441,FALSE
48396,FALSE
48510,TRUE
48513,FALSE
48514,FALSE
48515,FALSE
48525,FALSE
48526,FALSE
48527,FALSE
48539,FALSE
48540,FALSE
48562,FALSE
48563,FALSE
48564,FALSE
48566,FALSE
48567,FALSE
48568,FALSE
48571,FALSE
48572,FALSE
48573,FALSE
48574,FALSE
48587,FALSE
48590,FALSE
48708,FALSE
48709,FALSE
48710,FALSE
48718,FALSE
48719,FALSE
48720,FALSE
48731,FALSE
48732,FALSE
48738,FALSE
48754,FALSE
48755,FALSE
48756,FALSE
48757,FALSE
48758,FALSE
48759,FALSE
48760,FALSE
48761,FALSE
48762,FALSE
48763,FALSE
76939,FALSE
48764,FALSE
48765,FALSE
48766,FALSE
48767,FALSE
48768,FALSE
48775,FALSE
48776,FALSE
48777,FALSE
48778,FALSE
48779,FALSE
48841,FALSE
48842,TRUE
48867,TRUE
48898,FALSE
48899,FALSE
48903,FALSE
48904,FALSE
48905,FALSE
48906,FALSE
48907,FALSE
48918,FALSE
48919,FALSE
48921,FALSE
48924,FALSE
48925,FALSE
48926,FALSE
48943,FALSE
48944,FALSE
48945,FALSE
48946,FALSE
48947,FALSE
48948,FALSE
48949,FALSE
48950,FALSE
48951,FALSE
69945,FALSE
48953,FALSE
48954,FALSE
48961,FALSE
48962,FALSE
49025,FALSE
49029,TRUE
49049,TRUE
49081,FALSE
49082,FALSE
49083,FALSE
49084,FALSE
49085,FALSE
49086,FALSE
49087,FALSE
49088,FALSE
49089,FALSE
49090,FALSE
49101,FALSE
49102,FALSE
49104,FALSE
49106,FALSE
49107,FALSE
49108,FALSE
49109,FALSE
49124,FALSE
49125,FALSE
49126,FALSE
49128,FALSE
49130,FALSE
49131,FALSE
49134,FALSE
49135,FALSE
49141,FALSE
49142,FALSE
49143,FALSE
49144,FALSE
49145,FALSE
49147,FALSE
49148,FALSE
49150,FALSE
49151,FALSE
49236,TRUE
49237,TRUE
49267,TRUE
49271,FALSE
49272,FALSE
49273,FALSE
49274,FALSE
49275,FALSE
49276,FALSE
49285,FALSE
49286,FALSE
49287,FALSE
49289,FALSE
49290,FALSE
49292,FALSE
49293,FALSE
49294,FALSE
49307,FALSE
49308,FALSE
49309,FALSE
49310,FALSE
49312,FALSE
49313,FALSE
49314,FALSE
49315,FALSE
49316,FALSE
49317,FALSE
49318,FALSE
49319,FALSE
49320,FALSE
49325,FALSE
49326,FALSE
49327,FALSE
49328,FALSE
49329,FALSE
49330,FALSE
49331,FALSE
69583,FALSE
49332,FALSE
49333,FALSE
49449,TRUE
49450,FALSE
49451,FALSE
49452,FALSE
49453,FALSE
49454,FALSE
49455,FALSE
49464,FALSE
49465,FALSE
49466,FALSE
49467,FALSE
49469,FALSE
74387,FALSE
49470,FALSE
49671,FALSE
49483,FALSE
49484,FALSE
49485,FALSE
49486,FALSE
49487,FALSE
49488,FALSE
49490,FALSE
49491,FALSE
49492,FALSE
49493,FALSE
49494,FALSE
49495,FALSE
49499,FALSE
49501,FALSE
49502,FALSE
49503,FALSE
49506,FALSE
69771,FALSE
49507,FALSE
49508,FALSE
49509,FALSE
49510,FALSE
49511,FALSE
49514,FALSE
49515,FALSE
49516,FALSE
49517,FALSE
49518,FALSE
49632,TRUE
49635,FALSE
49636,FALSE
49637,FALSE
49638,FALSE
49639,FALSE
49640,FALSE
49641,FALSE
49642,FALSE
49645,FALSE
49646,FALSE
49654,FALSE
67178,FALSE
49655,FALSE
49656,FALSE
49657,FALSE
49659,FALSE
49670,FALSE
49672,FALSE
49673,FALSE
49674,FALSE
49675,FALSE
49676,FALSE
49678,FALSE
49679,FALSE
49680,FALSE
49681,FALSE
49682,FALSE
49686,FALSE
49687,FALSE
49500,FALSE
49694,FALSE
49695,FALSE
49512,FALSE
49701,FALSE
49702,FALSE
49703,FALSE
49704,FALSE
49706,FALSE
49707,FALSE
49708,FALSE
49709,FALSE
49710,FALSE
49711,FALSE
49712,FALSE
49714,FALSE
49715,FALSE
49832,FALSE
49833,FALSE
49834,FALSE
49835,FALSE
49836,FALSE
49837,FALSE
49846,FALSE
49847,FALSE
49855,FALSE
49856,FALSE
49859,FALSE
49860,FALSE
49861,FALSE
49862,FALSE
49868,FALSE
49870,FALSE
49871,FALSE
49872,FALSE
49873,FALSE
72970,FALSE
49875,FALSE
49876,FALSE
49877,FALSE
49878,FALSE
49880,FALSE
49881,FALSE
49882,FALSE
49883,FALSE
49887,FALSE
49888,FALSE
49896,FALSE
49897,FALSE
49904,FALSE
49908,FALSE
49909,FALSE
49910,FALSE
49911,FALSE
49914,FALSE
49916,FALSE
49917,FALSE
49918,FALSE
49919,FALSE
50036,FALSE
50037,FALSE
50050,FALSE
50051,FALSE
50057,FALSE
50058,FALSE
50060,FALSE
50061,FALSE
50062,FALSE
50063,FALSE
50064,FALSE
50068,FALSE
50069,FALSE
50070,FALSE
50071,FALSE
50072,FALSE
50074,FALSE
50075,FALSE
50076,FALSE
50077,FALSE
50078,FALSE
50079,FALSE
50080,FALSE
50081,FALSE
50082,FALSE
50083,FALSE
50087,FALSE
50090,FALSE
50098,FALSE
50099,FALSE
50117,FALSE
50118,FALSE
50119,FALSE
50120,FALSE
50249,FALSE
50250,FALSE
50256,FALSE
50257,FALSE
50258,FALSE
50259,FALSE
50260,FALSE
50261,FALSE
50264,FALSE
50267,FALSE
50268,FALSE
50269,FALSE
50270,FALSE
50271,FALSE
50272,FALSE
50273,FALSE
50274,FALSE
50275,FALSE
50277,FALSE
50278,FALSE
50279,FALSE
77345,FALSE
50280,FALSE
50281,FALSE
50284,FALSE
50287,FALSE
50288,FALSE
50289,FALSE
50290,FALSE
50291,FALSE
50293,FALSE
50294,FALSE
50302,FALSE
50303,FALSE
50324,FALSE
50325,FALSE
50411,FALSE
50414,FALSE
50416,FALSE
50453,FALSE
50454,FALSE
50458,FALSE
50459,FALSE
50460,FALSE
50461,FALSE
50462,FALSE
50463,FALSE
50465,FALSE
50466,FALSE
50467,FALSE
50468,FALSE
50470,FALSE
50472,FALSE
50473,FALSE
50474,FALSE
50475,FALSE
50476,FALSE
50477,FALSE
50478,FALSE
50479,FALSE
50480,FALSE
50483,FALSE
50484,FALSE
50485,FALSE
50488,FALSE
50489,FALSE
50490,FALSE
50286,FALSE
50492,FALSE
68280,FALSE
50493,FALSE
50495,FALSE
50496,FALSE
50497,FALSE
50498,FALSE
50529,FALSE
50530,FALSE
50531,FALSE
50618,FALSE
50658,FALSE
50659,FALSE
50662,FALSE
50663,FALSE
50666,FALSE
50667,FALSE
50670,FALSE
50671,FALSE
50672,FALSE
50673,FALSE
50674,FALSE
50675,FALSE
50676,FALSE
50678,FALSE
50481,FALSE
50681,FALSE
50682,FALSE
50683,FALSE
50684,FALSE
50685,FALSE
50686,FALSE
50689,FALSE
50690,FALSE
72472,FALSE
50692,FALSE
50694,FALSE
50695,FALSE
50729,FALSE
50730,FALSE
50731,FALSE
50771,FALSE
50857,FALSE
50858,FALSE
50859,FALSE
50860,FALSE
50861,FALSE
50862,FALSE
50863,FALSE
50866,FALSE
50868,FALSE
50869,FALSE
50872,FALSE
50873,FALSE
50875,FALSE
50877,FALSE
50878,FALSE
50882,FALSE
50883,FALSE
50884,FALSE
50885,FALSE
50886,FALSE
50887,FALSE
50926,FALSE
50927,FALSE
50967,FALSE
51030,TRUE
51052,FALSE
51053,FALSE
51057,FALSE
51059,FALSE
71396,FALSE
51060,FALSE
51062,FALSE
51063,FALSE
51064,FALSE
51065,FALSE
51066,FALSE
51067,FALSE
71288,FALSE
51075,FALSE
51076,FALSE
51077,FALSE
51078,FALSE
51116,FALSE
72659,FALSE
73102,FALSE
51117,FALSE
51118,FALSE
51240,FALSE
51241,FALSE
51242,FALSE
51246,FALSE
51247,FALSE
51248,FALSE
51249,FALSE
51250,FALSE
51251,FALSE
51254,FALSE
51255,FALSE
51256,FALSE
51258,FALSE
51261,FALSE
51263,FALSE
76692,FALSE
75551,FALSE
76974,FALSE
51264,FALSE
51265,FALSE
51302,FALSE
51303,FALSE
51304,FALSE
51305,FALSE
51306,FALSE
51427,FALSE
51428,FALSE
51432,FALSE
51433,FALSE
51434,FALSE
51437,FALSE
51438,FALSE
51439,FALSE
51440,FALSE
71754,FALSE
51441,FALSE
51442,FALSE
51443,FALSE
51445,FALSE
51447,FALSE
77404,FALSE
51448,FALSE
51487,FALSE
51488,FALSE
51489,FALSE
51490,FALSE
51513,FALSE
51514,FALSE
51515,FALSE
51516,FALSE
51517,FALSE
51518,FALSE
51519,FALSE
51586,TRUE
51609,FALSE
51610,FALSE
51611,FALSE
51612,FALSE
51613,FALSE
51614,FALSE
51615,FALSE
51619,FALSE
51620,FALSE
51623,FALSE
51624,FALSE
51625,FALSE
51626,FALSE
51627,FALSE
51628,FALSE
51630,FALSE
51631,FALSE
51633,FALSE
51674,FALSE
51675,FALSE
51676,FALSE
51677,FALSE
51678,FALSE
51679,FALSE
51680,FALSE
51681,FALSE
51682,FALSE
51702,FALSE
51703,FALSE
51704,FALSE
51705,FALSE
51792,FALSE
69118,FALSE
68197,FALSE
51793,FALSE
51794,FALSE
51795,FALSE
51800,FALSE
51801,FALSE
51805,FALSE
51806,FALSE
51807,FALSE
51808,FALSE
51809,FALSE
51810,FALSE
51811,FALSE
51812,FALSE
51813,FALSE
51861,FALSE
51862,FALSE
51863,FALSE
51864,FALSE
51871,FALSE
51872,FALSE
51873,FALSE
51874,FALSE
51875,FALSE
51876,FALSE
51877,FALSE
51880,FALSE
51881,FALSE
51882,FALSE
51883,FALSE
51969,FALSE
51970,FALSE
51971,FALSE
51973,FALSE
51974,FALSE
51975,FALSE
51976,FALSE
51977,FALSE
51983,FALSE
51984,FALSE
51991,FALSE
51992,FALSE
51993,FALSE
51994,FALSE
76420,FALSE
51995,FALSE
52045,FALSE
67051,FALSE
52046,FALSE
52047,FALSE
52050,FALSE
52051,FALSE
66971,FALSE
52052,FALSE
52053,FALSE
52054,FALSE
52223,FALSE
52060,FALSE
52061,FALSE
52113,TRUE
52117,TRUE
52140,FALSE
52141,FALSE
52142,FALSE
52146,FALSE
52147,FALSE
52148,FALSE
52153,FALSE
52154,FALSE
52155,FALSE
52156,FALSE
52163,FALSE
52164,FALSE
52215,FALSE
52216,FALSE
52217,FALSE
52218,FALSE
52219,FALSE
52220,FALSE
52221,FALSE
52222,FALSE
52224,FALSE
52225,FALSE
52226,FALSE
52302,FALSE
52303,FALSE
52304,FALSE
52308,FALSE
52309,FALSE
52314,FALSE
52315,FALSE
52316,FALSE
52324,FALSE
52325,FALSE
52326,FALSE
52327,FALSE
71413,FALSE
52328,FALSE
52380,FALSE
52381,FALSE
71016,FALSE
52382,FALSE
52457,FALSE
52458,FALSE
52459,FALSE
52463,FALSE
52464,FALSE
52465,FALSE
52466,FALSE
52470,FALSE
52471,FALSE
52472,FALSE
52473,FALSE
52481,FALSE
52482,FALSE
52483,FALSE
52486,FALSE
52538,FALSE
52539,FALSE
52540,FALSE
52541,FALSE
52594,TRUE
52596,TRUE
52615,FALSE
52616,FALSE
52620,FALSE
52621,FALSE
52622,FALSE
52626,FALSE
52627,FALSE
52628,FALSE
52629,FALSE
52638,FALSE
52641,FALSE
52485,FALSE
52695,FALSE
52696,FALSE
52769,FALSE
52770,FALSE
52771,FALSE
68354,FALSE
52772,FALSE
52778,FALSE
52779,FALSE
52780,FALSE
52784,FALSE
52789,FALSE
52790,FALSE
52791,FALSE
52792,FALSE
52801,FALSE
52805,FALSE
52640,FALSE
52861,FALSE
52862,FALSE
52863,FALSE
52935,FALSE
72528,FALSE
52938,FALSE
52939,FALSE
52944,FALSE
52945,FALSE
52946,FALSE
52947,FALSE
52948,FALSE
52953,FALSE
52967,FALSE
52968,FALSE
52969,FALSE
52970,FALSE
52971,FALSE
53028,FALSE
53029,FALSE
53030,FALSE
53101,FALSE
67110,FALSE
53102,FALSE
53108,FALSE
53110,FALSE
53111,FALSE
53113,FALSE
53114,FALSE
53115,FALSE
53116,FALSE
53117,FALSE
53118,FALSE
53132,FALSE
53133,FALSE
53134,FALSE
53135,FALSE
53137,FALSE
53138,FALSE
53196,FALSE
53197,FALSE
53267,FALSE
53269,FALSE
53270,FALSE
53271,FALSE
53278,FALSE
53279,FALSE
53280,FALSE
53281,FALSE
53282,FALSE
53283,FALSE
53284,FALSE
53304,FALSE
53305,FALSE
53306,FALSE
53309,FALSE
53310,FALSE
53311,FALSE
53312,FALSE
53313,FALSE
53314,FALSE
53315,FALSE
53317,FALSE
53318,FALSE
53377,FALSE
53379,FALSE
53433,TRUE
53446,FALSE
53447,FALSE
53448,FALSE
53449,FALSE
53450,FALSE
53452,FALSE
53459,FALSE
53460,FALSE
53461,FALSE
53462,FALSE
53463,FALSE
53464,FALSE
53482,FALSE
53483,FALSE
53484,FALSE
53485,FALSE
53486,FALSE
53490,FALSE
53491,FALSE
53492,FALSE
53493,FALSE
53494,FALSE
53495,FALSE
53496,FALSE
53497,FALSE
53501,FALSE
53561,FALSE
53562,FALSE
76376,FALSE
53564,FALSE
53565,FALSE
53631,FALSE
53632,FALSE
53633,FALSE
53635,FALSE
53644,FALSE
53645,FALSE
53646,FALSE
53663,FALSE
53664,FALSE
53665,FALSE
53666,FALSE
53667,FALSE
53668,FALSE
53669,FALSE
53670,FALSE
53671,FALSE
53672,FALSE
53673,FALSE
53674,FALSE
53675,FALSE
53676,FALSE
53677,FALSE
77200,FALSE
53681,FALSE
53741,FALSE
53742,FALSE
53743,FALSE
53744,FALSE
53745,FALSE
53746,FALSE
53763,FALSE
53764,FALSE
53813,FALSE
53814,FALSE
53816,FALSE
53824,FALSE
53825,FALSE
53826,FALSE
53827,FALSE
53844,FALSE
53845,FALSE
53847,FALSE
53849,FALSE
53850,FALSE
53852,FALSE
53853,FALSE
53854,FALSE
53855,FALSE
53856,FALSE
53857,FALSE
53859,FALSE
53860,FALSE
53862,FALSE
53900,FALSE
53926,FALSE
53927,FALSE
53928,FALSE
53929,FALSE
53930,FALSE
53932,FALSE
53949,FALSE
53987,TRUE
53998,FALSE
53999,FALSE
54002,FALSE
54008,FALSE
54009,FALSE
54010,FALSE
73173,FALSE
54011,FALSE
54028,FALSE
54029,FALSE
54030,FALSE
54032,FALSE
54033,FALSE
54034,FALSE
54035,FALSE
54036,FALSE
54037,FALSE
54038,FALSE
54040,FALSE
54041,FALSE
54042,FALSE
54045,FALSE
54046,FALSE
54047,FALSE
54048,FALSE
54049,FALSE
54050,FALSE
54054,FALSE
54091,FALSE
54118,FALSE
54119,FALSE
54123,FALSE
54124,FALSE
54125,FALSE
54126,FALSE
54143,FALSE
54192,FALSE
54193,FALSE
54194,FALSE
54195,FALSE
54196,FALSE
54203,FALSE
54204,FALSE
54205,FALSE
54219,FALSE
54220,FALSE
54221,FALSE
54224,FALSE
54225,FALSE
54031,FALSE
54227,FALSE
54228,FALSE
54229,FALSE
54231,FALSE
54232,FALSE
54233,FALSE
54234,FALSE
54433,FALSE
54240,FALSE
54241,FALSE
54242,FALSE
54243,FALSE
54244,FALSE
54245,FALSE
54301,FALSE
54302,FALSE
54316,FALSE
54317,FALSE
54318,FALSE
54382,FALSE
54383,FALSE
54384,FALSE
54385,FALSE
54386,FALSE
54394,FALSE
54395,FALSE
54396,FALSE
54397,FALSE
54399,FALSE
54412,FALSE
75401,FALSE
54413,FALSE
54418,FALSE
54419,FALSE
54420,FALSE
54423,FALSE
54424,FALSE
54425,FALSE
54426,FALSE
54427,FALSE
54428,FALSE
54429,FALSE
54430,FALSE
54431,FALSE
54432,FALSE
54434,FALSE
54439,FALSE
54440,FALSE
54441,FALSE
54442,FALSE
54443,FALSE
54444,FALSE
54445,FALSE
54446,FALSE
54447,FALSE
77315,FALSE
54450,FALSE
54452,FALSE
54480,FALSE
54481,FALSE
54501,FALSE
54522,FALSE
54523,FALSE
54525,FALSE
54526,FALSE
54580,TRUE
54589,FALSE
54590,FALSE
54591,FALSE
54592,FALSE
54593,FALSE
54600,FALSE
54601,FALSE
54602,FALSE
54603,FALSE
54604,FALSE
54616,FALSE
54617,FALSE
54618,FALSE
54623,FALSE
54624,FALSE
54625,FALSE
54626,FALSE
54627,FALSE
54628,FALSE
54629,FALSE
54630,FALSE
54631,FALSE
54632,FALSE
54633,FALSE
54634,FALSE
54635,FALSE
54640,FALSE
54641,FALSE
54642,FALSE
71110,FALSE
54643,FALSE
54644,FALSE
54645,FALSE
54646,FALSE
54647,FALSE
54648,FALSE
54687,FALSE
54697,FALSE
54718,FALSE
54719,FALSE
54720,FALSE
54722,FALSE
54723,FALSE
54724,FALSE
54725,FALSE
54726,FALSE
54727,FALSE
54728,FALSE
54729,FALSE
54730,FALSE
54742,FALSE
54790,FALSE
54791,FALSE
54793,FALSE
54794,FALSE
54803,FALSE
54804,FALSE
54805,FALSE
54807,FALSE
54808,FALSE
54809,FALSE
54811,FALSE
54812,FALSE
54821,FALSE
54822,FALSE
54825,FALSE
54826,FALSE
54829,FALSE
54830,FALSE
54831,FALSE
54832,FALSE
54833,FALSE
54834,FALSE
54835,FALSE
54839,FALSE
54841,FALSE
54850,FALSE
54851,FALSE
54852,FALSE
54853,FALSE
54854,FALSE
54855,FALSE
54858,FALSE
54859,FALSE
54898,FALSE
54900,FALSE
54939,FALSE
54940,FALSE
54942,FALSE
54943,FALSE
54955,FALSE
54994,TRUE
55002,FALSE
55003,FALSE
55004,FALSE
55012,FALSE
55014,FALSE
55015,FALSE
55016,FALSE
55017,FALSE
55018,FALSE
55019,FALSE
55020,FALSE
55021,FALSE
55022,FALSE
55023,FALSE
55024,FALSE
55025,FALSE
55028,FALSE
55029,FALSE
55032,FALSE
55033,FALSE
55036,FALSE
55037,FALSE
55038,FALSE
55039,FALSE
55040,FALSE
55041,FALSE
55042,FALSE
55043,FALSE
55044,FALSE
55045,FALSE
55046,FALSE
55047,FALSE
55048,FALSE
55050,FALSE
55052,FALSE
55053,FALSE
55054,FALSE
54840,FALSE
55067,FALSE
55068,FALSE
55069,FALSE
55070,FALSE
55071,FALSE
55072,FALSE
55075,FALSE
55113,FALSE
55118,FALSE
55159,FALSE
55160,FALSE
55161,FALSE
55162,FALSE
55209,TRUE
55211,TRUE
55219,FALSE
55220,FALSE
55227,FALSE
55228,FALSE
55229,FALSE
55230,FALSE
55231,FALSE
55232,FALSE
55233,FALSE
55234,FALSE
55236,FALSE
55237,FALSE
55238,FALSE
55241,FALSE
55243,FALSE
55244,FALSE
55245,FALSE
55247,FALSE
55249,FALSE
55250,FALSE
55251,FALSE
55252,FALSE
55253,FALSE
55254,FALSE
55273,FALSE
55274,FALSE
55276,FALSE
55277,FALSE
55278,FALSE
55317,FALSE
55364,FALSE
55365,FALSE
55366,FALSE
55367,FALSE
55423,FALSE
55424,FALSE
55425,FALSE
55426,FALSE
55431,FALSE
55432,FALSE
55433,FALSE
55434,FALSE
55435,FALSE
55436,FALSE
55437,FALSE
55438,FALSE
55439,FALSE
55440,FALSE
55441,FALSE
55442,FALSE
55443,FALSE
55444,FALSE
55275,FALSE
55463,FALSE
55464,FALSE
55465,FALSE
55466,FALSE
55467,FALSE
55469,FALSE
55483,FALSE
55557,FALSE
55559,FALSE
55609,TRUE
55610,TRUE
55614,FALSE
76665,FALSE
67378,FALSE
55616,FALSE
55621,FALSE
55622,FALSE
55623,FALSE
55625,FALSE
55626,FALSE
55627,FALSE
55628,FALSE
72959,FALSE
55630,FALSE
55631,FALSE
55649,FALSE
55650,FALSE
72751,FALSE
55653,FALSE
55654,FALSE
55655,FALSE
55657,FALSE
55671,FALSE
55723,FALSE
55746,FALSE
55747,FALSE
55748,FALSE
55749,FALSE
55750,FALSE
55799,TRUE
55804,FALSE
55805,FALSE
55806,FALSE
55807,FALSE
55811,FALSE
55812,FALSE
55814,FALSE
55815,FALSE
55816,FALSE
55817,FALSE
55818,FALSE
55822,FALSE
55823,FALSE
55824,FALSE
55839,FALSE
55840,FALSE
55846,FALSE
55848,FALSE
55850,FALSE
55851,FALSE
55852,FALSE
55918,FALSE
55944,FALSE
55945,FALSE
55975,FALSE
55998,FALSE
55999,FALSE
56000,FALSE
56001,FALSE
56002,FALSE
56003,FALSE
56004,FALSE
56006,FALSE
56008,FALSE
56009,FALSE
56010,FALSE
56011,FALSE
56013,FALSE
56014,FALSE
56015,FALSE
56031,FALSE
56032,FALSE
56033,FALSE
56034,FALSE
56035,FALSE
56036,FALSE
55844,FALSE
55845,FALSE
55847,FALSE
56041,FALSE
56042,FALSE
56043,FALSE
56044,FALSE
56045,FALSE
56046,FALSE
56137,FALSE
56139,FALSE
56168,FALSE
56185,TRUE
56192,FALSE
56193,FALSE
56194,FALSE
56195,FALSE
56197,FALSE
56198,FALSE
56199,FALSE
56200,FALSE
56201,FALSE
56202,FALSE
56203,FALSE
56204,FALSE
56205,FALSE
56224,FALSE
56225,FALSE
56226,FALSE
56227,FALSE
56228,FALSE
56229,FALSE
56230,FALSE
56231,FALSE
56232,FALSE
56233,FALSE
56323,FALSE
56324,FALSE
56377,FALSE
56378,FALSE
56379,FALSE
56380,FALSE
56385,FALSE
56386,FALSE
56387,FALSE
56388,FALSE
56389,FALSE
56390,FALSE
56391,FALSE
56392,FALSE
56393,FALSE
56394,FALSE
56395,FALSE
56396,FALSE
56397,FALSE
56399,FALSE
56401,FALSE
56417,FALSE
56418,FALSE
56419,FALSE
56420,FALSE
56421,FALSE
56423,FALSE
56425,FALSE
56515,FALSE
56516,FALSE
56569,FALSE
75456,FALSE
77411,FALSE
56570,FALSE
56571,FALSE
56572,FALSE
56573,FALSE
56583,FALSE
56584,FALSE
56585,FALSE
56587,FALSE
56589,FALSE
56590,FALSE
56591,FALSE
56592,FALSE
56593,FALSE
56594,FALSE
56610,FALSE
56611,FALSE
56612,FALSE
56613,FALSE
56615,FALSE
56704,FALSE
69070,FALSE
56705,FALSE
56757,FALSE
56758,FALSE
56759,FALSE
56760,FALSE
56761,FALSE
56762,FALSE
56763,FALSE
56769,FALSE
56770,FALSE
56771,FALSE
56772,FALSE
56773,FALSE
56774,FALSE
56775,FALSE
56777,FALSE
56779,FALSE
56780,FALSE
56781,FALSE
56782,FALSE
56793,FALSE
56794,FALSE
56795,FALSE
56796,FALSE
56797,FALSE
56800,FALSE
56801,FALSE
56802,FALSE
56803,FALSE
73185,FALSE
56805,FALSE
56806,FALSE
56807,FALSE
56808,FALSE
56896,FALSE
56897,FALSE
56936,TRUE
56949,FALSE
56950,FALSE
56951,FALSE
56952,FALSE
56953,FALSE
56954,FALSE
56955,FALSE
56956,FALSE
56957,FALSE
56958,FALSE
56959,FALSE
56960,FALSE
56961,FALSE
56962,FALSE
56963,FALSE
56964,FALSE
56965,FALSE
56966,FALSE
56967,FALSE
56970,FALSE
56971,FALSE
56972,FALSE
56973,FALSE
56974,FALSE
56975,FALSE
56976,FALSE
56977,FALSE
56978,FALSE
56980,FALSE
56981,FALSE
56982,FALSE
56983,FALSE
56984,FALSE
56985,FALSE
56986,FALSE
56987,FALSE
56988,FALSE
56989,FALSE
56990,FALSE
56991,FALSE
56992,FALSE
56993,FALSE
56994,FALSE
57000,FALSE
57001,FALSE
76216,FALSE
57002,FALSE
57006,FALSE
57009,FALSE
57010,FALSE
74849,FALSE
57011,FALSE
57012,FALSE
57013,FALSE
67877,FALSE
75052,FALSE
57014,FALSE
57101,FALSE
57103,FALSE
57155,FALSE
75635,FALSE
57156,FALSE
57157,FALSE
57158,FALSE
57159,FALSE
57160,FALSE
57161,FALSE
57162,FALSE
57163,FALSE
57164,FALSE
57165,FALSE
57166,FALSE
57167,FALSE
57168,FALSE
57169,FALSE
57170,FALSE
57171,FALSE
57172,FALSE
57173,FALSE
57174,FALSE
57175,FALSE
57177,FALSE
57179,FALSE
57180,FALSE
57181,FALSE
57182,FALSE
57183,FALSE
57184,FALSE
57185,FALSE
57190,FALSE
57191,FALSE
57192,FALSE
57193,FALSE
57196,FALSE
57197,FALSE
57199,FALSE
57200,FALSE
57201,FALSE
57202,FALSE
57203,FALSE
57204,FALSE
57290,FALSE
57291,FALSE
57292,FALSE
57345,FALSE
67269,FALSE
57347,FALSE
57348,FALSE
57349,FALSE
57350,FALSE
57352,FALSE
57354,FALSE
57355,FALSE
57356,FALSE
57357,FALSE
57358,FALSE
57359,FALSE
57360,FALSE
57361,FALSE
57362,FALSE
57363,FALSE
57367,FALSE
57368,FALSE
57369,FALSE
57370,FALSE
57371,FALSE
57373,FALSE
57374,FALSE
57375,FALSE
57376,FALSE
73922,FALSE
71416,FALSE
57377,FALSE
57462,FALSE
57463,FALSE
57516,FALSE
57518,FALSE
57519,FALSE
57520,FALSE
57521,FALSE
57522,FALSE
57524,FALSE
57525,FALSE
57529,FALSE
57530,FALSE
70889,FALSE
57531,FALSE
57532,FALSE
57533,FALSE
57534,FALSE
57535,FALSE
57536,FALSE
57538,FALSE
57622,FALSE
57623,FALSE
57676,FALSE
57677,FALSE
69087,FALSE
57678,FALSE
57679,FALSE
57680,FALSE
57681,FALSE
57682,FALSE
57683,FALSE
57684,FALSE
57685,FALSE
57686,FALSE
57687,FALSE
57688,FALSE
57689,FALSE
57690,FALSE
57691,FALSE
57692,FALSE
57693,FALSE
57694,FALSE
57696,FALSE
57720,FALSE
57721,FALSE
57777,FALSE
57778,FALSE
57779,FALSE
57833,FALSE
57834,FALSE
57835,FALSE
57836,FALSE
57837,FALSE
57838,FALSE
57840,FALSE
57841,FALSE
57842,FALSE
57843,FALSE
57844,FALSE
57845,FALSE
57846,FALSE
57847,FALSE
58076,FALSE
57928,FALSE
57929,FALSE
57983,FALSE
57984,FALSE
57985,FALSE
57988,FALSE
57989,FALSE
57990,FALSE
77442,FALSE
57991,FALSE
57992,FALSE
57993,FALSE
57994,FALSE
57995,FALSE
57996,FALSE
58075,FALSE
58077,FALSE
58130,FALSE
58131,FALSE
77892,FALSE
58132,FALSE
58133,FALSE
58136,FALSE
58137,FALSE
58138,FALSE
58139,FALSE
73189,FALSE
58140,FALSE
72006,FALSE
58142,FALSE
58144,FALSE
58145,FALSE
58148,FALSE
58150,FALSE
58151,FALSE
58152,FALSE
58175,FALSE
58176,FALSE
58230,FALSE
58231,FALSE
58284,FALSE
68390,FALSE
58285,FALSE
58286,FALSE
58287,FALSE
58288,FALSE
58289,FALSE
58290,FALSE
58291,FALSE
58292,FALSE
58293,FALSE
58294,FALSE
58295,FALSE
58298,FALSE
58299,FALSE
58300,FALSE
58301,FALSE
58302,FALSE
58303,FALSE
58304,FALSE
58307,FALSE
58308,FALSE
58384,FALSE
58385,FALSE
76633,FALSE
58386,FALSE
58441,FALSE
58443,FALSE
58445,FALSE
58446,FALSE
58459,FALSE
58460,FALSE
58463,FALSE
74425,FALSE
73665,FALSE
58464,FALSE
58539,FALSE
58540,FALSE
58596,FALSE
58597,FALSE
58598,FALSE
58600,FALSE
71986,FALSE
58601,FALSE
58612,FALSE
58613,FALSE
67973,FALSE
58614,FALSE
58618,FALSE
58619,FALSE
58620,FALSE
58621,FALSE
58622,FALSE
58697,FALSE
78272,FALSE
58698,FALSE
58754,FALSE
58755,FALSE
58756,FALSE
58760,FALSE
58761,FALSE
58762,FALSE
58763,FALSE
58764,FALSE
58776,FALSE
58777,FALSE
58778,FALSE
58779,FALSE
58783,FALSE
58784,FALSE
77145,FALSE
68333,FALSE
58785,FALSE
58787,FALSE
58788,FALSE
58863,FALSE
58864,FALSE
58921,FALSE
58922,FALSE
58927,FALSE
74922,FALSE
58928,FALSE
58929,FALSE
58932,FALSE
58933,FALSE
58934,FALSE
58946,FALSE
58947,FALSE
58948,FALSE
58949,FALSE
58953,FALSE
58954,FALSE
58955,FALSE
58956,FALSE
58957,FALSE
58958,FALSE
59031,FALSE
59032,FALSE
59089,FALSE
59090,FALSE
59091,FALSE
59096,FALSE
70376,FALSE
59097,FALSE
59098,FALSE
59103,FALSE
59104,FALSE
59105,FALSE
59106,FALSE
59117,FALSE
59118,FALSE
59119,FALSE
59125,FALSE
59126,FALSE
59127,FALSE
59128,FALSE
59201,FALSE
59202,FALSE
59249,TRUE
59259,FALSE
59260,FALSE
59261,FALSE
59266,FALSE
59267,FALSE
73726,FALSE
59268,FALSE
59269,FALSE
59275,FALSE
59277,FALSE
59278,FALSE
59290,FALSE
59291,FALSE
59292,FALSE
59299,FALSE
59300,FALSE
59301,FALSE
59302,FALSE
59304,FALSE
59305,FALSE
59376,FALSE
76445,FALSE
59377,FALSE
59434,FALSE
59435,FALSE
59436,FALSE
59437,FALSE
59444,FALSE
59445,FALSE
59446,FALSE
59447,FALSE
59471,FALSE
59472,FALSE
59473,FALSE
59481,FALSE
59482,FALSE
59483,FALSE
68140,FALSE
59485,FALSE
59486,FALSE
59555,FALSE
59556,FALSE
59612,FALSE
59613,FALSE
59614,FALSE
59615,FALSE
59625,FALSE
59626,FALSE
66984,FALSE
59627,FALSE
59628,FALSE
59654,FALSE
59655,FALSE
59656,FALSE
59657,FALSE
59658,FALSE
59666,FALSE
59667,FALSE
59668,FALSE
59669,FALSE
59670,FALSE
59671,FALSE
74966,FALSE
59673,FALSE
59674,FALSE
59740,FALSE
59741,FALSE
59796,FALSE
59797,FALSE
59798,FALSE
59809,FALSE
77618,FALSE
59810,FALSE
59811,FALSE
59812,FALSE
59840,FALSE
59841,FALSE
59842,FALSE
59843,FALSE
67491,FALSE
59844,FALSE
59853,FALSE
59855,FALSE
59856,FALSE
59857,FALSE
59858,FALSE
59859,FALSE
59861,FALSE
59926,FALSE
59927,FALSE
59979,FALSE
59980,FALSE
59981,FALSE
78295,FALSE
59982,FALSE
59993,FALSE
59994,FALSE
59996,FALSE
59997,FALSE
60028,FALSE
76545,FALSE
60029,FALSE
60039,FALSE
60040,FALSE
60041,FALSE
60042,FALSE
67889,FALSE
74851,FALSE
60044,FALSE
60045,FALSE
60108,FALSE
60109,FALSE
60159,FALSE
60160,FALSE
60161,FALSE
76590,FALSE
60162,FALSE
60172,FALSE
60173,FALSE
60195,TRUE
60208,FALSE
60209,FALSE
60210,FALSE
60221,FALSE
60222,FALSE
60224,FALSE
60227,FALSE
68963,FALSE
60228,FALSE
60229,FALSE
60290,FALSE
60292,FALSE
60342,FALSE
60343,FALSE
60353,FALSE
60354,FALSE
60355,FALSE
60381,TRUE
60403,FALSE
60404,FALSE
60405,FALSE
60406,FALSE
60407,FALSE
60408,FALSE
60409,FALSE
76175,FALSE
60410,FALSE
60471,FALSE
60472,FALSE
60480,TRUE
60519,FALSE
60520,FALSE
60521,FALSE
60531,FALSE
60532,FALSE
60581,FALSE
76960,FALSE
60582,FALSE
71806,FALSE
60584,FALSE
60588,TRUE
60645,FALSE
60646,FALSE
60691,FALSE
60692,FALSE
60693,FALSE
60703,FALSE
60704,FALSE
60755,FALSE
60756,FALSE
60757,FALSE
60758,FALSE
71529,FALSE
60759,FALSE
60783,TRUE
60819,FALSE
60820,FALSE
60821,FALSE
60822,FALSE
60865,FALSE
60866,FALSE
60867,FALSE
60876,FALSE
67071,FALSE
68442,FALSE
60877,FALSE
60878,FALSE
60879,FALSE
60880,FALSE
60933,FALSE
60934,FALSE
60935,FALSE
60936,FALSE
60939,TRUE
60941,TRUE
60996,FALSE
60997,FALSE
61040,FALSE
61041,FALSE
61050,FALSE
61051,FALSE
77507,FALSE
75489,FALSE
61052,FALSE
61053,FALSE
61054,FALSE
61070,TRUE
61087,TRUE
61113,FALSE
69626,FALSE
61114,FALSE
61115,FALSE
61117,FALSE
61119,FALSE
61120,TRUE
61122,TRUE
61123,TRUE
61124,TRUE
61178,FALSE
61180,FALSE
61205,TRUE
61223,FALSE
61224,FALSE
61225,FALSE
61235,FALSE
61236,FALSE
61237,FALSE
61238,FALSE
61239,FALSE
61240,FALSE
61241,FALSE
61242,FALSE
61304,FALSE
72139,FALSE
61305,FALSE
61306,FALSE
61307,FALSE
61308,FALSE
61309,FALSE
75657,FALSE
61310,FALSE
61311,TRUE
61314,TRUE
61369,FALSE
61370,FALSE
61413,FALSE
68257,FALSE
61414,FALSE
61423,FALSE
61424,FALSE
61425,FALSE
61426,FALSE
61452,TRUE
61493,FALSE
61494,FALSE
61495,FALSE
61496,FALSE
61498,FALSE
61499,FALSE
70951,FALSE
61501,FALSE
61505,TRUE
61506,TRUE
61559,FALSE
61560,FALSE
61603,FALSE
61604,FALSE
61614,FALSE
61616,FALSE
61617,FALSE
61618,FALSE
61686,FALSE
75081,FALSE
61687,FALSE
61688,FALSE
61689,FALSE
61690,FALSE
61691,FALSE
61692,FALSE
61693,FALSE
61698,TRUE
61702,TRUE
61750,FALSE
61751,FALSE
61752,FALSE
61795,FALSE
61796,FALSE
61805,FALSE
61806,FALSE
61807,FALSE
61808,FALSE
61809,FALSE
61826,TRUE
61837,TRUE
61879,FALSE
61880,FALSE
61881,FALSE
61882,FALSE
61883,FALSE
61885,FALSE
61886,TRUE
61890,TRUE
61892,TRUE
61937,FALSE
61938,FALSE
61939,FALSE
61940,FALSE
61941,FALSE
61943,FALSE
61986,FALSE
61987,FALSE
61996,FALSE
61997,FALSE
62071,FALSE
77252,FALSE
62073,FALSE
62074,FALSE
62080,TRUE
62125,FALSE
62126,FALSE
62127,FALSE
71771,FALSE
69100,FALSE
62128,FALSE
62170,FALSE
62171,FALSE
62179,FALSE
62180,FALSE
62198,TRUE
62210,TRUE
62254,FALSE
73677,FALSE
76716,FALSE
62255,FALSE
62258,TRUE
62259,TRUE
62260,TRUE
62262,TRUE
62263,TRUE
62303,FALSE
62304,FALSE
62305,FALSE
62306,FALSE
62348,FALSE
62349,FALSE
62357,FALSE
62434,FALSE
62437,TRUE
62439,TRUE
62441,TRUE
62442,TRUE
62483,FALSE
67294,FALSE
62484,FALSE
62525,FALSE
62526,FALSE
62533,FALSE
62534,FALSE
62565,TRUE
62611,FALSE
62612,FALSE
62614,TRUE
62616,TRUE
62617,TRUE
62618,TRUE
62619,TRUE
62620,TRUE
62658,FALSE
62659,FALSE
62660,FALSE
62699,FALSE
62700,FALSE
62701,FALSE
62702,FALSE
62709,FALSE
62710,FALSE
62711,FALSE
62788,FALSE
62789,FALSE
62790,FALSE
62794,TRUE
62795,TRUE
62797,TRUE
62834,FALSE
62835,FALSE
62836,FALSE
62837,FALSE
62874,FALSE
62875,FALSE
62876,FALSE
62877,FALSE
62879,FALSE
62880,FALSE
62881,FALSE
69288,FALSE
62882,FALSE
62960,FALSE
62961,FALSE
62962,FALSE
62966,TRUE
62967,TRUE
63006,FALSE
63007,FALSE
63008,FALSE
63044,FALSE
63045,FALSE
63046,FALSE
63047,FALSE
63048,FALSE
63049,FALSE
63050,FALSE
63063,TRUE
63128,FALSE
63129,FALSE
63133,TRUE
63134,TRUE
63135,TRUE
63136,TRUE
63173,FALSE
77019,FALSE
63174,FALSE
63209,FALSE
63210,FALSE
63211,FALSE
63212,FALSE
63229,TRUE
63290,FALSE
63291,FALSE
63294,TRUE
63295,TRUE
63296,TRUE
63297,TRUE
63298,TRUE
63316,FALSE
63335,FALSE
63336,FALSE
63371,FALSE
63372,FALSE
63373,FALSE
63452,FALSE
63453,FALSE
63478,FALSE
63497,FALSE
63499,FALSE
63534,FALSE
63535,FALSE
63614,FALSE
63615,FALSE
63620,TRUE
63660,FALSE
68964,FALSE
63662,FALSE
63671,FALSE
63696,FALSE
63697,FALSE
63743,FALSE
63744,FALSE
63775,FALSE
63776,FALSE
63786,TRUE
63821,FALSE
63822,FALSE
63823,FALSE
63856,FALSE
63857,FALSE
63903,TRUE
63904,FALSE
63936,FALSE
63937,FALSE
63981,FALSE
63982,FALSE
63983,FALSE
63984,FALSE
63992,FALSE
64015,FALSE
64016,FALSE
64026,TRUE
64094,FALSE
64095,FALSE
64105,TRUE
64106,TRUE
64109,TRUE
64138,FALSE
64139,FALSE
64168,FALSE
64169,FALSE
64170,FALSE
64173,TRUE
64220,TRUE
64247,FALSE
69836,FALSE
64248,FALSE
64257,TRUE
64258,TRUE
64261,TRUE
64292,FALSE
64320,FALSE
64321,FALSE
64376,TRUE
64398,FALSE
64399,FALSE
64400,FALSE
64442,FALSE
64443,FALSE
64470,FALSE
64471,FALSE
64475,TRUE
64547,FALSE
64548,FALSE
64567,TRUE
64591,FALSE
76486,FALSE
64592,FALSE
64617,FALSE
64618,FALSE
64619,FALSE
64694,FALSE
73563,FALSE
64695,FALSE
64702,TRUE
64737,FALSE
64738,FALSE
64762,FALSE
64763,FALSE
64764,FALSE
64839,FALSE
68528,FALSE
64840,FALSE
64849,TRUE
64850,TRUE
64881,FALSE
64882,FALSE
64904,FALSE
64905,FALSE
64906,FALSE
64919,TRUE
64931,FALSE
64932,FALSE
64933,FALSE
64934,FALSE
64935,FALSE
64936,FALSE
64937,FALSE
64938,FALSE
64980,FALSE
64981,FALSE
65020,FALSE
65022,FALSE
65043,FALSE
65044,FALSE
65045,FALSE
65055,TRUE
65065,FALSE
65066,FALSE
65067,FALSE
65068,FALSE
65069,FALSE
65070,FALSE
65071,FALSE
65072,FALSE
65073,FALSE
65074,FALSE
65111,FALSE
78335,FALSE
65112,FALSE
65152,FALSE
65153,FALSE
65172,FALSE
65173,FALSE
68761,FALSE
65174,FALSE
65191,FALSE
65192,FALSE
65193,FALSE
74519,FALSE
65194,FALSE
65199,TRUE
65201,FALSE
65229,FALSE
65230,FALSE
65231,FALSE
65269,FALSE
69899,FALSE
65270,FALSE
65288,FALSE
65289,FALSE
65290,FALSE
65307,FALSE
65308,FALSE
65309,FALSE
65314,FALSE
65315,FALSE
65342,FALSE
65343,FALSE
65345,FALSE
65372,FALSE
65382,FALSE
65383,FALSE
65392,FALSE
65394,FALSE
65397,FALSE
65398,FALSE
65399,FALSE
65400,FALSE
70487,FALSE
65402,FALSE
65411,FALSE
65412,FALSE
65413,FALSE
65414,FALSE
65415,FALSE
65416,FALSE
65417,FALSE
65418,FALSE
65419,FALSE
65420,FALSE
65421,FALSE
65424,FALSE
65425,FALSE
65426,FALSE
65435,FALSE
65453,FALSE
65454,FALSE
65481,FALSE
65482,FALSE
65483,FALSE
65490,FALSE
65491,FALSE
65492,FALSE
65493,FALSE
65496,FALSE
65497,FALSE
65498,FALSE
65499,FALSE
72359,FALSE
65500,FALSE
71221,FALSE
65501,FALSE
65502,FALSE
74887,FALSE
69017,FALSE
65503,FALSE
65504,FALSE
65510,FALSE
65511,FALSE
65512,FALSE
74053,FALSE
65513,FALSE
65515,FALSE
65517,FALSE
65518,FALSE
65526,FALSE
65544,FALSE
65546,FALSE
65574,FALSE
65575,FALSE
75534,FALSE
65576,FALSE
65577,FALSE
65578,FALSE
65579,FALSE
65580,FALSE
65581,FALSE
65582,FALSE
65583,FALSE
65584,FALSE
65585,FALSE
65586,FALSE
65590,FALSE
65591,FALSE
65592,FALSE
65593,FALSE
69992,FALSE
65594,FALSE
65595,FALSE
65596,FALSE
65621,FALSE
65622,FALSE
65623,FALSE
65625,FALSE
65647,TRUE
65654,FALSE
65655,FALSE
65656,FALSE
65657,FALSE
65658,FALSE
77945,FALSE
65659,FALSE
65660,FALSE
65661,FALSE
65662,FALSE
65686,FALSE
65687,FALSE
65688,FALSE
65689,FALSE
65690,FALSE
65691,FALSE
65698,TRUE
65715,TRUE
65722,FALSE
65723,FALSE
65724,FALSE
65725,FALSE
65726,FALSE
65727,FALSE
65728,FALSE
65729,FALSE
65750,FALSE
65751,FALSE
65752,FALSE
65753,FALSE
65755,FALSE
65786,FALSE
65787,FALSE
73066,FALSE
65788,FALSE
71909,FALSE
65789,FALSE
65810,FALSE
65811,FALSE
65812,FALSE
65813,FALSE
65816,FALSE
65838,TRUE
65849,FALSE
65850,FALSE
65870,FALSE
69420,FALSE
65871,FALSE
65872,FALSE
65873,FALSE
65874,FALSE
65875,FALSE
65876,FALSE
65887,TRUE
65888,TRUE
65896,TRUE
65897,TRUE
65909,FALSE
74878,FALSE
65910,FALSE
65930,FALSE
65931,FALSE
65933,FALSE
65934,FALSE
65944,TRUE
65955,TRUE
65967,FALSE
74273,FALSE
65968,FALSE
65977,FALSE
65978,FALSE
65983,FALSE
65984,FALSE
65985,FALSE
65986,FALSE
65987,FALSE
65988,FALSE
65991,FALSE
65992,FALSE
65994,FALSE
65995,FALSE
77294,FALSE
65996,FALSE
66015,TRUE
66016,TRUE
66026,FALSE
66027,FALSE
66028,FALSE
66029,FALSE
66030,FALSE
66031,FALSE
66032,FALSE
66035,FALSE
66036,FALSE
66037,FALSE
66041,FALSE
66042,FALSE
66043,FALSE
65993,FALSE
66050,FALSE
66051,FALSE
66063,TRUE
66070,TRUE
66071,TRUE
66073,FALSE
66074,FALSE
66075,FALSE
66076,FALSE
66077,FALSE
66078,FALSE
66079,FALSE
66080,FALSE
66081,FALSE
66082,FALSE
66083,FALSE
66084,FALSE
66085,FALSE
66086,FALSE
66087,FALSE
66088,FALSE
66089,FALSE
66095,FALSE
66096,FALSE
66097,FALSE
66108,TRUE
66119,FALSE
66120,FALSE
66121,FALSE
66122,FALSE
66123,FALSE
66129,FALSE
66130,FALSE
66131,FALSE
66132,FALSE
66145,TRUE
66152,TRUE
66154,FALSE
66155,FALSE
66156,FALSE
66157,FALSE
66158,FALSE
67004,FALSE
66159,FALSE
66160,FALSE
66161,FALSE
66164,FALSE
66166,FALSE
66181,TRUE
66183,TRUE
66189,FALSE
71570,FALSE
66190,FALSE
66191,FALSE
68307,FALSE
66192,FALSE
66193,FALSE
66194,FALSE
66197,FALSE
66198,FALSE
66211,TRUE
66214,TRUE
66216,FALSE
66217,FALSE
66221,FALSE
66222,FALSE
66223,FALSE
66224,FALSE
66225,FALSE
66226,FALSE
66227,FALSE
66228,FALSE
66229,FALSE
77639,FALSE
66232,FALSE
66234,FALSE
66235,FALSE
66244,TRUE
66252,FALSE
70818,FALSE
66253,FALSE
66254,FALSE
66255,FALSE
66256,FALSE
66258,FALSE
66259,FALSE
66260,FALSE
66263,FALSE
66264,FALSE
66266,FALSE
66267,FALSE
66268,FALSE
66269,FALSE
66270,FALSE
66271,FALSE
66272,FALSE
66274,FALSE
66275,FALSE
66276,FALSE
66291,FALSE
66292,FALSE
66299,FALSE
66301,FALSE
66306,FALSE
66307,FALSE
66308,FALSE
66309,FALSE
66310,FALSE
66311,FALSE
66317,TRUE
66323,TRUE
66327,FALSE
66328,FALSE
66329,FALSE
66330,FALSE
66331,FALSE
66336,FALSE
66337,FALSE
66342,FALSE
66343,FALSE
66344,FALSE
66345,FALSE
66346,FALSE
66353,TRUE
66355,TRUE
66358,TRUE
66362,FALSE
66363,FALSE
66364,FALSE
66365,FALSE
66369,FALSE
66370,FALSE
66371,FALSE
66372,FALSE
66373,FALSE
66377,FALSE
66378,FALSE
66379,FALSE
66380,FALSE
66381,FALSE
66386,TRUE
66396,FALSE
66397,FALSE
66398,FALSE
66399,FALSE
66402,FALSE
66403,FALSE
66404,FALSE
66405,FALSE
66406,FALSE
66410,FALSE
66411,FALSE
66412,FALSE
66414,FALSE
66415,FALSE
66416,FALSE
66417,FALSE
66423,TRUE
66424,TRUE
66433,FALSE
66434,FALSE
66435,FALSE
66437,FALSE
66438,FALSE
66443,FALSE
66444,FALSE
71664,FALSE
66447,FALSE
66448,FALSE
66449,FALSE
66450,FALSE
66458,TRUE
66460,TRUE
66461,TRUE
66465,FALSE
66467,FALSE
66436,FALSE
66473,FALSE
66474,FALSE
66476,FALSE
66477,FALSE
66478,FALSE
66479,FALSE
66480,FALSE
66487,TRUE
66490,TRUE
66494,FALSE
66496,FALSE
66497,FALSE
66504,FALSE
68211,FALSE
66505,FALSE
66506,FALSE
66507,FALSE
66520,FALSE
66521,FALSE
74558,FALSE
66522,FALSE
66523,FALSE
66530,FALSE
66531,FALSE
66532,FALSE
66533,FALSE
66534,FALSE
66547,FALSE
66548,FALSE
66556,FALSE
66557,FALSE
66558,FALSE
66559,FALSE
66560,FALSE
66569,TRUE
66570,TRUE
66572,FALSE
72925,FALSE
66573,FALSE
66574,FALSE
66575,FALSE
66576,FALSE
66579,FALSE
66580,FALSE
66581,FALSE
66582,FALSE
66583,FALSE
66584,FALSE
66585,FALSE
66598,FALSE
74500,FALSE
66600,FALSE
66601,FALSE
66602,FALSE
66603,FALSE
66604,FALSE
66614,TRUE
66615,TRUE
66621,FALSE
66622,FALSE
66623,FALSE
66624,FALSE
66625,FALSE
66626,FALSE
66627,FALSE
66628,FALSE
66631,TRUE
66634,TRUE
66635,TRUE
66636,TRUE
66640,TRUE
66644,FALSE
66645,FALSE
66646,FALSE
66647,FALSE
66648,FALSE
66655,TRUE
66659,TRUE
66662,FALSE
66663,FALSE
66665,FALSE
66666,FALSE
66667,FALSE
66674,TRUE
66682,FALSE
66683,FALSE
78519,FALSE
78124,FALSE
66684,FALSE
66685,FALSE
66686,FALSE
66694,TRUE
66700,FALSE
73445,FALSE
77525,FALSE
72311,FALSE
71923,FALSE
66701,FALSE
66702,FALSE
66703,FALSE
66717,FALSE
70991,FALSE
68345,FALSE
74045,FALSE
70224,FALSE
67311,FALSE
66718,FALSE
66719,FALSE
66731,FALSE
66732,FALSE
66733,FALSE
66734,FALSE
66735,FALSE
66745,FALSE
74284,FALSE
69634,FALSE
66746,FALSE
66747,FALSE
66748,FALSE
66749,FALSE
66758,FALSE
66759,FALSE
66760,FALSE
66761,FALSE
66762,FALSE
66763,FALSE
66764,FALSE
66767,FALSE
66768,FALSE
66769,FALSE
66770,FALSE
66771,FALSE
66779,FALSE
66781,FALSE
66782,FALSE
66783,FALSE
66784,FALSE
66785,FALSE
66786,FALSE
66787,FALSE
69755,FALSE
66788,FALSE
66789,FALSE
66790,FALSE
66791,FALSE
66792,FALSE
66799,FALSE
66800,FALSE
66802,FALSE
66803,FALSE
66804,FALSE
66805,FALSE
66806,FALSE
66808,FALSE
66809,FALSE
66810,FALSE
66811,FALSE
66812,FALSE
66813,FALSE
66814,FALSE
66815,FALSE
66816,FALSE
66817,FALSE
66818,FALSE
66819,FALSE
66820,FALSE
66821,FALSE
71958,FALSE
66822,FALSE
66823,FALSE
66824,FALSE
66825,FALSE
66826,FALSE
66827,FALSE
66828,FALSE
66829,FALSE
66830,FALSE
66831,FALSE
66832,FALSE
66834,FALSE
71204,FALSE
67192,FALSE
66835,FALSE
66836,FALSE
66837,FALSE
66838,FALSE
66839,FALSE
66840,FALSE
66841,FALSE
66842,FALSE
66843,FALSE
66847,FALSE
66850,FALSE
66851,FALSE
66852,FALSE
66853,FALSE
66854,FALSE
66855,FALSE
66856,FALSE
66861,FALSE
66862,FALSE
67182,FALSE
76571,FALSE
71105,FALSE
75088,FALSE
66865,FALSE
66866,FALSE
66867,FALSE
66868,FALSE
66869,FALSE
66870,FALSE
66871,FALSE
66863,FALSE
66877,FALSE
66878,FALSE
66879,FALSE
66880,FALSE
72722,FALSE
77213,FALSE
66944,FALSE
66883,FALSE
66884,FALSE
66885,FALSE
66886,FALSE
66887,FALSE
66888,FALSE
66889,FALSE
66890,FALSE
66891,FALSE
66894,FALSE
66895,FALSE
77904,FALSE
71540,FALSE
57986,FALSE
20030,FALSE
