Basin_ID,Jan,Feb,Mar,Apr,May,Jun,Jul,Aug,Sep,Oct,Nov,Dec
296,0.0,0.0,0.0,0.0,0.0,0.0,0.0,0.0,0.0,0.0,0.0,0.0
607,0.0,0.0,0.0,0.0,0.0,0.0,0.0,0.0,0.0,0.0,0.0,0.0
766,0.0,0.0,0.0,0.0,0.0,0.0,0.0,0.0,0.0,0.0,0.0,0.0
817,0.0,0.0,0.0,0.0,0.0,0.0,0.0,0.0,0.0,0.0,0.0,0.0
819,0.0,0.0,0.0,0.0,0.0,0.0,0.0,0.0,0.0,0.0,0.0,0.0
972,0.0,0.0,0.0,0.0,0.0,0.0,0.0,0.0,0.0,0.0,0.0,0.0
973,0.0,0.0,0.0,0.0,0.0,0.0,0.0,0.0,0.0,0.0,0.0,0.0
974,0.0,0.0,0.0,0.0,0.0,0.0,0.0,0.0,0.0,0.0,0.0,0.0
1073,0.0,0.0,0.0,0.0,0.0,0.0,0.0,0.0,0.0,0.0,0.0,0.0
1077,0.0,0.0,0.0,0.0,0.0,0.0,0.0,0.0,0.0,0.0,0.0,0.0
1143,0.0,0.0,0.0,0.0,0.0,0.0,0.0,0.0,0.0,0.0,0.0,0.0
1470,0.0,0.0,0.0,0.0,0.0,0.0,0.0,0.0,0.0,0.0,0.0,0.0
1471,0.0,0.0,0.0,0.0,0.0,0.0,0.0,0.0,0.0,0.0,0.0,0.0
1521,0.0,0.0,0.0,0.0,0.0,0.0,0.0,0.0,0.0,0.0,0.0,0.0
1554,0.0,0.0,0.0,0.0,0.0,0.0,0.0,0.0,0.0,0.0,0.0,0.0
1663,0.0,0.0,0.0,0.0,0.0,0.0,0.0,0.0,0.0,0.0,0.0,0.0
1664,0.0,0.0,0.0,0.0,0.0,0.0,0.0,0.0,0.0,0.0,0.0,0.0
1665,0.0,0.0,0.0,0.0,0.0,0.0,0.0,0.0,0.0,0.0,0.0,0.0
1755,0.0,0.0,0.0,0.0,0.0,0.0,0.0,0.0,0.0,0.0,0.0,0.0
1765,0.0,0.0,0.0,0.0,0.0,0.0,0.0,0.0,0.0,0.0,0.0,0.0
1857,0.0,0.0,0.0,0.0,0.0,0.0,0.0,0.0,0.0,0.0,0.0,0.0
1858,0.0,0.0,0.0,0.0,0.0,0.0,0.0,0.0,0.0,0.0,0.0,0.0
1860,0.0,0.0,0.0,0.0,0.0,0.0,0.0,0.0,0.0,0.0,0.0,0.0
1868,0.0,0.0,0.0,0.0,0.0,0.0,0.0,0.0,0.0,0.0,0.0,0.0
1872,0.0,0.0,0.0,0.0,0.0,0.0,0.0,0.0,0.0,0.0,0.0,0.0
1873,0.0,0.0,0.0,0.0,0.0,0.0,0.0,0.0,0.0,0.0,0.0,0.0
1874,0.0,0.0,0.0,0.0,0.0,0.0,0.0,0.0,0.0,0.0,0.0,0.0
1940,0.0,0.0,0.0,0.0,0.0,0.0,0.0,0.0,0.0,0.0,0.0,0.0
1942,0.0,0.0,0.0,0.0,0.0,0.0,0.0,0.0,0.0,0.0,0.0,0.0
1943,0.0,0.0,0.0,0.0,0.0,0.0,0.0,0.0,0.0,0.0,0.0,0.0
2035,0.0,0.0,0.0,0.0,0.0,0.0,0.0,0.0,0.0,0.0,0.0,0.0
2043,0.0,0.0,0.0,0.0,0.0,0.0,0.0,0.0,0.0,0.0,0.0,0.0
2044,0.0,0.0,0.0,0.0,0.0,0.0,0.0,0.0,0.0,0.0,0.0,0.0
2046,0.0,0.0,0.0,0.0,0.0,0.0,0.0,0.0,0.0,0.0,0.0,0.0
2047,0.0,0.0,0.0,0.0,0.0,0.0,0.0,0.0,0.0,0.0,0.0,0.0
2048,0.0,0.0,0.0,0.0,0.0,0.0,0.0,0.0,0.0,0.0,0.0,0.0
2052,0.0,0.0,0.0,0.0,0.0,0.0,0.0,0.0,0.0,0.0,0.0,0.0
2053,0.0,0.0,0.0,0.0,0.0,0.0,0.0,0.0,0.0,0.0,0.0,0.0
2054,0.0,0.0,0.0,0.0,0.0,0.0,0.0,0.0,0.0,0.0,0.0,0.0
2055,0.0,0.0,0.0,0.0,0.0,0.0,0.0,0.0,0.0,0.0,0.0,0.0
2079,0.0,0.0,0.0,0.0,0.0,0.0,0.0,0.0,0.0,0.0,0.0,0.0
2128,0.0,0.0,0.0,0.0,0.0,0.0,0.0,0.0,0.0,0.0,0.0,0.0
2134,0.0,0.0,0.0,0.0,0.0,0.0,0.0,0.0,0.0,0.0,0.0,0.0
2227,0.0,0.0,0.0,0.0,0.0,0.0,0.0,0.0,0.0,0.0,0.0,0.0
2228,0.0,0.0,0.0,0.0,0.0,0.0,0.0,0.0,0.0,0.0,0.0,0.0
2230,0.0,0.0,0.0,0.0,0.0,0.0,0.0,0.0,0.0,0.0,0.0,0.0
2243,0.0,0.0,0.0,0.0,0.0,0.0,0.0,0.0,0.0,0.0,0.0,0.0
2244,0.0,0.0,0.0,0.0,0.0,0.0,0.0,0.0,0.0,0.0,0.0,0.0
2255,0.0,0.0,0.0,0.0,0.0,0.0,0.0,0.0,0.0,0.0,0.0,0.0
2256,0.0,0.0,0.0,0.0,0.0,0.0,0.0,0.0,0.0,0.0,0.0,0.0
2257,0.0,0.0,0.0,0.0,0.0,0.0,0.0,0.0,0.0,0.0,0.0,0.0
2258,0.0,0.0,0.0,0.0,0.0,0.0,0.0,0.0,0.0,0.0,0.0,0.0
2259,0.0,0.0,0.0,0.0,0.0,0.0,0.0,0.0,0.0,0.0,0.0,0.0
2260,0.0,0.0,0.0,0.0,0.0,0.0,0.0,0.0,0.0,0.0,0.0,0.0
2261,0.0,0.0,0.0,0.0,0.0,0.0,0.0,0.0,0.0,0.0,0.0,0.0
2262,0.0,0.0,0.0,0.0,0.0,0.0,0.0,0.0,0.0,0.0,0.0,0.0
2263,0.0,0.0,0.0,0.0,0.0,0.0,0.0,0.0,0.0,0.0,0.0,0.0
2264,0.0,0.0,0.0,0.0,0.0,0.0,0.0,0.0,0.0,0.0,0.0,0.0
2265,0.0,0.0,0.0,0.0,0.0,0.0,0.0,0.0,0.0,0.0,0.0,0.0
2266,0.0,0.0,0.0,0.0,0.0,0.0,0.0,0.0,0.0,0.0,0.0,0.0
2285,0.0,0.0,0.0,0.0,0.0,0.0,0.0,0.0,0.0,0.0,0.0,0.0
2286,0.0,0.0,0.0,0.0,0.0,0.0,0.0,0.0,0.0,0.0,0.0,0.0
2287,0.0,0.0,0.0,0.0,0.0,0.0,0.0,0.0,0.0,0.0,0.0,0.0
2289,0.0,0.0,0.0,0.0,0.0,0.0,0.0,0.0,0.0,0.0,0.0,0.0
2290,0.0,0.0,0.0,0.0,0.0,0.0,0.0,0.0,0.0,0.0,0.0,0.0
2296,0.0,0.0,0.0,0.0,0.0,0.0,0.0,0.0,0.0,0.0,0.0,0.0
2350,0.0,0.0,0.0,0.0,0.0,0.0,0.0,0.0,0.0,0.0,0.0,0.0
2352,0.0,0.0,0.0,0.0,0.0,0.0,0.0,0.0,0.0,0.0,0.0,0.0
2353,0.0,0.0,0.0,0.0,0.0,0.0,0.0,0.0,0.0,0.0,0.0,0.0
2354,0.0,0.0,0.0,0.0,0.0,0.0,0.0,0.0,0.0,0.0,0.0,0.0
2355,0.0,0.0,0.0,0.0,0.0,0.0,0.0,0.0,0.0,0.0,0.0,0.0
2356,0.0,0.0,0.0,0.0,0.0,0.0,0.0,0.0,0.0,0.0,0.0,0.0
2357,0.0,0.0,0.0,0.0,0.0,0.0,0.0,0.0,0.0,0.0,0.0,0.0
2358,0.0,0.0,0.0,0.0,0.0,0.0,0.0,0.0,0.0,0.0,0.0,0.0
2467,0.0,0.0,0.0,0.0,0.0,0.0,0.0,0.0,0.0,0.0,0.0,0.0
2468,0.0,0.0,0.0,0.0,0.0,0.0,0.0,0.0,0.0,0.0,0.0,0.0
2469,0.0,0.0,0.0,0.0,0.0,0.0,0.0,0.0,0.0,0.0,0.0,0.0
2470,0.0,0.0,0.0,0.0,0.0,0.0,0.0,0.0,0.0,0.0,0.0,0.0
2471,0.0,0.0,0.0,0.0,0.0,0.0,0.0,0.0,0.0,0.0,0.0,0.0
2472,0.0,0.0,0.0,0.0,0.0,0.0,0.0,0.0,0.0,0.0,0.0,0.0
2474,0.0,0.0,0.0,0.0,0.0,0.0,0.0,0.0,0.0,0.0,0.0,0.0
2475,0.0,0.0,0.0,0.0,0.0,0.0,0.0,0.0,0.0,0.0,0.0,0.0
2476,0.0,0.0,0.0,0.0,0.0,0.0,0.0,0.0,0.0,0.0,0.0,0.0
2477,0.0,0.0,0.0,0.0,0.0,0.0,0.0,0.0,0.0,0.0,0.0,0.0
2478,0.0,0.0,0.0,0.0,0.0,0.0,0.0,0.0,0.0,0.0,0.0,0.0
2479,0.0,0.0,0.0,0.0,0.0,0.0,0.0,0.0,0.0,0.0,0.0,0.0
2480,0.0,0.0,0.0,0.0,0.0,0.0,0.0,0.0,0.0,0.0,0.0,0.0
2481,0.0,0.0,0.0,0.0,0.0,0.0,0.0,0.0,0.0,0.0,0.0,0.0
2505,0.0,0.0,0.0,0.0,0.0,0.0,0.0,0.0,0.0,0.0,0.0,0.0
2506,0.0,0.0,0.0,0.0,0.0,0.0,0.0,0.0,0.0,0.0,0.0,0.0
2507,0.0,0.0,0.0,0.0,0.0,0.0,0.0,0.0,0.0,0.0,0.0,0.0
2508,0.0,0.0,0.0,0.0,0.0,0.0,0.0,0.0,0.0,0.0,0.0,0.0
2509,0.0,0.0,0.0,0.0,0.0,0.0,0.0,0.0,0.0,0.0,0.0,0.0
2511,0.0,0.0,0.0,0.0,0.0,0.0,0.0,0.0,0.0,0.0,0.0,0.0
2512,0.0,0.0,0.0,0.0,0.0,0.0,0.0,0.0,0.0,0.0,0.0,0.0
2539,0.0,0.0,0.0,0.0,0.0,0.0,0.0,0.0,0.0,0.0,0.0,0.0
2542,0.0,0.0,0.0,0.0,0.0,0.0,0.0,0.0,0.0,0.0,0.0,0.0
2594,0.0,0.0,0.0,0.0,0.0,0.0,0.0,0.0,0.0,0.0,0.0,0.0
2671,0.0,0.0,0.0,0.0,0.0,0.0,0.0,0.0,0.0,0.0,0.0,0.0
2692,0.0,0.0,0.0,0.0,0.0,0.0,0.0,0.0,0.0,0.0,0.0,0.0
2693,0.0,0.0,0.0,0.0,0.0,0.0,0.0,0.0,0.0,0.0,0.0,0.0
2694,0.0,0.0,0.0,0.0,0.0,0.0,0.0,0.0,0.0,0.0,0.0,0.0
2695,0.0,0.0,0.0,0.0,0.0,0.0,0.0,0.0,0.0,0.0,0.0,0.0
2696,0.0,0.0,0.0,0.0,0.0,0.0,0.0,0.0,0.0,0.0,0.0,0.0
2697,0.0,0.0,0.0,0.0,0.0,0.0,0.0,0.0,0.0,0.0,0.0,0.0
2698,0.0,0.0,0.0,0.0,0.0,0.0,0.0,0.0,0.0,0.0,0.0,0.0
2699,0.0,0.0,0.0,0.0,0.0,0.0,0.0,0.0,0.0,0.0,0.0,0.0
2703,0.0,0.0,0.0,0.0,0.0,0.0,0.0,0.0,0.0,0.0,0.0,0.0
2704,0.0,0.0,0.0,0.0,0.0,0.0,0.0,0.0,0.0,0.0,0.0,0.0
2705,0.0,0.0,0.0,0.0,0.0,0.0,0.0,0.0,0.0,0.0,0.0,0.0
2706,0.0,0.0,0.0,0.0,0.0,0.0,0.0,0.0,0.0,0.0,0.0,0.0
2737,0.0,0.0,0.0,0.0,0.0,0.0,0.0,0.0,0.0,0.0,0.0,0.0
2738,0.0,0.0,0.0,0.0,0.0,0.0,0.0,0.0,0.0,0.0,0.0,0.0
2739,0.0,0.0,0.0,0.0,0.0,0.0,0.0,0.0,0.0,0.0,0.0,0.0
2740,0.0,0.0,0.0,0.0,0.0,0.0,0.0,0.0,0.0,0.0,0.0,0.0
2741,0.0,0.0,0.0,0.0,0.0,0.0,0.0,0.0,0.0,0.0,0.0,0.0
2742,0.0,0.0,0.0,0.0,0.0,0.0,0.0,0.0,0.0,0.0,0.0,0.0
2743,0.0,0.0,0.0,0.0,0.0,0.0,0.0,0.0,0.0,0.0,0.0,0.0
2747,0.0,0.0,0.0,0.0,0.0,0.0,0.0,0.0,0.0,0.0,0.0,0.0
2748,0.0,0.0,0.0,0.0,0.0,0.0,0.0,0.0,0.0,0.0,0.0,0.0
2753,0.0,0.0,0.0,0.0,0.0,0.0,0.0,0.0,0.0,0.0,0.0,0.0
2754,0.0,0.0,0.0,0.0,0.0,0.0,0.0,0.0,0.0,0.0,0.0,0.0
2755,0.0,0.0,0.0,0.0,0.0,0.0,0.0,0.0,0.0,0.0,0.0,0.0
2756,0.0,0.0,0.0,0.0,0.0,0.0,0.0,0.0,0.0,0.0,0.0,0.0
2757,0.0,0.0,0.0,0.0,0.0,0.0,0.0,0.0,0.0,0.0,0.0,0.0
2758,0.0,0.0,0.0,0.0,0.0,0.0,0.0,0.0,0.0,0.0,0.0,0.0
2759,0.0,0.0,0.0,0.0,0.0,0.0,0.0,0.0,0.0,0.0,0.0,0.0
2774,0.0,0.0,0.0,0.0,0.0,0.0,0.0,0.0,0.0,0.0,0.0,0.0
2785,0.0,0.0,0.0,0.0,0.0,0.0,0.0,0.0,0.0,0.0,0.0,0.0
2791,0.0,0.0,0.0,0.0,0.0,0.0,0.0,0.0,0.0,0.0,0.0,0.0
2905,0.0,0.0,0.0,0.0,0.0,0.0,0.0,0.0,0.0,0.0,0.0,0.0
2906,0.0,0.0,0.0,0.0,0.0,0.0,0.0,0.0,0.0,0.0,0.0,0.0
2907,0.0,0.0,0.0,0.0,0.0,0.0,0.0,0.0,0.0,0.0,0.0,0.0
2908,0.0,0.0,0.0,0.0,0.0,0.0,0.0,0.0,0.0,0.0,0.0,0.0
2909,0.0,0.0,0.0,0.0,0.0,0.0,0.0,0.0,0.0,0.0,0.0,0.0
2922,0.0,0.0,0.0,0.0,0.0,0.0,0.0,0.0,0.0,0.0,0.0,0.0
2924,0.0,0.0,0.0,0.0,0.0,0.0,0.0,0.0,0.0,0.0,0.0,0.0
2925,0.0,0.0,0.0,0.0,0.0,0.0,0.0,0.0,0.0,0.0,0.0,0.0
2926,0.0,0.0,0.0,0.0,0.0,0.0,0.0,0.0,0.0,0.0,0.0,0.0
2927,0.0,0.0,0.0,0.0,0.0,0.0,0.0,0.0,0.0,0.0,0.0,0.0
2928,0.0,0.0,0.0,0.0,0.0,0.0,0.0,0.0,0.0,0.0,0.0,0.0
2929,0.0,0.0,0.0,0.0,0.0,0.0,0.0,0.0,0.0,0.0,0.0,0.0
2975,0.0,0.0,0.0,0.0,0.0,0.0,0.0,0.0,0.0,0.0,0.0,0.0
2976,0.0,0.0,0.0,0.0,0.0,0.0,0.0,0.0,0.0,0.0,0.0,0.0
2977,0.0,0.0,0.0,0.0,0.0,0.0,0.0,0.0,0.0,0.0,0.0,0.0
2978,0.0,0.0,0.0,0.0,0.0,0.0,0.0,0.0,0.0,0.0,0.0,0.0
2979,0.0,0.0,0.0,0.0,0.0,0.0,0.0,0.0,0.0,0.0,0.0,0.0
2980,0.0,0.0,0.0,0.0,0.0,0.0,0.0,0.0,0.0,0.0,0.0,0.0
2991,0.0,0.0,0.0,0.0,0.0,0.0,0.0,0.0,0.0,0.0,0.0,0.0
2992,0.0,0.0,0.0,0.0,0.0,0.0,0.0,0.0,0.0,0.0,0.0,0.0
2993,0.0,0.0,0.0,0.0,0.0,0.0,0.0,0.0,0.0,0.0,0.0,0.0
2994,0.0,0.0,0.0,0.0,0.0,0.0,0.0,0.0,0.0,0.0,0.0,0.0
2995,0.0,0.0,0.0,0.0,0.0,0.0,0.0,0.0,0.0,0.0,0.0,0.0
2996,0.0,0.0,0.0,0.0,0.0,0.0,0.0,0.0,0.0,0.0,0.0,0.0
2997,0.0,0.0,0.0,0.0,0.0,0.0,0.0,0.0,0.0,0.0,0.0,0.0
2998,0.0,0.0,0.0,0.0,0.0,0.0,0.0,0.0,0.0,0.0,0.0,0.0
2999,0.0,0.0,0.0,0.0,0.0,0.0,0.0,0.0,0.0,0.0,0.0,0.0
3000,0.0,0.0,0.0,0.0,0.0,0.0,0.0,0.0,0.0,0.0,0.0,0.0
3001,0.0,0.0,0.0,0.0,0.0,0.0,0.0,0.0,0.0,0.0,0.0,0.0
3002,0.0,0.0,0.0,0.0,0.0,0.0,0.0,0.0,0.0,0.0,0.0,0.0
3003,0.0,0.0,0.0,0.0,0.0,0.0,0.0,0.0,0.0,0.0,0.0,0.0
3004,0.0,0.0,0.0,0.0,0.0,0.0,0.0,0.0,0.0,0.0,0.0,0.0
3005,0.0,0.0,0.0,0.0,0.0,0.0,0.0,0.0,0.0,0.0,0.0,0.0
3007,0.0,0.0,0.0,0.0,0.0,0.0,0.0,0.0,0.0,0.0,0.0,0.0
3008,0.0,0.0,0.0,0.0,0.0,0.0,0.0,0.0,0.0,0.0,0.0,0.0
3011,0.0,0.0,0.0,0.0,0.0,0.0,0.0,0.0,0.0,0.0,0.0,0.0
3012,0.0,0.0,0.0,0.0,0.0,0.0,0.0,0.0,0.0,0.0,0.0,0.0
3013,0.0,0.0,0.0,0.0,0.0,0.0,0.0,0.0,0.0,0.0,0.0,0.0
3014,0.0,0.0,0.0,0.0,0.0,0.0,0.0,0.0,0.0,0.0,0.0,0.0
3017,0.0,0.0,0.0,0.0,0.0,0.0,0.0,0.0,0.0,0.0,0.0,0.0
3126,0.0,0.0,0.0,0.0,0.0,0.0,0.0,0.0,0.0,0.0,0.0,0.0
3127,0.0,0.0,0.0,0.0,0.0,0.0,0.0,0.0,0.0,0.0,0.0,0.0
3128,0.0,0.0,0.0,0.0,0.0,0.0,0.0,0.0,0.0,0.0,0.0,0.0
3138,0.0,0.0,0.0,0.0,0.0,0.0,0.0,0.0,0.0,0.0,0.0,0.0
3139,0.0,0.0,0.0,0.0,0.0,0.0,0.0,0.0,0.0,0.0,0.0,0.0
3140,0.0,0.0,0.0,0.0,0.0,0.0,0.0,0.0,0.0,0.0,0.0,0.0
3141,0.0,0.0,0.0,0.0,0.0,0.0,0.0,0.0,0.0,0.0,0.0,0.0
3142,0.0,0.0,0.0,0.0,0.0,0.0,0.0,0.0,0.0,0.0,0.0,0.0
3143,0.0,0.0,0.0,0.0,0.0,0.0,0.0,0.0,0.0,0.0,0.0,0.0
3144,0.0,0.0,0.0,0.0,0.0,0.0,0.0,0.0,0.0,0.0,0.0,0.0
3145,0.0,0.0,0.0,0.0,0.0,0.0,0.0,0.0,0.0,0.0,0.0,0.0
3191,0.0,0.0,0.0,0.0,0.0,0.0,0.0,0.0,0.0,0.0,0.0,0.0
3192,0.0,0.0,0.0,0.0,0.0,0.0,0.0,0.0,0.0,0.0,0.0,0.0
3193,0.0,0.0,0.0,0.0,0.0,0.0,0.0,0.0,0.0,0.0,0.0,0.0
3194,0.0,0.0,0.0,0.0,0.0,0.0,0.0,0.0,0.0,0.0,0.0,0.0
3195,0.0,0.0,0.0,0.0,0.0,0.0,0.0,0.0,0.0,0.0,0.0,0.0
3196,0.0,0.0,0.0,0.0,0.0,0.0,0.0,0.0,0.0,0.0,0.0,0.0
3197,0.0,0.0,0.0,0.0,0.0,0.0,0.0,0.0,0.0,0.0,0.0,0.0
3198,0.0,0.0,0.0,0.0,0.0,0.0,0.0,0.0,0.0,0.0,0.0,0.0
3199,0.0,0.0,0.0,0.0,0.0,0.0,0.0,0.0,0.0,0.0,0.0,0.0
3200,0.0,0.0,0.0,0.0,0.0,0.0,0.0,0.0,0.0,0.0,0.0,0.0
3201,0.0,0.0,0.0,0.0,0.0,0.0,0.0,0.0,0.0,0.0,0.0,0.0
3205,0.0,0.0,0.0,0.0,0.0,0.0,0.0,0.0,0.0,0.0,0.0,0.0
3209,0.0,0.0,0.0,0.0,0.0,0.0,0.0,0.0,0.0,0.0,0.0,0.0
3210,0.0,0.0,0.0,0.0,0.0,0.0,0.0,0.0,0.0,0.0,0.0,0.0
3211,0.0,0.0,0.0,0.0,0.0,0.0,0.0,0.0,0.0,0.0,0.0,0.0
3212,0.0,0.0,0.0,0.0,0.0,0.0,0.0,0.0,0.0,0.0,0.0,0.0
3213,0.0,0.0,0.0,0.0,0.0,0.0,0.0,0.0,0.0,0.0,0.0,0.0
3214,0.0,0.0,0.0,0.0,0.0,0.0,0.0,0.0,0.0,0.0,0.0,0.0
3215,0.0,0.0,0.0,0.0,0.0,0.0,0.0,0.0,0.0,0.0,0.0,0.0
3216,0.0,0.0,0.0,0.0,0.0,0.0,0.0,0.0,0.0,0.0,0.0,0.0
3217,0.0,0.0,0.0,0.0,0.0,0.0,0.0,0.0,0.0,0.0,0.0,0.0
3225,0.0,0.0,0.0,0.0,0.0,0.0,0.0,0.0,0.0,0.0,0.0,0.0
3227,0.0,0.0,0.0,0.0,0.0,0.0,0.0,0.0,0.0,0.0,0.0,0.0
3230,0.0,0.0,0.0,0.0,0.0,0.0,0.0,0.0,0.0,0.0,0.0,0.0
3233,0.0,0.0,0.0,0.0,0.0,0.0,0.0,0.0,0.0,0.0,0.0,0.0
3234,0.0,0.0,0.0,0.0,0.0,0.0,0.0,0.0,0.0,0.0,0.0,0.0
3235,0.0,0.0,0.0,0.0,0.0,0.0,0.0,0.0,0.0,0.0,0.0,0.0
3236,0.0,0.0,0.0,0.0,0.0,0.0,0.0,0.0,0.0,0.0,0.0,0.0
3314,0.0,0.0,0.0,0.0,0.0,0.0,0.0,0.0,0.0,0.0,0.0,0.0
3315,0.0,0.0,0.0,0.0,0.0,0.0,0.0,0.0,0.0,0.0,0.0,0.0
3316,0.0,0.0,0.0,0.0,0.0,0.0,0.0,0.0,0.0,0.0,0.0,0.0
3317,0.0,0.0,0.0,0.0,0.0,0.0,0.0,0.0,0.0,0.0,0.0,0.0
3318,0.0,0.0,0.0,0.0,0.0,0.0,0.0,0.0,0.0,0.0,0.0,0.0
3319,0.0,0.0,0.0,0.0,0.0,0.0,0.0,0.0,0.0,0.0,0.0,0.0
3327,0.0,0.0,0.0,0.0,0.0,0.0,0.0,0.0,0.0,0.0,0.0,0.0
3328,0.0,0.0,0.0,0.0,0.0,0.0,0.0,0.0,0.0,0.0,0.0,0.0
3329,0.0,0.0,0.0,0.0,0.0,0.0,0.0,0.0,0.0,0.0,0.0,0.0
3331,0.0,0.0,0.0,0.0,0.0,0.0,0.0,0.0,0.0,0.0,0.0,0.0
3332,0.0,0.0,0.0,0.0,0.0,0.0,0.0,0.0,0.0,0.0,0.0,0.0
3333,0.0,0.0,0.0,0.0,0.0,0.0,0.0,0.0,0.0,0.0,0.0,0.0
3334,0.0,0.0,0.0,0.0,0.0,0.0,0.0,0.0,0.0,0.0,0.0,0.0
3335,0.0,0.0,0.0,0.0,0.0,0.0,0.0,0.0,0.0,0.0,0.0,0.0
3380,0.0,0.0,0.0,0.0,0.0,0.0,0.0,0.0,0.0,0.0,0.0,0.0
3381,0.0,0.0,0.0,0.0,0.0,0.0,0.0,0.0,0.0,0.0,0.0,0.0
3383,0.0,0.0,0.0,0.0,0.0,0.0,0.0,0.0,0.0,0.0,0.0,0.0
3384,0.0,0.0,0.0,0.0,0.0,0.0,0.0,0.0,0.0,0.0,0.0,0.0
3385,0.0,0.0,0.0,0.0,0.0,0.0,0.0,0.0,0.0,0.0,0.0,0.0
3386,0.0,0.0,0.0,0.0,0.0,0.0,0.0,0.0,0.0,0.0,0.0,0.0
3389,0.0,0.0,0.0,0.0,0.0,0.0,0.0,0.0,0.0,0.0,0.0,0.0
3391,0.0,0.0,0.0,0.0,0.0,0.0,0.0,0.0,0.0,0.0,0.0,0.0
3392,0.0,0.0,0.0,0.0,0.0,0.0,0.0,0.0,0.0,0.0,0.0,0.0
3393,0.0,0.0,0.0,0.0,0.0,0.0,0.0,0.0,0.0,0.0,0.0,0.0
3394,0.0,0.0,0.0,0.0,0.0,0.0,0.0,0.0,0.0,0.0,0.0,0.0
3395,0.0,0.0,0.0,0.0,0.0,0.0,0.0,0.0,0.0,0.0,0.0,0.0
3404,0.0,0.0,0.0,0.0,0.0,0.0,0.0,0.0,0.0,0.0,0.0,0.0
3410,0.0,0.0,0.0,0.0,0.0,0.0,0.0,0.0,0.0,0.0,0.0,0.0
3411,0.0,0.0,0.0,0.0,0.0,0.0,0.0,0.0,0.0,0.0,0.0,0.0
3418,0.0,0.0,0.0,0.0,0.0,0.0,0.0,0.0,0.0,0.0,0.0,0.0
3419,0.0,0.0,0.0,0.0,0.0,0.0,0.0,0.0,0.0,0.0,0.0,0.0
3443,0.0,0.0,0.0,0.0,0.0,0.0,0.0,0.0,0.0,0.0,0.0,0.0
3448,0.0,0.0,0.0,0.0,0.0,0.0,0.0,0.0,0.0,0.0,0.0,0.0
3455,0.0,0.0,0.0,0.0,0.0,0.0,0.0,0.0,0.0,0.0,0.0,0.0
3526,0.0,0.0,0.0,0.0,0.0,0.0,0.0,0.0,0.0,0.0,0.0,0.0
3527,0.0,0.0,0.0,0.0,0.0,0.0,0.0,0.0,0.0,0.0,0.0,0.0
3528,0.0,0.0,0.0,0.0,0.0,0.0,0.0,0.0,0.0,0.0,0.0,0.0
3529,0.0,0.0,0.0,0.0,0.0,0.0,0.0,0.0,0.0,0.0,0.0,0.0
3537,0.0,0.0,0.0,0.0,0.0,0.0,0.0,0.0,0.0,0.0,0.0,0.0
3538,0.0,0.0,0.0,0.0,0.0,0.0,0.0,0.0,0.0,0.0,0.0,0.0
3539,0.0,0.0,0.0,0.0,0.0,0.0,0.0,0.0,0.0,0.0,0.0,0.0
3540,0.0,0.0,0.0,0.0,0.0,0.0,0.0,0.0,0.0,0.0,0.0,0.0
3541,0.0,0.0,0.0,0.0,0.0,0.0,0.0,0.0,0.0,0.0,0.0,0.0
3542,0.0,0.0,0.0,0.0,0.0,0.0,0.0,0.0,0.0,0.0,0.0,0.0
3543,0.0,0.0,0.0,0.0,0.0,0.0,0.0,0.0,0.0,0.0,0.0,0.0
3544,0.0,0.0,0.0,0.0,0.0,0.0,0.0,0.0,0.0,0.0,0.0,0.0
3545,0.0,0.0,0.0,0.0,0.0,0.0,0.0,0.0,0.0,0.0,0.0,0.0
3546,0.0,0.0,0.0,0.0,0.0,0.0,0.0,0.0,0.0,0.0,0.0,0.0
3547,0.0,0.0,0.0,0.0,0.0,0.0,0.0,0.0,0.0,0.0,0.0,0.0
3548,0.0,0.0,0.0,0.0,0.0,0.0,0.0,0.0,0.0,0.0,0.0,0.0
3549,0.0,0.0,0.0,0.0,0.0,0.0,0.0,0.0,0.0,0.0,0.0,0.0
3550,0.0,0.0,0.0,0.0,0.0,0.0,0.0,0.0,0.0,0.0,0.0,0.0
3551,0.0,0.0,0.0,0.0,0.0,0.0,0.0,0.0,0.0,0.0,0.0,0.0
3591,0.0,0.0,0.0,0.0,0.0,0.0,0.0,0.0,0.0,0.0,0.0,0.0
3592,0.0,0.0,0.0,0.0,0.0,0.0,0.0,0.0,0.0,0.0,0.0,0.0
3593,0.0,0.0,0.0,0.0,0.0,0.0,0.0,0.0,0.0,0.0,0.0,0.0
3594,0.0,0.0,0.0,0.0,0.0,0.0,0.0,0.0,0.0,0.0,0.0,0.0
3596,0.0,0.0,0.0,0.0,0.0,0.0,0.0,0.0,0.0,0.0,0.0,0.0
3597,0.0,0.0,0.0,0.0,0.0,0.0,0.0,0.0,0.0,0.0,0.0,0.0
3598,0.0,0.0,0.0,0.0,0.0,0.0,0.0,0.0,0.0,0.0,0.0,0.0
3599,0.0,0.0,0.0,0.0,0.0,0.0,0.0,0.0,0.0,0.0,0.0,0.0
3600,0.0,0.0,0.0,0.0,0.0,0.0,0.0,0.0,0.0,0.0,0.0,0.0
3601,0.0,0.0,0.0,0.0,0.0,0.0,0.0,0.0,0.0,0.0,0.0,0.0
3602,0.0,0.0,0.0,0.0,0.0,0.0,0.0,0.0,0.0,0.0,0.0,0.0
3603,0.0,0.0,0.0,0.0,0.0,0.0,0.0,0.0,0.0,0.0,0.0,0.0
3605,0.0,0.0,0.0,0.0,0.0,0.0,0.0,0.0,0.0,0.0,0.0,0.0
3606,0.0,0.0,0.0,0.0,0.0,0.0,0.0,0.0,0.0,0.0,0.0,0.0
3607,0.0,0.0,0.0,0.0,0.0,0.0,0.0,0.0,0.0,0.0,0.0,0.0
3608,0.0,0.0,0.0,0.0,0.0,0.0,0.0,0.0,0.0,0.0,0.0,0.0
3609,0.0,0.0,0.0,0.0,0.0,0.0,0.0,0.0,0.0,0.0,0.0,0.0
3610,0.0,0.0,0.0,0.0,0.0,0.0,0.0,0.0,0.0,0.0,0.0,0.0
3611,0.0,0.0,0.0,0.0,0.0,0.0,0.0,0.0,0.0,0.0,0.0,0.0
3612,0.0,0.0,0.0,0.0,0.0,0.0,0.0,0.0,0.0,0.0,0.0,0.0
3615,0.0,0.0,0.0,0.0,0.0,0.0,0.0,0.0,0.0,0.0,0.0,0.0
3616,0.0,0.0,0.0,0.0,0.0,0.0,0.0,0.0,0.0,0.0,0.0,0.0
3617,0.0,0.0,0.0,0.0,0.0,0.0,0.0,0.0,0.0,0.0,0.0,0.0
3618,0.0,0.0,0.0,0.0,0.0,0.0,0.0,0.0,0.0,0.0,0.0,0.0
3619,0.0,0.0,0.0,0.0,0.0,0.0,0.0,0.0,0.0,0.0,0.0,0.0
3620,0.0,0.0,0.0,0.0,0.0,0.0,0.0,0.0,0.0,0.0,0.0,0.0
3621,0.0,0.0,0.0,0.0,0.0,0.0,0.0,0.0,0.0,0.0,0.0,0.0
3622,0.0,0.0,0.0,0.0,0.0,0.0,0.0,0.0,0.0,0.0,0.0,0.0
3623,0.0,0.0,0.0,0.0,0.0,0.0,0.0,0.0,0.0,0.0,0.0,0.0
3624,0.0,0.0,0.0,0.0,0.0,0.0,0.0,0.0,0.0,0.0,0.0,0.0
3625,0.0,0.0,0.0,0.0,0.0,0.0,0.0,0.0,0.0,0.0,0.0,0.0
3626,0.0,0.0,0.0,0.0,0.0,0.0,0.0,0.0,0.0,0.0,0.0,0.0
3627,0.0,0.0,0.0,0.0,0.0,0.0,0.0,0.0,0.0,0.0,0.0,0.0
3628,0.0,0.0,0.0,0.0,0.0,0.0,0.0,0.0,0.0,0.0,0.0,0.0
3629,0.0,0.0,0.0,0.0,0.0,0.0,0.0,0.0,0.0,0.0,0.0,0.0
3642,0.0,0.0,0.0,0.0,0.0,0.0,0.0,0.0,0.0,0.0,0.0,0.0
3643,0.0,0.0,0.0,0.0,0.0,0.0,0.0,0.0,0.0,0.0,0.0,0.0
3644,0.0,0.0,0.0,0.0,0.0,0.0,0.0,0.0,0.0,0.0,0.0,0.0
3645,0.0,0.0,0.0,0.0,0.0,0.0,0.0,0.0,0.0,0.0,0.0,0.0
3646,0.0,0.0,0.0,0.0,0.0,0.0,0.0,0.0,0.0,0.0,0.0,0.0
3647,0.0,0.0,0.0,0.0,0.0,0.0,0.0,0.0,0.0,0.0,0.0,0.0
3648,0.0,0.0,0.0,0.0,0.0,0.0,0.0,0.0,0.0,0.0,0.0,0.0
3649,0.0,0.0,0.0,0.0,0.0,0.0,0.0,0.0,0.0,0.0,0.0,0.0
3662,0.0,0.0,0.0,0.0,0.0,0.0,0.0,0.0,0.0,0.0,0.0,0.0
3663,0.0,0.0,0.0,0.0,0.0,0.0,0.0,0.0,0.0,0.0,0.0,0.0
3667,0.0,0.0,0.0,0.0,0.0,0.0,0.0,0.0,0.0,0.0,0.0,0.0
3668,0.0,0.0,0.0,0.0,0.0,0.0,0.0,0.0,0.0,0.0,0.0,0.0
3669,0.0,0.0,0.0,0.0,0.0,0.0,0.0,0.0,0.0,0.0,0.0,0.0
3670,0.0,0.0,0.0,0.0,0.0,0.0,0.0,0.0,0.0,0.0,0.0,0.0
3689,0.0,0.0,0.0,0.0,0.0,0.0,0.0,0.0,0.0,0.0,0.0,0.0
3690,0.0,0.0,0.0,0.0,0.0,0.0,0.0,0.0,0.0,0.0,0.0,0.0
3708,0.0,0.0,0.0,0.0,0.0,0.0,0.0,0.0,0.0,0.0,0.0,0.0
3770,0.0,0.0,0.0,0.0,0.0,0.0,0.0,0.0,0.0,0.0,0.0,0.0
3771,0.0,0.0,0.0,0.0,0.0,0.0,0.0,0.0,0.0,0.0,0.0,0.0
3772,0.0,0.0,0.0,0.0,0.0,0.0,0.0,0.0,0.0,0.0,0.0,0.0
3773,0.0,0.0,0.0,0.0,0.0,0.0,0.0,0.0,0.0,0.0,0.0,0.0
3774,0.0,0.0,0.0,0.0,0.0,0.0,0.0,0.0,0.0,0.0,0.0,0.0
3775,0.0,0.0,0.0,0.0,0.0,0.0,0.0,0.0,0.0,0.0,0.0,0.0
3776,0.0,0.0,0.0,0.0,0.0,0.0,0.0,0.0,0.0,0.0,0.0,0.0
3777,0.0,0.0,0.0,0.0,0.0,0.0,0.0,0.0,0.0,0.0,0.0,0.0
3778,0.0,0.0,0.0,0.0,0.0,0.0,0.0,0.0,0.0,0.0,0.0,0.0
3786,0.0,0.0,0.0,0.0,0.0,0.0,0.0,0.0,0.0,0.0,0.0,0.0
3787,0.0,0.0,0.0,0.0,0.0,0.0,0.0,0.0,0.0,0.0,0.0,0.0
3788,0.0,0.0,0.0,0.0,0.0,0.0,0.0,0.0,0.0,0.0,0.0,0.0
3789,0.0,0.0,0.0,0.0,0.0,0.0,0.0,0.0,0.0,0.0,0.0,0.0
3790,0.0,0.0,0.0,0.0,0.0,0.0,0.0,0.0,0.0,0.0,0.0,0.0
3791,0.0,0.0,0.0,0.0,0.0,0.0,0.0,0.0,0.0,0.0,0.0,0.0
3792,0.0,0.0,0.0,0.0,0.0,0.0,0.0,0.0,0.0,0.0,0.0,0.0
3793,0.0,0.0,0.0,0.0,0.0,0.0,0.0,0.0,0.0,0.0,0.0,0.0
3794,0.0,0.0,0.0,0.0,0.0,0.0,0.0,0.0,0.0,0.0,0.0,0.0
3795,0.0,0.0,0.0,0.0,0.0,0.0,0.0,0.0,0.0,0.0,0.0,0.0
3796,0.0,0.0,0.0,0.0,0.0,0.0,0.0,0.0,0.0,0.0,0.0,0.0
3798,0.0,0.0,0.0,0.0,0.0,0.0,0.0,0.0,0.0,0.0,0.0,0.0
3799,0.0,0.0,0.0,0.0,0.0,0.0,0.0,0.0,0.0,0.0,0.0,0.0
3800,0.0,0.0,0.0,0.0,0.0,0.0,0.0,0.0,0.0,0.0,0.0,0.0
3850,0.0,0.0,0.0,0.0,0.0,0.0,0.0,0.0,0.0,0.0,0.0,0.0
3851,0.0,0.0,0.0,0.0,0.0,0.0,0.0,0.0,0.0,0.0,0.0,0.0
3852,0.0,0.0,0.0,0.0,0.0,0.0,0.0,0.0,0.0,0.0,0.0,0.0
3853,0.0,0.0,0.0,0.0,0.0,0.0,0.0,0.0,0.0,0.0,0.0,0.0
3854,0.0,0.0,0.0,0.0,0.0,0.0,0.0,0.0,0.0,0.0,0.0,0.0
3855,0.0,0.0,0.0,0.0,0.0,0.0,0.0,0.0,0.0,0.0,0.0,0.0
3856,0.0,0.0,0.0,0.0,0.0,0.0,0.0,0.0,0.0,0.0,0.0,0.0
3857,0.0,0.0,0.0,0.0,0.0,0.0,0.0,0.0,0.0,0.0,0.0,0.0
3858,0.0,0.0,0.0,0.0,0.0,0.0,0.0,0.0,0.0,0.0,0.0,0.0
3865,0.0,0.0,0.0,0.0,0.0,0.0,0.0,0.0,0.0,0.0,0.0,0.0
3866,0.0,0.0,0.0,0.0,0.0,0.0,0.0,0.0,0.0,0.0,0.0,0.0
3875,0.0,0.0,0.0,0.0,0.0,0.0,0.0,0.0,0.0,0.0,0.0,0.0
3876,0.0,0.0,0.0,0.0,0.0,0.0,0.0,0.0,0.0,0.0,0.0,0.0
3877,0.0,0.0,0.0,0.0,0.0,0.0,0.0,0.0,0.0,0.0,0.0,0.0
3880,0.0,0.0,0.0,0.0,0.0,0.0,0.0,0.0,0.0,0.0,0.0,0.0
3881,0.0,0.0,0.0,0.0,0.0,0.0,0.0,0.0,0.0,0.0,0.0,0.0
3882,0.0,0.0,0.0,0.0,0.0,0.0,0.0,0.0,0.0,0.0,0.0,0.0
3886,0.0,0.0,0.0,0.0,0.0,0.0,0.0,0.0,0.0,0.0,0.0,0.0
3887,0.0,0.0,0.0,0.0,0.0,0.0,0.0,0.0,0.0,0.0,0.0,0.0
3888,0.0,0.0,0.0,0.0,0.0,0.0,0.0,0.0,0.0,0.0,0.0,0.0
3889,0.0,0.0,0.0,0.0,0.0,0.0,0.0,0.0,0.0,0.0,0.0,0.0
3890,0.0,0.0,0.0,0.0,0.0,0.0,0.0,0.0,0.0,0.0,0.0,0.0
3891,0.0,0.0,0.0,0.0,0.0,0.0,0.0,0.0,0.0,0.0,0.0,0.0
3892,0.0,0.0,0.0,0.0,0.0,0.0,0.0,0.0,0.0,0.0,0.0,0.0
3894,0.0,0.0,0.0,0.0,0.0,0.0,0.0,0.0,0.0,0.0,0.0,0.0
3895,0.0,0.0,0.0,0.0,0.0,0.0,0.0,0.0,0.0,0.0,0.0,0.0
3896,0.0,0.0,0.0,0.0,0.0,0.0,0.0,0.0,0.0,0.0,0.0,0.0
3897,0.0,0.0,0.0,0.0,0.0,0.0,0.0,0.0,0.0,0.0,0.0,0.0
3898,0.0,0.0,0.0,0.0,0.0,0.0,0.0,0.0,0.0,0.0,0.0,0.0
3899,0.0,0.0,0.0,0.0,0.0,0.0,0.0,0.0,0.0,0.0,0.0,0.0
3900,0.0,0.0,0.0,0.0,0.0,0.0,0.0,0.0,0.0,0.0,0.0,0.0
3901,0.0,0.0,0.0,0.0,0.0,0.0,0.0,0.0,0.0,0.0,0.0,0.0
3902,0.0,0.0,0.0,0.0,0.0,0.0,0.0,0.0,0.0,0.0,0.0,0.0
3903,0.0,0.0,0.0,0.0,0.0,0.0,0.0,0.0,0.0,0.0,0.0,0.0
3913,0.0,0.0,0.0,0.0,0.0,0.0,0.0,0.0,0.0,0.0,0.0,0.0
3914,0.0,0.0,0.0,0.0,0.0,0.0,0.0,0.0,0.0,0.0,0.0,0.0
3915,0.0,0.0,0.0,0.0,0.0,0.0,0.0,0.0,0.0,0.0,0.0,0.0
3916,0.0,0.0,0.0,0.0,0.0,0.0,0.0,0.0,0.0,0.0,0.0,0.0
3917,0.0,0.0,0.0,0.0,0.0,0.0,0.0,0.0,0.0,0.0,0.0,0.0
3923,0.0,0.0,0.0,0.0,0.0,0.0,0.0,0.0,0.0,0.0,0.0,0.0
3924,0.0,0.0,0.0,0.0,0.0,0.0,0.0,0.0,0.0,0.0,0.0,0.0
3925,0.0,0.0,0.0,0.0,0.0,0.0,0.0,0.0,0.0,0.0,0.0,0.0
3926,0.0,0.0,0.0,0.0,0.0,0.0,0.0,0.0,0.0,0.0,0.0,0.0
3927,0.0,0.0,0.0,0.0,0.0,0.0,0.0,0.0,0.0,0.0,0.0,0.0
3928,0.0,0.0,0.0,0.0,0.0,0.0,0.0,0.0,0.0,0.0,0.0,0.0
3930,0.0,0.0,0.0,0.0,0.0,0.0,0.0,0.0,0.0,0.0,0.0,0.0
3931,0.0,0.0,0.0,0.0,0.0,0.0,0.0,0.0,0.0,0.0,0.0,0.0
3943,0.0,0.0,0.0,0.0,0.0,0.0,0.0,0.0,0.0,0.0,0.0,0.0
3945,0.0,0.0,0.0,0.0,0.0,0.0,0.0,0.0,0.0,0.0,0.0,0.0
3951,0.0,0.0,0.0,0.0,0.0,0.0,0.0,0.0,0.0,0.0,0.0,0.0
3952,0.0,0.0,0.0,0.0,0.0,0.0,0.0,0.0,0.0,0.0,0.0,0.0
3954,0.0,0.0,0.0,0.0,0.0,0.0,0.0,0.0,0.0,0.0,0.0,0.0
3955,0.0,0.0,0.0,0.0,0.0,0.0,0.0,0.0,0.0,0.0,0.0,0.0
3958,0.0,0.0,0.0,0.0,0.0,0.0,0.0,0.0,0.0,0.0,0.0,0.0
3960,0.0,0.0,0.0,0.0,0.0,0.0,0.0,0.0,0.0,0.0,0.0,0.0
3971,0.0,0.0,0.0,0.0,0.0,0.0,0.0,0.0,0.0,0.0,0.0,0.0
3981,0.0,0.0,0.0,0.0,0.0,0.0,0.0,0.0,0.0,0.0,0.0,0.0
3982,0.0,0.0,0.0,0.0,0.0,0.0,0.0,0.0,0.0,0.0,0.0,0.0
3984,0.0,0.0,0.0,0.0,0.0,0.0,0.0,0.0,0.0,0.0,0.0,0.0
3987,0.0,0.0,0.0,0.0,0.0,0.0,0.0,0.0,0.0,0.0,0.0,0.0
3994,0.0,0.0,0.0,0.0,0.0,0.0,0.0,0.0,0.0,0.0,0.0,0.0
3995,0.0,0.0,0.0,0.0,0.0,0.0,0.0,0.0,0.0,0.0,0.0,0.0
4055,0.0,0.0,0.0,0.0,0.0,0.0,0.0,0.0,0.0,0.0,0.0,0.0
4056,0.0,0.0,0.0,0.0,0.0,0.0,0.0,0.0,0.0,0.0,0.0,0.0
4057,0.0,0.0,0.0,0.0,0.0,0.0,0.0,0.0,0.0,0.0,0.0,0.0
4058,0.0,0.0,0.0,0.0,0.0,0.0,0.0,0.0,0.0,0.0,0.0,0.0
4059,0.0,0.0,0.0,0.0,0.0,0.0,0.0,0.0,0.0,0.0,0.0,0.0
4060,0.0,0.0,0.0,0.0,0.0,0.0,0.0,0.0,0.0,0.0,0.0,0.0
4061,0.0,0.0,0.0,0.0,0.0,0.0,0.0,0.0,0.0,0.0,0.0,0.0
4062,0.0,0.0,0.0,0.0,0.0,0.0,0.0,0.0,0.0,0.0,0.0,0.0
4063,0.0,0.0,0.0,0.0,0.0,0.0,0.0,0.0,0.0,0.0,0.0,0.0
4070,0.0,0.0,0.0,0.0,0.0,0.0,0.0,0.0,0.0,0.0,0.0,0.0
4072,0.0,0.0,0.0,0.0,0.0,0.0,0.0,0.0,0.0,0.0,0.0,0.0
4073,0.0,0.0,0.0,0.0,0.0,0.0,0.0,0.0,0.0,0.0,0.0,0.0
4074,0.0,0.0,0.0,0.0,0.0,0.0,0.0,0.0,0.0,0.0,0.0,0.0
4075,0.0,0.0,0.0,0.0,0.0,0.0,0.0,0.0,0.0,0.0,0.0,0.0
4076,0.0,0.0,0.0,0.0,0.0,0.0,0.0,0.0,0.0,0.0,0.0,0.0
4077,0.0,0.0,0.0,0.0,0.0,0.0,0.0,0.0,0.0,0.0,0.0,0.0
4078,0.0,0.0,0.0,0.0,0.0,0.0,0.0,0.0,0.0,0.0,0.0,0.0
4079,0.0,0.0,0.0,0.0,0.0,0.0,0.0,0.0,0.0,0.0,0.0,0.0
4080,0.0,0.0,0.0,0.0,0.0,0.0,0.0,0.0,0.0,0.0,0.0,0.0
4081,0.0,0.0,0.0,0.0,0.0,0.0,0.0,0.0,0.0,0.0,0.0,0.0
4082,0.0,0.0,0.0,0.0,0.0,0.0,0.0,0.0,0.0,0.0,0.0,0.0
4083,0.0,0.0,0.0,0.0,0.0,0.0,0.0,0.0,0.0,0.0,0.0,0.0
4084,0.0,0.0,0.0,0.0,0.0,0.0,0.0,0.0,0.0,0.0,0.0,0.0
4085,0.0,0.0,0.0,0.0,0.0,0.0,0.0,0.0,0.0,0.0,0.0,0.0
4088,0.0,0.0,0.0,0.0,0.0,0.0,0.0,0.0,0.0,0.0,0.0,0.0
4137,0.0,0.0,0.0,0.0,0.0,0.0,0.0,0.0,0.0,0.0,0.0,0.0
4138,0.0,0.0,0.0,0.0,0.0,0.0,0.0,0.0,0.0,0.0,0.0,0.0
4166,0.0,0.0,0.0,0.0,0.0,0.0,0.0,0.0,0.0,0.0,0.0,0.0
4167,0.0,0.0,0.0,0.0,0.0,0.0,0.0,0.0,0.0,0.0,0.0,0.0
4168,0.0,0.0,0.0,0.0,0.0,0.0,0.0,0.0,0.0,0.0,0.0,0.0
4169,0.0,0.0,0.0,0.0,0.0,0.0,0.0,0.0,0.0,0.0,0.0,0.0
4170,0.0,0.0,0.0,0.0,0.0,0.0,0.0,0.0,0.0,0.0,0.0,0.0
4171,0.0,0.0,0.0,0.0,0.0,0.0,0.0,0.0,0.0,0.0,0.0,0.0
4172,0.0,0.0,0.0,0.0,0.0,0.0,0.0,0.0,0.0,0.0,0.0,0.0
4173,0.0,0.0,0.0,0.0,0.0,0.0,0.0,0.0,0.0,0.0,0.0,0.0
4184,0.0,0.0,0.0,0.0,0.0,0.0,0.0,0.0,0.0,0.0,0.0,0.0
4185,0.0,0.0,0.0,0.0,0.0,0.0,0.0,0.0,0.0,0.0,0.0,0.0
4187,0.0,0.0,0.0,0.0,0.0,0.0,0.0,0.0,0.0,0.0,0.0,0.0
4188,0.0,0.0,0.0,0.0,0.0,0.0,0.0,0.0,0.0,0.0,0.0,0.0
4189,0.0,0.0,0.0,0.0,0.0,0.0,0.0,0.0,0.0,0.0,0.0,0.0
4190,0.0,0.0,0.0,0.0,0.0,0.0,0.0,0.0,0.0,0.0,0.0,0.0
4191,0.0,0.0,0.0,0.0,0.0,0.0,0.0,0.0,0.0,0.0,0.0,0.0
4192,0.0,0.0,0.0,0.0,0.0,0.0,0.0,0.0,0.0,0.0,0.0,0.0
4193,0.0,0.0,0.0,0.0,0.0,0.0,0.0,0.0,0.0,0.0,0.0,0.0
4194,0.0,0.0,0.0,0.0,0.0,0.0,0.0,0.0,0.0,0.0,0.0,0.0
4195,0.0,0.0,0.0,0.0,0.0,0.0,0.0,0.0,0.0,0.0,0.0,0.0
4197,0.0,0.0,0.0,0.0,0.0,0.0,0.0,0.0,0.0,0.0,0.0,0.0
4198,0.0,0.0,0.0,0.0,0.0,0.0,0.0,0.0,0.0,0.0,0.0,0.0
4207,0.0,0.0,0.0,0.0,0.0,0.0,0.0,0.0,0.0,0.0,0.0,0.0
4208,0.0,0.0,0.0,0.0,0.0,0.0,0.0,0.0,0.0,0.0,0.0,0.0
4209,0.0,0.0,0.0,0.0,0.0,0.0,0.0,0.0,0.0,0.0,0.0,0.0
4210,0.0,0.0,0.0,0.0,0.0,0.0,0.0,0.0,0.0,0.0,0.0,0.0
4220,0.0,0.0,0.0,0.0,0.0,0.0,0.0,0.0,0.0,0.0,0.0,0.0
4223,0.0,0.0,0.0,0.0,0.0,0.0,0.0,0.0,0.0,0.0,0.0,0.0
4224,0.0,0.0,0.0,0.0,0.0,0.0,0.0,0.0,0.0,0.0,0.0,0.0
4229,0.0,0.0,0.0,0.0,0.0,0.0,0.0,0.0,0.0,0.0,0.0,0.0
4230,0.0,0.0,0.0,0.0,0.0,0.0,0.0,0.0,0.0,0.0,0.0,0.0
4236,0.0,0.0,0.0,0.0,0.0,0.0,0.0,0.0,0.0,0.0,0.0,0.0
4239,0.0,0.0,0.0,0.0,0.0,0.0,0.0,0.0,0.0,0.0,0.0,0.0
4240,0.0,0.0,0.0,0.0,0.0,0.0,0.0,0.0,0.0,0.0,0.0,0.0
4241,0.0,0.0,0.0,0.0,0.0,0.0,0.0,0.0,0.0,0.0,0.0,0.0
4248,0.0,0.0,0.0,0.0,0.0,0.0,0.0,0.0,0.0,0.0,0.0,0.0
4249,0.0,0.0,0.0,0.0,0.0,0.0,0.0,0.0,0.0,0.0,0.0,0.0
4253,0.0,0.0,0.0,0.0,0.0,0.0,0.0,0.0,0.0,0.0,0.0,0.0
4263,0.0,0.0,0.0,0.0,0.0,0.0,0.0,0.0,0.0,0.0,0.0,0.0
4264,0.0,0.0,0.0,0.0,0.0,0.0,0.0,0.0,0.0,0.0,0.0,0.0
4265,0.0,0.0,0.0,0.0,0.0,0.0,0.0,0.0,0.0,0.0,0.0,0.0
4271,0.0,0.0,0.0,0.0,0.0,0.0,0.0,0.0,0.0,0.0,0.0,0.0
4272,0.0,0.0,0.0,0.0,0.0,0.0,0.0,0.0,0.0,0.0,0.0,0.0
4273,0.0,0.0,0.0,0.0,0.0,0.0,0.0,0.0,0.0,0.0,0.0,0.0
4274,0.0,0.0,0.0,0.0,0.0,0.0,0.0,0.0,0.0,0.0,0.0,0.0
4275,0.0,0.0,0.0,0.0,0.0,0.0,0.0,0.0,0.0,0.0,0.0,0.0
4276,0.0,0.0,0.0,0.0,0.0,0.0,0.0,0.0,0.0,0.0,0.0,0.0
4277,0.0,0.0,0.0,0.0,0.0,0.0,0.0,0.0,0.0,0.0,0.0,0.0
4286,0.0,0.0,0.0,0.0,0.0,0.0,0.0,0.0,0.0,0.0,0.0,0.0
4287,0.0,0.0,0.0,0.0,0.0,0.0,0.0,0.0,0.0,0.0,0.0,0.0
4288,0.0,0.0,0.0,0.0,0.0,0.0,0.0,0.0,0.0,0.0,0.0,0.0
4289,0.0,0.0,0.0,0.0,0.0,0.0,0.0,0.0,0.0,0.0,0.0,0.0
4290,0.0,0.0,0.0,0.0,0.0,0.0,0.0,0.0,0.0,0.0,0.0,0.0
4349,0.0,0.0,0.0,0.0,0.0,0.0,0.0,0.0,0.0,0.0,0.0,0.0
4350,0.0,0.0,0.0,0.0,0.0,0.0,0.0,0.0,0.0,0.0,0.0,0.0
4351,0.0,0.0,0.0,0.0,0.0,0.0,0.0,0.0,0.0,0.0,0.0,0.0
4352,0.0,0.0,0.0,0.0,0.0,0.0,0.0,0.0,0.0,0.0,0.0,0.0
4353,0.0,0.0,0.0,0.0,0.0,0.0,0.0,0.0,0.0,0.0,0.0,0.0
4354,0.0,0.0,0.0,0.0,0.0,0.0,0.0,0.0,0.0,0.0,0.0,0.0
4355,0.0,0.0,0.0,0.0,0.0,0.0,0.0,0.0,0.0,0.0,0.0,0.0
4362,0.0,0.0,0.0,0.0,0.0,0.0,0.0,0.0,0.0,0.0,0.0,0.0
4363,0.0,0.0,0.0,0.0,0.0,0.0,0.0,0.0,0.0,0.0,0.0,0.0
4371,0.0,0.0,0.0,0.0,0.0,0.0,0.0,0.0,0.0,0.0,0.0,0.0
4372,0.0,0.0,0.0,0.0,0.0,0.0,0.0,0.0,0.0,0.0,0.0,0.0
4373,0.0,0.0,0.0,0.0,0.0,0.0,0.0,0.0,0.0,0.0,0.0,0.0
4374,0.0,0.0,0.0,0.0,0.0,0.0,0.0,0.0,0.0,0.0,0.0,0.0
4375,0.0,0.0,0.0,0.0,0.0,0.0,0.0,0.0,0.0,0.0,0.0,0.0
4376,0.0,0.0,0.0,0.0,0.0,0.0,0.0,0.0,0.0,0.0,0.0,0.0
4377,0.0,0.0,0.0,0.0,0.0,0.0,0.0,0.0,0.0,0.0,0.0,0.0
4378,0.0,0.0,0.0,0.0,0.0,0.0,0.0,0.0,0.0,0.0,0.0,0.0
4379,0.0,0.0,0.0,0.0,0.0,0.0,0.0,0.0,0.0,0.0,0.0,0.0
4380,0.0,0.0,0.0,0.0,0.0,0.0,0.0,0.0,0.0,0.0,0.0,0.0
4381,0.0,0.0,0.0,0.0,0.0,0.0,0.0,0.0,0.0,0.0,0.0,0.0
4382,0.0,0.0,0.0,0.0,0.0,0.0,0.0,0.0,0.0,0.0,0.0,0.0
4383,0.0,0.0,0.0,0.0,0.0,0.0,0.0,0.0,0.0,0.0,0.0,0.0
4384,0.0,0.0,0.0,0.0,0.0,0.0,0.0,0.0,0.0,0.0,0.0,0.0
4385,0.0,0.0,0.0,0.0,0.0,0.0,0.0,0.0,0.0,0.0,0.0,0.0
4386,0.0,0.0,0.0,0.0,0.0,0.0,0.0,0.0,0.0,0.0,0.0,0.0
4479,0.0,0.0,0.0,0.0,0.0,0.0,0.0,0.0,0.0,0.0,0.0,0.0
4480,0.0,0.0,0.0,0.0,0.0,0.0,0.0,0.0,0.0,0.0,0.0,0.0
4482,0.0,0.0,0.0,0.0,0.0,0.0,0.0,0.0,0.0,0.0,0.0,0.0
4483,0.0,0.0,0.0,0.0,0.0,0.0,0.0,0.0,0.0,0.0,0.0,0.0
4484,0.0,0.0,0.0,0.0,0.0,0.0,0.0,0.0,0.0,0.0,0.0,0.0
4493,0.0,0.0,0.0,0.0,0.0,0.0,0.0,0.0,0.0,0.0,0.0,0.0
4494,0.0,0.0,0.0,0.0,0.0,0.0,0.0,0.0,0.0,0.0,0.0,0.0
4495,0.0,0.0,0.0,0.0,0.0,0.0,0.0,0.0,0.0,0.0,0.0,0.0
4496,0.0,0.0,0.0,0.0,0.0,0.0,0.0,0.0,0.0,0.0,0.0,0.0
4497,0.0,0.0,0.0,0.0,0.0,0.0,0.0,0.0,0.0,0.0,0.0,0.0
4498,0.0,0.0,0.0,0.0,0.0,0.0,0.0,0.0,0.0,0.0,0.0,0.0
4499,0.0,0.0,0.0,0.0,0.0,0.0,0.0,0.0,0.0,0.0,0.0,0.0
4500,0.0,0.0,0.0,0.0,0.0,0.0,0.0,0.0,0.0,0.0,0.0,0.0
4501,0.0,0.0,0.0,0.0,0.0,0.0,0.0,0.0,0.0,0.0,0.0,0.0
4502,0.0,0.0,0.0,0.0,0.0,0.0,0.0,0.0,0.0,0.0,0.0,0.0
4503,0.0,0.0,0.0,0.0,0.0,0.0,0.0,0.0,0.0,0.0,0.0,0.0
4505,0.0,0.0,0.0,0.0,0.0,0.0,0.0,0.0,0.0,0.0,0.0,0.0
4507,0.0,0.0,0.0,0.0,0.0,0.0,0.0,0.0,0.0,0.0,0.0,0.0
4508,0.0,0.0,0.0,0.0,0.0,0.0,0.0,0.0,0.0,0.0,0.0,0.0
4515,0.0,0.0,0.0,0.0,0.0,0.0,0.0,0.0,0.0,0.0,0.0,0.0
4516,0.0,0.0,0.0,0.0,0.0,0.0,0.0,0.0,0.0,0.0,0.0,0.0
4518,0.0,0.0,0.0,0.0,0.0,0.0,0.0,0.0,0.0,0.0,0.0,0.0
4519,0.0,0.0,0.0,0.0,0.0,0.0,0.0,0.0,0.0,0.0,0.0,0.0
4520,0.0,0.0,0.0,0.0,0.0,0.0,0.0,0.0,0.0,0.0,0.0,0.0
4539,0.0,0.0,0.0,0.0,0.0,0.0,0.0,0.0,0.0,0.0,0.0,0.0
4540,0.0,0.0,0.0,0.0,0.0,0.0,0.0,0.0,0.0,0.0,0.0,0.0
4541,0.0,0.0,0.0,0.0,0.0,0.0,0.0,0.0,0.0,0.0,0.0,0.0
4546,0.0,0.0,0.0,0.0,0.0,0.0,0.0,0.0,0.0,0.0,0.0,0.0
4547,0.0,0.0,0.0,0.0,0.0,0.0,0.0,0.0,0.0,0.0,0.0,0.0
4548,0.0,0.0,0.0,0.0,0.0,0.0,0.0,0.0,0.0,0.0,0.0,0.0
4551,0.0,0.0,0.0,0.0,0.0,0.0,0.0,0.0,0.0,0.0,0.0,0.0
4552,0.0,0.0,0.0,0.0,0.0,0.0,0.0,0.0,0.0,0.0,0.0,0.0
4553,0.0,0.0,0.0,0.0,0.0,0.0,0.0,0.0,0.0,0.0,0.0,0.0
4554,0.0,0.0,0.0,0.0,0.0,0.0,0.0,0.0,0.0,0.0,0.0,0.0
4555,0.0,0.0,0.0,0.0,0.0,0.0,0.0,0.0,0.0,0.0,0.0,0.0
4556,0.0,0.0,0.0,0.0,0.0,0.0,0.0,0.0,0.0,0.0,0.0,0.0
4557,0.0,0.0,0.0,0.0,0.0,0.0,0.0,0.0,0.0,0.0,0.0,0.0
4558,0.0,0.0,0.0,0.0,0.0,0.0,0.0,0.0,0.0,0.0,0.0,0.0
4559,0.0,0.0,0.0,0.0,0.0,0.0,0.0,0.0,0.0,0.0,0.0,0.0
4569,0.0,0.0,0.0,0.0,0.0,0.0,0.0,0.0,0.0,0.0,0.0,0.0
4570,0.0,0.0,0.0,0.0,0.0,0.0,0.0,0.0,0.0,0.0,0.0,0.0
4571,0.0,0.0,0.0,0.0,0.0,0.0,0.0,0.0,0.0,0.0,0.0,0.0
4584,0.0,0.0,0.0,0.0,0.0,0.0,0.0,0.0,0.0,0.0,0.0,0.0
4591,0.0,0.0,0.0,0.0,0.0,0.0,0.0,0.0,0.0,0.0,0.0,0.0
4596,0.0,0.0,0.0,0.0,0.0,0.0,0.0,0.0,0.0,0.0,0.0,0.0
4597,0.0,0.0,0.0,0.0,0.0,0.0,0.0,0.0,0.0,0.0,0.0,0.0
4598,0.0,0.0,0.0,0.0,0.0,0.0,0.0,0.0,0.0,0.0,0.0,0.0
4659,0.0,0.0,0.0,0.0,0.0,0.0,0.0,0.0,0.0,0.0,0.0,0.0
4660,0.0,0.0,0.0,0.0,0.0,0.0,0.0,0.0,0.0,0.0,0.0,0.0
4661,0.0,0.0,0.0,0.0,0.0,0.0,0.0,0.0,0.0,0.0,0.0,0.0
4662,0.0,0.0,0.0,0.0,0.0,0.0,0.0,0.0,0.0,0.0,0.0,0.0
4669,0.0,0.0,0.0,0.0,0.0,0.0,0.0,0.0,0.0,0.0,0.0,0.0
4670,0.0,0.0,0.0,0.0,0.0,0.0,0.0,0.0,0.0,0.0,0.0,0.0
4678,0.0,0.0,0.0,0.0,0.0,0.0,0.0,0.0,0.0,0.0,0.0,0.0
4679,0.0,0.0,0.0,0.0,0.0,0.0,0.0,0.0,0.0,0.0,0.0,0.0
4680,0.0,0.0,0.0,0.0,0.0,0.0,0.0,0.0,0.0,0.0,0.0,0.0
4681,0.0,0.0,0.0,0.0,0.0,0.0,0.0,0.0,0.0,0.0,0.0,0.0
4682,0.0,0.0,0.0,0.0,0.0,0.0,0.0,0.0,0.0,0.0,0.0,0.0
4684,0.0,0.0,0.0,0.0,0.0,0.0,0.0,0.0,0.0,0.0,0.0,0.0
4685,0.0,0.0,0.0,0.0,0.0,0.0,0.0,0.0,0.0,0.0,0.0,0.0
4686,0.0,0.0,0.0,0.0,0.0,0.0,0.0,0.0,0.0,0.0,0.0,0.0
4687,0.0,0.0,0.0,0.0,0.0,0.0,0.0,0.0,0.0,0.0,0.0,0.0
4688,0.0,0.0,0.0,0.0,0.0,0.0,0.0,0.0,0.0,0.0,0.0,0.0
4689,0.0,0.0,0.0,0.0,0.0,0.0,0.0,0.0,0.0,0.0,0.0,0.0
4695,0.0,0.0,0.0,0.0,0.0,0.0,0.0,0.0,0.0,0.0,0.0,0.0
4696,0.0,0.0,0.0,0.0,0.0,0.0,0.0,0.0,0.0,0.0,0.0,0.0
4697,0.0,0.0,0.0,0.0,0.0,0.0,0.0,0.0,0.0,0.0,0.0,0.0
4698,0.0,0.0,0.0,0.0,0.0,0.0,0.0,0.0,0.0,0.0,0.0,0.0
4699,0.0,0.0,0.0,0.0,0.0,0.0,0.0,0.0,0.0,0.0,0.0,0.0
4790,0.0,0.0,0.0,0.0,0.0,0.0,0.0,0.0,0.0,0.0,0.0,0.0
4791,0.0,0.0,0.0,0.0,0.0,0.0,0.0,0.0,0.0,0.0,0.0,0.0
4792,0.0,0.0,0.0,0.0,0.0,0.0,0.0,0.0,0.0,0.0,0.0,0.0
4793,0.0,0.0,0.0,0.0,0.0,0.0,0.0,0.0,0.0,0.0,0.0,0.0
4794,0.0,0.0,0.0,0.0,0.0,0.0,0.0,0.0,0.0,0.0,0.0,0.0
4796,0.0,0.0,0.0,0.0,0.0,0.0,0.0,0.0,0.0,0.0,0.0,0.0
4797,0.0,0.0,0.0,0.0,0.0,0.0,0.0,0.0,0.0,0.0,0.0,0.0
4798,0.0,0.0,0.0,0.0,0.0,0.0,0.0,0.0,0.0,0.0,0.0,0.0
4799,0.0,0.0,0.0,0.0,0.0,0.0,0.0,0.0,0.0,0.0,0.0,0.0
4800,0.0,0.0,0.0,0.0,0.0,0.0,0.0,0.0,0.0,0.0,0.0,0.0
4801,0.0,0.0,0.0,0.0,0.0,0.0,0.0,0.0,0.0,0.0,0.0,0.0
4802,0.0,0.0,0.0,0.0,0.0,0.0,0.0,0.0,0.0,0.0,0.0,0.0
4803,0.0,0.0,0.0,0.0,0.0,0.0,0.0,0.0,0.0,0.0,0.0,0.0
4804,0.0,0.0,0.0,0.0,0.0,0.0,0.0,0.0,0.0,0.0,0.0,0.0
4815,0.0,0.0,0.0,0.0,0.0,0.0,0.0,0.0,0.0,0.0,0.0,0.0
4816,0.0,0.0,0.0,0.0,0.0,0.0,0.0,0.0,0.0,0.0,0.0,0.0
4817,0.0,0.0,0.0,0.0,0.0,0.0,0.0,0.0,0.0,0.0,0.0,0.0
4823,0.0,0.0,0.0,0.0,0.0,0.0,0.0,0.0,0.0,0.0,0.0,0.0
4824,0.0,0.0,0.0,0.0,0.0,0.0,0.0,0.0,0.0,0.0,0.0,0.0
4825,0.0,0.0,0.0,0.0,0.0,0.0,0.0,0.0,0.0,0.0,0.0,0.0
4826,0.0,0.0,0.0,0.0,0.0,0.0,0.0,0.0,0.0,0.0,0.0,0.0
4827,0.0,0.0,0.0,0.0,0.0,0.0,0.0,0.0,0.0,0.0,0.0,0.0
4828,0.0,0.0,0.0,0.0,0.0,0.0,0.0,0.0,0.0,0.0,0.0,0.0
4829,0.0,0.0,0.0,0.0,0.0,0.0,0.0,0.0,0.0,0.0,0.0,0.0
4830,0.0,0.0,0.0,0.0,0.0,0.0,0.0,0.0,0.0,0.0,0.0,0.0
4832,0.0,0.0,0.0,0.0,0.0,0.0,0.0,0.0,0.0,0.0,0.0,0.0
4833,0.0,0.0,0.0,0.0,0.0,0.0,0.0,0.0,0.0,0.0,0.0,0.0
4834,0.0,0.0,0.0,0.0,0.0,0.0,0.0,0.0,0.0,0.0,0.0,0.0
4835,0.0,0.0,0.0,0.0,0.0,0.0,0.0,0.0,0.0,0.0,0.0,0.0
4836,0.0,0.0,0.0,0.0,0.0,0.0,0.0,0.0,0.0,0.0,0.0,0.0
4837,0.0,0.0,0.0,0.0,0.0,0.0,0.0,0.0,0.0,0.0,0.0,0.0
4838,0.0,0.0,0.0,0.0,0.0,0.0,0.0,0.0,0.0,0.0,0.0,0.0
4839,0.0,0.0,0.0,0.0,0.0,0.0,0.0,0.0,0.0,0.0,0.0,0.0
4840,0.0,0.0,0.0,0.0,0.0,0.0,0.0,0.0,0.0,0.0,0.0,0.0
4841,0.0,0.0,0.0,0.0,0.0,0.0,0.0,0.0,0.0,0.0,0.0,0.0
4842,0.0,0.0,0.0,0.0,0.0,0.0,0.0,0.0,0.0,0.0,0.0,0.0
4843,0.0,0.0,0.0,0.0,0.0,0.0,0.0,0.0,0.0,0.0,0.0,0.0
4844,0.0,0.0,0.0,0.0,0.0,0.0,0.0,0.0,0.0,0.0,0.0,0.0
4845,0.0,0.0,0.0,0.0,0.0,0.0,0.0,0.0,0.0,0.0,0.0,0.0
4846,0.0,0.0,0.0,0.0,0.0,0.0,0.0,0.0,0.0,0.0,0.0,0.0
4847,0.0,0.0,0.0,0.0,0.0,0.0,0.0,0.0,0.0,0.0,0.0,0.0
4848,0.0,0.0,0.0,0.0,0.0,0.0,0.0,0.0,0.0,0.0,0.0,0.0
4849,0.0,0.0,0.0,0.0,0.0,0.0,0.0,0.0,0.0,0.0,0.0,0.0
4872,0.0,0.0,0.0,0.0,0.0,0.0,0.0,0.0,0.0,0.0,0.0,0.0
4873,0.0,0.0,0.0,0.0,0.0,0.0,0.0,0.0,0.0,0.0,0.0,0.0
4874,0.0,0.0,0.0,0.0,0.0,0.0,0.0,0.0,0.0,0.0,0.0,0.0
4875,0.0,0.0,0.0,0.0,0.0,0.0,0.0,0.0,0.0,0.0,0.0,0.0
4876,0.0,0.0,0.0,0.0,0.0,0.0,0.0,0.0,0.0,0.0,0.0,0.0
4877,0.0,0.0,0.0,0.0,0.0,0.0,0.0,0.0,0.0,0.0,0.0,0.0
4882,0.0,0.0,0.0,0.0,0.0,0.0,0.0,0.0,0.0,0.0,0.0,0.0
4890,0.0,0.0,0.0,0.0,0.0,0.0,0.0,0.0,0.0,0.0,0.0,0.0
4891,0.0,0.0,0.0,0.0,0.0,0.0,0.0,0.0,0.0,0.0,0.0,0.0
4892,0.0,0.0,0.0,0.0,0.0,0.0,0.0,0.0,0.0,0.0,0.0,0.0
4893,0.0,0.0,0.0,0.0,0.0,0.0,0.0,0.0,0.0,0.0,0.0,0.0
4920,0.0,0.0,0.0,0.0,0.0,0.0,0.0,0.0,0.0,0.0,0.0,0.0
4922,0.0,0.0,0.0,0.0,0.0,0.0,0.0,0.0,0.0,0.0,0.0,0.0
4923,0.0,0.0,0.0,0.0,0.0,0.0,0.0,0.0,0.0,0.0,0.0,0.0
4979,0.0,0.0,0.0,0.0,0.0,0.0,0.0,0.0,0.0,0.0,0.0,0.0
4981,0.0,0.0,0.0,0.0,0.0,0.0,0.0,0.0,0.0,0.0,0.0,0.0
4986,0.0,0.0,0.0,0.0,0.0,0.0,0.0,0.0,0.0,0.0,0.0,0.0
4987,0.0,0.0,0.0,0.0,0.0,0.0,0.0,0.0,0.0,0.0,0.0,0.0
4990,0.0,0.0,0.0,0.0,0.0,0.0,0.0,0.0,0.0,0.0,0.0,0.0
4992,0.0,0.0,0.0,0.0,0.0,0.0,0.0,0.0,0.0,0.0,0.0,0.0
4993,0.0,0.0,0.0,0.0,0.0,0.0,0.0,0.0,0.0,0.0,0.0,0.0
4995,0.0,0.0,0.0,0.0,0.0,0.0,0.0,0.0,0.0,0.0,0.0,0.0
5000,0.0,0.0,0.0,0.0,0.0,0.0,0.0,0.0,0.0,0.0,0.0,0.0
5002,0.0,0.0,0.0,0.0,0.0,0.0,0.0,0.0,0.0,0.0,0.0,0.0
5003,0.0,0.0,0.0,0.0,0.0,0.0,0.0,0.0,0.0,0.0,0.0,0.0
5004,0.0,0.0,0.0,0.0,0.0,0.0,0.0,0.0,0.0,0.0,0.0,0.0
5012,0.0,0.0,0.0,0.0,0.0,0.0,0.0,0.0,0.0,0.0,0.0,0.0
5013,0.0,0.0,0.0,0.0,0.0,0.0,0.0,0.0,0.0,0.0,0.0,0.0
5014,0.0,0.0,0.0,0.0,0.0,0.0,0.0,0.0,0.0,0.0,0.0,0.0
5015,0.0,0.0,0.0,0.0,0.0,0.0,0.0,0.0,0.0,0.0,0.0,0.0
5019,0.0,0.0,0.0,0.0,0.0,0.0,0.0,0.0,0.0,0.0,0.0,0.0
5020,0.0,0.0,0.0,0.0,0.0,0.0,0.0,0.0,0.0,0.0,0.0,0.0
5021,0.0,0.0,0.0,0.0,0.0,0.0,0.0,0.0,0.0,0.0,0.0,0.0
5022,0.0,0.0,0.0,0.0,0.0,0.0,0.0,0.0,0.0,0.0,0.0,0.0
5023,0.0,0.0,0.0,0.0,0.0,0.0,0.0,0.0,0.0,0.0,0.0,0.0
5024,0.0,0.0,0.0,0.0,0.0,0.0,0.0,0.0,0.0,0.0,0.0,0.0
5025,0.0,0.0,0.0,0.0,0.0,0.0,0.0,0.0,0.0,0.0,0.0,0.0
5033,0.0,0.0,0.0,0.0,0.0,0.0,0.0,0.0,0.0,0.0,0.0,0.0
5034,0.0,0.0,0.0,0.0,0.0,0.0,0.0,0.0,0.0,0.0,0.0,0.0
5035,0.0,0.0,0.0,0.0,0.0,0.0,0.0,0.0,0.0,0.0,0.0,0.0
5128,0.0,0.0,0.0,0.0,0.0,0.0,0.0,0.0,0.0,0.0,0.0,0.0
5129,0.0,0.0,0.0,0.0,0.0,0.0,0.0,0.0,0.0,0.0,0.0,0.0
5130,0.0,0.0,0.0,0.0,0.0,0.0,0.0,0.0,0.0,0.0,0.0,0.0
5134,0.0,0.0,0.0,0.0,0.0,0.0,0.0,0.0,0.0,0.0,0.0,0.0
5135,0.0,0.0,0.0,0.0,0.0,0.0,0.0,0.0,0.0,0.0,0.0,0.0
5136,0.0,0.0,0.0,0.0,0.0,0.0,0.0,0.0,0.0,0.0,0.0,0.0
5141,0.0,0.0,0.0,0.0,0.0,0.0,0.0,0.0,0.0,0.0,0.0,0.0
5142,0.0,0.0,0.0,0.0,0.0,0.0,0.0,0.0,0.0,0.0,0.0,0.0
5143,0.0,0.0,0.0,0.0,0.0,0.0,0.0,0.0,0.0,0.0,0.0,0.0
5168,0.0,0.0,0.0,0.0,0.0,0.0,0.0,0.0,0.0,0.0,0.0,0.0
5169,0.0,0.0,0.0,0.0,0.0,0.0,0.0,0.0,0.0,0.0,0.0,0.0
5170,0.0,0.0,0.0,0.0,0.0,0.0,0.0,0.0,0.0,0.0,0.0,0.0
5172,0.0,0.0,0.0,0.0,0.0,0.0,0.0,0.0,0.0,0.0,0.0,0.0
5173,0.0,0.0,0.0,0.0,0.0,0.0,0.0,0.0,0.0,0.0,0.0,0.0
5174,0.0,0.0,0.0,0.0,0.0,0.0,0.0,0.0,0.0,0.0,0.0,0.0
5175,0.0,0.0,0.0,0.0,0.0,0.0,0.0,0.0,0.0,0.0,0.0,0.0
5176,0.0,0.0,0.0,0.0,0.0,0.0,0.0,0.0,0.0,0.0,0.0,0.0
5177,0.0,0.0,0.0,0.0,0.0,0.0,0.0,0.0,0.0,0.0,0.0,0.0
5178,0.0,0.0,0.0,0.0,0.0,0.0,0.0,0.0,0.0,0.0,0.0,0.0
5179,0.0,0.0,0.0,0.0,0.0,0.0,0.0,0.0,0.0,0.0,0.0,0.0
5180,0.0,0.0,0.0,0.0,0.0,0.0,0.0,0.0,0.0,0.0,0.0,0.0
5181,0.0,0.0,0.0,0.0,0.0,0.0,0.0,0.0,0.0,0.0,0.0,0.0
5182,0.0,0.0,0.0,0.0,0.0,0.0,0.0,0.0,0.0,0.0,0.0,0.0
5183,0.0,0.0,0.0,0.0,0.0,0.0,0.0,0.0,0.0,0.0,0.0,0.0
5184,0.0,0.0,0.0,0.0,0.0,0.0,0.0,0.0,0.0,0.0,0.0,0.0
5185,0.0,0.0,0.0,0.0,0.0,0.0,0.0,0.0,0.0,0.0,0.0,0.0
5186,0.0,0.0,0.0,0.0,0.0,0.0,0.0,0.0,0.0,0.0,0.0,0.0
5187,0.0,0.0,0.0,0.0,0.0,0.0,0.0,0.0,0.0,0.0,0.0,0.0
5188,0.0,0.0,0.0,0.0,0.0,0.0,0.0,0.0,0.0,0.0,0.0,0.0
5191,0.0,0.0,0.0,0.0,0.0,0.0,0.0,0.0,0.0,0.0,0.0,0.0
5192,0.0,0.0,0.0,0.0,0.0,0.0,0.0,0.0,0.0,0.0,0.0,0.0
5193,0.0,0.0,0.0,0.0,0.0,0.0,0.0,0.0,0.0,0.0,0.0,0.0
5194,0.0,0.0,0.0,0.0,0.0,0.0,0.0,0.0,0.0,0.0,0.0,0.0
5195,0.0,0.0,0.0,0.0,0.0,0.0,0.0,0.0,0.0,0.0,0.0,0.0
5196,0.0,0.0,0.0,0.0,0.0,0.0,0.0,0.0,0.0,0.0,0.0,0.0
5197,0.0,0.0,0.0,0.0,0.0,0.0,0.0,0.0,0.0,0.0,0.0,0.0
5198,0.0,0.0,0.0,0.0,0.0,0.0,0.0,0.0,0.0,0.0,0.0,0.0
5199,0.0,0.0,0.0,0.0,0.0,0.0,0.0,0.0,0.0,0.0,0.0,0.0
5200,0.0,0.0,0.0,0.0,0.0,0.0,0.0,0.0,0.0,0.0,0.0,0.0
5201,0.0,0.0,0.0,0.0,0.0,0.0,0.0,0.0,0.0,0.0,0.0,0.0
5202,0.0,0.0,0.0,0.0,0.0,0.0,0.0,0.0,0.0,0.0,0.0,0.0
5203,0.0,0.0,0.0,0.0,0.0,0.0,0.0,0.0,0.0,0.0,0.0,0.0
5204,0.0,0.0,0.0,0.0,0.0,0.0,0.0,0.0,0.0,0.0,0.0,0.0
5205,0.0,0.0,0.0,0.0,0.0,0.0,0.0,0.0,0.0,0.0,0.0,0.0
5206,0.0,0.0,0.0,0.0,0.0,0.0,0.0,0.0,0.0,0.0,0.0,0.0
5207,0.0,0.0,0.0,0.0,0.0,0.0,0.0,0.0,0.0,0.0,0.0,0.0
5208,0.0,0.0,0.0,0.0,0.0,0.0,0.0,0.0,0.0,0.0,0.0,0.0
5209,0.0,0.0,0.0,0.0,0.0,0.0,0.0,0.0,0.0,0.0,0.0,0.0
5210,0.0,0.0,0.0,0.0,0.0,0.0,0.0,0.0,0.0,0.0,0.0,0.0
5211,0.0,0.0,0.0,0.0,0.0,0.0,0.0,0.0,0.0,0.0,0.0,0.0
5228,0.0,0.0,0.0,0.0,0.0,0.0,0.0,0.0,0.0,0.0,0.0,0.0
5229,0.0,0.0,0.0,0.0,0.0,0.0,0.0,0.0,0.0,0.0,0.0,0.0
5230,0.0,0.0,0.0,0.0,0.0,0.0,0.0,0.0,0.0,0.0,0.0,0.0
5232,0.0,0.0,0.0,0.0,0.0,0.0,0.0,0.0,0.0,0.0,0.0,0.0
5239,0.0,0.0,0.0,0.0,0.0,0.0,0.0,0.0,0.0,0.0,0.0,0.0
5240,0.0,0.0,0.0,0.0,0.0,0.0,0.0,0.0,0.0,0.0,0.0,0.0
5242,0.0,0.0,0.0,0.0,0.0,0.0,0.0,0.0,0.0,0.0,0.0,0.0
5243,0.0,0.0,0.0,0.0,0.0,0.0,0.0,0.0,0.0,0.0,0.0,0.0
5261,0.0,0.0,0.0,0.0,0.0,0.0,0.0,0.0,0.0,0.0,0.0,0.0
5280,0.0,0.0,0.0,0.0,0.0,0.0,0.0,0.0,0.0,0.0,0.0,0.0
5281,0.0,0.0,0.0,0.0,0.0,0.0,0.0,0.0,0.0,0.0,0.0,0.0
5283,0.0,0.0,0.0,0.0,0.0,0.0,0.0,0.0,0.0,0.0,0.0,0.0
5287,0.0,0.0,0.0,0.0,0.0,0.0,0.0,0.0,0.0,0.0,0.0,0.0
5288,0.0,0.0,0.0,0.0,0.0,0.0,0.0,0.0,0.0,0.0,0.0,0.0
5335,0.0,0.0,0.0,0.0,0.0,0.0,0.0,0.0,0.0,0.0,0.0,0.0
5340,0.0,0.0,0.0,0.0,0.0,0.0,0.0,0.0,0.0,0.0,0.0,0.0
5341,0.0,0.0,0.0,0.0,0.0,0.0,0.0,0.0,0.0,0.0,0.0,0.0
5345,0.0,0.0,0.0,0.0,0.0,0.0,0.0,0.0,0.0,0.0,0.0,0.0
5346,0.0,0.0,0.0,0.0,0.0,0.0,0.0,0.0,0.0,0.0,0.0,0.0
5347,0.0,0.0,0.0,0.0,0.0,0.0,0.0,0.0,0.0,0.0,0.0,0.0
5348,0.0,0.0,0.0,0.0,0.0,0.0,0.0,0.0,0.0,0.0,0.0,0.0
5349,0.0,0.0,0.0,0.0,0.0,0.0,0.0,0.0,0.0,0.0,0.0,0.0
5350,0.0,0.0,0.0,0.0,0.0,0.0,0.0,0.0,0.0,0.0,0.0,0.0
5351,0.0,0.0,0.0,0.0,0.0,0.0,0.0,0.0,0.0,0.0,0.0,0.0
5352,0.0,0.0,0.0,0.0,0.0,0.0,0.0,0.0,0.0,0.0,0.0,0.0
5353,0.0,0.0,0.0,0.0,0.0,0.0,0.0,0.0,0.0,0.0,0.0,0.0
5354,0.0,0.0,0.0,0.0,0.0,0.0,0.0,0.0,0.0,0.0,0.0,0.0
5355,0.0,0.0,0.0,0.0,0.0,0.0,0.0,0.0,0.0,0.0,0.0,0.0
5356,0.0,0.0,0.0,0.0,0.0,0.0,0.0,0.0,0.0,0.0,0.0,0.0
5357,0.0,0.0,0.0,0.0,0.0,0.0,0.0,0.0,0.0,0.0,0.0,0.0
5358,0.0,0.0,0.0,0.0,0.0,0.0,0.0,0.0,0.0,0.0,0.0,0.0
5359,0.0,0.0,0.0,0.0,0.0,0.0,0.0,0.0,0.0,0.0,0.0,0.0
5360,0.0,0.0,0.0,0.0,0.0,0.0,0.0,0.0,0.0,0.0,0.0,0.0
5361,0.0,0.0,0.0,0.0,0.0,0.0,0.0,0.0,0.0,0.0,0.0,0.0
5363,0.0,0.0,0.0,0.0,0.0,0.0,0.0,0.0,0.0,0.0,0.0,0.0
5364,0.0,0.0,0.0,0.0,0.0,0.0,0.0,0.0,0.0,0.0,0.0,0.0
5365,0.0,0.0,0.0,0.0,0.0,0.0,0.0,0.0,0.0,0.0,0.0,0.0
5366,0.0,0.0,0.0,0.0,0.0,0.0,0.0,0.0,0.0,0.0,0.0,0.0
5367,0.0,0.0,0.0,0.0,0.0,0.0,0.0,0.0,0.0,0.0,0.0,0.0
5368,0.0,0.0,0.0,0.0,0.0,0.0,0.0,0.0,0.0,0.0,0.0,0.0
5369,0.0,0.0,0.0,0.0,0.0,0.0,0.0,0.0,0.0,0.0,0.0,0.0
5370,0.0,0.0,0.0,0.0,0.0,0.0,0.0,0.0,0.0,0.0,0.0,0.0
5373,0.0,0.0,0.0,0.0,0.0,0.0,0.0,0.0,0.0,0.0,0.0,0.0
5374,0.0,0.0,0.0,0.0,0.0,0.0,0.0,0.0,0.0,0.0,0.0,0.0
5385,0.0,0.0,0.0,0.0,0.0,0.0,0.0,0.0,0.0,0.0,0.0,0.0
5386,0.0,0.0,0.0,0.0,0.0,0.0,0.0,0.0,0.0,0.0,0.0,0.0
5387,0.0,0.0,0.0,0.0,0.0,0.0,0.0,0.0,0.0,0.0,0.0,0.0
5403,0.0,0.0,0.0,0.0,0.0,0.0,0.0,0.0,0.0,0.0,0.0,0.0
5404,0.0,0.0,0.0,0.0,0.0,0.0,0.0,0.0,0.0,0.0,0.0,0.0
5405,0.0,0.0,0.0,0.0,0.0,0.0,0.0,0.0,0.0,0.0,0.0,0.0
5406,0.0,0.0,0.0,0.0,0.0,0.0,0.0,0.0,0.0,0.0,0.0,0.0
5500,0.0,0.0,0.0,0.0,0.0,0.0,0.0,0.0,0.0,0.0,0.0,0.0
5501,0.0,0.0,0.0,0.0,0.0,0.0,0.0,0.0,0.0,0.0,0.0,0.0
5502,0.0,0.0,0.0,0.0,0.0,0.0,0.0,0.0,0.0,0.0,0.0,0.0
5543,0.0,0.0,0.0,0.0,0.0,0.0,0.0,0.0,0.0,0.0,0.0,0.0
5544,0.0,0.0,0.0,0.0,0.0,0.0,0.0,0.0,0.0,0.0,0.0,0.0
5545,0.0,0.0,0.0,0.0,0.0,0.0,0.0,0.0,0.0,0.0,0.0,0.0
5546,0.0,0.0,0.0,0.0,0.0,0.0,0.0,0.0,0.0,0.0,0.0,0.0
5547,0.0,0.0,0.0,0.0,0.0,0.0,0.0,0.0,0.0,0.0,0.0,0.0
5548,0.0,0.0,0.0,0.0,0.0,0.0,0.0,0.0,0.0,0.0,0.0,0.0
5549,0.0,0.0,0.0,0.0,0.0,0.0,0.0,0.0,0.0,0.0,0.0,0.0
5550,0.0,0.0,0.0,0.0,0.0,0.0,0.0,0.0,0.0,0.0,0.0,0.0
5554,0.0,0.0,0.0,0.0,0.0,0.0,0.0,0.0,0.0,0.0,0.0,0.0
5555,0.0,0.0,0.0,0.0,0.0,0.0,0.0,0.0,0.0,0.0,0.0,0.0
5556,0.0,0.0,0.0,0.0,0.0,0.0,0.0,0.0,0.0,0.0,0.0,0.0
5557,0.0,0.0,0.0,0.0,0.0,0.0,0.0,0.0,0.0,0.0,0.0,0.0
5558,0.0,0.0,0.0,0.0,0.0,0.0,0.0,0.0,0.0,0.0,0.0,0.0
5561,0.0,0.0,0.0,0.0,0.0,0.0,0.0,0.0,0.0,0.0,0.0,0.0
5562,0.0,0.0,0.0,0.0,0.0,0.0,0.0,0.0,0.0,0.0,0.0,0.0
5563,0.0,0.0,0.0,0.0,0.0,0.0,0.0,0.0,0.0,0.0,0.0,0.0
5564,0.0,0.0,0.0,0.0,0.0,0.0,0.0,0.0,0.0,0.0,0.0,0.0
5565,0.0,0.0,0.0,0.0,0.0,0.0,0.0,0.0,0.0,0.0,0.0,0.0
5566,0.0,0.0,0.0,0.0,0.0,0.0,0.0,0.0,0.0,0.0,0.0,0.0
5567,0.0,0.0,0.0,0.0,0.0,0.0,0.0,0.0,0.0,0.0,0.0,0.0
5568,0.0,0.0,0.0,0.0,0.0,0.0,0.0,0.0,0.0,0.0,0.0,0.0
5585,0.0,0.0,0.0,0.0,0.0,0.0,0.0,0.0,0.0,0.0,0.0,0.0
5586,0.0,0.0,0.0,0.0,0.0,0.0,0.0,0.0,0.0,0.0,0.0,0.0
5587,0.0,0.0,0.0,0.0,0.0,0.0,0.0,0.0,0.0,0.0,0.0,0.0
5588,0.0,0.0,0.0,0.0,0.0,0.0,0.0,0.0,0.0,0.0,0.0,0.0
5589,0.0,0.0,0.0,0.0,0.0,0.0,0.0,0.0,0.0,0.0,0.0,0.0
5590,0.0,0.0,0.0,0.0,0.0,0.0,0.0,0.0,0.0,0.0,0.0,0.0
5591,0.0,0.0,0.0,0.0,0.0,0.0,0.0,0.0,0.0,0.0,0.0,0.0
5592,0.0,0.0,0.0,0.0,0.0,0.0,0.0,0.0,0.0,0.0,0.0,0.0
5593,0.0,0.0,0.0,0.0,0.0,0.0,0.0,0.0,0.0,0.0,0.0,0.0
5594,0.0,0.0,0.0,0.0,0.0,0.0,0.0,0.0,0.0,0.0,0.0,0.0
5595,0.0,0.0,0.0,0.0,0.0,0.0,0.0,0.0,0.0,0.0,0.0,0.0
5596,0.0,0.0,0.0,0.0,0.0,0.0,0.0,0.0,0.0,0.0,0.0,0.0
5597,0.0,0.0,0.0,0.0,0.0,0.0,0.0,0.0,0.0,0.0,0.0,0.0
5598,0.0,0.0,0.0,0.0,0.0,0.0,0.0,0.0,0.0,0.0,0.0,0.0
5599,0.0,0.0,0.0,0.0,0.0,0.0,0.0,0.0,0.0,0.0,0.0,0.0
5600,0.0,0.0,0.0,0.0,0.0,0.0,0.0,0.0,0.0,0.0,0.0,0.0
5602,0.0,0.0,0.0,0.0,0.0,0.0,0.0,0.0,0.0,0.0,0.0,0.0
5603,0.0,0.0,0.0,0.0,0.0,0.0,0.0,0.0,0.0,0.0,0.0,0.0
5604,0.0,0.0,0.0,0.0,0.0,0.0,0.0,0.0,0.0,0.0,0.0,0.0
5606,0.0,0.0,0.0,0.0,0.0,0.0,0.0,0.0,0.0,0.0,0.0,0.0
5607,0.0,0.0,0.0,0.0,0.0,0.0,0.0,0.0,0.0,0.0,0.0,0.0
5608,0.0,0.0,0.0,0.0,0.0,0.0,0.0,0.0,0.0,0.0,0.0,0.0
5612,0.0,0.0,0.0,0.0,0.0,0.0,0.0,0.0,0.0,0.0,0.0,0.0
5613,0.0,0.0,0.0,0.0,0.0,0.0,0.0,0.0,0.0,0.0,0.0,0.0
5614,0.0,0.0,0.0,0.0,0.0,0.0,0.0,0.0,0.0,0.0,0.0,0.0
5615,0.0,0.0,0.0,0.0,0.0,0.0,0.0,0.0,0.0,0.0,0.0,0.0
5616,0.0,0.0,0.0,0.0,0.0,0.0,0.0,0.0,0.0,0.0,0.0,0.0
5617,0.0,0.0,0.0,0.0,0.0,0.0,0.0,0.0,0.0,0.0,0.0,0.0
5618,0.0,0.0,0.0,0.0,0.0,0.0,0.0,0.0,0.0,0.0,0.0,0.0
5619,0.0,0.0,0.0,0.0,0.0,0.0,0.0,0.0,0.0,0.0,0.0,0.0
5620,0.0,0.0,0.0,0.0,0.0,0.0,0.0,0.0,0.0,0.0,0.0,0.0
5621,0.0,0.0,0.0,0.0,0.0,0.0,0.0,0.0,0.0,0.0,0.0,0.0
5622,0.0,0.0,0.0,0.0,0.0,0.0,0.0,0.0,0.0,0.0,0.0,0.0
5640,0.0,0.0,0.0,0.0,0.0,0.0,0.0,0.0,0.0,0.0,0.0,0.0
5641,0.0,0.0,0.0,0.0,0.0,0.0,0.0,0.0,0.0,0.0,0.0,0.0
5642,0.0,0.0,0.0,0.0,0.0,0.0,0.0,0.0,0.0,0.0,0.0,0.0
5643,0.0,0.0,0.0,0.0,0.0,0.0,0.0,0.0,0.0,0.0,0.0,0.0
5647,0.0,0.0,0.0,0.0,0.0,0.0,0.0,0.0,0.0,0.0,0.0,0.0
5655,0.0,0.0,0.0,0.0,0.0,0.0,0.0,0.0,0.0,0.0,0.0,0.0
5656,0.0,0.0,0.0,0.0,0.0,0.0,0.0,0.0,0.0,0.0,0.0,0.0
5658,0.0,0.0,0.0,0.0,0.0,0.0,0.0,0.0,0.0,0.0,0.0,0.0
5659,0.0,0.0,0.0,0.0,0.0,0.0,0.0,0.0,0.0,0.0,0.0,0.0
5660,0.0,0.0,0.0,0.0,0.0,0.0,0.0,0.0,0.0,0.0,0.0,0.0
5661,0.0,0.0,0.0,0.0,0.0,0.0,0.0,0.0,0.0,0.0,0.0,0.0
5668,0.0,0.0,0.0,0.0,0.0,0.0,0.0,0.0,0.0,0.0,0.0,0.0
5669,0.0,0.0,0.0,0.0,0.0,0.0,0.0,0.0,0.0,0.0,0.0,0.0
5670,0.0,0.0,0.0,0.0,0.0,0.0,0.0,0.0,0.0,0.0,0.0,0.0
5671,0.0,0.0,0.0,0.0,0.0,0.0,0.0,0.0,0.0,0.0,0.0,0.0
5672,0.0,0.0,0.0,0.0,0.0,0.0,0.0,0.0,0.0,0.0,0.0,0.0
5675,0.0,0.0,0.0,0.0,0.0,0.0,0.0,0.0,0.0,0.0,0.0,0.0
5676,0.0,0.0,0.0,0.0,0.0,0.0,0.0,0.0,0.0,0.0,0.0,0.0
5677,0.0,0.0,0.0,0.0,0.0,0.0,0.0,0.0,0.0,0.0,0.0,0.0
5678,0.0,0.0,0.0,0.0,0.0,0.0,0.0,0.0,0.0,0.0,0.0,0.0
5690,0.0,0.0,0.0,0.0,0.0,0.0,0.0,0.0,0.0,0.0,0.0,0.0
5695,0.0,0.0,0.0,0.0,0.0,0.0,0.0,0.0,0.0,0.0,0.0,0.0
5696,0.0,0.0,0.0,0.0,0.0,0.0,0.0,0.0,0.0,0.0,0.0,0.0
5697,0.0,0.0,0.0,0.0,0.0,0.0,0.0,0.0,0.0,0.0,0.0,0.0
5698,0.0,0.0,0.0,0.0,0.0,0.0,0.0,0.0,0.0,0.0,0.0,0.0
5699,0.0,0.0,0.0,0.0,0.0,0.0,0.0,0.0,0.0,0.0,0.0,0.0
5700,0.0,0.0,0.0,0.0,0.0,0.0,0.0,0.0,0.0,0.0,0.0,0.0
5701,0.0,0.0,0.0,0.0,0.0,0.0,0.0,0.0,0.0,0.0,0.0,0.0
5702,0.0,0.0,0.0,0.0,0.0,0.0,0.0,0.0,0.0,0.0,0.0,0.0
5704,0.0,0.0,0.0,0.0,0.0,0.0,0.0,0.0,0.0,0.0,0.0,0.0
5758,0.0,0.0,0.0,0.0,0.0,0.0,0.0,0.0,0.0,0.0,0.0,0.0
5759,0.0,0.0,0.0,0.0,0.0,0.0,0.0,0.0,0.0,0.0,0.0,0.0
5760,0.0,0.0,0.0,0.0,0.0,0.0,0.0,0.0,0.0,0.0,0.0,0.0
5763,0.0,0.0,0.0,0.0,0.0,0.0,0.0,0.0,0.0,0.0,0.0,0.0
5764,0.0,0.0,0.0,0.0,0.0,0.0,0.0,0.0,0.0,0.0,0.0,0.0
5765,0.0,0.0,0.0,0.0,0.0,0.0,0.0,0.0,0.0,0.0,0.0,0.0
5766,0.0,0.0,0.0,0.0,0.0,0.0,0.0,0.0,0.0,0.0,0.0,0.0
5767,0.0,0.0,0.0,0.0,0.0,0.0,0.0,0.0,0.0,0.0,0.0,0.0
5768,0.0,0.0,0.0,0.0,0.0,0.0,0.0,0.0,0.0,0.0,0.0,0.0
5769,0.0,0.0,0.0,0.0,0.0,0.0,0.0,0.0,0.0,0.0,0.0,0.0
5770,0.0,0.0,0.0,0.0,0.0,0.0,0.0,0.0,0.0,0.0,0.0,0.0
5772,0.0,0.0,0.0,0.0,0.0,0.0,0.0,0.0,0.0,0.0,0.0,0.0
5774,0.0,0.0,0.0,0.0,0.0,0.0,0.0,0.0,0.0,0.0,0.0,0.0
5777,0.0,0.0,0.0,0.0,0.0,0.0,0.0,0.0,0.0,0.0,0.0,0.0
5780,0.0,0.0,0.0,0.0,0.0,0.0,0.0,0.0,0.0,0.0,0.0,0.0
5781,0.0,0.0,0.0,0.0,0.0,0.0,0.0,0.0,0.0,0.0,0.0,0.0
5782,0.0,0.0,0.0,0.0,0.0,0.0,0.0,0.0,0.0,0.0,0.0,0.0
5783,0.0,0.0,0.0,0.0,0.0,0.0,0.0,0.0,0.0,0.0,0.0,0.0
5784,0.0,0.0,0.0,0.0,0.0,0.0,0.0,0.0,0.0,0.0,0.0,0.0
5785,0.0,0.0,0.0,0.0,0.0,0.0,0.0,0.0,0.0,0.0,0.0,0.0
5786,0.0,0.0,0.0,0.0,0.0,0.0,0.0,0.0,0.0,0.0,0.0,0.0
5787,0.0,0.0,0.0,0.0,0.0,0.0,0.0,0.0,0.0,0.0,0.0,0.0
5788,0.0,0.0,0.0,0.0,0.0,0.0,0.0,0.0,0.0,0.0,0.0,0.0
5789,0.0,0.0,0.0,0.0,0.0,0.0,0.0,0.0,0.0,0.0,0.0,0.0
5792,0.0,0.0,0.0,0.0,0.0,0.0,0.0,0.0,0.0,0.0,0.0,0.0
5803,0.0,0.0,0.0,0.0,0.0,0.0,0.0,0.0,0.0,0.0,0.0,0.0
5804,0.0,0.0,0.0,0.0,0.0,0.0,0.0,0.0,0.0,0.0,0.0,0.0
5805,0.0,0.0,0.0,0.0,0.0,0.0,0.0,0.0,0.0,0.0,0.0,0.0
5822,0.0,0.0,0.0,-62615.95262527466,-989230.4605865479,-2498892.4493103027,-2351713.9995422363,-1526357.8334960938,-873574.3124084473,-17714.42510986328,0.0,0.0
5823,0.0,0.0,0.0,0.0,0.0,0.0,0.0,0.0,0.0,0.0,0.0,0.0
5824,0.0,0.0,0.0,0.0,0.0,0.0,0.0,0.0,0.0,0.0,0.0,0.0
5976,0.0,0.0,0.0,0.0,0.0,0.0,0.0,0.0,0.0,0.0,0.0,0.0
5977,0.0,0.0,0.0,0.0,0.0,0.0,0.0,0.0,0.0,0.0,0.0,0.0
5978,0.0,0.0,0.0,0.0,0.0,0.0,0.0,0.0,0.0,0.0,0.0,0.0
5979,0.0,0.0,0.0,0.0,0.0,0.0,0.0,0.0,0.0,0.0,0.0,0.0
5980,0.0,0.0,0.0,0.0,0.0,0.0,0.0,0.0,0.0,0.0,0.0,0.0
5981,0.0,0.0,0.0,0.0,0.0,0.0,0.0,0.0,0.0,0.0,0.0,0.0
6016,0.0,0.0,0.0,0.0,0.0,0.0,0.0,0.0,0.0,0.0,0.0,0.0
6017,0.0,0.0,0.0,0.0,0.0,0.0,0.0,0.0,0.0,0.0,0.0,0.0
6022,0.0,0.0,0.0,0.0,0.0,0.0,0.0,0.0,0.0,0.0,0.0,0.0
6023,0.0,0.0,0.0,0.0,0.0,0.0,0.0,0.0,0.0,0.0,0.0,0.0
6024,0.0,0.0,0.0,0.0,0.0,0.0,0.0,0.0,0.0,0.0,0.0,0.0
6025,0.0,0.0,0.0,0.0,0.0,0.0,0.0,0.0,0.0,0.0,0.0,0.0
6026,0.0,0.0,0.0,0.0,0.0,0.0,0.0,0.0,0.0,0.0,0.0,0.0
6027,0.0,0.0,0.0,0.0,0.0,0.0,0.0,0.0,0.0,0.0,0.0,0.0
6028,0.0,0.0,0.0,0.0,0.0,0.0,0.0,0.0,0.0,0.0,0.0,0.0
6031,0.0,0.0,0.0,0.0,0.0,0.0,0.0,0.0,0.0,0.0,0.0,0.0
6032,0.0,0.0,0.0,0.0,0.0,0.0,0.0,0.0,0.0,0.0,0.0,0.0
6033,0.0,0.0,0.0,0.0,0.0,0.0,0.0,0.0,0.0,0.0,0.0,0.0
6034,0.0,0.0,0.0,0.0,0.0,0.0,0.0,0.0,0.0,0.0,0.0,0.0
6035,0.0,0.0,0.0,0.0,0.0,0.0,0.0,0.0,0.0,0.0,0.0,0.0
6036,0.0,0.0,0.0,0.0,0.0,0.0,0.0,0.0,0.0,0.0,0.0,0.0
6037,0.0,0.0,0.0,0.0,0.0,0.0,0.0,0.0,0.0,0.0,0.0,0.0
6038,0.0,0.0,0.0,0.0,0.0,0.0,0.0,0.0,0.0,0.0,0.0,0.0
6039,0.0,0.0,0.0,0.0,0.0,0.0,0.0,0.0,0.0,0.0,0.0,0.0
6040,0.0,0.0,0.0,0.0,0.0,0.0,0.0,0.0,0.0,0.0,0.0,0.0
6041,0.0,0.0,0.0,0.0,0.0,0.0,0.0,0.0,0.0,0.0,0.0,0.0
6045,0.0,0.0,0.0,0.0,0.0,0.0,0.0,0.0,0.0,0.0,0.0,0.0
6046,0.0,0.0,0.0,0.0,0.0,0.0,0.0,0.0,0.0,0.0,0.0,0.0
6047,0.0,0.0,0.0,0.0,0.0,0.0,0.0,0.0,0.0,0.0,0.0,0.0
6048,0.0,0.0,0.0,0.0,0.0,0.0,0.0,0.0,0.0,0.0,0.0,0.0
6049,0.0,0.0,0.0,0.0,0.0,0.0,0.0,0.0,0.0,0.0,0.0,0.0
6050,0.0,0.0,0.0,0.0,0.0,0.0,0.0,0.0,0.0,0.0,0.0,0.0
6051,0.0,0.0,0.0,0.0,0.0,0.0,0.0,0.0,0.0,0.0,0.0,0.0
6052,0.0,0.0,0.0,0.0,0.0,0.0,0.0,0.0,0.0,0.0,0.0,0.0
6053,0.0,0.0,0.0,0.0,0.0,0.0,0.0,0.0,0.0,0.0,0.0,0.0
6054,0.0,0.0,0.0,0.0,0.0,0.0,0.0,0.0,0.0,0.0,0.0,0.0
6055,0.0,0.0,0.0,0.0,0.0,0.0,0.0,0.0,0.0,0.0,0.0,0.0
6056,0.0,0.0,0.0,0.0,0.0,0.0,0.0,0.0,0.0,0.0,0.0,0.0
6083,0.0,0.0,0.0,0.0,0.0,0.0,0.0,0.0,0.0,0.0,0.0,0.0
6084,0.0,0.0,0.0,0.0,0.0,0.0,0.0,0.0,0.0,0.0,0.0,0.0
6085,0.0,0.0,0.0,0.0,0.0,0.0,0.0,0.0,0.0,0.0,0.0,0.0
6086,0.0,0.0,0.0,0.0,0.0,0.0,0.0,0.0,0.0,0.0,0.0,0.0
6087,0.0,0.0,0.0,0.0,0.0,0.0,0.0,0.0,0.0,0.0,0.0,0.0
6088,0.0,0.0,0.0,0.0,0.0,0.0,0.0,0.0,0.0,0.0,0.0,0.0
6090,0.0,0.0,0.0,0.0,0.0,0.0,0.0,0.0,0.0,0.0,0.0,0.0
6091,0.0,0.0,0.0,0.0,0.0,0.0,0.0,0.0,0.0,0.0,0.0,0.0
6092,0.0,0.0,0.0,0.0,0.0,0.0,0.0,0.0,0.0,0.0,0.0,0.0
6093,0.0,0.0,0.0,0.0,0.0,0.0,0.0,0.0,0.0,0.0,0.0,0.0
6094,0.0,0.0,0.0,0.0,0.0,0.0,0.0,0.0,0.0,0.0,0.0,0.0
6095,0.0,0.0,0.0,0.0,0.0,0.0,0.0,0.0,0.0,0.0,0.0,0.0
6096,0.0,0.0,0.0,0.0,0.0,0.0,0.0,0.0,0.0,0.0,0.0,0.0
6100,0.0,0.0,0.0,0.0,0.0,0.0,0.0,0.0,0.0,0.0,0.0,0.0
6101,0.0,0.0,0.0,0.0,0.0,0.0,0.0,0.0,0.0,0.0,0.0,0.0
6103,0.0,0.0,0.0,0.0,0.0,0.0,0.0,0.0,0.0,0.0,0.0,0.0
6106,0.0,0.0,0.0,0.0,0.0,0.0,0.0,0.0,0.0,0.0,0.0,0.0
6109,0.0,0.0,0.0,0.0,0.0,0.0,0.0,0.0,0.0,0.0,0.0,0.0
6110,0.0,0.0,0.0,0.0,0.0,0.0,0.0,0.0,0.0,0.0,0.0,0.0
6111,0.0,0.0,0.0,0.0,0.0,0.0,0.0,0.0,0.0,0.0,0.0,0.0
6112,0.0,0.0,0.0,0.0,0.0,0.0,0.0,0.0,0.0,0.0,0.0,0.0
6113,0.0,0.0,0.0,0.0,0.0,0.0,0.0,0.0,0.0,0.0,0.0,0.0
6114,0.0,0.0,0.0,0.0,0.0,0.0,0.0,0.0,0.0,0.0,0.0,0.0
6115,0.0,0.0,0.0,0.0,0.0,0.0,0.0,0.0,0.0,0.0,0.0,0.0
6116,0.0,0.0,0.0,0.0,0.0,0.0,0.0,0.0,0.0,0.0,0.0,0.0
6117,0.0,0.0,0.0,0.0,0.0,0.0,0.0,0.0,0.0,0.0,0.0,0.0
6118,0.0,0.0,0.0,0.0,0.0,0.0,0.0,0.0,0.0,0.0,0.0,0.0
6119,0.0,0.0,0.0,0.0,0.0,0.0,0.0,0.0,0.0,0.0,0.0,0.0
6120,0.0,0.0,0.0,0.0,0.0,0.0,0.0,0.0,0.0,0.0,0.0,0.0
6121,0.0,0.0,0.0,0.0,0.0,0.0,0.0,0.0,0.0,0.0,0.0,0.0
6122,0.0,0.0,0.0,0.0,0.0,0.0,0.0,0.0,0.0,0.0,0.0,0.0
6123,0.0,0.0,0.0,0.0,0.0,0.0,0.0,0.0,0.0,0.0,0.0,0.0
6124,0.0,0.0,0.0,0.0,0.0,0.0,0.0,0.0,0.0,0.0,0.0,0.0
6125,0.0,0.0,0.0,0.0,0.0,0.0,0.0,0.0,0.0,0.0,0.0,0.0
6126,0.0,0.0,0.0,0.0,0.0,0.0,0.0,0.0,0.0,0.0,0.0,0.0
6143,0.0,0.0,0.0,0.0,0.0,0.0,0.0,0.0,0.0,0.0,0.0,0.0
6144,0.0,0.0,0.0,0.0,0.0,0.0,0.0,0.0,0.0,0.0,0.0,0.0
6149,0.0,0.0,0.0,0.0,0.0,0.0,0.0,0.0,0.0,0.0,0.0,0.0
6150,0.0,0.0,0.0,0.0,0.0,0.0,0.0,0.0,0.0,0.0,0.0,0.0
6203,0.0,0.0,0.0,0.0,0.0,0.0,0.0,0.0,0.0,0.0,0.0,0.0
6204,0.0,0.0,0.0,0.0,0.0,0.0,0.0,0.0,0.0,0.0,0.0,0.0
6205,0.0,0.0,0.0,0.0,0.0,0.0,0.0,0.0,0.0,0.0,0.0,0.0
6206,0.0,0.0,0.0,0.0,0.0,0.0,0.0,0.0,0.0,0.0,0.0,0.0
6207,0.0,0.0,0.0,0.0,0.0,0.0,0.0,0.0,0.0,0.0,0.0,0.0
6208,0.0,0.0,0.0,0.0,0.0,0.0,0.0,0.0,0.0,0.0,0.0,0.0
6209,0.0,0.0,0.0,0.0,0.0,0.0,0.0,0.0,0.0,0.0,0.0,0.0
6210,0.0,0.0,0.0,0.0,0.0,0.0,0.0,0.0,0.0,0.0,0.0,0.0
6211,0.0,0.0,0.0,0.0,0.0,0.0,0.0,0.0,0.0,0.0,0.0,0.0
6227,0.0,0.0,0.0,0.0,0.0,0.0,0.0,0.0,0.0,0.0,0.0,0.0
6228,0.0,0.0,0.0,0.0,0.0,0.0,0.0,0.0,0.0,0.0,0.0,0.0
6229,0.0,0.0,0.0,0.0,0.0,0.0,0.0,0.0,0.0,0.0,0.0,0.0
6230,0.0,0.0,0.0,0.0,0.0,0.0,0.0,0.0,0.0,0.0,0.0,0.0
6231,0.0,0.0,0.0,0.0,0.0,0.0,0.0,0.0,0.0,0.0,0.0,0.0
6232,0.0,0.0,0.0,0.0,0.0,0.0,0.0,0.0,0.0,0.0,0.0,0.0
6233,0.0,0.0,0.0,0.0,0.0,0.0,0.0,0.0,0.0,0.0,0.0,0.0
6234,0.0,0.0,0.0,0.0,0.0,0.0,0.0,0.0,0.0,0.0,0.0,0.0
6235,0.0,0.0,0.0,0.0,0.0,0.0,0.0,0.0,0.0,0.0,0.0,0.0
6236,0.0,0.0,0.0,0.0,0.0,0.0,0.0,0.0,0.0,0.0,0.0,0.0
6237,0.0,0.0,0.0,0.0,0.0,0.0,0.0,0.0,0.0,0.0,0.0,0.0
6238,0.0,0.0,0.0,0.0,0.0,0.0,0.0,0.0,0.0,0.0,0.0,0.0
6239,0.0,0.0,0.0,0.0,0.0,0.0,0.0,0.0,0.0,0.0,0.0,0.0
6240,0.0,0.0,0.0,0.0,0.0,0.0,0.0,0.0,0.0,0.0,0.0,0.0
6241,0.0,0.0,0.0,0.0,0.0,0.0,0.0,0.0,0.0,0.0,0.0,0.0
6242,0.0,0.0,0.0,0.0,0.0,0.0,0.0,0.0,0.0,0.0,0.0,0.0
6243,0.0,0.0,0.0,0.0,0.0,0.0,0.0,0.0,0.0,0.0,0.0,0.0
6244,0.0,0.0,0.0,0.0,0.0,0.0,0.0,0.0,0.0,0.0,0.0,0.0
6245,0.0,0.0,0.0,0.0,0.0,0.0,0.0,0.0,0.0,0.0,0.0,0.0
6247,0.0,0.0,0.0,0.0,0.0,0.0,0.0,0.0,0.0,0.0,0.0,0.0
6248,0.0,0.0,0.0,0.0,0.0,0.0,0.0,0.0,0.0,0.0,0.0,0.0
6249,0.0,0.0,0.0,0.0,0.0,0.0,0.0,0.0,0.0,0.0,0.0,0.0
6259,0.0,0.0,0.0,0.0,0.0,0.0,0.0,0.0,0.0,0.0,0.0,0.0
6260,0.0,0.0,0.0,0.0,0.0,0.0,0.0,0.0,0.0,0.0,0.0,0.0
6432,0.0,0.0,0.0,0.0,0.0,0.0,0.0,0.0,0.0,0.0,0.0,0.0
6433,0.0,0.0,0.0,0.0,0.0,0.0,0.0,0.0,0.0,0.0,0.0,0.0
6434,0.0,0.0,0.0,0.0,0.0,0.0,0.0,0.0,0.0,0.0,0.0,0.0
6435,0.0,0.0,0.0,0.0,0.0,0.0,0.0,0.0,0.0,0.0,0.0,0.0
6436,0.0,0.0,0.0,0.0,0.0,0.0,0.0,0.0,0.0,0.0,0.0,0.0
6437,0.0,0.0,0.0,0.0,0.0,0.0,0.0,0.0,0.0,0.0,0.0,0.0
6438,0.0,0.0,0.0,0.0,0.0,0.0,0.0,0.0,0.0,0.0,0.0,0.0
6439,0.0,0.0,0.0,0.0,0.0,0.0,0.0,0.0,0.0,0.0,0.0,0.0
6440,0.0,0.0,0.0,0.0,0.0,0.0,0.0,0.0,0.0,0.0,0.0,0.0
6441,0.0,0.0,0.0,0.0,0.0,0.0,0.0,0.0,0.0,0.0,0.0,0.0
6442,0.0,0.0,0.0,0.0,0.0,0.0,0.0,0.0,0.0,0.0,0.0,0.0
6443,0.0,0.0,0.0,0.0,0.0,0.0,0.0,0.0,0.0,0.0,0.0,0.0
6444,0.0,0.0,0.0,0.0,0.0,0.0,0.0,0.0,0.0,0.0,0.0,0.0
6446,0.0,0.0,0.0,0.0,0.0,0.0,0.0,0.0,0.0,0.0,0.0,0.0
6447,0.0,0.0,0.0,0.0,0.0,0.0,0.0,0.0,0.0,0.0,0.0,0.0
6448,0.0,0.0,0.0,0.0,0.0,0.0,0.0,0.0,0.0,0.0,0.0,0.0
6449,0.0,0.0,0.0,0.0,0.0,0.0,0.0,0.0,0.0,0.0,0.0,0.0
6450,0.0,0.0,0.0,0.0,0.0,0.0,0.0,0.0,0.0,0.0,0.0,0.0
6451,0.0,0.0,0.0,0.0,0.0,0.0,0.0,0.0,0.0,0.0,0.0,0.0
6452,0.0,0.0,0.0,0.0,0.0,0.0,0.0,0.0,0.0,0.0,0.0,0.0
6454,0.0,0.0,0.0,0.0,0.0,0.0,0.0,0.0,0.0,0.0,0.0,0.0
6455,0.0,0.0,0.0,0.0,0.0,0.0,0.0,0.0,0.0,0.0,0.0,0.0
6456,0.0,0.0,0.0,0.0,0.0,0.0,0.0,0.0,0.0,0.0,0.0,0.0
6457,0.0,0.0,0.0,0.0,0.0,0.0,0.0,0.0,0.0,0.0,0.0,0.0
6458,0.0,0.0,0.0,0.0,0.0,0.0,0.0,0.0,0.0,0.0,0.0,0.0
6459,0.0,0.0,0.0,0.0,0.0,0.0,0.0,0.0,0.0,0.0,0.0,0.0
6460,0.0,0.0,0.0,0.0,0.0,0.0,0.0,0.0,0.0,0.0,0.0,0.0
6461,0.0,0.0,0.0,0.0,0.0,0.0,0.0,0.0,0.0,0.0,0.0,0.0
6462,0.0,0.0,0.0,0.0,0.0,0.0,0.0,0.0,0.0,0.0,0.0,0.0
6463,0.0,0.0,0.0,0.0,0.0,0.0,0.0,0.0,0.0,0.0,0.0,0.0
6464,0.0,0.0,0.0,0.0,0.0,0.0,0.0,0.0,0.0,0.0,0.0,0.0
6465,0.0,0.0,0.0,0.0,0.0,0.0,0.0,0.0,0.0,0.0,0.0,0.0
6467,0.0,0.0,0.0,0.0,0.0,0.0,0.0,0.0,0.0,0.0,0.0,0.0
6468,0.0,0.0,0.0,0.0,0.0,0.0,0.0,0.0,0.0,0.0,0.0,0.0
6515,0.0,0.0,0.0,0.0,0.0,0.0,0.0,0.0,0.0,0.0,0.0,0.0
6516,0.0,0.0,0.0,0.0,0.0,0.0,0.0,0.0,0.0,0.0,0.0,0.0
6517,0.0,0.0,0.0,0.0,0.0,0.0,0.0,0.0,0.0,0.0,0.0,0.0
6518,0.0,0.0,0.0,0.0,0.0,0.0,0.0,0.0,0.0,0.0,0.0,0.0
6521,0.0,0.0,0.0,0.0,0.0,0.0,0.0,0.0,0.0,0.0,0.0,0.0
6522,0.0,0.0,0.0,0.0,0.0,0.0,0.0,0.0,0.0,0.0,0.0,0.0
6523,0.0,0.0,0.0,0.0,0.0,0.0,0.0,0.0,0.0,0.0,0.0,0.0
6524,0.0,0.0,0.0,0.0,0.0,0.0,0.0,0.0,0.0,0.0,0.0,0.0
6525,0.0,0.0,0.0,0.0,0.0,0.0,0.0,0.0,0.0,0.0,0.0,0.0
6526,0.0,0.0,0.0,0.0,0.0,0.0,0.0,0.0,0.0,0.0,0.0,0.0
6531,0.0,0.0,0.0,0.0,0.0,0.0,0.0,0.0,0.0,0.0,0.0,0.0
6541,0.0,0.0,0.0,0.0,0.0,0.0,0.0,0.0,0.0,0.0,0.0,0.0
6542,0.0,0.0,0.0,0.0,0.0,0.0,0.0,0.0,0.0,0.0,0.0,0.0
6544,0.0,0.0,0.0,0.0,0.0,0.0,0.0,0.0,0.0,0.0,0.0,0.0
6545,0.0,0.0,0.0,0.0,0.0,0.0,0.0,0.0,0.0,0.0,0.0,0.0
6552,0.0,0.0,0.0,0.0,0.0,0.0,0.0,0.0,0.0,0.0,0.0,0.0
6553,0.0,0.0,0.0,0.0,0.0,0.0,0.0,0.0,0.0,0.0,0.0,0.0
6554,0.0,0.0,0.0,0.0,0.0,0.0,0.0,0.0,0.0,0.0,0.0,0.0
6555,0.0,0.0,0.0,0.0,0.0,0.0,0.0,0.0,0.0,0.0,0.0,0.0
6556,0.0,0.0,0.0,0.0,0.0,0.0,0.0,0.0,0.0,0.0,0.0,0.0
6557,0.0,0.0,0.0,0.0,0.0,0.0,0.0,0.0,0.0,0.0,0.0,0.0
6558,0.0,0.0,0.0,0.0,0.0,0.0,0.0,0.0,0.0,0.0,0.0,0.0
6559,0.0,0.0,0.0,0.0,0.0,0.0,0.0,0.0,0.0,0.0,0.0,0.0
6560,0.0,0.0,0.0,0.0,0.0,0.0,0.0,0.0,0.0,0.0,0.0,0.0
6561,0.0,0.0,0.0,0.0,0.0,0.0,0.0,0.0,0.0,0.0,0.0,0.0
6562,0.0,0.0,0.0,0.0,0.0,0.0,0.0,0.0,0.0,0.0,0.0,0.0
6575,0.0,0.0,0.0,0.0,0.0,0.0,0.0,0.0,0.0,0.0,0.0,0.0
6576,0.0,0.0,0.0,0.0,0.0,0.0,0.0,0.0,0.0,0.0,0.0,0.0
6577,0.0,0.0,0.0,0.0,0.0,0.0,0.0,0.0,0.0,0.0,0.0,0.0
6583,0.0,0.0,0.0,0.0,0.0,0.0,0.0,0.0,0.0,0.0,0.0,0.0
6584,0.0,0.0,0.0,0.0,0.0,0.0,0.0,0.0,0.0,0.0,0.0,0.0
6585,0.0,0.0,0.0,0.0,0.0,0.0,0.0,0.0,0.0,0.0,0.0,0.0
6586,0.0,0.0,0.0,0.0,0.0,0.0,0.0,0.0,0.0,0.0,0.0,0.0
6587,0.0,0.0,0.0,0.0,0.0,0.0,0.0,0.0,0.0,0.0,0.0,0.0
6588,0.0,0.0,0.0,0.0,0.0,0.0,0.0,0.0,0.0,0.0,0.0,0.0
6589,0.0,0.0,0.0,0.0,0.0,0.0,0.0,0.0,0.0,0.0,0.0,0.0
6590,0.0,0.0,0.0,0.0,0.0,0.0,0.0,0.0,0.0,0.0,0.0,0.0
6591,0.0,0.0,0.0,0.0,0.0,0.0,0.0,0.0,0.0,0.0,0.0,0.0
6592,0.0,0.0,0.0,0.0,0.0,0.0,0.0,0.0,0.0,0.0,0.0,0.0
6595,0.0,0.0,0.0,0.0,0.0,0.0,0.0,0.0,0.0,0.0,0.0,0.0
6596,0.0,0.0,0.0,0.0,0.0,0.0,0.0,0.0,0.0,0.0,0.0,0.0
6597,0.0,0.0,0.0,0.0,0.0,0.0,0.0,0.0,0.0,0.0,0.0,0.0
6598,0.0,0.0,0.0,0.0,0.0,0.0,0.0,0.0,0.0,0.0,0.0,0.0
6599,0.0,0.0,0.0,0.0,0.0,0.0,0.0,0.0,0.0,0.0,0.0,0.0
6600,0.0,0.0,0.0,0.0,0.0,0.0,0.0,0.0,0.0,0.0,0.0,0.0
6605,0.0,0.0,0.0,0.0,0.0,0.0,0.0,0.0,0.0,0.0,0.0,0.0
6606,0.0,0.0,0.0,0.0,0.0,0.0,0.0,0.0,0.0,0.0,0.0,0.0
6607,0.0,0.0,0.0,0.0,0.0,0.0,0.0,0.0,0.0,0.0,0.0,0.0
6608,0.0,0.0,0.0,0.0,0.0,0.0,0.0,0.0,0.0,0.0,0.0,0.0
6610,0.0,0.0,0.0,0.0,0.0,0.0,0.0,0.0,0.0,0.0,0.0,0.0
6616,0.0,0.0,0.0,0.0,0.0,0.0,0.0,0.0,0.0,0.0,0.0,0.0
6617,0.0,0.0,0.0,0.0,0.0,0.0,0.0,0.0,0.0,0.0,0.0,0.0
6618,0.0,0.0,0.0,0.0,0.0,0.0,0.0,0.0,0.0,0.0,0.0,0.0
6619,0.0,0.0,0.0,0.0,0.0,0.0,0.0,0.0,0.0,0.0,0.0,0.0
6620,0.0,0.0,0.0,0.0,0.0,0.0,0.0,0.0,0.0,0.0,0.0,0.0
6621,0.0,0.0,0.0,0.0,0.0,0.0,0.0,0.0,0.0,0.0,0.0,0.0
6622,0.0,0.0,0.0,0.0,0.0,0.0,0.0,0.0,0.0,0.0,0.0,0.0
6623,0.0,0.0,0.0,0.0,0.0,0.0,0.0,0.0,0.0,0.0,0.0,0.0
6624,0.0,0.0,0.0,0.0,0.0,0.0,0.0,0.0,0.0,0.0,0.0,0.0
6640,0.0,0.0,0.0,0.0,0.0,0.0,0.0,0.0,0.0,0.0,0.0,0.0
6641,0.0,0.0,0.0,0.0,0.0,0.0,0.0,0.0,0.0,0.0,0.0,0.0
6642,0.0,0.0,0.0,0.0,0.0,0.0,0.0,0.0,0.0,0.0,0.0,0.0
6643,0.0,0.0,0.0,0.0,0.0,0.0,0.0,0.0,0.0,0.0,0.0,0.0
6644,0.0,0.0,0.0,0.0,0.0,0.0,0.0,0.0,0.0,0.0,0.0,0.0
6645,0.0,0.0,0.0,0.0,0.0,0.0,0.0,0.0,0.0,0.0,0.0,0.0
6646,0.0,0.0,0.0,0.0,0.0,0.0,0.0,0.0,0.0,0.0,0.0,0.0
6647,0.0,0.0,0.0,0.0,0.0,0.0,0.0,0.0,0.0,0.0,0.0,0.0
6700,0.0,0.0,0.0,0.0,0.0,0.0,0.0,0.0,0.0,0.0,0.0,0.0
6701,0.0,0.0,0.0,0.0,0.0,0.0,0.0,0.0,0.0,0.0,0.0,0.0
6702,0.0,0.0,0.0,0.0,0.0,0.0,0.0,0.0,0.0,0.0,0.0,0.0
6703,0.0,0.0,0.0,0.0,0.0,0.0,0.0,0.0,0.0,0.0,0.0,0.0
6704,0.0,0.0,0.0,0.0,0.0,0.0,0.0,0.0,0.0,0.0,0.0,0.0
6705,0.0,0.0,0.0,0.0,0.0,0.0,0.0,0.0,0.0,0.0,0.0,0.0
6706,0.0,0.0,0.0,0.0,0.0,0.0,0.0,0.0,0.0,0.0,0.0,0.0
6736,0.0,0.0,0.0,0.0,0.0,0.0,0.0,0.0,0.0,0.0,0.0,0.0
6737,0.0,0.0,0.0,0.0,0.0,0.0,0.0,0.0,0.0,0.0,0.0,0.0
6738,0.0,0.0,0.0,0.0,0.0,0.0,0.0,0.0,0.0,0.0,0.0,0.0
6739,0.0,0.0,0.0,0.0,0.0,0.0,0.0,0.0,0.0,0.0,0.0,0.0
6740,0.0,0.0,0.0,0.0,0.0,0.0,0.0,0.0,0.0,0.0,0.0,0.0
6741,0.0,0.0,0.0,0.0,0.0,0.0,0.0,0.0,0.0,0.0,0.0,0.0
6742,0.0,0.0,0.0,0.0,0.0,0.0,0.0,0.0,0.0,0.0,0.0,0.0
6743,0.0,0.0,0.0,0.0,0.0,0.0,0.0,0.0,0.0,0.0,0.0,0.0
6744,0.0,0.0,0.0,0.0,0.0,0.0,0.0,0.0,0.0,0.0,0.0,0.0
6745,0.0,0.0,0.0,0.0,0.0,0.0,0.0,0.0,0.0,0.0,0.0,0.0
6746,0.0,0.0,0.0,0.0,0.0,0.0,0.0,0.0,0.0,0.0,0.0,0.0
6747,0.0,0.0,0.0,0.0,0.0,0.0,0.0,0.0,0.0,0.0,0.0,0.0
6749,0.0,0.0,0.0,0.0,0.0,0.0,0.0,0.0,0.0,0.0,0.0,0.0
6750,0.0,0.0,0.0,0.0,0.0,0.0,0.0,0.0,0.0,0.0,0.0,0.0
6758,0.0,0.0,0.0,0.0,0.0,0.0,0.0,0.0,0.0,0.0,0.0,0.0
6759,0.0,0.0,0.0,0.0,0.0,0.0,0.0,0.0,0.0,0.0,0.0,0.0
6760,0.0,0.0,0.0,0.0,0.0,0.0,0.0,0.0,0.0,0.0,0.0,0.0
6761,0.0,0.0,0.0,0.0,0.0,0.0,0.0,0.0,0.0,0.0,0.0,0.0
6763,0.0,0.0,0.0,0.0,0.0,0.0,0.0,0.0,0.0,0.0,0.0,0.0
6771,0.0,0.0,0.0,0.0,0.0,0.0,0.0,0.0,0.0,0.0,0.0,0.0
6772,0.0,0.0,0.0,0.0,0.0,0.0,0.0,0.0,0.0,0.0,0.0,0.0
6773,0.0,0.0,0.0,0.0,0.0,0.0,0.0,0.0,0.0,0.0,0.0,0.0
6774,0.0,0.0,0.0,0.0,0.0,0.0,0.0,0.0,0.0,0.0,0.0,0.0
6775,0.0,0.0,0.0,0.0,0.0,0.0,0.0,0.0,0.0,0.0,0.0,0.0
6776,0.0,0.0,0.0,0.0,0.0,0.0,0.0,0.0,0.0,0.0,0.0,0.0
6777,0.0,0.0,0.0,0.0,0.0,0.0,0.0,0.0,0.0,0.0,0.0,0.0
6778,0.0,0.0,0.0,0.0,0.0,0.0,0.0,0.0,0.0,0.0,0.0,0.0
6779,0.0,0.0,0.0,0.0,0.0,0.0,0.0,0.0,0.0,0.0,0.0,0.0
6948,0.0,0.0,0.0,0.0,0.0,0.0,0.0,0.0,0.0,0.0,0.0,0.0
6959,0.0,0.0,0.0,0.0,0.0,0.0,0.0,0.0,0.0,0.0,0.0,0.0
6962,0.0,0.0,0.0,0.0,0.0,0.0,0.0,0.0,0.0,0.0,0.0,0.0
6963,0.0,0.0,0.0,0.0,0.0,0.0,0.0,0.0,0.0,0.0,0.0,0.0
6964,0.0,0.0,0.0,0.0,0.0,0.0,0.0,0.0,0.0,0.0,0.0,0.0
6965,0.0,0.0,0.0,0.0,0.0,0.0,0.0,0.0,0.0,0.0,0.0,0.0
6980,0.0,0.0,0.0,0.0,0.0,0.0,0.0,0.0,0.0,0.0,0.0,0.0
6981,0.0,0.0,0.0,0.0,0.0,0.0,0.0,0.0,0.0,0.0,0.0,0.0
6982,0.0,0.0,0.0,0.0,0.0,0.0,0.0,0.0,0.0,0.0,0.0,0.0
6984,0.0,0.0,0.0,0.0,0.0,0.0,0.0,0.0,0.0,0.0,0.0,0.0
6985,0.0,0.0,0.0,0.0,0.0,0.0,0.0,0.0,0.0,0.0,0.0,0.0
6986,0.0,0.0,0.0,0.0,0.0,0.0,0.0,0.0,0.0,0.0,0.0,0.0
6987,0.0,0.0,0.0,0.0,0.0,0.0,0.0,0.0,0.0,0.0,0.0,0.0
6988,0.0,0.0,0.0,0.0,0.0,0.0,0.0,0.0,0.0,0.0,0.0,0.0
6989,0.0,0.0,0.0,0.0,0.0,0.0,0.0,0.0,0.0,0.0,0.0,0.0
6990,0.0,0.0,0.0,0.0,0.0,0.0,0.0,0.0,0.0,0.0,0.0,0.0
6991,0.0,0.0,0.0,0.0,0.0,0.0,0.0,0.0,0.0,0.0,0.0,0.0
7045,0.0,0.0,0.0,0.0,0.0,0.0,0.0,0.0,0.0,0.0,0.0,0.0
7046,0.0,0.0,0.0,0.0,0.0,0.0,0.0,0.0,0.0,0.0,0.0,0.0
7047,0.0,0.0,0.0,0.0,0.0,0.0,0.0,0.0,0.0,0.0,0.0,0.0
7048,0.0,0.0,0.0,0.0,0.0,0.0,0.0,0.0,0.0,0.0,0.0,0.0
7049,0.0,0.0,0.0,0.0,0.0,0.0,0.0,0.0,0.0,0.0,0.0,0.0
7084,0.0,0.0,0.0,0.0,0.0,0.0,0.0,0.0,0.0,0.0,0.0,0.0
7085,0.0,0.0,0.0,0.0,0.0,0.0,0.0,0.0,0.0,0.0,0.0,0.0
7086,0.0,0.0,0.0,0.0,0.0,0.0,0.0,0.0,0.0,0.0,0.0,0.0
7087,0.0,0.0,0.0,0.0,0.0,0.0,0.0,0.0,0.0,0.0,0.0,0.0
7088,0.0,0.0,0.0,0.0,0.0,0.0,0.0,0.0,0.0,0.0,0.0,0.0
7089,0.0,0.0,0.0,0.0,0.0,0.0,0.0,0.0,0.0,0.0,0.0,0.0
7090,0.0,0.0,0.0,0.0,0.0,0.0,0.0,0.0,0.0,0.0,0.0,0.0
7091,0.0,0.0,0.0,0.0,0.0,0.0,0.0,0.0,0.0,0.0,0.0,0.0
7093,0.0,0.0,0.0,0.0,0.0,0.0,0.0,0.0,0.0,0.0,0.0,0.0
7094,0.0,0.0,0.0,0.0,0.0,0.0,0.0,0.0,0.0,0.0,0.0,0.0
7095,0.0,0.0,0.0,0.0,0.0,0.0,0.0,0.0,0.0,0.0,0.0,0.0
7096,0.0,0.0,0.0,0.0,0.0,0.0,0.0,0.0,0.0,0.0,0.0,0.0
7097,0.0,0.0,0.0,0.0,0.0,0.0,0.0,0.0,0.0,0.0,0.0,0.0
7098,0.0,0.0,0.0,0.0,0.0,0.0,0.0,0.0,0.0,0.0,0.0,0.0
7099,0.0,0.0,0.0,0.0,0.0,0.0,0.0,0.0,0.0,0.0,0.0,0.0
7100,0.0,0.0,0.0,0.0,0.0,0.0,0.0,0.0,0.0,0.0,0.0,0.0
7101,0.0,0.0,0.0,0.0,0.0,0.0,0.0,0.0,0.0,0.0,0.0,0.0
7102,0.0,0.0,0.0,0.0,0.0,0.0,0.0,0.0,0.0,0.0,0.0,0.0
7103,0.0,0.0,0.0,0.0,0.0,0.0,0.0,0.0,0.0,0.0,0.0,0.0
7104,0.0,0.0,0.0,0.0,0.0,0.0,0.0,0.0,0.0,0.0,0.0,0.0
7105,0.0,0.0,0.0,0.0,0.0,0.0,0.0,0.0,0.0,0.0,0.0,0.0
7106,0.0,0.0,0.0,0.0,0.0,0.0,0.0,0.0,0.0,0.0,0.0,0.0
7107,0.0,0.0,0.0,0.0,0.0,0.0,0.0,0.0,0.0,0.0,0.0,0.0
7108,0.0,0.0,0.0,0.0,0.0,0.0,0.0,0.0,0.0,0.0,0.0,0.0
7109,0.0,0.0,0.0,0.0,0.0,0.0,0.0,0.0,0.0,0.0,0.0,0.0
7110,0.0,0.0,0.0,0.0,0.0,0.0,0.0,0.0,0.0,0.0,0.0,0.0
7111,0.0,0.0,0.0,0.0,0.0,0.0,0.0,0.0,0.0,0.0,0.0,0.0
7112,0.0,0.0,0.0,0.0,0.0,0.0,0.0,0.0,0.0,0.0,0.0,0.0
7113,0.0,0.0,0.0,0.0,0.0,0.0,0.0,0.0,0.0,0.0,0.0,0.0
7114,0.0,0.0,0.0,0.0,0.0,0.0,0.0,0.0,0.0,0.0,0.0,0.0
7115,0.0,0.0,0.0,0.0,0.0,0.0,0.0,0.0,0.0,0.0,0.0,0.0
7118,0.0,0.0,0.0,0.0,0.0,0.0,0.0,0.0,0.0,0.0,0.0,0.0
7119,0.0,0.0,0.0,0.0,0.0,0.0,0.0,0.0,0.0,0.0,0.0,0.0
7120,0.0,0.0,0.0,0.0,0.0,0.0,0.0,0.0,0.0,0.0,0.0,0.0
7121,0.0,0.0,0.0,0.0,0.0,0.0,0.0,0.0,0.0,0.0,0.0,0.0
7122,0.0,0.0,0.0,0.0,0.0,0.0,0.0,0.0,0.0,0.0,0.0,0.0
7123,0.0,0.0,0.0,0.0,0.0,0.0,0.0,0.0,0.0,0.0,0.0,0.0
7124,0.0,0.0,0.0,0.0,0.0,0.0,0.0,0.0,0.0,0.0,0.0,0.0
7125,0.0,0.0,0.0,0.0,0.0,0.0,0.0,0.0,0.0,0.0,0.0,0.0
7126,0.0,0.0,0.0,0.0,0.0,0.0,0.0,0.0,0.0,0.0,0.0,0.0
7127,0.0,0.0,0.0,0.0,0.0,0.0,0.0,0.0,0.0,0.0,0.0,0.0
7128,0.0,0.0,0.0,0.0,0.0,0.0,0.0,0.0,0.0,0.0,0.0,0.0
7129,0.0,0.0,0.0,0.0,0.0,0.0,0.0,0.0,0.0,0.0,0.0,0.0
7130,0.0,0.0,0.0,0.0,0.0,0.0,0.0,0.0,0.0,0.0,0.0,0.0
7131,0.0,0.0,0.0,0.0,0.0,0.0,0.0,0.0,0.0,0.0,0.0,0.0
7138,0.0,0.0,0.0,0.0,0.0,0.0,0.0,0.0,0.0,0.0,0.0,0.0
7139,0.0,0.0,0.0,0.0,0.0,0.0,0.0,0.0,0.0,0.0,0.0,0.0
7142,0.0,0.0,0.0,0.0,0.0,0.0,0.0,0.0,0.0,0.0,0.0,0.0
7144,0.0,0.0,0.0,0.0,0.0,0.0,0.0,0.0,0.0,0.0,0.0,0.0
7145,0.0,0.0,0.0,0.0,0.0,0.0,0.0,0.0,0.0,0.0,0.0,0.0
7151,0.0,0.0,0.0,0.0,0.0,0.0,0.0,0.0,0.0,0.0,0.0,0.0
7152,0.0,0.0,0.0,0.0,0.0,0.0,0.0,0.0,0.0,0.0,0.0,0.0
7153,0.0,0.0,0.0,0.0,0.0,0.0,0.0,0.0,0.0,0.0,0.0,0.0
7154,0.0,0.0,0.0,0.0,0.0,0.0,0.0,0.0,0.0,0.0,0.0,0.0
7155,0.0,0.0,0.0,0.0,0.0,0.0,0.0,0.0,0.0,0.0,0.0,0.0
7156,0.0,0.0,0.0,0.0,0.0,0.0,0.0,0.0,0.0,0.0,0.0,0.0
7157,0.0,0.0,0.0,0.0,0.0,0.0,0.0,0.0,0.0,0.0,0.0,0.0
7158,0.0,0.0,0.0,0.0,0.0,0.0,0.0,0.0,0.0,0.0,0.0,0.0
7159,0.0,0.0,0.0,0.0,0.0,0.0,0.0,0.0,0.0,0.0,0.0,0.0
7169,0.0,0.0,0.0,0.0,0.0,0.0,0.0,0.0,0.0,0.0,0.0,0.0
7170,0.0,0.0,0.0,0.0,0.0,0.0,0.0,0.0,0.0,0.0,0.0,0.0
7171,0.0,0.0,0.0,0.0,0.0,0.0,0.0,0.0,0.0,0.0,0.0,0.0
7173,0.0,0.0,0.0,0.0,0.0,0.0,0.0,0.0,0.0,0.0,0.0,0.0
7174,0.0,0.0,0.0,0.0,0.0,0.0,0.0,0.0,0.0,0.0,0.0,0.0
7175,0.0,0.0,0.0,0.0,0.0,0.0,0.0,0.0,0.0,0.0,0.0,0.0
7176,0.0,0.0,0.0,0.0,0.0,0.0,0.0,0.0,0.0,0.0,0.0,0.0
7223,0.0,0.0,0.0,0.0,0.0,0.0,0.0,0.0,0.0,0.0,0.0,0.0
7224,0.0,0.0,0.0,0.0,0.0,0.0,0.0,0.0,0.0,0.0,0.0,0.0
7225,0.0,0.0,0.0,0.0,0.0,0.0,0.0,0.0,0.0,0.0,0.0,0.0
7226,0.0,0.0,0.0,0.0,0.0,0.0,0.0,0.0,0.0,0.0,0.0,0.0
7227,0.0,0.0,0.0,0.0,0.0,0.0,0.0,0.0,0.0,0.0,0.0,0.0
7228,0.0,0.0,0.0,0.0,0.0,0.0,0.0,0.0,0.0,0.0,0.0,0.0
7229,0.0,0.0,0.0,0.0,0.0,0.0,0.0,0.0,0.0,0.0,0.0,0.0
7230,0.0,0.0,0.0,0.0,0.0,0.0,0.0,0.0,0.0,0.0,0.0,0.0
7268,0.0,0.0,0.0,0.0,0.0,0.0,0.0,0.0,0.0,0.0,0.0,0.0
7269,0.0,0.0,0.0,0.0,0.0,0.0,0.0,0.0,0.0,0.0,0.0,0.0
7270,0.0,0.0,0.0,0.0,0.0,0.0,0.0,0.0,0.0,0.0,0.0,0.0
7271,0.0,0.0,0.0,0.0,0.0,0.0,0.0,0.0,0.0,0.0,0.0,0.0
7272,0.0,0.0,0.0,0.0,0.0,0.0,0.0,0.0,0.0,0.0,0.0,0.0
7273,0.0,0.0,0.0,0.0,0.0,0.0,0.0,0.0,0.0,0.0,0.0,0.0
7274,0.0,0.0,0.0,0.0,0.0,0.0,0.0,0.0,0.0,0.0,0.0,0.0
7275,0.0,0.0,0.0,0.0,0.0,0.0,0.0,0.0,0.0,0.0,0.0,0.0
7276,0.0,0.0,0.0,0.0,0.0,0.0,0.0,0.0,0.0,0.0,0.0,0.0
7277,0.0,0.0,0.0,0.0,0.0,0.0,0.0,0.0,0.0,0.0,0.0,0.0
7278,0.0,0.0,0.0,0.0,0.0,0.0,0.0,0.0,0.0,0.0,0.0,0.0
7279,0.0,0.0,0.0,0.0,0.0,0.0,0.0,0.0,0.0,0.0,0.0,0.0
7280,0.0,0.0,0.0,0.0,0.0,0.0,0.0,0.0,0.0,0.0,0.0,0.0
7282,0.0,0.0,0.0,0.0,0.0,0.0,0.0,0.0,0.0,0.0,0.0,0.0
7283,0.0,0.0,0.0,0.0,0.0,0.0,0.0,0.0,0.0,0.0,0.0,0.0
7284,0.0,0.0,0.0,0.0,0.0,0.0,0.0,0.0,0.0,0.0,0.0,0.0
7285,0.0,0.0,0.0,0.0,0.0,0.0,0.0,0.0,0.0,0.0,0.0,0.0
7287,0.0,0.0,0.0,0.0,0.0,0.0,0.0,0.0,0.0,0.0,0.0,0.0
7288,0.0,0.0,0.0,0.0,0.0,0.0,0.0,0.0,0.0,0.0,0.0,0.0
7289,0.0,0.0,0.0,0.0,0.0,0.0,0.0,0.0,0.0,0.0,0.0,0.0
7290,0.0,0.0,0.0,0.0,0.0,0.0,0.0,0.0,0.0,0.0,0.0,0.0
7291,0.0,0.0,0.0,0.0,0.0,0.0,0.0,0.0,0.0,0.0,0.0,0.0
7292,0.0,0.0,0.0,0.0,0.0,0.0,0.0,0.0,0.0,0.0,0.0,0.0
7293,0.0,0.0,0.0,0.0,0.0,0.0,0.0,0.0,0.0,0.0,0.0,0.0
7294,0.0,0.0,0.0,0.0,0.0,0.0,0.0,0.0,0.0,0.0,0.0,0.0
7295,0.0,0.0,0.0,0.0,0.0,0.0,0.0,0.0,0.0,0.0,0.0,0.0
7296,0.0,0.0,0.0,0.0,0.0,0.0,0.0,0.0,0.0,0.0,0.0,0.0
7297,0.0,0.0,0.0,0.0,0.0,0.0,0.0,0.0,0.0,0.0,0.0,0.0
7309,0.0,0.0,0.0,0.0,0.0,0.0,0.0,0.0,0.0,0.0,0.0,0.0
7310,0.0,0.0,0.0,0.0,0.0,0.0,0.0,0.0,0.0,0.0,0.0,0.0
7311,0.0,0.0,0.0,0.0,0.0,0.0,0.0,0.0,0.0,0.0,0.0,0.0
7312,0.0,0.0,0.0,0.0,0.0,0.0,0.0,0.0,0.0,0.0,0.0,0.0
7313,0.0,0.0,0.0,0.0,0.0,0.0,0.0,0.0,0.0,0.0,0.0,0.0
7320,0.0,0.0,0.0,0.0,0.0,0.0,0.0,0.0,0.0,0.0,0.0,0.0
7321,0.0,0.0,0.0,0.0,0.0,0.0,0.0,0.0,0.0,0.0,0.0,0.0
7322,0.0,0.0,0.0,0.0,0.0,0.0,0.0,0.0,0.0,0.0,0.0,0.0
7323,0.0,0.0,0.0,0.0,0.0,0.0,0.0,0.0,0.0,0.0,0.0,0.0
7324,0.0,0.0,0.0,0.0,0.0,0.0,0.0,0.0,0.0,0.0,0.0,0.0
7325,0.0,0.0,0.0,0.0,0.0,0.0,0.0,0.0,0.0,0.0,0.0,0.0
7326,0.0,0.0,0.0,0.0,0.0,0.0,0.0,0.0,0.0,0.0,0.0,0.0
7327,0.0,0.0,0.0,0.0,0.0,0.0,0.0,0.0,0.0,0.0,0.0,0.0
7328,0.0,0.0,0.0,0.0,0.0,0.0,0.0,0.0,0.0,0.0,0.0,0.0
7511,0.0,0.0,0.0,0.0,0.0,0.0,0.0,0.0,0.0,0.0,0.0,0.0
7512,0.0,0.0,0.0,0.0,0.0,0.0,0.0,0.0,0.0,0.0,0.0,0.0
7513,0.0,0.0,0.0,0.0,0.0,0.0,0.0,0.0,0.0,0.0,0.0,0.0
7514,0.0,0.0,0.0,0.0,0.0,0.0,0.0,0.0,0.0,0.0,0.0,0.0
7532,0.0,0.0,0.0,0.0,0.0,0.0,0.0,0.0,0.0,0.0,0.0,0.0
7536,0.0,0.0,0.0,0.0,0.0,0.0,0.0,0.0,0.0,0.0,0.0,0.0
7537,0.0,0.0,0.0,0.0,0.0,0.0,0.0,0.0,0.0,0.0,0.0,0.0
7538,0.0,0.0,0.0,0.0,0.0,0.0,0.0,0.0,0.0,0.0,0.0,0.0
7541,0.0,0.0,0.0,0.0,0.0,0.0,0.0,0.0,0.0,0.0,0.0,0.0
7542,0.0,0.0,0.0,0.0,0.0,0.0,0.0,0.0,0.0,0.0,0.0,0.0
7643,0.0,0.0,0.0,0.0,0.0,0.0,0.0,0.0,0.0,0.0,0.0,0.0
7644,0.0,0.0,0.0,0.0,0.0,0.0,0.0,0.0,0.0,0.0,0.0,0.0
7645,0.0,0.0,0.0,0.0,0.0,0.0,0.0,0.0,0.0,0.0,0.0,0.0
7647,0.0,0.0,0.0,0.0,0.0,0.0,0.0,0.0,0.0,0.0,0.0,0.0
7648,0.0,0.0,0.0,0.0,0.0,0.0,0.0,0.0,0.0,0.0,0.0,0.0
7649,0.0,0.0,0.0,0.0,0.0,0.0,0.0,0.0,0.0,0.0,0.0,0.0
7650,0.0,0.0,0.0,0.0,0.0,0.0,0.0,0.0,0.0,0.0,0.0,0.0
7651,0.0,0.0,0.0,0.0,0.0,0.0,0.0,0.0,0.0,0.0,0.0,0.0
7652,0.0,0.0,0.0,0.0,0.0,0.0,0.0,0.0,0.0,0.0,0.0,0.0
7653,0.0,0.0,0.0,0.0,0.0,0.0,0.0,0.0,0.0,0.0,0.0,0.0
7654,0.0,0.0,0.0,0.0,0.0,0.0,0.0,0.0,0.0,0.0,0.0,0.0
7655,0.0,0.0,0.0,0.0,0.0,0.0,0.0,0.0,0.0,0.0,0.0,0.0
7656,0.0,0.0,0.0,0.0,0.0,0.0,0.0,0.0,0.0,0.0,0.0,0.0
7657,0.0,0.0,0.0,0.0,0.0,0.0,0.0,0.0,0.0,0.0,0.0,0.0
7661,0.0,0.0,0.0,0.0,0.0,0.0,0.0,0.0,0.0,0.0,0.0,0.0
7662,0.0,0.0,0.0,0.0,0.0,0.0,0.0,0.0,0.0,0.0,0.0,0.0
7663,0.0,0.0,0.0,0.0,0.0,0.0,0.0,0.0,0.0,0.0,0.0,0.0
7664,0.0,0.0,0.0,0.0,0.0,0.0,0.0,0.0,0.0,0.0,0.0,0.0
7665,0.0,0.0,0.0,0.0,0.0,0.0,0.0,0.0,0.0,0.0,0.0,0.0
7666,0.0,0.0,0.0,0.0,0.0,0.0,0.0,0.0,0.0,0.0,0.0,0.0
7667,0.0,0.0,0.0,0.0,0.0,0.0,0.0,0.0,0.0,0.0,0.0,0.0
7668,0.0,0.0,0.0,0.0,0.0,0.0,0.0,0.0,0.0,0.0,0.0,0.0
7669,0.0,0.0,0.0,0.0,0.0,0.0,0.0,0.0,0.0,0.0,0.0,0.0
7670,0.0,0.0,0.0,0.0,0.0,0.0,0.0,0.0,0.0,0.0,0.0,0.0
7678,0.0,0.0,0.0,0.0,0.0,0.0,0.0,0.0,0.0,0.0,0.0,0.0
7682,0.0,0.0,0.0,0.0,0.0,0.0,0.0,0.0,0.0,0.0,0.0,0.0
7683,0.0,0.0,0.0,0.0,0.0,0.0,0.0,0.0,0.0,0.0,0.0,0.0
7690,0.0,0.0,0.0,0.0,0.0,0.0,0.0,0.0,0.0,0.0,0.0,0.0
7691,0.0,0.0,0.0,0.0,0.0,0.0,0.0,0.0,0.0,0.0,0.0,0.0
7692,0.0,0.0,0.0,0.0,0.0,0.0,0.0,0.0,0.0,0.0,0.0,0.0
7694,0.0,0.0,0.0,0.0,0.0,0.0,0.0,0.0,0.0,0.0,0.0,0.0
7695,0.0,0.0,0.0,0.0,0.0,0.0,0.0,0.0,0.0,0.0,0.0,0.0
7696,0.0,0.0,0.0,0.0,0.0,0.0,0.0,0.0,0.0,0.0,0.0,0.0
7697,0.0,0.0,0.0,0.0,0.0,0.0,0.0,0.0,0.0,0.0,0.0,0.0
7698,0.0,0.0,0.0,0.0,0.0,0.0,0.0,0.0,0.0,0.0,0.0,0.0
7699,0.0,0.0,0.0,0.0,0.0,0.0,0.0,0.0,0.0,0.0,0.0,0.0
7700,0.0,0.0,0.0,0.0,0.0,0.0,0.0,0.0,0.0,0.0,0.0,0.0
7713,0.0,0.0,0.0,0.0,0.0,0.0,0.0,0.0,0.0,0.0,0.0,0.0
7717,0.0,0.0,0.0,0.0,0.0,0.0,0.0,0.0,0.0,0.0,0.0,0.0
7718,0.0,0.0,0.0,0.0,0.0,0.0,0.0,0.0,0.0,0.0,0.0,0.0
7719,0.0,0.0,0.0,0.0,0.0,0.0,0.0,0.0,0.0,0.0,0.0,0.0
7720,0.0,0.0,0.0,0.0,0.0,0.0,0.0,0.0,0.0,0.0,0.0,0.0
7766,0.0,0.0,0.0,0.0,0.0,0.0,0.0,0.0,0.0,0.0,0.0,0.0
7767,0.0,0.0,0.0,0.0,0.0,0.0,0.0,0.0,0.0,0.0,0.0,0.0
7768,0.0,0.0,0.0,0.0,0.0,0.0,0.0,0.0,0.0,0.0,0.0,0.0
7769,0.0,0.0,0.0,0.0,0.0,0.0,0.0,0.0,0.0,0.0,0.0,0.0
7770,0.0,0.0,0.0,0.0,0.0,0.0,0.0,0.0,0.0,0.0,0.0,0.0
7771,0.0,0.0,0.0,0.0,0.0,0.0,0.0,0.0,0.0,0.0,0.0,0.0
7772,0.0,0.0,0.0,0.0,0.0,0.0,0.0,0.0,0.0,0.0,0.0,0.0
7773,0.0,0.0,0.0,0.0,0.0,0.0,0.0,0.0,0.0,0.0,0.0,0.0
7774,0.0,0.0,0.0,0.0,0.0,0.0,0.0,0.0,0.0,0.0,0.0,0.0
7817,0.0,0.0,0.0,0.0,0.0,0.0,0.0,0.0,0.0,0.0,0.0,0.0
7818,0.0,0.0,0.0,0.0,0.0,0.0,0.0,0.0,0.0,0.0,0.0,0.0
7819,0.0,0.0,0.0,0.0,0.0,0.0,0.0,0.0,0.0,0.0,0.0,0.0
7820,0.0,0.0,0.0,0.0,0.0,0.0,0.0,0.0,0.0,0.0,0.0,0.0
7821,0.0,0.0,0.0,0.0,0.0,0.0,0.0,0.0,0.0,0.0,0.0,0.0
7822,0.0,0.0,0.0,0.0,0.0,0.0,0.0,0.0,0.0,0.0,0.0,0.0
7824,0.0,0.0,0.0,0.0,0.0,0.0,0.0,0.0,0.0,0.0,0.0,0.0
7825,0.0,0.0,0.0,0.0,0.0,0.0,0.0,0.0,0.0,0.0,0.0,0.0
7826,0.0,0.0,0.0,0.0,0.0,0.0,0.0,0.0,0.0,0.0,0.0,0.0
7827,0.0,0.0,0.0,0.0,0.0,0.0,0.0,0.0,0.0,0.0,0.0,0.0
7829,0.0,0.0,0.0,0.0,0.0,0.0,0.0,0.0,0.0,0.0,0.0,0.0
7830,0.0,0.0,0.0,0.0,0.0,0.0,0.0,0.0,0.0,0.0,0.0,0.0
7831,0.0,0.0,0.0,0.0,0.0,0.0,0.0,0.0,0.0,0.0,0.0,0.0
7832,0.0,0.0,0.0,0.0,0.0,0.0,0.0,0.0,0.0,0.0,0.0,0.0
7833,0.0,0.0,0.0,0.0,0.0,0.0,0.0,0.0,0.0,0.0,0.0,0.0
7834,0.0,0.0,0.0,0.0,0.0,0.0,0.0,0.0,0.0,0.0,0.0,0.0
7835,0.0,0.0,0.0,0.0,0.0,0.0,0.0,0.0,0.0,0.0,0.0,0.0
7836,0.0,0.0,0.0,0.0,0.0,0.0,0.0,0.0,0.0,0.0,0.0,0.0
7837,0.0,0.0,0.0,0.0,0.0,0.0,0.0,0.0,0.0,0.0,0.0,0.0
7838,0.0,0.0,0.0,0.0,0.0,0.0,0.0,0.0,0.0,0.0,0.0,0.0
7847,0.0,0.0,0.0,0.0,0.0,0.0,0.0,0.0,0.0,0.0,0.0,0.0
7848,0.0,0.0,0.0,0.0,0.0,0.0,0.0,0.0,0.0,0.0,0.0,0.0
7865,0.0,0.0,0.0,0.0,0.0,0.0,0.0,0.0,0.0,0.0,0.0,0.0
7866,0.0,0.0,0.0,0.0,0.0,0.0,0.0,0.0,0.0,0.0,0.0,0.0
7875,0.0,0.0,0.0,0.0,0.0,0.0,0.0,0.0,0.0,0.0,0.0,0.0
7876,0.0,0.0,0.0,0.0,0.0,0.0,0.0,0.0,0.0,0.0,0.0,0.0
7877,0.0,0.0,0.0,0.0,0.0,0.0,0.0,0.0,0.0,0.0,0.0,0.0
7878,0.0,0.0,0.0,0.0,0.0,0.0,0.0,0.0,0.0,0.0,0.0,0.0
7883,0.0,0.0,0.0,0.0,0.0,0.0,0.0,0.0,0.0,0.0,0.0,0.0
7884,0.0,0.0,0.0,0.0,0.0,0.0,0.0,0.0,0.0,0.0,0.0,0.0
8088,0.0,0.0,0.0,0.0,0.0,0.0,0.0,0.0,0.0,0.0,0.0,0.0
8096,0.0,0.0,0.0,0.0,0.0,0.0,0.0,0.0,0.0,0.0,0.0,0.0
8097,0.0,0.0,0.0,0.0,0.0,0.0,0.0,0.0,0.0,0.0,0.0,0.0
8099,0.0,0.0,0.0,0.0,0.0,0.0,0.0,0.0,0.0,0.0,0.0,0.0
8100,0.0,0.0,0.0,0.0,0.0,0.0,0.0,0.0,0.0,0.0,0.0,0.0
8101,0.0,0.0,0.0,0.0,0.0,0.0,0.0,0.0,0.0,0.0,0.0,0.0
8199,0.0,0.0,0.0,0.0,0.0,0.0,0.0,0.0,0.0,0.0,0.0,0.0
8200,0.0,0.0,0.0,0.0,0.0,0.0,0.0,0.0,0.0,0.0,0.0,0.0
8201,0.0,0.0,0.0,0.0,0.0,0.0,0.0,0.0,0.0,0.0,0.0,0.0
8202,0.0,0.0,0.0,0.0,0.0,0.0,0.0,0.0,0.0,0.0,0.0,0.0
8203,0.0,0.0,0.0,0.0,0.0,0.0,0.0,0.0,0.0,0.0,0.0,0.0
8204,0.0,0.0,0.0,0.0,0.0,0.0,0.0,0.0,0.0,0.0,0.0,0.0
8205,0.0,0.0,0.0,0.0,0.0,0.0,0.0,0.0,0.0,0.0,0.0,0.0
8206,0.0,0.0,0.0,0.0,0.0,0.0,0.0,0.0,0.0,0.0,0.0,0.0
8207,0.0,0.0,0.0,0.0,0.0,0.0,0.0,0.0,0.0,0.0,0.0,0.0
8208,0.0,0.0,0.0,0.0,0.0,0.0,0.0,0.0,0.0,0.0,0.0,0.0
8209,0.0,0.0,0.0,0.0,0.0,0.0,0.0,0.0,0.0,0.0,0.0,0.0
8210,0.0,0.0,0.0,0.0,0.0,0.0,0.0,0.0,0.0,0.0,0.0,0.0
8211,0.0,0.0,0.0,0.0,0.0,0.0,0.0,0.0,0.0,0.0,0.0,0.0
8212,0.0,0.0,0.0,0.0,0.0,0.0,0.0,0.0,0.0,0.0,0.0,0.0
8213,0.0,0.0,0.0,0.0,0.0,0.0,0.0,0.0,0.0,0.0,0.0,0.0
8214,0.0,0.0,0.0,0.0,0.0,0.0,0.0,0.0,0.0,0.0,0.0,0.0
8223,0.0,0.0,0.0,0.0,0.0,0.0,0.0,0.0,0.0,0.0,0.0,0.0
8224,0.0,0.0,0.0,0.0,0.0,0.0,0.0,0.0,0.0,0.0,0.0,0.0
8225,0.0,0.0,0.0,0.0,0.0,0.0,0.0,0.0,0.0,0.0,0.0,0.0
8226,0.0,0.0,0.0,0.0,0.0,0.0,0.0,0.0,0.0,0.0,0.0,0.0
8227,0.0,0.0,0.0,0.0,0.0,0.0,0.0,0.0,0.0,0.0,0.0,0.0
8228,0.0,0.0,0.0,0.0,0.0,0.0,0.0,0.0,0.0,0.0,0.0,0.0
8229,0.0,0.0,0.0,0.0,0.0,0.0,0.0,0.0,0.0,0.0,0.0,0.0
8230,0.0,0.0,0.0,0.0,0.0,0.0,0.0,0.0,0.0,0.0,0.0,0.0
8231,0.0,0.0,0.0,0.0,0.0,0.0,0.0,0.0,0.0,0.0,0.0,0.0
8232,0.0,0.0,0.0,0.0,0.0,0.0,0.0,0.0,0.0,0.0,0.0,0.0
8233,0.0,0.0,0.0,0.0,0.0,0.0,0.0,0.0,0.0,0.0,0.0,0.0
8237,0.0,0.0,0.0,0.0,0.0,0.0,0.0,0.0,0.0,0.0,0.0,0.0
8238,0.0,0.0,0.0,0.0,0.0,0.0,0.0,0.0,0.0,0.0,0.0,0.0
8239,0.0,0.0,0.0,0.0,0.0,0.0,0.0,0.0,0.0,0.0,0.0,0.0
8253,0.0,0.0,0.0,0.0,0.0,0.0,0.0,0.0,0.0,0.0,0.0,0.0
8255,0.0,0.0,0.0,0.0,0.0,0.0,0.0,0.0,0.0,0.0,0.0,0.0
8256,0.0,0.0,0.0,0.0,0.0,0.0,0.0,0.0,0.0,0.0,0.0,0.0
8265,0.0,0.0,0.0,0.0,0.0,0.0,0.0,0.0,0.0,0.0,0.0,0.0
8267,0.0,0.0,0.0,0.0,0.0,0.0,0.0,0.0,0.0,0.0,0.0,0.0
8271,0.0,0.0,0.0,0.0,0.0,0.0,0.0,0.0,0.0,0.0,0.0,0.0
8272,0.0,0.0,0.0,0.0,0.0,0.0,0.0,0.0,0.0,0.0,0.0,0.0
8273,0.0,0.0,0.0,0.0,0.0,0.0,0.0,0.0,0.0,0.0,0.0,0.0
8274,0.0,0.0,0.0,0.0,0.0,0.0,0.0,0.0,0.0,0.0,0.0,0.0
8290,0.0,0.0,0.0,0.0,0.0,0.0,0.0,0.0,0.0,0.0,0.0,0.0
8291,0.0,0.0,0.0,0.0,0.0,0.0,0.0,0.0,0.0,0.0,0.0,0.0
8293,0.0,0.0,0.0,0.0,0.0,0.0,0.0,0.0,0.0,0.0,0.0,0.0
8294,0.0,0.0,0.0,0.0,0.0,0.0,0.0,0.0,0.0,0.0,0.0,0.0
8295,0.0,0.0,0.0,0.0,0.0,0.0,0.0,0.0,0.0,0.0,0.0,0.0
8296,0.0,0.0,0.0,0.0,0.0,0.0,0.0,0.0,0.0,0.0,0.0,0.0
8297,0.0,0.0,0.0,0.0,0.0,0.0,0.0,0.0,0.0,0.0,0.0,0.0
8298,0.0,0.0,0.0,0.0,0.0,0.0,0.0,0.0,0.0,0.0,0.0,0.0
8335,0.0,0.0,0.0,0.0,0.0,0.0,0.0,0.0,0.0,0.0,0.0,0.0
8336,0.0,0.0,0.0,0.0,0.0,0.0,0.0,0.0,0.0,0.0,0.0,0.0
8337,0.0,0.0,0.0,0.0,0.0,0.0,0.0,0.0,0.0,0.0,0.0,0.0
8338,0.0,0.0,0.0,0.0,0.0,0.0,0.0,0.0,0.0,0.0,0.0,0.0
8388,0.0,0.0,0.0,0.0,0.0,0.0,0.0,0.0,0.0,0.0,0.0,0.0
8389,0.0,0.0,0.0,0.0,0.0,0.0,0.0,0.0,0.0,0.0,0.0,0.0
8390,0.0,0.0,0.0,0.0,0.0,0.0,0.0,0.0,0.0,0.0,0.0,0.0
8391,0.0,0.0,0.0,0.0,0.0,0.0,0.0,0.0,0.0,0.0,0.0,0.0
8393,0.0,0.0,0.0,0.0,0.0,0.0,0.0,0.0,0.0,0.0,0.0,0.0
8394,0.0,0.0,0.0,0.0,0.0,0.0,0.0,0.0,0.0,0.0,0.0,0.0
8395,0.0,0.0,0.0,0.0,0.0,0.0,0.0,0.0,0.0,0.0,0.0,0.0
8396,0.0,0.0,0.0,0.0,0.0,0.0,0.0,0.0,0.0,0.0,0.0,0.0
8397,0.0,0.0,0.0,0.0,0.0,0.0,0.0,0.0,0.0,0.0,0.0,0.0
8398,0.0,0.0,0.0,0.0,0.0,0.0,0.0,0.0,0.0,0.0,0.0,0.0
8399,0.0,0.0,0.0,0.0,0.0,0.0,0.0,0.0,0.0,0.0,0.0,0.0
8400,0.0,0.0,0.0,0.0,0.0,0.0,0.0,0.0,0.0,0.0,0.0,0.0
8401,0.0,0.0,0.0,0.0,0.0,0.0,0.0,0.0,0.0,0.0,0.0,0.0
8447,0.0,0.0,0.0,0.0,0.0,0.0,0.0,0.0,0.0,0.0,0.0,0.0
8448,0.0,0.0,0.0,0.0,0.0,0.0,0.0,0.0,0.0,0.0,0.0,0.0
8449,0.0,0.0,0.0,0.0,0.0,0.0,0.0,0.0,0.0,0.0,0.0,0.0
8454,0.0,0.0,0.0,0.0,0.0,0.0,0.0,0.0,0.0,0.0,0.0,0.0
8455,0.0,0.0,0.0,0.0,0.0,0.0,0.0,0.0,0.0,0.0,0.0,0.0
8456,0.0,0.0,0.0,0.0,0.0,0.0,0.0,0.0,0.0,0.0,0.0,0.0
8457,0.0,0.0,0.0,0.0,0.0,0.0,0.0,0.0,0.0,0.0,0.0,0.0
8659,0.0,0.0,0.0,0.0,0.0,0.0,0.0,0.0,0.0,0.0,0.0,0.0
8669,0.0,0.0,0.0,0.0,0.0,0.0,0.0,0.0,0.0,0.0,0.0,0.0
8670,0.0,0.0,0.0,0.0,0.0,0.0,0.0,0.0,0.0,0.0,0.0,0.0
8671,0.0,0.0,0.0,0.0,0.0,0.0,0.0,0.0,0.0,0.0,0.0,0.0
8672,0.0,0.0,0.0,0.0,0.0,0.0,0.0,0.0,0.0,0.0,0.0,0.0
8673,0.0,0.0,0.0,0.0,0.0,0.0,0.0,0.0,0.0,0.0,0.0,0.0
8674,0.0,0.0,0.0,0.0,0.0,0.0,0.0,0.0,0.0,0.0,0.0,0.0
8675,0.0,0.0,0.0,0.0,0.0,0.0,0.0,0.0,0.0,0.0,0.0,0.0
8676,0.0,0.0,0.0,0.0,0.0,0.0,0.0,0.0,0.0,0.0,0.0,0.0
8784,0.0,0.0,0.0,0.0,0.0,0.0,0.0,0.0,0.0,0.0,0.0,0.0
8785,0.0,0.0,0.0,0.0,0.0,0.0,0.0,0.0,0.0,0.0,0.0,0.0
8786,0.0,0.0,0.0,0.0,0.0,0.0,0.0,0.0,0.0,0.0,0.0,0.0
8787,0.0,0.0,0.0,0.0,0.0,0.0,0.0,0.0,0.0,0.0,0.0,0.0
8809,0.0,0.0,0.0,0.0,0.0,0.0,0.0,0.0,0.0,0.0,0.0,0.0
8810,0.0,0.0,0.0,0.0,0.0,0.0,0.0,0.0,0.0,0.0,0.0,0.0
8811,0.0,0.0,0.0,0.0,0.0,0.0,0.0,0.0,0.0,0.0,0.0,0.0
8827,0.0,0.0,0.0,0.0,0.0,0.0,0.0,0.0,0.0,0.0,0.0,0.0
8828,0.0,0.0,0.0,0.0,0.0,0.0,0.0,0.0,0.0,0.0,0.0,0.0
8839,0.0,0.0,0.0,0.0,0.0,0.0,0.0,0.0,0.0,0.0,0.0,0.0
8840,0.0,0.0,0.0,0.0,0.0,0.0,0.0,0.0,0.0,0.0,0.0,0.0
8841,0.0,0.0,0.0,0.0,0.0,0.0,0.0,0.0,0.0,0.0,0.0,0.0
8842,0.0,0.0,0.0,0.0,0.0,0.0,0.0,0.0,0.0,0.0,0.0,0.0
8843,0.0,0.0,0.0,0.0,0.0,0.0,0.0,0.0,0.0,0.0,0.0,0.0
8844,0.0,0.0,0.0,0.0,0.0,0.0,0.0,0.0,0.0,0.0,0.0,0.0
8845,0.0,0.0,0.0,0.0,0.0,0.0,0.0,0.0,0.0,0.0,0.0,0.0
8861,0.0,0.0,0.0,0.0,0.0,0.0,0.0,0.0,0.0,0.0,0.0,0.0
8862,0.0,0.0,0.0,0.0,0.0,0.0,0.0,0.0,0.0,0.0,0.0,0.0
8863,0.0,0.0,0.0,0.0,0.0,0.0,0.0,0.0,0.0,0.0,0.0,0.0
8864,0.0,0.0,0.0,0.0,0.0,0.0,0.0,0.0,0.0,0.0,0.0,0.0
8866,0.0,0.0,0.0,0.0,0.0,0.0,0.0,0.0,0.0,0.0,0.0,0.0
8867,0.0,0.0,0.0,0.0,0.0,0.0,0.0,0.0,0.0,0.0,0.0,0.0
8868,0.0,0.0,0.0,0.0,0.0,0.0,0.0,0.0,0.0,0.0,0.0,0.0
8869,0.0,0.0,0.0,0.0,0.0,0.0,0.0,0.0,0.0,0.0,0.0,0.0
8870,0.0,0.0,0.0,0.0,0.0,0.0,0.0,0.0,0.0,0.0,0.0,0.0
8871,0.0,0.0,0.0,0.0,0.0,0.0,0.0,0.0,0.0,0.0,0.0,0.0
8908,0.0,0.0,0.0,0.0,0.0,0.0,0.0,0.0,0.0,0.0,0.0,0.0
8909,0.0,0.0,0.0,0.0,0.0,0.0,0.0,0.0,0.0,0.0,0.0,0.0
8944,0.0,0.0,0.0,0.0,0.0,0.0,0.0,0.0,0.0,0.0,0.0,0.0
8945,0.0,0.0,0.0,0.0,0.0,0.0,0.0,0.0,0.0,0.0,0.0,0.0
8962,0.0,0.0,0.0,0.0,0.0,0.0,0.0,0.0,0.0,0.0,0.0,0.0
8963,0.0,0.0,0.0,0.0,0.0,0.0,0.0,0.0,0.0,0.0,0.0,0.0
8964,0.0,0.0,0.0,0.0,0.0,0.0,0.0,0.0,0.0,0.0,0.0,0.0
8965,0.0,0.0,0.0,0.0,0.0,0.0,0.0,0.0,0.0,0.0,0.0,0.0
8966,0.0,0.0,0.0,0.0,0.0,0.0,0.0,0.0,0.0,0.0,0.0,0.0
8967,0.0,0.0,0.0,0.0,0.0,0.0,0.0,0.0,0.0,0.0,0.0,0.0
8968,0.0,0.0,0.0,0.0,0.0,0.0,0.0,0.0,0.0,0.0,0.0,0.0
9016,0.0,0.0,0.0,0.0,0.0,0.0,0.0,0.0,0.0,0.0,0.0,0.0
9017,0.0,0.0,0.0,0.0,0.0,0.0,0.0,0.0,0.0,0.0,0.0,0.0
9019,0.0,0.0,0.0,0.0,0.0,0.0,0.0,0.0,0.0,0.0,0.0,0.0
9230,0.0,0.0,0.0,0.0,0.0,0.0,0.0,0.0,0.0,0.0,0.0,0.0
9241,0.0,0.0,0.0,0.0,0.0,0.0,0.0,0.0,0.0,0.0,0.0,0.0
9242,0.0,0.0,0.0,0.0,0.0,0.0,0.0,0.0,0.0,0.0,0.0,0.0
9245,0.0,0.0,0.0,0.0,0.0,0.0,0.0,0.0,0.0,0.0,0.0,0.0
9246,0.0,0.0,0.0,0.0,0.0,0.0,0.0,0.0,0.0,0.0,0.0,0.0
9247,0.0,0.0,0.0,0.0,0.0,0.0,0.0,0.0,0.0,0.0,0.0,0.0
9248,0.0,0.0,0.0,0.0,0.0,0.0,0.0,0.0,0.0,0.0,0.0,0.0
9249,0.0,0.0,0.0,0.0,0.0,0.0,0.0,0.0,0.0,0.0,0.0,0.0
9250,0.0,0.0,0.0,0.0,0.0,0.0,0.0,0.0,0.0,0.0,0.0,0.0
9251,0.0,0.0,0.0,0.0,0.0,0.0,0.0,0.0,0.0,0.0,0.0,0.0
9358,0.0,0.0,0.0,0.0,0.0,0.0,0.0,0.0,0.0,0.0,0.0,0.0
9359,0.0,0.0,0.0,0.0,0.0,0.0,0.0,0.0,0.0,0.0,0.0,0.0
9360,0.0,0.0,0.0,0.0,0.0,0.0,0.0,0.0,0.0,0.0,0.0,0.0
9403,0.0,0.0,0.0,0.0,0.0,0.0,0.0,0.0,0.0,0.0,0.0,0.0
9404,0.0,0.0,0.0,0.0,0.0,0.0,0.0,0.0,0.0,0.0,0.0,0.0
9405,0.0,0.0,0.0,0.0,0.0,0.0,0.0,0.0,0.0,0.0,0.0,0.0
9406,0.0,0.0,0.0,0.0,0.0,0.0,0.0,0.0,0.0,0.0,0.0,0.0
9407,0.0,0.0,0.0,0.0,0.0,0.0,0.0,0.0,0.0,0.0,0.0,0.0
9410,0.0,0.0,0.0,0.0,0.0,0.0,0.0,0.0,0.0,0.0,0.0,0.0
9411,0.0,0.0,0.0,0.0,0.0,0.0,0.0,0.0,0.0,0.0,0.0,0.0
9412,0.0,0.0,0.0,0.0,0.0,0.0,0.0,0.0,0.0,0.0,0.0,0.0
9432,0.0,0.0,0.0,0.0,0.0,0.0,0.0,0.0,0.0,0.0,0.0,0.0
9433,0.0,0.0,0.0,0.0,0.0,0.0,0.0,0.0,0.0,0.0,0.0,0.0
9436,0.0,0.0,0.0,0.0,0.0,0.0,0.0,0.0,0.0,0.0,0.0,0.0
9437,0.0,0.0,0.0,0.0,0.0,0.0,0.0,0.0,0.0,0.0,0.0,0.0
9438,0.0,0.0,0.0,0.0,0.0,0.0,0.0,0.0,0.0,0.0,0.0,0.0
9439,0.0,0.0,0.0,0.0,0.0,0.0,0.0,0.0,0.0,0.0,0.0,0.0
9440,0.0,0.0,0.0,0.0,0.0,0.0,0.0,0.0,0.0,0.0,0.0,0.0
9441,0.0,0.0,0.0,0.0,0.0,0.0,0.0,0.0,0.0,0.0,0.0,0.0
9442,0.0,0.0,0.0,0.0,0.0,0.0,0.0,0.0,0.0,0.0,0.0,0.0
9443,0.0,0.0,0.0,0.0,0.0,0.0,0.0,0.0,0.0,0.0,0.0,0.0
9477,0.0,0.0,0.0,0.0,0.0,0.0,0.0,0.0,0.0,0.0,0.0,0.0
9478,0.0,0.0,0.0,0.0,0.0,0.0,0.0,0.0,0.0,0.0,0.0,0.0
9516,0.0,0.0,0.0,0.0,0.0,0.0,0.0,0.0,0.0,0.0,0.0,0.0
9517,0.0,0.0,0.0,0.0,0.0,0.0,0.0,0.0,0.0,0.0,0.0,0.0
9518,0.0,0.0,0.0,0.0,0.0,0.0,0.0,0.0,0.0,0.0,0.0,0.0
9519,0.0,0.0,0.0,0.0,0.0,0.0,0.0,0.0,0.0,0.0,0.0,0.0
9520,0.0,0.0,0.0,0.0,0.0,0.0,0.0,0.0,0.0,0.0,0.0,0.0
9532,0.0,0.0,0.0,0.0,0.0,0.0,0.0,0.0,0.0,0.0,0.0,0.0
9533,0.0,0.0,0.0,0.0,0.0,0.0,0.0,0.0,0.0,0.0,0.0,0.0
9534,0.0,0.0,0.0,0.0,0.0,0.0,0.0,0.0,0.0,0.0,0.0,0.0
9535,0.0,0.0,0.0,0.0,0.0,0.0,0.0,0.0,0.0,0.0,0.0,0.0
9537,0.0,0.0,0.0,0.0,0.0,0.0,0.0,0.0,0.0,0.0,0.0,0.0
9538,0.0,0.0,0.0,0.0,0.0,0.0,0.0,0.0,0.0,0.0,0.0,0.0
9539,0.0,0.0,0.0,0.0,0.0,0.0,0.0,0.0,0.0,0.0,0.0,0.0
9540,0.0,0.0,0.0,0.0,0.0,0.0,0.0,0.0,0.0,0.0,0.0,0.0
9541,0.0,0.0,0.0,0.0,0.0,0.0,0.0,0.0,0.0,0.0,0.0,0.0
9584,0.0,0.0,0.0,-2053581.3118095398,-36527319.64125824,-183885211.07405853,-196893751.66027832,-163144661.20906067,-74195072.04569626,-358236.0671234131,0.0,0.0
9585,0.0,0.0,0.0,0.0,0.0,0.0,0.0,0.0,0.0,0.0,0.0,0.0
9586,0.0,0.0,0.0,0.0,0.0,0.0,0.0,0.0,0.0,0.0,0.0,0.0
9587,0.0,0.0,0.0,0.0,0.0,0.0,0.0,0.0,0.0,0.0,0.0,0.0
9588,0.0,0.0,0.0,0.0,0.0,0.0,0.0,0.0,0.0,0.0,0.0,0.0
9589,0.0,0.0,0.0,0.0,0.0,0.0,0.0,0.0,0.0,0.0,0.0,0.0
9590,0.0,0.0,0.0,0.0,0.0,0.0,0.0,0.0,0.0,0.0,0.0,0.0
9591,0.0,0.0,0.0,0.0,0.0,0.0,0.0,0.0,0.0,0.0,0.0,0.0
9592,0.0,0.0,0.0,0.0,0.0,0.0,0.0,0.0,0.0,0.0,0.0,0.0
9804,0.0,0.0,0.0,0.0,0.0,0.0,0.0,0.0,0.0,0.0,0.0,0.0
9805,0.0,0.0,0.0,0.0,0.0,0.0,0.0,0.0,0.0,0.0,0.0,0.0
9806,0.0,0.0,0.0,0.0,0.0,0.0,0.0,0.0,0.0,0.0,0.0,0.0
9807,0.0,0.0,0.0,0.0,0.0,0.0,0.0,0.0,0.0,0.0,0.0,0.0
9816,0.0,0.0,0.0,0.0,0.0,0.0,0.0,0.0,0.0,0.0,0.0,0.0
9817,0.0,0.0,0.0,0.0,0.0,0.0,0.0,0.0,0.0,0.0,0.0,0.0
9823,0.0,0.0,0.0,0.0,0.0,0.0,0.0,0.0,0.0,0.0,0.0,0.0
9824,0.0,0.0,0.0,0.0,0.0,0.0,0.0,0.0,0.0,0.0,0.0,0.0
9825,0.0,0.0,0.0,0.0,0.0,0.0,0.0,0.0,0.0,0.0,0.0,0.0
9826,0.0,0.0,0.0,0.0,0.0,0.0,0.0,0.0,0.0,0.0,0.0,0.0
9827,0.0,0.0,0.0,0.0,0.0,0.0,0.0,0.0,0.0,0.0,0.0,0.0
9828,0.0,0.0,0.0,0.0,0.0,0.0,0.0,0.0,0.0,0.0,0.0,0.0
9829,0.0,0.0,0.0,0.0,0.0,0.0,0.0,0.0,0.0,0.0,0.0,0.0
9830,0.0,0.0,0.0,0.0,0.0,0.0,0.0,0.0,0.0,0.0,0.0,0.0
9831,0.0,0.0,0.0,0.0,0.0,0.0,0.0,0.0,0.0,0.0,0.0,0.0
9832,0.0,0.0,0.0,0.0,0.0,0.0,0.0,0.0,0.0,0.0,0.0,0.0
9833,0.0,0.0,0.0,0.0,0.0,0.0,0.0,0.0,0.0,0.0,0.0,0.0
9834,0.0,0.0,0.0,0.0,0.0,0.0,0.0,0.0,0.0,0.0,0.0,0.0
9836,0.0,0.0,0.0,0.0,0.0,0.0,0.0,0.0,0.0,0.0,0.0,0.0
9837,0.0,0.0,0.0,0.0,0.0,0.0,0.0,0.0,0.0,0.0,0.0,0.0
9838,0.0,0.0,0.0,0.0,0.0,0.0,0.0,0.0,0.0,0.0,0.0,0.0
9839,0.0,0.0,0.0,0.0,0.0,0.0,0.0,0.0,0.0,0.0,0.0,0.0
9945,0.0,0.0,0.0,0.0,0.0,0.0,0.0,0.0,0.0,0.0,0.0,0.0
9987,0.0,0.0,0.0,0.0,0.0,0.0,0.0,0.0,0.0,0.0,0.0,0.0
9988,0.0,0.0,0.0,0.0,0.0,0.0,0.0,0.0,0.0,0.0,0.0,0.0
9989,0.0,0.0,0.0,0.0,0.0,0.0,0.0,0.0,0.0,0.0,0.0,0.0
9990,0.0,0.0,0.0,0.0,0.0,0.0,0.0,0.0,0.0,0.0,0.0,0.0
9991,0.0,0.0,0.0,0.0,0.0,0.0,0.0,0.0,0.0,0.0,0.0,0.0
9992,0.0,0.0,0.0,0.0,0.0,0.0,0.0,0.0,0.0,0.0,0.0,0.0
9994,0.0,0.0,0.0,0.0,0.0,0.0,0.0,0.0,0.0,0.0,0.0,0.0
9995,0.0,0.0,0.0,0.0,0.0,0.0,0.0,0.0,0.0,0.0,0.0,0.0
10006,0.0,0.0,0.0,0.0,0.0,0.0,0.0,0.0,0.0,0.0,0.0,0.0
10007,0.0,0.0,0.0,0.0,0.0,0.0,0.0,0.0,0.0,0.0,0.0,0.0
10008,0.0,0.0,0.0,0.0,0.0,0.0,0.0,0.0,0.0,0.0,0.0,0.0
10009,0.0,0.0,0.0,0.0,0.0,0.0,0.0,0.0,0.0,0.0,0.0,0.0
10011,0.0,0.0,0.0,0.0,0.0,0.0,0.0,0.0,0.0,0.0,0.0,0.0
10013,0.0,0.0,0.0,0.0,0.0,0.0,0.0,0.0,0.0,0.0,0.0,0.0
10019,0.0,0.0,0.0,0.0,0.0,0.0,0.0,0.0,0.0,0.0,0.0,0.0
10020,0.0,0.0,0.0,0.0,0.0,0.0,0.0,0.0,0.0,0.0,0.0,0.0
10021,0.0,0.0,0.0,0.0,0.0,0.0,0.0,0.0,0.0,0.0,0.0,0.0
10060,0.0,0.0,0.0,0.0,0.0,0.0,0.0,0.0,0.0,0.0,0.0,0.0
10061,0.0,0.0,0.0,0.0,0.0,0.0,0.0,0.0,0.0,0.0,0.0,0.0
10062,0.0,0.0,0.0,0.0,0.0,0.0,0.0,0.0,0.0,0.0,0.0,0.0
10063,0.0,0.0,0.0,0.0,0.0,0.0,0.0,0.0,0.0,0.0,0.0,0.0
10064,0.0,0.0,0.0,0.0,0.0,0.0,0.0,0.0,0.0,0.0,0.0,0.0
10065,0.0,0.0,0.0,0.0,0.0,0.0,0.0,0.0,0.0,0.0,0.0,0.0
10066,0.0,0.0,0.0,0.0,0.0,0.0,0.0,0.0,0.0,0.0,0.0,0.0
10067,0.0,0.0,0.0,0.0,0.0,0.0,0.0,0.0,0.0,0.0,0.0,0.0
10068,0.0,0.0,0.0,0.0,0.0,0.0,0.0,0.0,0.0,0.0,0.0,0.0
10069,0.0,0.0,0.0,0.0,0.0,0.0,0.0,0.0,0.0,0.0,0.0,0.0
10070,0.0,0.0,0.0,0.0,0.0,0.0,0.0,0.0,0.0,0.0,0.0,0.0
10071,0.0,0.0,0.0,0.0,0.0,0.0,0.0,0.0,0.0,0.0,0.0,0.0
10072,0.0,0.0,0.0,0.0,0.0,0.0,0.0,0.0,0.0,0.0,0.0,0.0
10073,0.0,0.0,0.0,0.0,0.0,0.0,0.0,0.0,0.0,0.0,0.0,0.0
10074,0.0,0.0,0.0,0.0,0.0,0.0,0.0,0.0,0.0,0.0,0.0,0.0
10075,0.0,0.0,0.0,0.0,0.0,0.0,0.0,0.0,0.0,0.0,0.0,0.0
10076,0.0,0.0,0.0,0.0,0.0,0.0,0.0,0.0,0.0,0.0,0.0,0.0
10077,0.0,0.0,0.0,0.0,0.0,0.0,0.0,0.0,0.0,0.0,0.0,0.0
10078,0.0,0.0,0.0,0.0,0.0,0.0,0.0,0.0,0.0,0.0,0.0,0.0
10119,0.0,0.0,0.0,0.0,0.0,0.0,0.0,0.0,0.0,0.0,0.0,0.0
10120,0.0,0.0,0.0,0.0,0.0,0.0,0.0,0.0,0.0,0.0,0.0,0.0
10121,0.0,0.0,0.0,0.0,0.0,0.0,0.0,0.0,0.0,0.0,0.0,0.0
10122,0.0,0.0,0.0,0.0,0.0,0.0,0.0,0.0,0.0,0.0,0.0,0.0
10123,0.0,0.0,0.0,0.0,0.0,0.0,0.0,0.0,0.0,0.0,0.0,0.0
10124,0.0,0.0,0.0,0.0,0.0,0.0,0.0,0.0,0.0,0.0,0.0,0.0
10125,0.0,0.0,0.0,0.0,0.0,0.0,0.0,0.0,0.0,0.0,0.0,0.0
10126,0.0,0.0,0.0,0.0,0.0,0.0,0.0,0.0,0.0,0.0,0.0,0.0
10127,0.0,0.0,0.0,0.0,0.0,0.0,0.0,0.0,0.0,0.0,0.0,0.0
10128,0.0,0.0,0.0,0.0,0.0,0.0,0.0,0.0,0.0,0.0,0.0,0.0
10129,0.0,0.0,0.0,0.0,0.0,0.0,0.0,0.0,0.0,0.0,0.0,0.0
10130,0.0,0.0,0.0,0.0,0.0,0.0,0.0,0.0,0.0,0.0,0.0,0.0
10131,0.0,0.0,0.0,0.0,0.0,0.0,0.0,0.0,0.0,0.0,0.0,0.0
10132,0.0,0.0,0.0,0.0,0.0,0.0,0.0,0.0,0.0,0.0,0.0,0.0
10133,0.0,0.0,0.0,0.0,0.0,0.0,0.0,0.0,0.0,0.0,0.0,0.0
10134,0.0,0.0,0.0,0.0,0.0,0.0,0.0,0.0,0.0,0.0,0.0,0.0
10135,0.0,0.0,0.0,0.0,0.0,0.0,0.0,0.0,0.0,0.0,0.0,0.0
10136,0.0,0.0,0.0,0.0,0.0,0.0,0.0,0.0,0.0,0.0,0.0,0.0
10137,0.0,0.0,0.0,0.0,0.0,0.0,0.0,0.0,0.0,0.0,0.0,0.0
10138,0.0,0.0,0.0,0.0,0.0,0.0,0.0,0.0,0.0,0.0,0.0,0.0
10139,0.0,0.0,0.0,0.0,0.0,0.0,0.0,0.0,0.0,0.0,0.0,0.0
10191,0.0,0.0,0.0,0.0,0.0,0.0,0.0,0.0,0.0,0.0,0.0,0.0
10192,0.0,0.0,0.0,0.0,0.0,0.0,0.0,0.0,0.0,0.0,0.0,0.0
10193,0.0,0.0,0.0,0.0,0.0,0.0,0.0,0.0,0.0,0.0,0.0,0.0
10194,0.0,0.0,0.0,0.0,0.0,0.0,0.0,0.0,0.0,0.0,0.0,0.0
10195,0.0,0.0,0.0,0.0,0.0,0.0,0.0,0.0,0.0,0.0,0.0,0.0
10411,0.0,0.0,0.0,0.0,0.0,0.0,0.0,0.0,0.0,0.0,0.0,0.0
10413,0.0,0.0,0.0,0.0,0.0,0.0,0.0,0.0,0.0,0.0,0.0,0.0
10416,0.0,0.0,0.0,0.0,0.0,0.0,0.0,0.0,0.0,0.0,0.0,0.0
10417,0.0,0.0,0.0,0.0,0.0,0.0,0.0,0.0,0.0,0.0,0.0,0.0
10418,0.0,0.0,0.0,0.0,0.0,0.0,0.0,0.0,0.0,0.0,0.0,0.0
10425,0.0,0.0,0.0,0.0,0.0,0.0,0.0,0.0,0.0,0.0,0.0,0.0
10426,0.0,0.0,0.0,0.0,0.0,0.0,0.0,0.0,0.0,0.0,0.0,0.0
10427,0.0,0.0,0.0,0.0,0.0,0.0,0.0,0.0,0.0,0.0,0.0,0.0
10428,0.0,0.0,0.0,0.0,0.0,0.0,0.0,0.0,0.0,0.0,0.0,0.0
10429,0.0,0.0,0.0,0.0,0.0,0.0,0.0,0.0,0.0,0.0,0.0,0.0
10430,0.0,0.0,0.0,0.0,0.0,0.0,0.0,0.0,0.0,0.0,0.0,0.0
10431,0.0,0.0,0.0,0.0,0.0,0.0,0.0,0.0,0.0,0.0,0.0,0.0
10432,0.0,0.0,0.0,0.0,0.0,0.0,0.0,0.0,0.0,0.0,0.0,0.0
10433,0.0,0.0,0.0,0.0,0.0,0.0,0.0,0.0,0.0,0.0,0.0,0.0
10434,0.0,0.0,0.0,0.0,0.0,0.0,0.0,0.0,0.0,0.0,0.0,0.0
10588,0.0,0.0,0.0,0.0,0.0,0.0,0.0,0.0,0.0,0.0,0.0,0.0
10589,0.0,0.0,0.0,0.0,0.0,0.0,0.0,0.0,0.0,0.0,0.0,0.0
10590,0.0,0.0,0.0,0.0,0.0,0.0,0.0,0.0,0.0,0.0,0.0,0.0
10591,0.0,0.0,0.0,0.0,0.0,0.0,0.0,0.0,0.0,0.0,0.0,0.0
10594,0.0,0.0,0.0,0.0,0.0,0.0,0.0,0.0,0.0,0.0,0.0,0.0
10595,0.0,0.0,0.0,0.0,0.0,0.0,0.0,0.0,0.0,0.0,0.0,0.0
10596,0.0,0.0,0.0,0.0,0.0,0.0,0.0,0.0,0.0,0.0,0.0,0.0
10597,0.0,0.0,0.0,0.0,0.0,0.0,0.0,0.0,0.0,0.0,0.0,0.0
10598,0.0,0.0,0.0,0.0,0.0,0.0,0.0,0.0,0.0,0.0,0.0,0.0
10599,0.0,0.0,0.0,0.0,0.0,0.0,0.0,0.0,0.0,0.0,0.0,0.0
10600,0.0,0.0,0.0,0.0,0.0,0.0,0.0,0.0,0.0,0.0,0.0,0.0
10601,0.0,0.0,0.0,0.0,0.0,0.0,0.0,0.0,0.0,0.0,0.0,0.0
10602,0.0,0.0,0.0,0.0,0.0,0.0,0.0,0.0,0.0,0.0,0.0,0.0
10603,0.0,0.0,0.0,0.0,0.0,0.0,0.0,0.0,0.0,0.0,0.0,0.0
10614,0.0,0.0,0.0,0.0,0.0,0.0,0.0,0.0,0.0,0.0,0.0,0.0
10615,0.0,0.0,0.0,0.0,0.0,0.0,0.0,0.0,0.0,0.0,0.0,0.0
10616,0.0,0.0,0.0,0.0,0.0,0.0,0.0,0.0,0.0,0.0,0.0,0.0
10617,0.0,0.0,0.0,0.0,0.0,0.0,0.0,0.0,0.0,0.0,0.0,0.0
10618,0.0,0.0,0.0,0.0,0.0,0.0,0.0,0.0,0.0,0.0,0.0,0.0
10622,0.0,0.0,0.0,0.0,0.0,0.0,0.0,0.0,0.0,0.0,0.0,0.0
10624,0.0,0.0,0.0,0.0,0.0,0.0,0.0,0.0,0.0,0.0,0.0,0.0
10650,0.0,0.0,0.0,0.0,0.0,0.0,0.0,0.0,0.0,0.0,0.0,0.0
10651,0.0,0.0,0.0,0.0,0.0,0.0,0.0,0.0,0.0,0.0,0.0,0.0
10656,0.0,0.0,0.0,0.0,0.0,0.0,0.0,0.0,0.0,0.0,0.0,0.0
10657,0.0,0.0,0.0,0.0,0.0,0.0,0.0,0.0,0.0,0.0,0.0,0.0
10658,0.0,0.0,0.0,0.0,0.0,0.0,0.0,0.0,0.0,0.0,0.0,0.0
10659,0.0,0.0,0.0,0.0,0.0,0.0,0.0,0.0,0.0,0.0,0.0,0.0
10662,0.0,0.0,0.0,0.0,0.0,0.0,0.0,0.0,0.0,0.0,0.0,0.0
10669,0.0,0.0,0.0,0.0,0.0,0.0,0.0,0.0,0.0,0.0,0.0,0.0
10670,0.0,0.0,0.0,0.0,0.0,0.0,0.0,0.0,0.0,0.0,0.0,0.0
10671,0.0,0.0,0.0,0.0,0.0,0.0,0.0,0.0,0.0,0.0,0.0,0.0
10672,0.0,0.0,0.0,0.0,0.0,0.0,0.0,0.0,0.0,0.0,0.0,0.0
10673,0.0,0.0,0.0,0.0,0.0,0.0,0.0,0.0,0.0,0.0,0.0,0.0
10674,0.0,0.0,0.0,0.0,0.0,0.0,0.0,0.0,0.0,0.0,0.0,0.0
10692,0.0,0.0,0.0,0.0,0.0,0.0,0.0,0.0,0.0,0.0,0.0,0.0
10693,0.0,0.0,0.0,0.0,0.0,0.0,0.0,0.0,0.0,0.0,0.0,0.0
10694,0.0,0.0,0.0,0.0,0.0,0.0,0.0,0.0,0.0,0.0,0.0,0.0
10695,0.0,0.0,0.0,0.0,0.0,0.0,0.0,0.0,0.0,0.0,0.0,0.0
10696,0.0,0.0,0.0,0.0,0.0,0.0,0.0,0.0,0.0,0.0,0.0,0.0
10697,0.0,0.0,0.0,0.0,0.0,0.0,0.0,0.0,0.0,0.0,0.0,0.0
10698,0.0,0.0,0.0,0.0,0.0,0.0,0.0,0.0,0.0,0.0,0.0,0.0
10699,0.0,0.0,0.0,0.0,0.0,0.0,0.0,0.0,0.0,0.0,0.0,0.0
10718,0.0,0.0,0.0,0.0,0.0,0.0,0.0,0.0,0.0,0.0,0.0,0.0
10719,0.0,0.0,0.0,0.0,0.0,0.0,0.0,0.0,0.0,0.0,0.0,0.0
10720,0.0,0.0,0.0,0.0,0.0,0.0,0.0,0.0,0.0,0.0,0.0,0.0
10721,0.0,0.0,0.0,0.0,0.0,0.0,0.0,0.0,0.0,0.0,0.0,0.0
10816,0.0,0.0,0.0,0.0,0.0,0.0,0.0,0.0,0.0,0.0,0.0,0.0
10999,0.0,0.0,0.0,0.0,0.0,0.0,0.0,0.0,0.0,0.0,0.0,0.0
11000,0.0,0.0,0.0,0.0,0.0,0.0,0.0,0.0,0.0,0.0,0.0,0.0
11002,0.0,0.0,0.0,0.0,0.0,0.0,0.0,0.0,0.0,0.0,0.0,0.0
11003,0.0,0.0,0.0,0.0,0.0,0.0,0.0,0.0,0.0,0.0,0.0,0.0
11004,0.0,0.0,0.0,0.0,0.0,0.0,0.0,0.0,0.0,0.0,0.0,0.0
11005,0.0,0.0,0.0,0.0,0.0,0.0,0.0,0.0,0.0,0.0,0.0,0.0
11006,0.0,0.0,0.0,0.0,0.0,0.0,0.0,0.0,0.0,0.0,0.0,0.0
11013,0.0,0.0,0.0,0.0,0.0,0.0,0.0,0.0,0.0,0.0,0.0,0.0
11015,0.0,0.0,0.0,0.0,0.0,0.0,0.0,0.0,0.0,0.0,0.0,0.0
11016,0.0,0.0,0.0,0.0,0.0,0.0,0.0,0.0,0.0,0.0,0.0,0.0
11017,0.0,0.0,0.0,0.0,0.0,0.0,0.0,0.0,0.0,0.0,0.0,0.0
11172,0.0,0.0,0.0,0.0,0.0,0.0,0.0,0.0,0.0,0.0,0.0,0.0
11173,0.0,0.0,0.0,0.0,0.0,0.0,0.0,0.0,0.0,0.0,0.0,0.0
11174,0.0,0.0,0.0,0.0,0.0,0.0,0.0,0.0,0.0,0.0,0.0,0.0
11175,0.0,0.0,0.0,0.0,0.0,0.0,0.0,0.0,0.0,0.0,0.0,0.0
11176,0.0,0.0,0.0,0.0,0.0,0.0,0.0,0.0,0.0,0.0,0.0,0.0
11177,0.0,0.0,0.0,0.0,0.0,0.0,0.0,0.0,0.0,0.0,0.0,0.0
11180,0.0,0.0,0.0,0.0,0.0,0.0,0.0,0.0,0.0,0.0,0.0,0.0
11181,0.0,0.0,0.0,0.0,0.0,0.0,0.0,0.0,0.0,0.0,0.0,0.0
11182,0.0,0.0,0.0,0.0,0.0,0.0,0.0,0.0,0.0,0.0,0.0,0.0
11184,0.0,0.0,0.0,0.0,0.0,0.0,0.0,0.0,0.0,0.0,0.0,0.0
11185,0.0,0.0,0.0,0.0,0.0,0.0,0.0,0.0,0.0,0.0,0.0,0.0
11186,0.0,0.0,0.0,0.0,0.0,0.0,0.0,0.0,0.0,0.0,0.0,0.0
11187,0.0,0.0,0.0,0.0,0.0,0.0,0.0,0.0,0.0,0.0,0.0,0.0
11188,0.0,0.0,0.0,0.0,0.0,0.0,0.0,0.0,0.0,0.0,0.0,0.0
11189,0.0,0.0,0.0,0.0,0.0,0.0,0.0,0.0,0.0,0.0,0.0,0.0
11190,0.0,0.0,0.0,0.0,0.0,0.0,0.0,0.0,0.0,0.0,0.0,0.0
11205,0.0,0.0,0.0,0.0,0.0,0.0,0.0,0.0,0.0,0.0,0.0,0.0
11206,0.0,0.0,0.0,0.0,0.0,0.0,0.0,0.0,0.0,0.0,0.0,0.0
11207,0.0,0.0,0.0,0.0,0.0,0.0,0.0,0.0,0.0,0.0,0.0,0.0
11208,0.0,0.0,0.0,0.0,0.0,0.0,0.0,0.0,0.0,0.0,0.0,0.0
11209,0.0,0.0,0.0,0.0,0.0,0.0,0.0,0.0,0.0,0.0,0.0,0.0
11210,0.0,0.0,0.0,0.0,0.0,0.0,0.0,0.0,0.0,0.0,0.0,0.0
11213,0.0,0.0,0.0,0.0,0.0,0.0,0.0,0.0,0.0,0.0,0.0,0.0
11214,0.0,0.0,0.0,0.0,0.0,0.0,0.0,0.0,0.0,0.0,0.0,0.0
11215,0.0,0.0,0.0,0.0,0.0,0.0,0.0,0.0,0.0,0.0,0.0,0.0
11216,0.0,0.0,0.0,0.0,0.0,0.0,0.0,0.0,0.0,0.0,0.0,0.0
11238,0.0,0.0,0.0,0.0,0.0,0.0,0.0,0.0,0.0,0.0,0.0,0.0
11239,0.0,0.0,0.0,0.0,0.0,0.0,0.0,0.0,0.0,0.0,0.0,0.0
11240,0.0,0.0,0.0,0.0,0.0,0.0,0.0,0.0,0.0,0.0,0.0,0.0
11241,0.0,0.0,0.0,0.0,0.0,0.0,0.0,0.0,0.0,0.0,0.0,0.0
11242,0.0,0.0,0.0,0.0,0.0,0.0,0.0,0.0,0.0,0.0,0.0,0.0
11259,0.0,0.0,0.0,0.0,0.0,0.0,0.0,0.0,0.0,0.0,0.0,0.0
11260,0.0,0.0,0.0,0.0,0.0,0.0,0.0,0.0,0.0,0.0,0.0,0.0
11261,0.0,0.0,0.0,0.0,0.0,0.0,0.0,0.0,0.0,0.0,0.0,0.0
11279,0.0,0.0,0.0,0.0,0.0,0.0,0.0,0.0,0.0,0.0,0.0,0.0
11280,0.0,0.0,0.0,0.0,0.0,0.0,0.0,0.0,0.0,0.0,0.0,0.0
11281,0.0,0.0,0.0,0.0,0.0,0.0,0.0,0.0,0.0,0.0,0.0,0.0
11282,0.0,0.0,0.0,0.0,0.0,0.0,0.0,0.0,0.0,0.0,0.0,0.0
11301,0.0,0.0,0.0,0.0,0.0,0.0,0.0,0.0,0.0,0.0,0.0,0.0
11302,0.0,0.0,0.0,0.0,0.0,0.0,0.0,0.0,0.0,0.0,0.0,0.0
11303,0.0,0.0,0.0,0.0,0.0,0.0,0.0,0.0,0.0,0.0,0.0,0.0
11304,0.0,0.0,0.0,0.0,0.0,0.0,0.0,0.0,0.0,0.0,0.0,0.0
11305,0.0,0.0,0.0,0.0,0.0,0.0,0.0,0.0,0.0,0.0,0.0,0.0
11306,0.0,0.0,0.0,0.0,0.0,0.0,0.0,0.0,0.0,0.0,0.0,0.0
11307,0.0,0.0,0.0,0.0,0.0,0.0,0.0,0.0,0.0,0.0,0.0,0.0
11402,0.0,0.0,0.0,-62615.95262527466,-989230.4605865479,-2498892.4493103027,-2351713.9995422363,-1526357.8334960938,-873574.3124008179,-17714.42510986328,0.0,0.0
11586,0.0,0.0,0.0,0.0,0.0,0.0,0.0,0.0,0.0,0.0,0.0,0.0
11587,0.0,0.0,0.0,0.0,0.0,0.0,0.0,0.0,0.0,0.0,0.0,0.0
11588,0.0,0.0,0.0,0.0,0.0,0.0,0.0,0.0,0.0,0.0,0.0,0.0
11589,0.0,0.0,0.0,0.0,0.0,0.0,0.0,0.0,0.0,0.0,0.0,0.0
11590,0.0,0.0,0.0,0.0,0.0,0.0,0.0,0.0,0.0,0.0,0.0,0.0
11592,0.0,0.0,0.0,0.0,0.0,0.0,0.0,0.0,0.0,0.0,0.0,0.0
11593,0.0,0.0,0.0,0.0,0.0,0.0,0.0,0.0,0.0,0.0,0.0,0.0
11595,0.0,0.0,0.0,0.0,0.0,0.0,0.0,0.0,0.0,0.0,0.0,0.0
11596,0.0,0.0,0.0,0.0,0.0,0.0,0.0,0.0,0.0,0.0,0.0,0.0
11597,0.0,0.0,0.0,0.0,0.0,0.0,0.0,0.0,0.0,0.0,0.0,0.0
11600,0.0,0.0,0.0,0.0,0.0,0.0,0.0,0.0,0.0,0.0,0.0,0.0
11601,0.0,0.0,0.0,0.0,0.0,0.0,0.0,0.0,0.0,0.0,0.0,0.0
11602,0.0,0.0,0.0,0.0,0.0,0.0,0.0,0.0,0.0,0.0,0.0,0.0
11603,0.0,0.0,0.0,0.0,0.0,0.0,0.0,0.0,0.0,0.0,0.0,0.0
11604,0.0,0.0,0.0,0.0,0.0,0.0,0.0,0.0,0.0,0.0,0.0,0.0
11605,0.0,0.0,0.0,0.0,0.0,0.0,0.0,0.0,0.0,0.0,0.0,0.0
11606,0.0,0.0,0.0,0.0,0.0,0.0,0.0,0.0,0.0,0.0,0.0,0.0
11607,0.0,0.0,0.0,0.0,0.0,0.0,0.0,0.0,0.0,0.0,0.0,0.0
11753,0.0,0.0,0.0,0.0,0.0,0.0,0.0,0.0,0.0,0.0,0.0,0.0
11754,0.0,0.0,0.0,0.0,0.0,0.0,0.0,0.0,0.0,0.0,0.0,0.0
11755,0.0,0.0,0.0,0.0,0.0,0.0,0.0,0.0,0.0,0.0,0.0,0.0
11761,0.0,0.0,0.0,0.0,0.0,0.0,0.0,0.0,0.0,0.0,0.0,0.0
11762,0.0,0.0,0.0,0.0,0.0,0.0,0.0,0.0,0.0,0.0,0.0,0.0
11763,0.0,0.0,0.0,0.0,0.0,0.0,0.0,0.0,0.0,0.0,0.0,0.0
11765,0.0,0.0,0.0,0.0,0.0,0.0,0.0,0.0,0.0,0.0,0.0,0.0
11770,0.0,0.0,0.0,0.0,0.0,0.0,0.0,0.0,0.0,0.0,0.0,0.0
11771,0.0,0.0,0.0,0.0,0.0,0.0,0.0,0.0,0.0,0.0,0.0,0.0
11772,0.0,0.0,0.0,0.0,0.0,0.0,0.0,0.0,0.0,0.0,0.0,0.0
11773,0.0,0.0,0.0,0.0,0.0,0.0,0.0,0.0,0.0,0.0,0.0,0.0
11788,0.0,0.0,0.0,0.0,0.0,0.0,0.0,0.0,0.0,0.0,0.0,0.0
11789,0.0,0.0,0.0,0.0,0.0,0.0,0.0,0.0,0.0,0.0,0.0,0.0
11790,0.0,0.0,0.0,0.0,0.0,0.0,0.0,0.0,0.0,0.0,0.0,0.0
11792,0.0,0.0,0.0,0.0,0.0,0.0,0.0,0.0,0.0,0.0,0.0,0.0
11793,0.0,0.0,0.0,0.0,0.0,0.0,0.0,0.0,0.0,0.0,0.0,0.0
11794,0.0,0.0,0.0,0.0,0.0,0.0,0.0,0.0,0.0,0.0,0.0,0.0
11814,0.0,0.0,0.0,0.0,0.0,0.0,0.0,0.0,0.0,0.0,0.0,0.0
11815,0.0,0.0,0.0,0.0,0.0,0.0,0.0,0.0,0.0,0.0,0.0,0.0
11816,0.0,0.0,0.0,0.0,0.0,0.0,0.0,0.0,0.0,0.0,0.0,0.0
11817,0.0,0.0,0.0,0.0,0.0,0.0,0.0,0.0,0.0,0.0,0.0,0.0
11833,0.0,0.0,0.0,0.0,0.0,0.0,0.0,0.0,0.0,0.0,0.0,0.0
11834,0.0,0.0,0.0,0.0,0.0,0.0,0.0,0.0,0.0,0.0,0.0,0.0
11835,0.0,0.0,0.0,0.0,0.0,0.0,0.0,0.0,0.0,0.0,0.0,0.0
11836,0.0,0.0,0.0,0.0,0.0,0.0,0.0,0.0,0.0,0.0,0.0,0.0
11856,0.0,0.0,0.0,0.0,0.0,0.0,0.0,0.0,0.0,0.0,0.0,0.0
11857,0.0,0.0,0.0,0.0,0.0,0.0,0.0,0.0,0.0,0.0,0.0,0.0
11858,0.0,0.0,0.0,0.0,0.0,0.0,0.0,0.0,0.0,0.0,0.0,0.0
11859,0.0,0.0,0.0,0.0,0.0,0.0,0.0,0.0,0.0,0.0,0.0,0.0
11878,0.0,0.0,0.0,0.0,0.0,0.0,0.0,0.0,0.0,0.0,0.0,0.0
11879,0.0,0.0,0.0,0.0,0.0,0.0,0.0,0.0,0.0,0.0,0.0,0.0
11882,0.0,0.0,0.0,0.0,0.0,0.0,0.0,0.0,0.0,0.0,0.0,0.0
11883,0.0,0.0,0.0,0.0,0.0,0.0,0.0,0.0,0.0,0.0,0.0,0.0
11884,0.0,0.0,0.0,0.0,0.0,0.0,0.0,0.0,0.0,0.0,0.0,0.0
11885,0.0,0.0,0.0,0.0,0.0,0.0,0.0,0.0,0.0,0.0,0.0,0.0
11886,0.0,0.0,0.0,0.0,0.0,0.0,0.0,0.0,0.0,0.0,0.0,0.0
12158,0.0,0.0,0.0,0.0,0.0,0.0,0.0,0.0,0.0,0.0,0.0,0.0
12159,0.0,0.0,0.0,0.0,0.0,0.0,0.0,0.0,0.0,0.0,0.0,0.0
12160,0.0,0.0,0.0,0.0,0.0,0.0,0.0,0.0,0.0,0.0,0.0,0.0
12161,0.0,0.0,0.0,0.0,0.0,0.0,0.0,0.0,0.0,0.0,0.0,0.0
12162,0.0,0.0,0.0,0.0,0.0,0.0,0.0,0.0,0.0,0.0,0.0,0.0
12163,0.0,0.0,0.0,0.0,0.0,0.0,0.0,0.0,0.0,0.0,0.0,0.0
12164,0.0,0.0,0.0,0.0,0.0,0.0,0.0,0.0,0.0,0.0,0.0,0.0
12165,0.0,0.0,0.0,0.0,0.0,0.0,0.0,0.0,0.0,0.0,0.0,0.0
12166,0.0,0.0,0.0,0.0,0.0,0.0,0.0,0.0,0.0,0.0,0.0,0.0
12167,0.0,0.0,0.0,0.0,0.0,0.0,0.0,0.0,0.0,0.0,0.0,0.0
12168,0.0,0.0,0.0,0.0,0.0,0.0,0.0,0.0,0.0,0.0,0.0,0.0
12170,0.0,0.0,0.0,0.0,0.0,0.0,0.0,0.0,0.0,0.0,0.0,0.0
12171,0.0,0.0,0.0,0.0,0.0,0.0,0.0,0.0,0.0,0.0,0.0,0.0
12172,0.0,0.0,0.0,0.0,0.0,0.0,0.0,0.0,0.0,0.0,0.0,0.0
12173,0.0,0.0,0.0,0.0,0.0,0.0,0.0,0.0,0.0,0.0,0.0,0.0
12174,0.0,0.0,0.0,0.0,0.0,0.0,0.0,0.0,0.0,0.0,0.0,0.0
12175,0.0,0.0,0.0,0.0,0.0,0.0,0.0,0.0,0.0,0.0,0.0,0.0
12317,0.0,0.0,0.0,0.0,0.0,0.0,0.0,0.0,0.0,0.0,0.0,0.0
12318,0.0,0.0,0.0,0.0,0.0,0.0,0.0,0.0,0.0,0.0,0.0,0.0
12319,0.0,0.0,0.0,0.0,0.0,0.0,0.0,0.0,0.0,0.0,0.0,0.0
12320,0.0,0.0,0.0,0.0,0.0,0.0,0.0,0.0,0.0,0.0,0.0,0.0
12321,0.0,0.0,0.0,0.0,0.0,0.0,0.0,0.0,0.0,0.0,0.0,0.0
12322,0.0,0.0,0.0,0.0,0.0,0.0,0.0,0.0,0.0,0.0,0.0,0.0
12331,0.0,0.0,0.0,0.0,0.0,0.0,0.0,0.0,0.0,0.0,0.0,0.0
12335,0.0,0.0,0.0,0.0,0.0,0.0,0.0,0.0,0.0,0.0,0.0,0.0
12336,0.0,0.0,0.0,0.0,0.0,0.0,0.0,0.0,0.0,0.0,0.0,0.0
12337,0.0,0.0,0.0,0.0,0.0,0.0,0.0,0.0,0.0,0.0,0.0,0.0
12338,0.0,0.0,0.0,0.0,0.0,0.0,0.0,0.0,0.0,0.0,0.0,0.0
12339,0.0,0.0,0.0,0.0,0.0,0.0,0.0,0.0,0.0,0.0,0.0,0.0
12340,0.0,0.0,0.0,0.0,0.0,0.0,0.0,0.0,0.0,0.0,0.0,0.0
12341,0.0,0.0,0.0,0.0,0.0,0.0,0.0,0.0,0.0,0.0,0.0,0.0
12342,0.0,0.0,0.0,0.0,0.0,0.0,0.0,0.0,0.0,0.0,0.0,0.0
12343,0.0,0.0,0.0,0.0,0.0,0.0,0.0,0.0,0.0,0.0,0.0,0.0
12344,0.0,0.0,0.0,0.0,0.0,0.0,0.0,0.0,0.0,0.0,0.0,0.0
12345,0.0,0.0,0.0,0.0,0.0,0.0,0.0,0.0,0.0,0.0,0.0,0.0
12360,0.0,0.0,0.0,0.0,0.0,0.0,0.0,0.0,0.0,0.0,0.0,0.0
12362,0.0,0.0,0.0,0.0,0.0,0.0,0.0,0.0,0.0,0.0,0.0,0.0
12363,0.0,0.0,0.0,0.0,0.0,0.0,0.0,0.0,0.0,0.0,0.0,0.0
12364,0.0,0.0,0.0,0.0,0.0,0.0,0.0,0.0,0.0,0.0,0.0,0.0
12384,0.0,0.0,0.0,0.0,0.0,0.0,0.0,0.0,0.0,0.0,0.0,0.0
12385,0.0,0.0,0.0,0.0,0.0,0.0,0.0,0.0,0.0,0.0,0.0,0.0
12399,0.0,0.0,0.0,0.0,0.0,0.0,0.0,0.0,0.0,0.0,0.0,0.0
12400,0.0,0.0,0.0,0.0,0.0,0.0,0.0,0.0,0.0,0.0,0.0,0.0
12401,0.0,0.0,0.0,0.0,0.0,0.0,0.0,0.0,0.0,0.0,0.0,0.0
12402,0.0,0.0,0.0,0.0,0.0,0.0,0.0,0.0,0.0,0.0,0.0,0.0
12403,0.0,0.0,0.0,0.0,0.0,0.0,0.0,0.0,0.0,0.0,0.0,0.0
12422,0.0,0.0,0.0,0.0,0.0,0.0,0.0,0.0,0.0,0.0,0.0,0.0
12423,0.0,0.0,0.0,0.0,0.0,0.0,0.0,0.0,0.0,0.0,0.0,0.0
12424,0.0,0.0,0.0,0.0,0.0,0.0,0.0,0.0,0.0,0.0,0.0,0.0
12425,0.0,0.0,0.0,0.0,0.0,0.0,0.0,0.0,0.0,0.0,0.0,0.0
12426,0.0,0.0,0.0,0.0,0.0,0.0,0.0,0.0,0.0,0.0,0.0,0.0
12447,0.0,0.0,0.0,0.0,0.0,0.0,0.0,0.0,0.0,0.0,0.0,0.0
12448,0.0,0.0,0.0,0.0,0.0,0.0,0.0,0.0,0.0,0.0,0.0,0.0
12449,0.0,0.0,0.0,0.0,0.0,0.0,0.0,0.0,0.0,0.0,0.0,0.0
12450,0.0,0.0,0.0,0.0,0.0,0.0,0.0,0.0,0.0,0.0,0.0,0.0
12451,0.0,0.0,0.0,0.0,0.0,0.0,0.0,0.0,0.0,0.0,0.0,0.0
12452,0.0,0.0,0.0,0.0,0.0,0.0,0.0,0.0,0.0,0.0,0.0,0.0
12453,0.0,0.0,0.0,0.0,0.0,0.0,0.0,0.0,0.0,0.0,0.0,0.0
12534,0.0,0.0,0.0,0.0,0.0,0.0,0.0,0.0,0.0,0.0,0.0,0.0
12535,0.0,0.0,0.0,0.0,0.0,0.0,0.0,0.0,0.0,0.0,0.0,0.0
12536,0.0,0.0,0.0,0.0,0.0,0.0,0.0,0.0,0.0,0.0,0.0,0.0
12630,0.0,0.0,0.0,0.0,0.0,0.0,0.0,0.0,0.0,0.0,0.0,0.0
12732,0.0,0.0,0.0,0.0,0.0,0.0,0.0,0.0,0.0,0.0,0.0,0.0
12733,0.0,0.0,0.0,0.0,0.0,0.0,0.0,0.0,0.0,0.0,0.0,0.0
12734,0.0,0.0,0.0,0.0,0.0,0.0,0.0,0.0,0.0,0.0,0.0,0.0
12735,0.0,0.0,0.0,0.0,0.0,0.0,0.0,0.0,0.0,0.0,0.0,0.0
12736,0.0,0.0,0.0,0.0,0.0,0.0,0.0,0.0,0.0,0.0,0.0,0.0
12737,0.0,0.0,0.0,0.0,0.0,0.0,0.0,0.0,0.0,0.0,0.0,0.0
12741,0.0,0.0,0.0,0.0,0.0,0.0,0.0,0.0,0.0,0.0,0.0,0.0
12880,0.0,0.0,0.0,0.0,0.0,0.0,0.0,0.0,0.0,0.0,0.0,0.0
12881,0.0,0.0,0.0,0.0,0.0,0.0,0.0,0.0,0.0,0.0,0.0,0.0
12882,0.0,0.0,0.0,0.0,0.0,0.0,0.0,0.0,0.0,0.0,0.0,0.0
12883,0.0,0.0,0.0,0.0,0.0,0.0,0.0,0.0,0.0,0.0,0.0,0.0
12884,0.0,0.0,0.0,0.0,0.0,0.0,0.0,0.0,0.0,0.0,0.0,0.0
12885,0.0,0.0,0.0,0.0,0.0,0.0,0.0,0.0,0.0,0.0,0.0,0.0
12886,0.0,0.0,0.0,0.0,0.0,0.0,0.0,0.0,0.0,0.0,0.0,0.0
12887,0.0,0.0,0.0,0.0,0.0,0.0,0.0,0.0,0.0,0.0,0.0,0.0
12890,0.0,0.0,0.0,0.0,0.0,0.0,0.0,0.0,0.0,0.0,0.0,0.0
12891,0.0,0.0,0.0,0.0,0.0,0.0,0.0,0.0,0.0,0.0,0.0,0.0
12892,0.0,0.0,0.0,0.0,0.0,0.0,0.0,0.0,0.0,0.0,0.0,0.0
12893,0.0,0.0,0.0,0.0,0.0,0.0,0.0,0.0,0.0,0.0,0.0,0.0
12894,0.0,0.0,0.0,0.0,0.0,0.0,0.0,0.0,0.0,0.0,0.0,0.0
12895,0.0,0.0,0.0,0.0,0.0,0.0,0.0,0.0,0.0,0.0,0.0,0.0
12897,0.0,0.0,0.0,0.0,0.0,0.0,0.0,0.0,0.0,0.0,0.0,0.0
12898,0.0,0.0,0.0,0.0,0.0,0.0,0.0,0.0,0.0,0.0,0.0,0.0
12900,0.0,0.0,0.0,0.0,0.0,0.0,0.0,0.0,0.0,0.0,0.0,0.0
12901,0.0,0.0,0.0,0.0,0.0,0.0,0.0,0.0,0.0,0.0,0.0,0.0
12902,0.0,0.0,0.0,0.0,0.0,0.0,0.0,0.0,0.0,0.0,0.0,0.0
12903,0.0,0.0,0.0,0.0,0.0,0.0,0.0,0.0,0.0,0.0,0.0,0.0
12904,0.0,0.0,0.0,0.0,0.0,0.0,0.0,0.0,0.0,0.0,0.0,0.0
12905,0.0,0.0,0.0,0.0,0.0,0.0,0.0,0.0,0.0,0.0,0.0,0.0
12910,0.0,0.0,0.0,0.0,0.0,0.0,0.0,0.0,0.0,0.0,0.0,0.0
12911,0.0,0.0,0.0,0.0,0.0,0.0,0.0,0.0,0.0,0.0,0.0,0.0
12912,0.0,0.0,0.0,0.0,0.0,0.0,0.0,0.0,0.0,0.0,0.0,0.0
12918,0.0,0.0,0.0,0.0,0.0,0.0,0.0,0.0,0.0,0.0,0.0,0.0
12940,0.0,0.0,0.0,0.0,0.0,0.0,0.0,0.0,0.0,0.0,0.0,0.0
12941,0.0,0.0,0.0,0.0,0.0,0.0,0.0,0.0,0.0,0.0,0.0,0.0
12942,0.0,0.0,0.0,0.0,0.0,0.0,0.0,0.0,0.0,0.0,0.0,0.0
12943,0.0,0.0,0.0,0.0,0.0,0.0,0.0,0.0,0.0,0.0,0.0,0.0
12944,0.0,0.0,0.0,0.0,0.0,0.0,0.0,0.0,0.0,0.0,0.0,0.0
12945,0.0,0.0,0.0,0.0,0.0,0.0,0.0,0.0,0.0,0.0,0.0,0.0
12946,0.0,0.0,0.0,0.0,0.0,0.0,0.0,0.0,0.0,0.0,0.0,0.0
12949,0.0,0.0,0.0,0.0,0.0,0.0,0.0,0.0,0.0,0.0,0.0,0.0
12954,0.0,0.0,0.0,0.0,0.0,0.0,0.0,0.0,0.0,0.0,0.0,0.0
12955,0.0,0.0,0.0,0.0,0.0,0.0,0.0,0.0,0.0,0.0,0.0,0.0
12956,0.0,0.0,0.0,0.0,0.0,0.0,0.0,0.0,0.0,0.0,0.0,0.0
12957,0.0,0.0,0.0,0.0,0.0,0.0,0.0,0.0,0.0,0.0,0.0,0.0
12958,0.0,0.0,0.0,0.0,0.0,0.0,0.0,0.0,0.0,0.0,0.0,0.0
12959,0.0,0.0,0.0,0.0,0.0,0.0,0.0,0.0,0.0,0.0,0.0,0.0
12960,0.0,0.0,0.0,0.0,0.0,0.0,0.0,0.0,0.0,0.0,0.0,0.0
12978,0.0,0.0,0.0,0.0,0.0,0.0,0.0,0.0,0.0,0.0,0.0,0.0
12979,0.0,0.0,0.0,0.0,0.0,0.0,0.0,0.0,0.0,0.0,0.0,0.0
12980,0.0,0.0,0.0,0.0,0.0,0.0,0.0,0.0,0.0,0.0,0.0,0.0
12981,0.0,0.0,0.0,0.0,0.0,0.0,0.0,0.0,0.0,0.0,0.0,0.0
13008,0.0,0.0,0.0,0.0,0.0,0.0,0.0,0.0,0.0,0.0,0.0,0.0
13009,0.0,0.0,0.0,0.0,0.0,0.0,0.0,0.0,0.0,0.0,0.0,0.0
13010,0.0,0.0,0.0,0.0,0.0,0.0,0.0,0.0,0.0,0.0,0.0,0.0
13011,0.0,0.0,0.0,0.0,0.0,0.0,0.0,0.0,0.0,0.0,0.0,0.0
13094,0.0,0.0,0.0,0.0,0.0,0.0,0.0,0.0,0.0,0.0,0.0,0.0
13186,0.0,0.0,0.0,0.0,0.0,0.0,0.0,0.0,0.0,0.0,0.0,0.0
13292,0.0,0.0,0.0,0.0,0.0,0.0,0.0,0.0,0.0,0.0,0.0,0.0
13293,0.0,0.0,0.0,0.0,0.0,0.0,0.0,0.0,0.0,0.0,0.0,0.0
13294,0.0,0.0,0.0,0.0,0.0,0.0,0.0,0.0,0.0,0.0,0.0,0.0
13295,0.0,0.0,0.0,0.0,0.0,0.0,0.0,0.0,0.0,0.0,0.0,0.0
13296,0.0,0.0,0.0,0.0,0.0,0.0,0.0,0.0,0.0,0.0,0.0,0.0
13297,0.0,0.0,0.0,0.0,0.0,0.0,0.0,0.0,0.0,0.0,0.0,0.0
13298,0.0,0.0,0.0,0.0,0.0,0.0,0.0,0.0,0.0,0.0,0.0,0.0
13299,0.0,0.0,0.0,0.0,0.0,0.0,0.0,0.0,0.0,0.0,0.0,0.0
13301,0.0,0.0,0.0,0.0,0.0,0.0,0.0,0.0,0.0,0.0,0.0,0.0
13302,0.0,0.0,0.0,0.0,0.0,0.0,0.0,0.0,0.0,0.0,0.0,0.0
13303,0.0,0.0,0.0,0.0,0.0,0.0,0.0,0.0,0.0,0.0,0.0,0.0
13304,0.0,0.0,0.0,0.0,0.0,0.0,0.0,0.0,0.0,0.0,0.0,0.0
13305,0.0,0.0,0.0,0.0,0.0,0.0,0.0,0.0,0.0,0.0,0.0,0.0
13306,0.0,0.0,0.0,0.0,0.0,0.0,0.0,0.0,0.0,0.0,0.0,0.0
13307,0.0,0.0,0.0,0.0,0.0,0.0,0.0,0.0,0.0,0.0,0.0,0.0
13448,0.0,0.0,0.0,0.0,0.0,0.0,0.0,0.0,0.0,0.0,0.0,0.0
13450,0.0,0.0,0.0,0.0,0.0,0.0,0.0,0.0,0.0,0.0,0.0,0.0
13451,0.0,0.0,0.0,0.0,0.0,0.0,0.0,0.0,0.0,0.0,0.0,0.0
13452,0.0,0.0,0.0,0.0,0.0,0.0,0.0,0.0,0.0,0.0,0.0,0.0
13454,0.0,0.0,0.0,0.0,0.0,0.0,0.0,0.0,0.0,0.0,0.0,0.0
13455,0.0,0.0,0.0,0.0,0.0,0.0,0.0,0.0,0.0,0.0,0.0,0.0
13456,0.0,0.0,0.0,0.0,0.0,0.0,0.0,0.0,0.0,0.0,0.0,0.0
13457,0.0,0.0,0.0,0.0,0.0,0.0,0.0,0.0,0.0,0.0,0.0,0.0
13458,0.0,0.0,0.0,0.0,0.0,0.0,0.0,0.0,0.0,0.0,0.0,0.0
13459,0.0,0.0,0.0,0.0,0.0,0.0,0.0,0.0,0.0,0.0,0.0,0.0
13464,0.0,0.0,0.0,0.0,0.0,0.0,0.0,0.0,0.0,0.0,0.0,0.0
13465,0.0,0.0,0.0,0.0,0.0,0.0,0.0,0.0,0.0,0.0,0.0,0.0
13466,0.0,0.0,0.0,0.0,0.0,0.0,0.0,0.0,0.0,0.0,0.0,0.0
13467,0.0,0.0,0.0,0.0,0.0,0.0,0.0,0.0,0.0,0.0,0.0,0.0
13468,0.0,0.0,0.0,0.0,0.0,0.0,0.0,0.0,0.0,0.0,0.0,0.0
13469,0.0,0.0,0.0,0.0,0.0,0.0,0.0,0.0,0.0,0.0,0.0,0.0
13472,0.0,0.0,0.0,0.0,0.0,0.0,0.0,0.0,0.0,0.0,0.0,0.0
13474,0.0,0.0,0.0,0.0,0.0,0.0,0.0,0.0,0.0,0.0,0.0,0.0
13494,0.0,0.0,0.0,0.0,0.0,0.0,0.0,0.0,0.0,0.0,0.0,0.0
13495,0.0,0.0,0.0,0.0,0.0,0.0,0.0,0.0,0.0,0.0,0.0,0.0
13496,0.0,0.0,0.0,0.0,0.0,0.0,0.0,0.0,0.0,0.0,0.0,0.0
13497,0.0,0.0,0.0,0.0,0.0,0.0,0.0,0.0,0.0,0.0,0.0,0.0
13498,0.0,0.0,0.0,0.0,0.0,0.0,0.0,0.0,0.0,0.0,0.0,0.0
13499,0.0,0.0,0.0,0.0,0.0,0.0,0.0,0.0,0.0,0.0,0.0,0.0
13500,0.0,0.0,0.0,0.0,0.0,0.0,0.0,0.0,0.0,0.0,0.0,0.0
13501,0.0,0.0,0.0,0.0,0.0,0.0,0.0,0.0,0.0,0.0,0.0,0.0
13502,0.0,0.0,0.0,0.0,0.0,0.0,0.0,0.0,0.0,0.0,0.0,0.0
13503,0.0,0.0,0.0,0.0,0.0,0.0,0.0,0.0,0.0,0.0,0.0,0.0
13519,0.0,0.0,0.0,0.0,0.0,0.0,0.0,0.0,0.0,0.0,0.0,0.0
13520,0.0,0.0,0.0,0.0,0.0,0.0,0.0,0.0,0.0,0.0,0.0,0.0
13521,0.0,0.0,0.0,0.0,0.0,0.0,0.0,0.0,0.0,0.0,0.0,0.0
13522,0.0,0.0,0.0,0.0,0.0,0.0,0.0,0.0,0.0,0.0,0.0,0.0
13523,0.0,0.0,0.0,0.0,0.0,0.0,0.0,0.0,0.0,0.0,0.0,0.0
13524,0.0,0.0,0.0,0.0,0.0,0.0,0.0,0.0,0.0,0.0,0.0,0.0
13525,0.0,0.0,0.0,0.0,0.0,0.0,0.0,0.0,0.0,0.0,0.0,0.0
13741,0.0,0.0,0.0,0.0,0.0,0.0,0.0,0.0,0.0,0.0,0.0,0.0
13838,0.0,0.0,0.0,0.0,0.0,0.0,0.0,0.0,0.0,0.0,0.0,0.0
13839,0.0,0.0,0.0,0.0,0.0,0.0,0.0,0.0,0.0,0.0,0.0,0.0
13842,0.0,0.0,0.0,0.0,0.0,0.0,0.0,0.0,0.0,0.0,0.0,0.0
13987,0.0,0.0,0.0,0.0,0.0,0.0,0.0,0.0,0.0,0.0,0.0,0.0
13988,0.0,0.0,0.0,0.0,0.0,0.0,0.0,0.0,0.0,0.0,0.0,0.0
13989,0.0,0.0,0.0,0.0,0.0,0.0,0.0,0.0,0.0,0.0,0.0,0.0
13990,0.0,0.0,0.0,0.0,0.0,0.0,0.0,0.0,0.0,0.0,0.0,0.0
13991,0.0,0.0,0.0,0.0,0.0,0.0,0.0,0.0,0.0,0.0,0.0,0.0
13992,0.0,0.0,0.0,0.0,0.0,0.0,0.0,0.0,0.0,0.0,0.0,0.0
13993,0.0,0.0,0.0,0.0,0.0,0.0,0.0,0.0,0.0,0.0,0.0,0.0
13994,0.0,0.0,0.0,0.0,0.0,0.0,0.0,0.0,0.0,0.0,0.0,0.0
13995,0.0,0.0,0.0,0.0,0.0,0.0,0.0,0.0,0.0,0.0,0.0,0.0
13996,0.0,0.0,0.0,0.0,0.0,0.0,0.0,0.0,0.0,0.0,0.0,0.0
13998,0.0,0.0,0.0,0.0,0.0,0.0,0.0,0.0,0.0,0.0,0.0,0.0
13999,0.0,0.0,0.0,0.0,0.0,0.0,0.0,0.0,0.0,0.0,0.0,0.0
14000,0.0,0.0,0.0,0.0,0.0,0.0,0.0,0.0,0.0,0.0,0.0,0.0
14001,0.0,0.0,0.0,0.0,0.0,0.0,0.0,0.0,0.0,0.0,0.0,0.0
14002,0.0,0.0,0.0,0.0,0.0,0.0,0.0,0.0,0.0,0.0,0.0,0.0
14008,0.0,0.0,0.0,0.0,0.0,0.0,0.0,0.0,0.0,0.0,0.0,0.0
14009,0.0,0.0,0.0,0.0,0.0,0.0,0.0,0.0,0.0,0.0,0.0,0.0
14010,0.0,0.0,0.0,0.0,0.0,0.0,0.0,0.0,0.0,0.0,0.0,0.0
14028,0.0,0.0,0.0,0.0,0.0,0.0,0.0,0.0,0.0,0.0,0.0,0.0
14029,0.0,0.0,0.0,0.0,0.0,0.0,0.0,0.0,0.0,0.0,0.0,0.0
14030,0.0,0.0,0.0,0.0,0.0,0.0,0.0,0.0,0.0,0.0,0.0,0.0
14031,0.0,0.0,0.0,0.0,0.0,0.0,0.0,0.0,0.0,0.0,0.0,0.0
14032,0.0,0.0,0.0,0.0,0.0,0.0,0.0,0.0,0.0,0.0,0.0,0.0
14050,0.0,0.0,0.0,0.0,0.0,0.0,0.0,0.0,0.0,0.0,0.0,0.0
14051,0.0,0.0,0.0,0.0,0.0,0.0,0.0,0.0,0.0,0.0,0.0,0.0
14052,0.0,0.0,0.0,0.0,0.0,0.0,0.0,0.0,0.0,0.0,0.0,0.0
14053,0.0,0.0,0.0,0.0,0.0,0.0,0.0,0.0,0.0,0.0,0.0,0.0
14270,0.0,0.0,0.0,0.0,0.0,0.0,0.0,0.0,0.0,0.0,0.0,0.0
14337,0.0,0.0,0.0,0.0,0.0,0.0,0.0,0.0,0.0,0.0,0.0,0.0
14338,0.0,0.0,0.0,0.0,0.0,0.0,0.0,0.0,0.0,0.0,0.0,0.0
14339,0.0,0.0,0.0,0.0,0.0,0.0,0.0,0.0,0.0,0.0,0.0,0.0
14340,0.0,0.0,0.0,0.0,0.0,0.0,0.0,0.0,0.0,0.0,0.0,0.0
14364,0.0,0.0,0.0,0.0,0.0,0.0,0.0,0.0,0.0,0.0,0.0,0.0
14365,0.0,0.0,0.0,0.0,0.0,0.0,0.0,0.0,0.0,0.0,0.0,0.0
14366,0.0,0.0,0.0,0.0,0.0,0.0,0.0,0.0,0.0,0.0,0.0,0.0
14369,0.0,0.0,0.0,0.0,0.0,0.0,0.0,0.0,0.0,0.0,0.0,0.0
14370,0.0,0.0,0.0,0.0,0.0,0.0,0.0,0.0,0.0,0.0,0.0,0.0
14371,0.0,0.0,0.0,0.0,0.0,0.0,0.0,0.0,0.0,0.0,0.0,0.0
14372,0.0,0.0,0.0,0.0,0.0,0.0,0.0,0.0,0.0,0.0,0.0,0.0
14516,0.0,0.0,0.0,0.0,0.0,0.0,0.0,0.0,0.0,0.0,0.0,0.0
14517,0.0,0.0,0.0,0.0,0.0,0.0,0.0,0.0,0.0,0.0,0.0,0.0
14518,0.0,0.0,0.0,0.0,0.0,0.0,0.0,0.0,0.0,0.0,0.0,0.0
14519,0.0,0.0,0.0,0.0,0.0,0.0,0.0,0.0,0.0,0.0,0.0,0.0
14520,0.0,0.0,0.0,0.0,0.0,0.0,0.0,0.0,0.0,0.0,0.0,0.0
14521,0.0,0.0,0.0,0.0,0.0,0.0,0.0,0.0,0.0,0.0,0.0,0.0
14522,0.0,0.0,0.0,0.0,0.0,0.0,0.0,0.0,0.0,0.0,0.0,0.0
14523,0.0,0.0,0.0,0.0,0.0,0.0,0.0,0.0,0.0,0.0,0.0,0.0
14524,0.0,0.0,0.0,0.0,0.0,0.0,0.0,0.0,0.0,0.0,0.0,0.0
14525,0.0,0.0,0.0,0.0,0.0,0.0,0.0,0.0,0.0,0.0,0.0,0.0
14527,0.0,0.0,0.0,0.0,0.0,0.0,0.0,0.0,0.0,0.0,0.0,0.0
14528,0.0,0.0,0.0,0.0,0.0,0.0,0.0,0.0,0.0,0.0,0.0,0.0
14529,0.0,0.0,0.0,0.0,0.0,0.0,0.0,0.0,0.0,0.0,0.0,0.0
14530,0.0,0.0,0.0,0.0,0.0,0.0,0.0,0.0,0.0,0.0,0.0,0.0
14531,0.0,0.0,0.0,0.0,0.0,0.0,0.0,0.0,0.0,0.0,0.0,0.0
14532,0.0,0.0,0.0,0.0,0.0,0.0,0.0,0.0,0.0,0.0,0.0,0.0
14533,0.0,0.0,0.0,0.0,0.0,0.0,0.0,0.0,0.0,0.0,0.0,0.0
14534,0.0,0.0,0.0,0.0,0.0,0.0,0.0,0.0,0.0,0.0,0.0,0.0
14535,0.0,0.0,0.0,0.0,0.0,0.0,0.0,0.0,0.0,0.0,0.0,0.0
14536,0.0,0.0,0.0,0.0,0.0,0.0,0.0,0.0,0.0,0.0,0.0,0.0
14537,0.0,0.0,0.0,0.0,0.0,0.0,0.0,0.0,0.0,0.0,0.0,0.0
14538,0.0,0.0,0.0,0.0,0.0,0.0,0.0,0.0,0.0,0.0,0.0,0.0
14539,0.0,0.0,0.0,0.0,0.0,0.0,0.0,0.0,0.0,0.0,0.0,0.0
14540,0.0,0.0,0.0,0.0,0.0,0.0,0.0,0.0,0.0,0.0,0.0,0.0
14541,0.0,0.0,0.0,0.0,0.0,0.0,0.0,0.0,0.0,0.0,0.0,0.0
14542,0.0,0.0,0.0,0.0,0.0,0.0,0.0,0.0,0.0,0.0,0.0,0.0
14543,0.0,0.0,0.0,0.0,0.0,0.0,0.0,0.0,0.0,0.0,0.0,0.0
14544,0.0,0.0,0.0,0.0,0.0,0.0,0.0,0.0,0.0,0.0,0.0,0.0
14545,0.0,0.0,0.0,0.0,0.0,0.0,0.0,0.0,0.0,0.0,0.0,0.0
14561,0.0,0.0,0.0,0.0,0.0,0.0,0.0,0.0,0.0,0.0,0.0,0.0
14562,0.0,0.0,0.0,0.0,0.0,0.0,0.0,0.0,0.0,0.0,0.0,0.0
14563,0.0,0.0,0.0,0.0,0.0,0.0,0.0,0.0,0.0,0.0,0.0,0.0
14564,0.0,0.0,0.0,0.0,0.0,0.0,0.0,0.0,0.0,0.0,0.0,0.0
14565,0.0,0.0,0.0,0.0,0.0,0.0,0.0,0.0,0.0,0.0,0.0,0.0
14587,0.0,0.0,0.0,0.0,0.0,0.0,0.0,0.0,0.0,0.0,0.0,0.0
14588,0.0,0.0,0.0,0.0,0.0,0.0,0.0,0.0,0.0,0.0,0.0,0.0
14589,0.0,0.0,0.0,0.0,0.0,0.0,0.0,0.0,0.0,0.0,0.0,0.0
14873,0.0,0.0,0.0,0.0,0.0,0.0,0.0,0.0,0.0,0.0,0.0,0.0
14874,0.0,0.0,0.0,0.0,0.0,0.0,0.0,0.0,0.0,0.0,0.0,0.0
14875,0.0,0.0,0.0,0.0,0.0,0.0,0.0,0.0,0.0,0.0,0.0,0.0
14876,0.0,0.0,0.0,0.0,0.0,0.0,0.0,0.0,0.0,0.0,0.0,0.0
14896,0.0,0.0,0.0,0.0,0.0,0.0,0.0,0.0,0.0,0.0,0.0,0.0
14897,0.0,0.0,0.0,0.0,0.0,0.0,0.0,0.0,0.0,0.0,0.0,0.0
14898,0.0,0.0,0.0,0.0,0.0,0.0,0.0,0.0,0.0,0.0,0.0,0.0
14899,0.0,0.0,0.0,0.0,0.0,0.0,0.0,0.0,0.0,0.0,0.0,0.0
14900,0.0,0.0,0.0,0.0,0.0,0.0,0.0,0.0,0.0,0.0,0.0,0.0
14901,0.0,0.0,0.0,0.0,0.0,0.0,0.0,0.0,0.0,0.0,0.0,0.0
14902,0.0,0.0,0.0,0.0,0.0,0.0,0.0,0.0,0.0,0.0,0.0,0.0
14903,0.0,0.0,0.0,0.0,0.0,0.0,0.0,0.0,0.0,0.0,0.0,0.0
14904,0.0,0.0,0.0,0.0,0.0,0.0,0.0,0.0,0.0,0.0,0.0,0.0
14994,0.0,0.0,0.0,0.0,0.0,0.0,0.0,0.0,0.0,0.0,0.0,0.0
15048,0.0,0.0,0.0,0.0,0.0,0.0,0.0,0.0,0.0,0.0,0.0,0.0
15049,0.0,0.0,0.0,0.0,0.0,0.0,0.0,0.0,0.0,0.0,0.0,0.0
15050,0.0,0.0,0.0,0.0,0.0,0.0,0.0,0.0,0.0,0.0,0.0,0.0
15051,0.0,0.0,0.0,0.0,0.0,0.0,0.0,0.0,0.0,0.0,0.0,0.0
15052,0.0,0.0,0.0,0.0,0.0,0.0,0.0,0.0,0.0,0.0,0.0,0.0
15053,0.0,0.0,0.0,0.0,0.0,0.0,0.0,0.0,0.0,0.0,0.0,0.0
15054,0.0,0.0,0.0,0.0,0.0,0.0,0.0,0.0,0.0,0.0,0.0,0.0
15064,0.0,0.0,0.0,0.0,0.0,0.0,0.0,0.0,0.0,0.0,0.0,0.0
15065,0.0,0.0,0.0,0.0,0.0,0.0,0.0,0.0,0.0,0.0,0.0,0.0
15066,0.0,0.0,0.0,0.0,0.0,0.0,0.0,0.0,0.0,0.0,0.0,0.0
15067,0.0,0.0,0.0,0.0,0.0,0.0,0.0,0.0,0.0,0.0,0.0,0.0
15068,0.0,0.0,0.0,0.0,0.0,0.0,0.0,0.0,0.0,0.0,0.0,0.0
15069,0.0,0.0,0.0,0.0,0.0,0.0,0.0,0.0,0.0,0.0,0.0,0.0
15070,0.0,0.0,0.0,0.0,0.0,0.0,0.0,0.0,0.0,0.0,0.0,0.0
15085,0.0,0.0,0.0,0.0,0.0,0.0,0.0,0.0,0.0,0.0,0.0,0.0
15086,0.0,0.0,0.0,0.0,0.0,0.0,0.0,0.0,0.0,0.0,0.0,0.0
15087,0.0,0.0,0.0,0.0,0.0,0.0,0.0,0.0,0.0,0.0,0.0,0.0
15111,0.0,0.0,0.0,0.0,0.0,0.0,0.0,0.0,0.0,0.0,0.0,0.0
15112,0.0,0.0,0.0,0.0,0.0,0.0,0.0,0.0,0.0,0.0,0.0,0.0
15251,0.0,0.0,0.0,0.0,0.0,0.0,0.0,0.0,0.0,0.0,0.0,0.0
15383,0.0,0.0,0.0,0.0,0.0,0.0,0.0,0.0,0.0,0.0,0.0,0.0
15384,0.0,0.0,0.0,0.0,0.0,0.0,0.0,0.0,0.0,0.0,0.0,0.0
15385,0.0,0.0,0.0,0.0,0.0,0.0,0.0,0.0,0.0,0.0,0.0,0.0
15386,0.0,0.0,0.0,0.0,0.0,0.0,0.0,0.0,0.0,0.0,0.0,0.0
15387,0.0,0.0,0.0,0.0,0.0,0.0,0.0,0.0,0.0,0.0,0.0,0.0
15388,0.0,0.0,0.0,0.0,0.0,0.0,0.0,0.0,0.0,0.0,0.0,0.0
15389,0.0,0.0,0.0,0.0,0.0,0.0,0.0,0.0,0.0,0.0,0.0,0.0
15390,0.0,0.0,0.0,0.0,0.0,0.0,0.0,0.0,0.0,0.0,0.0,0.0
15394,0.0,0.0,0.0,0.0,0.0,0.0,0.0,0.0,0.0,0.0,0.0,0.0
15395,0.0,0.0,0.0,0.0,0.0,0.0,0.0,0.0,0.0,0.0,0.0,0.0
15396,0.0,0.0,0.0,0.0,0.0,0.0,0.0,0.0,0.0,0.0,0.0,0.0
15397,0.0,0.0,0.0,0.0,0.0,0.0,0.0,0.0,0.0,0.0,0.0,0.0
15398,0.0,0.0,0.0,0.0,0.0,0.0,0.0,0.0,0.0,0.0,0.0,0.0
15416,0.0,0.0,0.0,0.0,0.0,0.0,0.0,0.0,0.0,0.0,0.0,0.0
15417,0.0,0.0,0.0,0.0,0.0,0.0,0.0,0.0,0.0,0.0,0.0,0.0
15418,0.0,0.0,0.0,0.0,0.0,0.0,0.0,0.0,0.0,0.0,0.0,0.0
15419,0.0,0.0,0.0,0.0,0.0,0.0,0.0,0.0,0.0,0.0,0.0,0.0
15420,0.0,0.0,0.0,0.0,0.0,0.0,0.0,0.0,0.0,0.0,0.0,0.0
15421,0.0,0.0,0.0,0.0,0.0,0.0,0.0,0.0,0.0,0.0,0.0,0.0
15422,0.0,0.0,0.0,0.0,0.0,0.0,0.0,0.0,0.0,0.0,0.0,0.0
15423,0.0,0.0,0.0,0.0,0.0,0.0,0.0,0.0,0.0,0.0,0.0,0.0
15451,0.0,0.0,0.0,0.0,0.0,0.0,0.0,0.0,0.0,0.0,0.0,0.0
15452,0.0,0.0,0.0,0.0,0.0,0.0,0.0,0.0,0.0,0.0,0.0,0.0
15453,0.0,0.0,0.0,0.0,0.0,0.0,0.0,0.0,0.0,0.0,0.0,0.0
15454,0.0,0.0,0.0,0.0,0.0,0.0,0.0,0.0,0.0,0.0,0.0,0.0
15510,0.0,0.0,0.0,0.0,0.0,0.0,0.0,0.0,0.0,0.0,0.0,0.0
15566,0.0,0.0,0.0,0.0,0.0,0.0,0.0,0.0,0.0,0.0,0.0,0.0
15567,0.0,0.0,0.0,0.0,0.0,0.0,0.0,0.0,0.0,0.0,0.0,0.0
15579,0.0,0.0,0.0,0.0,0.0,0.0,0.0,0.0,0.0,0.0,0.0,0.0
15580,0.0,0.0,0.0,0.0,0.0,0.0,0.0,0.0,0.0,0.0,0.0,0.0
15582,0.0,0.0,0.0,0.0,0.0,0.0,0.0,0.0,0.0,0.0,0.0,0.0
15584,0.0,0.0,0.0,0.0,0.0,0.0,0.0,0.0,0.0,0.0,0.0,0.0
15585,0.0,0.0,0.0,0.0,0.0,0.0,0.0,0.0,0.0,0.0,0.0,0.0
15586,0.0,0.0,0.0,0.0,0.0,0.0,0.0,0.0,0.0,0.0,0.0,0.0
15587,0.0,0.0,0.0,0.0,0.0,0.0,0.0,0.0,0.0,0.0,0.0,0.0
15600,0.0,0.0,0.0,0.0,0.0,0.0,0.0,0.0,0.0,0.0,0.0,0.0
15601,0.0,0.0,0.0,0.0,0.0,0.0,0.0,0.0,0.0,0.0,0.0,0.0
15602,0.0,0.0,0.0,0.0,0.0,0.0,0.0,0.0,0.0,0.0,0.0,0.0
15626,0.0,0.0,0.0,0.0,0.0,0.0,0.0,0.0,0.0,0.0,0.0,0.0
15627,0.0,0.0,0.0,0.0,0.0,27692.562633752823,150827.9025438428,39418.77766340971,4589.7618599534035,740.2409383654594,0.0,0.0
15723,0.0,0.0,0.0,0.0,0.0,0.0,0.0,0.0,0.0,0.0,0.0,0.0
15764,0.0,0.0,0.0,-62615.95262527466,-989230.4605865479,-2498892.4493103027,-2351713.9995384216,-1526357.8334999084,-873574.3124008179,-17714.425106048584,0.0,0.0
15897,0.0,0.0,0.0,0.0,0.0,0.0,0.0,0.0,0.0,0.0,0.0,0.0
15898,0.0,0.0,0.0,0.0,0.0,0.0,0.0,0.0,0.0,0.0,0.0,0.0
15899,0.0,0.0,0.0,0.0,0.0,0.0,0.0,0.0,0.0,0.0,0.0,0.0
15902,0.0,0.0,0.0,0.0,0.0,0.0,0.0,0.0,0.0,0.0,0.0,0.0
15903,0.0,0.0,0.0,0.0,0.0,0.0,0.0,0.0,0.0,0.0,0.0,0.0
15904,0.0,0.0,0.0,0.0,0.0,0.0,0.0,0.0,0.0,0.0,0.0,0.0
15905,0.0,0.0,0.0,0.0,0.0,0.0,0.0,0.0,0.0,0.0,0.0,0.0
15922,0.0,0.0,0.0,0.0,0.0,0.0,0.0,0.0,0.0,0.0,0.0,0.0
15923,0.0,0.0,0.0,0.0,0.0,0.0,0.0,0.0,0.0,0.0,0.0,0.0
15924,0.0,0.0,0.0,0.0,0.0,0.0,0.0,0.0,0.0,0.0,0.0,0.0
15925,0.0,0.0,0.0,0.0,0.0,0.0,0.0,0.0,0.0,0.0,0.0,0.0
15952,0.0,0.0,0.0,0.0,0.0,0.0,0.0,0.0,0.0,0.0,0.0,0.0
15953,0.0,0.0,0.0,0.0,0.0,0.0,0.0,0.0,0.0,0.0,0.0,0.0
15954,0.0,0.0,0.0,0.0,0.0,0.0,0.0,0.0,0.0,0.0,0.0,0.0
15955,0.0,0.0,0.0,0.0,0.0,0.0,0.0,0.0,0.0,0.0,0.0,0.0
15956,0.0,0.0,0.0,0.0,0.0,0.0,0.0,0.0,0.0,0.0,0.0,0.0
15957,0.0,0.0,0.0,0.0,0.0,0.0,0.0,0.0,0.0,0.0,0.0,0.0
15960,0.0,0.0,0.0,0.0,0.0,0.0,0.0,0.0,0.0,0.0,0.0,0.0
15962,0.0,0.0,0.0,0.0,0.0,0.0,0.0,0.0,0.0,0.0,0.0,0.0
15963,0.0,0.0,0.0,0.0,0.0,0.0,0.0,0.0,0.0,0.0,0.0,0.0
16067,0.0,0.0,0.0,0.0,0.0,0.0,0.0,0.0,0.0,0.0,0.0,0.0
16068,0.0,0.0,0.0,0.0,0.0,0.0,0.0,0.0,0.0,0.0,0.0,0.0
16069,0.0,0.0,0.0,0.0,0.0,0.0,0.0,0.0,0.0,0.0,0.0,0.0
16085,0.0,0.0,0.0,0.0,0.0,0.0,0.0,0.0,0.0,0.0,0.0,0.0
16086,0.0,0.0,0.0,0.0,0.0,0.0,0.0,0.0,0.0,0.0,0.0,0.0
16087,0.0,0.0,0.0,0.0,0.0,0.0,0.0,0.0,0.0,0.0,0.0,0.0
16088,0.0,0.0,0.0,0.0,0.0,0.0,0.0,0.0,0.0,0.0,0.0,0.0
16089,0.0,0.0,0.0,0.0,0.0,0.0,0.0,0.0,0.0,0.0,0.0,0.0
16090,0.0,0.0,0.0,0.0,0.0,0.0,0.0,0.0,0.0,0.0,0.0,0.0
16095,0.0,0.0,0.0,0.0,0.0,0.0,0.0,0.0,0.0,0.0,0.0,0.0
16096,0.0,0.0,0.0,0.0,0.0,0.0,0.0,0.0,0.0,0.0,0.0,0.0
16097,0.0,0.0,0.0,0.0,0.0,0.0,0.0,0.0,0.0,0.0,0.0,0.0
16098,0.0,0.0,0.0,0.0,0.0,0.0,0.0,0.0,0.0,0.0,0.0,0.0
16122,0.0,0.0,0.0,0.0,0.0,0.0,0.0,0.0,0.0,0.0,0.0,0.0
16123,0.0,0.0,0.0,0.0,0.0,0.0,0.0,0.0,0.0,0.0,0.0,0.0
16125,0.0,0.0,0.0,0.0,0.0,0.0,0.0,0.0,0.0,0.0,0.0,0.0
16137,0.0,0.0,0.0,0.0,0.0,0.0,0.0,0.0,0.0,0.0,0.0,0.0
16138,0.0,0.0,0.0,0.0,0.0,0.0,0.0,0.0,0.0,0.0,0.0,0.0
16139,0.0,0.0,0.0,0.0,0.0,0.0,0.0,0.0,0.0,0.0,0.0,0.0
16140,0.0,0.0,0.0,0.0,0.0,0.0,0.0,0.0,0.0,0.0,0.0,0.0
16221,0.0,0.0,0.0,-2053581.3118114471,-36527319.64126015,-183885211.07405853,-196893751.66027832,-163144661.20906162,-74195072.0456953,-358236.06712532043,0.0,0.0
16394,0.0,0.0,0.0,0.0,0.0,0.0,0.0,0.0,0.0,0.0,0.0,0.0
16396,0.0,0.0,0.0,0.0,0.0,0.0,0.0,0.0,0.0,0.0,0.0,0.0
16397,0.0,0.0,0.0,0.0,0.0,0.0,0.0,0.0,0.0,0.0,0.0,0.0
16398,0.0,0.0,0.0,0.0,0.0,0.0,0.0,0.0,0.0,0.0,0.0,0.0
16399,0.0,0.0,0.0,0.0,0.0,0.0,0.0,0.0,0.0,0.0,0.0,0.0
16400,0.0,0.0,0.0,0.0,0.0,0.0,0.0,0.0,0.0,0.0,0.0,0.0
16401,0.0,0.0,0.0,0.0,0.0,0.0,0.0,0.0,0.0,0.0,0.0,0.0
16402,0.0,0.0,0.0,0.0,0.0,0.0,0.0,0.0,0.0,0.0,0.0,0.0
16411,0.0,0.0,0.0,0.0,0.0,0.0,0.0,0.0,0.0,0.0,0.0,0.0
16412,0.0,0.0,0.0,0.0,0.0,0.0,0.0,0.0,0.0,0.0,0.0,0.0
16413,0.0,0.0,0.0,0.0,0.0,0.0,0.0,0.0,0.0,0.0,0.0,0.0
16416,0.0,0.0,0.0,0.0,0.0,0.0,0.0,0.0,0.0,0.0,0.0,0.0
16417,0.0,0.0,0.0,0.0,0.0,0.0,0.0,0.0,0.0,0.0,0.0,0.0
16418,0.0,0.0,0.0,0.0,0.0,0.0,0.0,0.0,0.0,0.0,0.0,0.0
16419,0.0,0.0,0.0,0.0,0.0,0.0,0.0,0.0,0.0,0.0,0.0,0.0
16421,0.0,0.0,0.0,0.0,0.0,0.0,0.0,0.0,0.0,0.0,0.0,0.0
16422,0.0,0.0,0.0,0.0,0.0,0.0,0.0,0.0,0.0,0.0,0.0,0.0
16423,0.0,0.0,0.0,0.0,0.0,0.0,0.0,0.0,0.0,0.0,0.0,0.0
16424,0.0,0.0,0.0,0.0,0.0,0.0,0.0,0.0,0.0,0.0,0.0,0.0
16425,0.0,0.0,0.0,0.0,0.0,0.0,0.0,0.0,0.0,0.0,0.0,0.0
16426,0.0,0.0,0.0,0.0,0.0,0.0,0.0,0.0,0.0,0.0,0.0,0.0
16431,0.0,0.0,0.0,0.0,0.0,0.0,0.0,0.0,0.0,0.0,0.0,0.0
16451,0.0,0.0,0.0,0.0,0.0,0.0,0.0,0.0,0.0,0.0,0.0,0.0
16452,0.0,0.0,0.0,0.0,0.0,0.0,0.0,0.0,0.0,0.0,0.0,0.0
16453,0.0,0.0,0.0,0.0,0.0,0.0,0.0,0.0,0.0,0.0,0.0,0.0
16460,0.0,0.0,0.0,0.0,0.0,0.0,0.0,0.0,0.0,0.0,0.0,0.0
16461,0.0,0.0,0.0,0.0,0.0,0.0,0.0,0.0,0.0,0.0,0.0,0.0
16462,0.0,0.0,0.0,0.0,0.0,0.0,0.0,0.0,0.0,0.0,0.0,0.0
16463,0.0,0.0,0.0,0.0,0.0,0.0,0.0,0.0,0.0,0.0,0.0,0.0
16464,0.0,0.0,0.0,0.0,0.0,0.0,0.0,0.0,0.0,0.0,0.0,0.0
16465,0.0,0.0,0.0,0.0,0.0,0.0,0.0,0.0,0.0,0.0,0.0,0.0
16466,0.0,0.0,0.0,0.0,0.0,0.0,0.0,0.0,0.0,0.0,0.0,0.0
16467,0.0,0.0,0.0,0.0,0.0,0.0,0.0,0.0,0.0,0.0,0.0,0.0
16566,0.0,0.0,0.0,0.0,0.0,0.0,0.0,0.0,0.0,0.0,0.0,0.0
16567,0.0,0.0,0.0,0.0,0.0,0.0,0.0,0.0,0.0,0.0,0.0,0.0
16583,0.0,0.0,0.0,0.0,0.0,0.0,0.0,0.0,0.0,0.0,0.0,0.0
16584,0.0,0.0,0.0,0.0,0.0,0.0,0.0,0.0,0.0,0.0,0.0,0.0
16585,0.0,0.0,0.0,0.0,0.0,0.0,0.0,0.0,0.0,0.0,0.0,0.0
16587,0.0,0.0,0.0,0.0,0.0,0.0,0.0,0.0,0.0,0.0,0.0,0.0
16588,0.0,0.0,0.0,0.0,0.0,0.0,0.0,0.0,0.0,0.0,0.0,0.0
16590,0.0,0.0,0.0,0.0,0.0,0.0,0.0,0.0,0.0,0.0,0.0,0.0
16591,0.0,0.0,0.0,0.0,0.0,0.0,0.0,0.0,0.0,0.0,0.0,0.0
16595,0.0,0.0,0.0,0.0,0.0,0.0,0.0,0.0,0.0,0.0,0.0,0.0
16596,0.0,0.0,0.0,0.0,0.0,0.0,0.0,0.0,0.0,0.0,0.0,0.0
16597,0.0,0.0,0.0,0.0,0.0,0.0,0.0,0.0,0.0,0.0,0.0,0.0
16598,0.0,0.0,0.0,0.0,0.0,0.0,0.0,0.0,0.0,0.0,0.0,0.0
16623,0.0,0.0,0.0,0.0,0.0,0.0,0.0,0.0,0.0,0.0,0.0,0.0
16624,0.0,0.0,0.0,0.0,0.0,0.0,0.0,0.0,0.0,0.0,0.0,0.0
16625,0.0,0.0,0.0,0.0,0.0,0.0,0.0,0.0,0.0,0.0,0.0,0.0
16626,0.0,0.0,0.0,0.0,0.0,0.0,0.0,0.0,0.0,0.0,0.0,0.0
16627,0.0,0.0,0.0,0.0,0.0,0.0,0.0,0.0,0.0,0.0,0.0,0.0
16628,0.0,0.0,0.0,0.0,-32.054315984249115,-240.5299659371376,-687.744478341192,-188.49535440467298,-21.99560130573809,-0.5449484288692474,0.0,0.0
16629,0.0,0.0,0.0,0.0,0.0,0.0,0.0,0.0,0.0,0.0,0.0,0.0
16630,0.0,0.0,0.0,0.0,0.0,0.0,0.0,0.0,0.0,0.0,0.0,0.0
16632,0.0,0.0,0.0,0.0,0.0,0.0,0.0,0.0,0.0,0.0,0.0,0.0
16633,0.0,0.0,0.0,0.0,0.0,0.0,0.0,0.0,0.0,0.0,0.0,0.0
16634,0.0,0.0,0.0,0.0,0.0,0.0,0.0,0.0,0.0,0.0,0.0,0.0
16635,0.0,0.0,0.0,0.0,0.0,0.0,0.0,0.0,0.0,0.0,0.0,0.0
16636,0.0,0.0,0.0,0.0,0.0,0.0,0.0,0.0,0.0,0.0,0.0,0.0
16637,0.0,0.0,0.0,0.0,0.0,0.0,0.0,0.0,0.0,0.0,0.0,0.0
16638,0.0,0.0,0.0,0.0,0.0,0.0,0.0,0.0,0.0,0.0,0.0,0.0
16639,0.0,0.0,0.0,0.0,0.0,0.0,0.0,0.0,0.0,0.0,0.0,0.0
16640,0.0,0.0,0.0,0.0,0.0,0.0,0.0,0.0,0.0,0.0,0.0,0.0
16890,0.0,0.0,0.0,0.0,0.0,0.0,0.0,0.0,0.0,0.0,0.0,0.0
16891,0.0,0.0,0.0,0.0,0.0,0.0,0.0,0.0,0.0,0.0,0.0,0.0
16892,0.0,0.0,0.0,0.0,0.0,0.0,0.0,0.0,0.0,0.0,0.0,0.0
16893,0.0,0.0,0.0,0.0,0.0,0.0,0.0,0.0,0.0,0.0,0.0,0.0
16898,0.0,0.0,0.0,0.0,0.0,0.0,0.0,0.0,0.0,0.0,0.0,0.0
16899,0.0,0.0,0.0,0.0,0.0,0.0,0.0,0.0,0.0,0.0,0.0,0.0
16900,0.0,0.0,0.0,0.0,0.0,0.0,0.0,0.0,0.0,0.0,0.0,0.0
16901,0.0,0.0,0.0,0.0,0.0,0.0,0.0,0.0,0.0,0.0,0.0,0.0
16902,0.0,0.0,0.0,0.0,0.0,0.0,0.0,0.0,0.0,0.0,0.0,0.0
16903,0.0,0.0,0.0,0.0,0.0,0.0,0.0,0.0,0.0,0.0,0.0,0.0
16904,0.0,0.0,0.0,0.0,0.0,0.0,0.0,0.0,0.0,0.0,0.0,0.0
16905,0.0,0.0,0.0,0.0,0.0,0.0,0.0,0.0,0.0,0.0,0.0,0.0
16906,0.0,0.0,0.0,0.0,0.0,0.0,0.0,0.0,0.0,0.0,0.0,0.0
16907,0.0,0.0,0.0,0.0,0.0,0.0,0.0,0.0,0.0,0.0,0.0,0.0
16908,0.0,0.0,0.0,0.0,0.0,0.0,0.0,0.0,0.0,0.0,0.0,0.0
16909,0.0,0.0,0.0,0.0,0.0,0.0,0.0,0.0,0.0,0.0,0.0,0.0
16910,0.0,0.0,0.0,0.0,0.0,0.0,0.0,0.0,0.0,0.0,0.0,0.0
16911,0.0,0.0,0.0,0.0,0.0,0.0,0.0,0.0,0.0,0.0,0.0,0.0
16912,0.0,0.0,0.0,0.0,0.0,0.0,0.0,0.0,0.0,0.0,0.0,0.0
16913,0.0,0.0,0.0,0.0,0.0,0.0,0.0,0.0,0.0,0.0,0.0,0.0
16914,0.0,0.0,0.0,0.0,0.0,0.0,0.0,0.0,0.0,0.0,0.0,0.0
16915,0.0,0.0,0.0,0.0,0.0,0.0,0.0,0.0,0.0,0.0,0.0,0.0
16916,0.0,0.0,0.0,0.0,0.0,0.0,0.0,0.0,0.0,0.0,0.0,0.0
16932,0.0,0.0,0.0,0.0,0.0,0.0,0.0,0.0,0.0,0.0,0.0,0.0
16933,0.0,0.0,0.0,0.0,0.0,0.0,0.0,0.0,0.0,0.0,0.0,0.0
16934,0.0,0.0,0.0,0.0,0.0,0.0,0.0,0.0,0.0,0.0,0.0,0.0
16935,0.0,0.0,0.0,0.0,0.0,0.0,0.0,0.0,0.0,0.0,0.0,0.0
16936,0.0,0.0,0.0,0.0,0.0,0.0,0.0,0.0,0.0,0.0,0.0,0.0
16940,0.0,0.0,0.0,0.0,0.0,0.0,0.0,0.0,0.0,0.0,0.0,0.0
16941,0.0,0.0,0.0,0.0,0.0,0.0,0.0,0.0,0.0,0.0,0.0,0.0
16942,0.0,0.0,0.0,0.0,0.0,0.0,0.0,0.0,0.0,0.0,0.0,0.0
17038,0.0,0.0,0.0,0.0,0.0,0.0,0.0,0.0,0.0,0.0,0.0,0.0
17040,0.0,0.0,0.0,0.0,0.0,0.0,0.0,0.0,0.0,0.0,0.0,0.0
17056,0.0,0.0,0.0,0.0,0.0,0.0,0.0,0.0,0.0,0.0,0.0,0.0
17058,0.0,0.0,0.0,0.0,0.0,0.0,0.0,0.0,0.0,0.0,0.0,0.0
17060,0.0,0.0,0.0,0.0,0.0,0.0,0.0,0.0,0.0,0.0,0.0,0.0
17061,0.0,0.0,0.0,0.0,0.0,0.0,0.0,0.0,0.0,0.0,0.0,0.0
17062,0.0,0.0,0.0,0.0,0.0,0.0,0.0,0.0,0.0,0.0,0.0,0.0
17063,0.0,0.0,0.0,0.0,0.0,0.0,0.0,0.0,0.0,0.0,0.0,0.0
17064,0.0,0.0,0.0,0.0,0.0,0.0,0.0,0.0,0.0,0.0,0.0,0.0
17065,0.0,0.0,0.0,0.0,0.0,0.0,0.0,0.0,0.0,0.0,0.0,0.0
17073,0.0,0.0,0.0,0.0,5076.833946108818,20427.491650223732,18498.330993175507,3478.967857480049,181.62427413463593,0.0,0.0,0.0
17074,0.0,0.0,0.0,0.0,0.0,0.0,0.0,0.0,0.0,0.0,0.0,0.0
17090,0.0,0.0,0.0,0.0,0.0,0.0,0.0,0.0,0.0,0.0,0.0,0.0
17091,0.0,0.0,0.0,0.0,0.0,0.0,0.0,0.0,0.0,0.0,0.0,0.0
17092,0.0,0.0,0.0,0.0,0.0,0.0,0.0,0.0,0.0,0.0,0.0,0.0
17093,0.0,0.0,0.0,0.0,0.0,0.0,0.0,0.0,0.0,0.0,0.0,0.0
17095,0.0,0.0,0.0,0.0,0.0,0.0,0.0,0.0,0.0,0.0,0.0,0.0
17096,0.0,0.0,0.0,0.0,0.0,0.0,0.0,0.0,0.0,0.0,0.0,0.0
17097,0.0,0.0,0.0,0.0,0.0,0.0,0.0,0.0,0.0,0.0,0.0,0.0
17098,0.0,0.0,0.0,0.0,0.0,0.0,0.0,0.0,0.0,0.0,0.0,0.0
17099,0.0,0.0,0.0,0.0,0.0,0.0,0.0,0.0,0.0,0.0,0.0,0.0
17101,0.0,0.0,0.0,0.0,0.0,0.0,0.0,0.0,0.0,0.0,0.0,0.0
17102,0.0,0.0,0.0,0.0,0.0,0.0,0.0,0.0,0.0,0.0,0.0,0.0
17340,0.0,0.0,0.0,0.0,0.0,0.0,0.0,0.0,0.0,0.0,0.0,0.0
17341,0.0,0.0,0.0,0.0,0.0,0.0,0.0,0.0,0.0,0.0,0.0,0.0
17342,0.0,0.0,0.0,0.0,0.0,0.0,0.0,0.0,0.0,0.0,0.0,0.0
17344,0.0,0.0,0.0,0.0,0.0,0.0,0.0,0.0,0.0,0.0,0.0,0.0
17350,0.0,0.0,0.0,0.0,0.0,0.0,0.0,0.0,0.0,0.0,0.0,0.0
17351,0.0,0.0,0.0,0.0,0.0,0.0,0.0,0.0,0.0,0.0,0.0,0.0
17352,0.0,0.0,0.0,0.0,0.0,0.0,0.0,0.0,0.0,0.0,0.0,0.0
17356,0.0,0.0,0.0,0.0,0.0,0.0,0.0,0.0,0.0,0.0,0.0,0.0
17357,0.0,0.0,0.0,0.0,0.0,0.0,0.0,0.0,0.0,0.0,0.0,0.0
17358,0.0,0.0,0.0,0.0,0.0,0.0,0.0,0.0,0.0,0.0,0.0,0.0
17359,0.0,0.0,0.0,0.0,0.0,0.0,0.0,0.0,0.0,0.0,0.0,0.0
17360,0.0,0.0,0.0,0.0,0.0,0.0,0.0,0.0,0.0,0.0,0.0,0.0
17361,0.0,0.0,0.0,0.0,0.0,0.0,0.0,0.0,0.0,0.0,0.0,0.0
17362,0.0,0.0,0.0,0.0,0.0,0.0,0.0,0.0,0.0,0.0,0.0,0.0
17363,0.0,0.0,0.0,0.0,0.0,0.0,0.0,0.0,0.0,0.0,0.0,0.0
17378,0.0,0.0,0.0,0.0,0.0,0.0,0.0,0.0,0.0,0.0,0.0,0.0
17379,0.0,0.0,0.0,0.0,0.0,0.0,0.0,0.0,0.0,0.0,0.0,0.0
17381,0.0,0.0,0.0,0.0,0.0,0.0,0.0,0.0,0.0,0.0,0.0,0.0
17382,0.0,0.0,0.0,0.0,0.0,0.0,0.0,0.0,0.0,0.0,0.0,0.0
17384,0.0,0.0,0.0,0.0,0.0,0.0,0.0,0.0,0.0,0.0,0.0,0.0
17385,0.0,0.0,0.0,0.0,0.0,0.0,0.0,0.0,0.0,0.0,0.0,0.0
17387,0.0,0.0,0.0,0.0,0.0,0.0,0.0,0.0,0.0,0.0,0.0,0.0
17440,0.0,0.0,0.0,0.0,0.0,0.0,0.0,0.0,0.0,0.0,0.0,0.0
17474,0.0,0.0,0.0,0.0,0.0,0.0,0.0,0.0,0.0,0.0,0.0,0.0
17476,0.0,0.0,0.0,0.0,0.0,0.0,0.0,0.0,0.0,0.0,0.0,0.0
17477,0.0,0.0,0.0,0.0,0.0,0.0,0.0,0.0,0.0,0.0,0.0,0.0
17493,0.0,0.0,0.0,0.0,0.0,0.0,0.0,0.0,0.0,0.0,0.0,0.0
17494,0.0,0.0,0.0,0.0,0.0,0.0,0.0,0.0,0.0,0.0,0.0,0.0
17495,0.0,0.0,0.0,0.0,0.0,0.0,0.0,0.0,0.0,0.0,0.0,0.0
17499,0.0,0.0,0.0,0.0,0.0,0.0,0.0,0.0,0.0,0.0,0.0,0.0
17500,0.0,0.0,0.0,0.0,0.0,0.0,0.0,0.0,0.0,0.0,0.0,0.0
17501,0.0,0.0,0.0,0.0,0.0,0.0,0.0,0.0,0.0,0.0,0.0,0.0
17502,0.0,0.0,0.0,0.0,0.0,0.0,0.0,0.0,0.0,0.0,0.0,0.0
17503,0.0,0.0,0.0,0.0,0.0,0.0,0.0,0.0,0.0,0.0,0.0,0.0
17504,0.0,0.0,0.0,0.0,0.0,0.0,0.0,0.0,0.0,0.0,0.0,0.0
17505,0.0,0.0,0.0,0.0,0.0,0.0,0.0,0.0,0.0,0.0,0.0,0.0
17512,0.0,0.0,0.0,0.0,28963.011531352997,400779.18336987495,303897.5294636786,46964.43143206835,1014.7194813489914,0.0,0.0,0.0
17513,0.0,0.0,0.0,0.0,2288.3287475705147,366155.7063106969,401773.35378919914,33366.62707782164,10625.269136726856,0.0,0.0,0.0
17514,0.0,0.0,0.0,624.1946568489075,105127.92764091492,120528.456012249,94681.1949763298,67687.35673093796,43530.55635309219,3.0241992473602295,0.0,0.0
17515,0.0,0.0,0.0,0.0,0.0,8333.897910863161,12283.695523321629,214.1153114438057,996.9030284583569,3.3136004507541656,0.0,0.0
17528,0.0,0.0,0.0,0.0,0.0,46731.0655298233,155254.84471285343,12898.28682744503,10763.277289628983,540.9436966776848,0.0,0.0
17529,0.0,0.0,0.0,0.0,0.0,0.0,0.0,0.0,0.0,0.0,0.0,0.0
17530,0.0,0.0,0.0,0.0,0.0,0.0,0.0,0.0,0.0,0.0,0.0,0.0
17531,0.0,0.0,0.0,0.0,0.0,0.0,0.0,0.0,0.0,0.0,0.0,0.0
17532,0.0,0.0,0.0,0.0,0.0,0.0,0.0,0.0,0.0,0.0,0.0,0.0
17533,0.0,0.0,0.0,0.0,0.0,0.0,0.0,0.0,0.0,0.0,0.0,0.0
17534,0.0,0.0,0.0,0.0,0.0,0.0,0.0,0.0,0.0,0.0,0.0,0.0
17536,0.0,0.0,0.0,0.0,0.0,0.0,0.0,0.0,0.0,0.0,0.0,0.0
17540,0.0,0.0,0.0,0.0,0.0,0.0,0.0,0.0,0.0,0.0,0.0,0.0
17541,0.0,0.0,0.0,0.0,0.0,0.0,0.0,0.0,0.0,0.0,0.0,0.0
17542,0.0,0.0,0.0,0.0,0.0,0.0,0.0,0.0,0.0,0.0,0.0,0.0
17770,0.0,0.0,0.0,0.0,0.0,0.0,0.0,0.0,0.0,0.0,0.0,0.0
17771,0.0,0.0,0.0,0.0,0.0,0.0,0.0,0.0,0.0,0.0,0.0,0.0
17772,0.0,0.0,0.0,0.0,0.0,0.0,0.0,0.0,0.0,0.0,0.0,0.0
17773,0.0,0.0,0.0,0.0,0.0,0.0,0.0,0.0,0.0,0.0,0.0,0.0
17774,0.0,0.0,0.0,0.0,0.0,0.0,0.0,0.0,0.0,0.0,0.0,0.0
17775,0.0,0.0,0.0,0.0,0.0,0.0,0.0,0.0,0.0,0.0,0.0,0.0
17776,0.0,0.0,0.0,0.0,0.0,0.0,0.0,0.0,0.0,0.0,0.0,0.0
17777,0.0,0.0,0.0,0.0,0.0,0.0,0.0,0.0,0.0,0.0,0.0,0.0
17778,0.0,0.0,0.0,0.0,0.0,0.0,0.0,0.0,0.0,0.0,0.0,0.0
17779,0.0,0.0,0.0,0.0,0.0,0.0,0.0,0.0,0.0,0.0,0.0,0.0
17780,0.0,0.0,0.0,0.0,0.0,0.0,0.0,0.0,0.0,0.0,0.0,0.0
17781,0.0,0.0,0.0,0.0,0.0,0.0,0.0,0.0,0.0,0.0,0.0,0.0
17782,0.0,0.0,0.0,0.0,0.0,0.0,0.0,0.0,0.0,0.0,0.0,0.0
17783,0.0,0.0,0.0,0.0,0.0,0.0,0.0,0.0,0.0,0.0,0.0,0.0
17784,0.0,0.0,0.0,0.0,0.0,0.0,0.0,0.0,0.0,0.0,0.0,0.0
17785,0.0,0.0,0.0,0.0,0.0,0.0,0.0,0.0,0.0,0.0,0.0,0.0
17786,0.0,0.0,0.0,0.0,0.0,0.0,0.0,0.0,0.0,0.0,0.0,0.0
17787,0.0,0.0,0.0,0.0,0.0,0.0,0.0,0.0,0.0,0.0,0.0,0.0
17788,0.0,0.0,0.0,0.0,0.0,0.0,0.0,0.0,0.0,0.0,0.0,0.0
17789,0.0,0.0,0.0,0.0,0.0,0.0,0.0,0.0,0.0,0.0,0.0,0.0
17790,0.0,0.0,0.0,0.0,0.0,0.0,0.0,0.0,0.0,0.0,0.0,0.0
17791,0.0,0.0,0.0,0.0,0.0,0.0,0.0,0.0,0.0,0.0,0.0,0.0
17792,0.0,0.0,0.0,0.0,0.0,0.0,0.0,0.0,0.0,0.0,0.0,0.0
17793,0.0,0.0,0.0,0.0,0.0,0.0,0.0,0.0,0.0,0.0,0.0,0.0
17794,0.0,0.0,0.0,0.0,0.0,0.0,0.0,0.0,0.0,0.0,0.0,0.0
17795,0.0,0.0,0.0,0.0,0.0,0.0,0.0,0.0,0.0,0.0,0.0,0.0
17796,0.0,0.0,0.0,0.0,0.0,0.0,0.0,0.0,0.0,0.0,0.0,0.0
17801,0.0,0.0,0.0,0.0,0.0,0.0,0.0,0.0,0.0,0.0,0.0,0.0
17802,0.0,0.0,0.0,0.0,0.0,0.0,0.0,0.0,0.0,0.0,0.0,0.0
17803,0.0,0.0,0.0,0.0,0.0,0.0,0.0,0.0,0.0,0.0,0.0,0.0
17804,0.0,0.0,0.0,0.0,0.0,0.0,0.0,0.0,0.0,0.0,0.0,0.0
17805,0.0,0.0,0.0,0.0,0.0,0.0,0.0,0.0,0.0,0.0,0.0,0.0
17806,0.0,0.0,0.0,0.0,0.0,0.0,0.0,0.0,0.0,0.0,0.0,0.0
17807,0.0,0.0,0.0,0.0,0.0,0.0,0.0,0.0,0.0,0.0,0.0,0.0
17808,0.0,0.0,0.0,0.0,0.0,0.0,0.0,0.0,0.0,0.0,0.0,0.0
17809,0.0,0.0,0.0,0.0,0.0,0.0,0.0,0.0,0.0,0.0,0.0,0.0
17810,0.0,0.0,0.0,0.0,0.0,0.0,0.0,0.0,0.0,0.0,0.0,0.0
17811,0.0,0.0,0.0,0.0,0.0,0.0,0.0,0.0,0.0,0.0,0.0,0.0
17812,0.0,0.0,0.0,0.0,0.0,0.0,0.0,0.0,0.0,0.0,0.0,0.0
17813,0.0,0.0,0.0,0.0,0.0,0.0,0.0,0.0,0.0,0.0,0.0,0.0
17814,0.0,0.0,0.0,0.0,0.0,0.0,0.0,0.0,0.0,0.0,0.0,0.0
17821,0.0,0.0,0.0,0.0,0.0,0.0,0.0,0.0,0.0,0.0,0.0,0.0
17825,0.0,0.0,0.0,0.0,0.0,0.0,0.0,0.0,0.0,0.0,0.0,0.0
17829,0.0,0.0,0.0,0.0,0.0,0.0,0.0,0.0,0.0,0.0,0.0,0.0
17830,0.0,0.0,0.0,0.0,0.0,0.0,0.0,0.0,0.0,0.0,0.0,0.0
17879,0.0,0.0,0.0,0.0,0.0,0.0,0.0,0.0,0.0,0.0,0.0,0.0
17912,0.0,0.0,0.0,0.0,0.0,0.0,0.0,0.0,0.0,0.0,0.0,0.0
17913,0.0,0.0,0.0,0.0,0.0,0.0,0.0,0.0,0.0,0.0,0.0,0.0
17914,0.0,0.0,0.0,0.0,0.0,0.0,0.0,0.0,0.0,0.0,0.0,0.0
17915,0.0,0.0,0.0,0.0,0.0,0.0,0.0,0.0,0.0,0.0,0.0,0.0
17916,0.0,0.0,0.0,0.0,0.0,0.0,0.0,0.0,0.0,0.0,0.0,0.0
17917,0.0,0.0,0.0,0.0,0.0,0.0,0.0,0.0,0.0,0.0,0.0,0.0
17918,0.0,0.0,0.0,0.0,0.0,0.0,0.0,0.0,0.0,0.0,0.0,0.0
17934,0.0,0.0,0.0,0.0,0.0,0.0,0.0,0.0,0.0,0.0,0.0,0.0
17935,0.0,0.0,0.0,0.0,0.0,0.0,0.0,0.0,0.0,0.0,0.0,0.0
17936,0.0,0.0,0.0,0.0,0.0,0.0,0.0,0.0,0.0,0.0,0.0,0.0
17937,0.0,0.0,0.0,0.0,0.0,0.0,0.0,0.0,0.0,0.0,0.0,0.0
17938,0.0,0.0,0.0,0.0,0.0,0.0,0.0,0.0,0.0,0.0,0.0,0.0
17939,0.0,0.0,0.0,0.0,0.0,0.0,0.0,0.0,0.0,0.0,0.0,0.0
17940,0.0,0.0,0.0,0.0,0.0,0.0,0.0,0.0,0.0,0.0,0.0,0.0
17945,0.0,0.0,0.0,0.0,0.0,0.0,0.0,0.0,0.0,0.0,0.0,0.0
17946,0.0,0.0,0.0,0.0,0.0,0.0,0.0,0.0,0.0,0.0,0.0,0.0
17947,0.0,0.0,0.0,0.0,0.0,0.0,0.0,0.0,0.0,0.0,0.0,0.0
17948,0.0,0.0,0.0,0.0,0.0,0.0,0.0,0.0,0.0,0.0,0.0,0.0
17949,0.0,0.0,0.0,0.0,0.0,0.0,0.0,0.0,0.0,0.0,0.0,0.0
17950,0.0,0.0,0.0,0.0,0.0,0.0,0.0,0.0,0.0,0.0,0.0,0.0
17951,0.0,0.0,0.0,0.0,0.0,0.0,0.0,0.0,0.0,0.0,0.0,0.0
17952,0.0,0.0,0.0,0.0,0.0,0.0,0.0,0.0,0.0,0.0,0.0,0.0
17953,0.0,0.0,0.0,0.0,33380.20887386799,452883.688483119,336926.1179962903,57015.808076918125,96514.58451336622,0.0,0.0,0.0
17959,0.0,0.0,0.0,0.0,0.0,0.0,0.0,0.0,0.0,0.0,0.0,0.0
17960,0.0,0.0,0.0,0.0,0.0,0.0,0.0,0.0,0.0,0.0,0.0,0.0
17961,0.0,0.0,0.0,0.0,0.0,0.0,0.0,0.0,0.0,0.0,0.0,0.0
17962,0.0,0.0,0.0,0.0,0.0,0.0,0.0,0.0,0.0,0.0,0.0,0.0
17974,0.0,0.0,0.0,0.0,0.0,0.0,0.0,0.0,0.0,0.0,0.0,0.0
17975,0.0,0.0,0.0,0.0,0.0,0.0,0.0,0.0,0.0,0.0,0.0,0.0
17976,0.0,0.0,0.0,0.0,0.0,0.0,0.0,0.0,0.0,0.0,0.0,0.0
17977,0.0,0.0,0.0,0.0,0.0,0.0,0.0,0.0,0.0,0.0,0.0,0.0
17978,0.0,0.0,0.0,0.0,0.0,0.0,0.0,0.0,0.0,0.0,0.0,0.0
17979,0.0,0.0,0.0,0.0,14.144901812076569,3662.2465645968914,16770.237290546298,5589.767944321036,222.4219688475132,77.01625158637762,0.0,0.0
18215,0.0,0.0,0.0,0.0,0.0,0.0,0.0,0.0,0.0,0.0,0.0,0.0
18216,0.0,0.0,0.0,0.0,0.0,0.0,0.0,0.0,0.0,0.0,0.0,0.0
18217,0.0,0.0,0.0,0.0,0.0,0.0,0.0,0.0,0.0,0.0,0.0,0.0
18218,0.0,0.0,0.0,0.0,0.0,0.0,0.0,0.0,0.0,0.0,0.0,0.0
18219,0.0,0.0,0.0,0.0,0.0,0.0,0.0,0.0,0.0,0.0,0.0,0.0
18220,0.0,0.0,0.0,0.0,0.0,0.0,0.0,0.0,0.0,0.0,0.0,0.0
18221,0.0,0.0,0.0,0.0,0.0,0.0,0.0,0.0,0.0,0.0,0.0,0.0
18226,0.0,0.0,0.0,0.0,0.0,0.0,0.0,0.0,0.0,0.0,0.0,0.0
18227,0.0,0.0,0.0,0.0,0.0,0.0,0.0,0.0,0.0,0.0,0.0,0.0
18229,0.0,0.0,0.0,0.0,0.0,0.0,0.0,0.0,0.0,0.0,0.0,0.0
18230,0.0,0.0,0.0,0.0,0.0,0.0,0.0,0.0,0.0,0.0,0.0,0.0
18231,0.0,0.0,0.0,0.0,0.0,0.0,0.0,0.0,0.0,0.0,0.0,0.0
18232,0.0,0.0,0.0,0.0,0.0,0.0,0.0,0.0,0.0,0.0,0.0,0.0
18233,0.0,0.0,0.0,0.0,0.0,0.0,0.0,0.0,0.0,0.0,0.0,0.0
18234,0.0,0.0,0.0,0.0,0.0,0.0,0.0,0.0,0.0,0.0,0.0,0.0
18239,0.0,0.0,0.0,0.0,0.0,0.0,0.0,0.0,0.0,0.0,0.0,0.0
18240,0.0,0.0,0.0,0.0,0.0,0.0,0.0,0.0,0.0,0.0,0.0,0.0
18241,0.0,0.0,0.0,0.0,0.0,0.0,0.0,0.0,0.0,0.0,0.0,0.0
18242,0.0,0.0,0.0,0.0,0.0,0.0,0.0,0.0,0.0,0.0,0.0,0.0
18243,0.0,0.0,0.0,0.0,0.0,0.0,0.0,0.0,0.0,0.0,0.0,0.0
18244,0.0,0.0,0.0,0.0,0.0,0.0,0.0,0.0,0.0,0.0,0.0,0.0
18247,0.0,0.0,0.0,0.0,0.0,0.0,0.0,0.0,0.0,0.0,0.0,0.0
18248,0.0,0.0,0.0,0.0,0.0,0.0,0.0,0.0,0.0,0.0,0.0,0.0
18249,0.0,0.0,0.0,0.0,0.0,0.0,0.0,0.0,0.0,0.0,0.0,0.0
18250,0.0,0.0,0.0,0.0,0.0,0.0,0.0,0.0,0.0,0.0,0.0,0.0
18251,0.0,0.0,0.0,0.0,0.0,0.0,0.0,0.0,0.0,0.0,0.0,0.0
18334,0.0,0.0,0.0,0.0,0.0,0.0,0.0,0.0,0.0,0.0,0.0,0.0
18335,0.0,0.0,0.0,0.0,0.0,0.0,0.0,0.0,0.0,0.0,0.0,0.0
18336,0.0,0.0,0.0,0.0,0.0,0.0,0.0,0.0,0.0,0.0,0.0,0.0
18337,0.0,0.0,0.0,0.0,0.0,0.0,0.0,0.0,0.0,0.0,0.0,0.0
18355,0.0,0.0,0.0,0.0,0.0,0.0,0.0,0.0,0.0,0.0,0.0,0.0
18356,0.0,0.0,0.0,0.0,0.0,0.0,0.0,0.0,0.0,0.0,0.0,0.0
18357,0.0,0.0,0.0,0.0,0.0,0.0,0.0,0.0,0.0,0.0,0.0,0.0
18358,0.0,0.0,0.0,0.0,0.0,0.0,0.0,0.0,0.0,0.0,0.0,0.0
18366,0.0,0.0,0.0,0.0,0.0,0.0,0.0,0.0,0.0,0.0,0.0,0.0
18367,0.0,0.0,0.0,0.0,0.0,0.0,0.0,0.0,0.0,0.0,0.0,0.0
18368,0.0,0.0,0.0,0.0,0.0,0.0,0.0,0.0,0.0,0.0,0.0,0.0
18369,0.0,0.0,0.0,0.0,0.0,0.0,0.0,0.0,0.0,0.0,0.0,0.0
18370,0.0,0.0,0.0,0.0,0.0,0.0,0.0,0.0,0.0,0.0,0.0,0.0
18371,0.0,0.0,0.0,0.0,0.0,0.0,0.0,0.0,0.0,0.0,0.0,0.0
18374,0.0,0.0,0.0,0.0,0.0,0.0,0.0,0.0,0.0,0.0,0.0,0.0
18375,0.0,0.0,0.0,0.0,0.0,0.0,0.0,0.0,0.0,0.0,0.0,0.0
18376,0.0,0.0,0.0,0.0,0.0,0.0,0.0,0.0,0.0,0.0,0.0,0.0
18377,0.0,0.0,0.0,0.0,0.0,0.0,0.0,0.0,0.0,0.0,0.0,0.0
18378,0.0,0.0,0.0,0.0,0.0,0.0,0.0,0.0,0.0,0.0,0.0,0.0
18379,0.0,0.0,0.0,0.0,0.0,0.0,0.0,0.0,0.0,0.0,0.0,0.0
18380,0.0,0.0,0.0,0.0,0.0,0.0,0.0,0.0,0.0,0.0,0.0,0.0
18381,0.0,0.0,0.0,0.0,0.0,0.0,0.0,0.0,0.0,0.0,0.0,0.0
18382,0.0,0.0,0.0,0.0,0.0,0.0,0.0,0.0,0.0,0.0,0.0,0.0
18383,0.0,0.0,0.0,0.0,0.0,0.0,0.0,0.0,0.0,0.0,0.0,0.0
18384,0.0,0.0,0.0,0.0,0.0,0.0,0.0,0.0,0.0,0.0,0.0,0.0
18394,0.0,0.0,0.0,0.0,0.0,0.0,0.0,0.0,0.0,0.0,0.0,0.0
18395,0.0,0.0,0.0,0.0,0.0,0.0,0.0,0.0,0.0,0.0,0.0,0.0
18396,0.0,0.0,0.0,0.0,0.0,0.0,0.0,0.0,0.0,0.0,0.0,0.0
18397,0.0,0.0,0.0,0.0,0.0,0.0,0.0,0.0,0.0,0.0,0.0,0.0
18398,0.0,0.0,0.0,0.0,0.0,0.0,0.0,0.0,0.0,0.0,0.0,0.0
18399,0.0,0.0,0.0,0.0,0.0,0.0,0.0,0.0,0.0,0.0,0.0,0.0
18400,0.0,0.0,0.0,0.0,0.0,0.0,0.0,0.0,0.0,0.0,0.0,0.0
18489,0.0,0.0,0.0,-2029140.5284919739,-35873679.05090666,-181791854.69838524,-195097633.7655983,-161479703.37962723,-73708624.11965084,-358236.0671248436,0.0,0.0
18538,0.0,0.0,0.0,-62615.95262527466,-989230.4605865479,-2498892.449306488,-2351713.9995384216,-1526357.8334999084,-873574.3124008179,-17714.425106048584,0.0,0.0
18633,0.0,0.0,0.0,0.0,0.0,0.0,0.0,0.0,0.0,0.0,0.0,0.0
18634,0.0,0.0,0.0,0.0,0.0,0.0,0.0,0.0,0.0,0.0,0.0,0.0
18635,0.0,0.0,0.0,0.0,0.0,0.0,0.0,0.0,0.0,0.0,0.0,0.0
18636,0.0,0.0,0.0,0.0,0.0,0.0,0.0,0.0,0.0,0.0,0.0,0.0
18642,0.0,0.0,0.0,0.0,0.0,0.0,0.0,0.0,0.0,0.0,0.0,0.0
18643,0.0,0.0,0.0,0.0,0.0,0.0,0.0,0.0,0.0,0.0,0.0,0.0
18645,0.0,0.0,0.0,0.0,0.0,0.0,0.0,0.0,0.0,0.0,0.0,0.0
18649,0.0,0.0,0.0,0.0,0.0,0.0,0.0,0.0,0.0,0.0,0.0,0.0
18650,0.0,0.0,0.0,0.0,0.0,0.0,0.0,0.0,0.0,0.0,0.0,0.0
18652,0.0,0.0,0.0,0.0,0.0,0.0,0.0,0.0,0.0,0.0,0.0,0.0
18653,0.0,0.0,0.0,0.0,0.0,0.0,0.0,0.0,0.0,0.0,0.0,0.0
18654,0.0,0.0,0.0,0.0,0.0,0.0,0.0,0.0,0.0,0.0,0.0,0.0
18655,0.0,0.0,0.0,0.0,0.0,0.0,0.0,0.0,0.0,0.0,0.0,0.0
18656,0.0,0.0,0.0,0.0,0.0,0.0,0.0,0.0,0.0,0.0,0.0,0.0
18657,0.0,0.0,0.0,0.0,0.0,0.0,0.0,0.0,0.0,0.0,0.0,0.0
18658,0.0,0.0,0.0,0.0,0.0,0.0,0.0,0.0,0.0,0.0,0.0,0.0
18659,0.0,0.0,0.0,0.0,0.0,0.0,0.0,0.0,0.0,0.0,0.0,0.0
18660,0.0,0.0,0.0,0.0,0.0,0.0,0.0,0.0,0.0,0.0,0.0,0.0
18661,0.0,0.0,0.0,0.0,0.0,0.0,0.0,0.0,0.0,0.0,0.0,0.0
18744,0.0,0.0,0.0,0.0,0.0,0.0,0.0,0.0,0.0,0.0,0.0,0.0
18745,0.0,0.0,0.0,0.0,0.0,0.0,0.0,0.0,0.0,0.0,0.0,0.0
18746,0.0,0.0,0.0,0.0,0.0,0.0,0.0,0.0,0.0,0.0,0.0,0.0
18775,0.0,0.0,0.0,0.0,0.0,0.0,0.0,0.0,0.0,0.0,0.0,0.0
18776,0.0,0.0,0.0,0.0,0.0,0.0,0.0,0.0,0.0,0.0,0.0,0.0
18777,0.0,0.0,0.0,0.0,0.0,0.0,0.0,0.0,0.0,0.0,0.0,0.0
18778,0.0,0.0,0.0,0.0,0.0,0.0,0.0,0.0,0.0,0.0,0.0,0.0
18779,0.0,0.0,0.0,0.0,0.0,0.0,0.0,0.0,0.0,0.0,0.0,0.0
18780,0.0,0.0,0.0,0.0,0.0,0.0,0.0,0.0,0.0,0.0,0.0,0.0
18781,0.0,0.0,0.0,0.0,0.0,0.0,0.0,0.0,0.0,0.0,0.0,0.0
18783,0.0,0.0,0.0,0.0,0.0,0.0,0.0,0.0,0.0,0.0,0.0,0.0
18784,0.0,0.0,0.0,0.0,0.0,0.0,0.0,0.0,0.0,0.0,0.0,0.0
18785,0.0,0.0,0.0,0.0,0.0,0.0,0.0,0.0,0.0,0.0,0.0,0.0
18786,0.0,0.0,0.0,0.0,0.0,0.0,0.0,0.0,0.0,0.0,0.0,0.0
18787,0.0,0.0,0.0,0.0,0.0,0.0,0.0,0.0,0.0,0.0,0.0,0.0
18788,0.0,0.0,0.0,0.0,0.0,0.0,0.0,0.0,0.0,0.0,0.0,0.0
18789,0.0,0.0,0.0,0.0,0.0,0.0,0.0,0.0,0.0,0.0,0.0,0.0
18790,0.0,0.0,0.0,0.0,0.0,0.0,0.0,0.0,0.0,0.0,0.0,0.0
18791,0.0,0.0,0.0,0.0,0.0,0.0,0.0,0.0,0.0,0.0,0.0,0.0
18792,0.0,0.0,0.0,486.71403336524963,3405.722800731659,15195.58152103424,9442.330101251602,528.7999110221863,577.5009226799011,0.0,0.0,0.0
18802,0.0,0.0,0.0,0.0,0.0,0.0,0.0,0.0,0.0,0.0,0.0,0.0
18803,0.0,0.0,0.0,0.0,0.0,0.0,0.0,0.0,0.0,0.0,0.0,0.0
18804,0.0,0.0,0.0,0.0,0.0,0.0,0.0,0.0,0.0,0.0,0.0,0.0
18805,0.0,0.0,0.0,0.0,0.0,0.0,0.0,0.0,0.0,0.0,0.0,0.0
18806,0.0,0.0,0.0,0.0,0.0,0.0,0.0,0.0,0.0,0.0,0.0,0.0
18807,0.0,0.0,0.0,0.0,0.0,0.0,0.0,0.0,0.0,0.0,0.0,0.0
18808,0.0,0.0,0.0,0.0,0.0,0.0,0.0,0.0,0.0,0.0,0.0,0.0
18809,0.0,0.0,0.0,0.0,0.0,0.0,0.0,0.0,0.0,0.0,0.0,0.0
18896,0.0,0.0,0.0,-24440.78331899643,-653640.5903539658,-2093356.3756742477,-1796117.8946805,-1664957.8294346333,-486447.9260444641,0.0,0.0,0.0
18947,0.0,0.0,0.0,0.0,0.0,0.0,0.0,0.0,0.0,0.0,0.0,0.0
19041,0.0,0.0,0.0,0.0,0.0,0.0,0.0,0.0,0.0,0.0,0.0,0.0
19042,0.0,0.0,0.0,0.0,0.0,0.0,0.0,0.0,0.0,0.0,0.0,0.0
19043,0.0,0.0,0.0,0.0,0.0,0.0,0.0,0.0,0.0,0.0,0.0,0.0
19044,0.0,0.0,0.0,0.0,0.0,0.0,0.0,0.0,0.0,0.0,0.0,0.0
19053,0.0,0.0,0.0,0.0,0.0,0.0,0.0,0.0,0.0,0.0,0.0,0.0
19054,0.0,0.0,0.0,0.0,0.0,0.0,0.0,0.0,0.0,0.0,0.0,0.0
19055,0.0,0.0,0.0,0.0,0.0,0.0,0.0,0.0,0.0,0.0,0.0,0.0
19056,0.0,0.0,0.0,0.0,0.0,0.0,0.0,0.0,0.0,0.0,0.0,0.0
19057,0.0,0.0,0.0,0.0,0.0,0.0,0.0,0.0,0.0,0.0,0.0,0.0
19058,0.0,0.0,0.0,0.0,0.0,0.0,0.0,0.0,0.0,0.0,0.0,0.0
19061,0.0,0.0,0.0,0.0,0.0,0.0,0.0,0.0,0.0,0.0,0.0,0.0
19062,0.0,0.0,0.0,0.0,0.0,0.0,0.0,0.0,0.0,0.0,0.0,0.0
19063,0.0,0.0,0.0,0.0,0.0,0.0,0.0,0.0,0.0,0.0,0.0,0.0
19064,0.0,0.0,0.0,0.0,0.0,0.0,0.0,0.0,0.0,0.0,0.0,0.0
19065,0.0,0.0,0.0,0.0,0.0,0.0,0.0,0.0,0.0,0.0,0.0,0.0
19066,0.0,0.0,0.0,0.0,0.0,0.0,0.0,0.0,0.0,0.0,0.0,0.0
19067,0.0,0.0,0.0,0.0,0.0,0.0,0.0,0.0,0.0,0.0,0.0,0.0
19068,0.0,0.0,0.0,0.0,0.0,0.0,0.0,0.0,0.0,0.0,0.0,0.0
19069,0.0,0.0,0.0,0.0,0.0,0.0,0.0,0.0,0.0,0.0,0.0,0.0
19070,0.0,0.0,0.0,0.0,0.0,0.0,0.0,0.0,0.0,0.0,0.0,0.0
19071,0.0,0.0,0.0,0.0,0.0,0.0,0.0,0.0,0.0,0.0,0.0,0.0
19072,0.0,0.0,0.0,0.0,0.0,0.0,0.0,0.0,0.0,0.0,0.0,0.0
19073,0.0,0.0,0.0,0.0,0.0,0.0,0.0,0.0,0.0,0.0,0.0,0.0
19155,0.0,0.0,0.0,0.0,0.0,0.0,0.0,0.0,0.0,0.0,0.0,0.0
19156,0.0,0.0,0.0,0.0,1627626.0741901398,4434927.200527191,14726301.514003754,9205124.316007614,2833247.8069667816,978784.665271759,0.0,0.0
19157,0.0,0.0,0.0,0.0,0.0,0.0,0.0,0.0,0.0,0.0,0.0,0.0
19158,0.0,0.0,0.0,0.0,0.0,0.0,0.0,0.0,0.0,0.0,0.0,0.0
19159,0.0,0.0,0.0,0.0,0.0,0.0,0.0,0.0,0.0,0.0,0.0,0.0
19160,0.0,0.0,0.0,0.0,0.0,0.0,0.0,0.0,0.0,0.0,0.0,0.0
19161,0.0,0.0,0.0,0.0,0.0,0.0,0.0,0.0,0.0,0.0,0.0,0.0
19191,0.0,0.0,0.0,0.0,0.0,0.0,0.0,0.0,0.0,0.0,0.0,0.0
19192,0.0,0.0,0.0,0.0,0.0,0.0,0.0,0.0,0.0,0.0,0.0,0.0
19193,0.0,0.0,0.0,0.0,0.0,0.0,0.0,0.0,0.0,0.0,0.0,0.0
19194,0.0,0.0,0.0,0.0,0.0,0.0,0.0,0.0,0.0,0.0,0.0,0.0
19195,0.0,0.0,0.0,0.0,0.0,0.0,0.0,0.0,0.0,0.0,0.0,0.0
19196,0.0,0.0,0.0,0.0,0.0,0.0,0.0,0.0,0.0,0.0,0.0,0.0
19203,0.0,0.0,0.0,0.0,0.0,0.0,0.0,0.0,0.0,0.0,0.0,0.0
19204,0.0,0.0,0.0,0.0,0.0,0.0,0.0,0.0,0.0,0.0,0.0,0.0
19205,0.0,0.0,0.0,0.0,0.0,0.0,0.0,0.0,0.0,0.0,0.0,0.0
19206,0.0,0.0,0.0,0.0,0.0,0.0,0.0,0.0,0.0,0.0,0.0,0.0
19207,0.0,0.0,0.0,0.0,0.0,0.0,0.0,0.0,0.0,0.0,0.0,0.0
19208,0.0,0.0,0.0,0.0,-2333.427417114377,-13249.537406779826,-30064.516151987016,-4419.116731442511,-3509.193143106997,-22.965823881328106,0.0,0.0
19209,0.0,0.0,0.0,0.0,0.0,0.0,0.0,0.0,0.0,0.0,0.0,0.0
19210,0.0,0.0,0.0,0.0,0.0,0.0,0.0,0.0,0.0,0.0,0.0,0.0
19211,0.0,0.0,0.0,0.0,0.0,0.0,0.0,0.0,0.0,0.0,0.0,0.0
19212,0.0,0.0,0.0,0.0,0.0,0.0,0.0,0.0,0.0,0.0,0.0,0.0
19220,0.0,0.0,0.0,0.0,0.0,0.0,0.0,0.0,0.0,0.0,0.0,0.0
19221,0.0,0.0,0.0,0.0,0.0,0.0,0.0,0.0,0.0,0.0,0.0,0.0
19222,0.0,0.0,0.0,0.0,0.0,0.0,0.0,0.0,0.0,0.0,0.0,0.0
19223,0.0,0.0,0.0,0.0,0.0,0.0,0.0,0.0,0.0,0.0,0.0,0.0
19224,0.0,0.0,0.0,0.0,0.0,0.0,0.0,0.0,0.0,0.0,0.0,0.0
19225,0.0,0.0,0.0,0.0,0.0,0.0,0.0,0.0,0.0,0.0,0.0,0.0
19226,0.0,0.0,0.0,0.0,0.0,0.0,0.0,0.0,0.0,0.0,0.0,0.0
19228,0.0,0.0,0.0,0.0,0.0,0.0,0.0,0.0,0.0,0.0,0.0,0.0
19229,0.0,0.0,0.0,0.0,0.0,0.0,0.0,0.0,0.0,0.0,0.0,0.0
19230,0.0,0.0,0.0,0.0,-1375.8044414520264,-7200.948204994202,-95775.210085392,-46511.524461984634,-1654.5705964565277,-553.8532691001892,0.0,0.0
19459,0.0,0.0,0.0,0.0,0.0,0.0,0.0,0.0,0.0,0.0,0.0,0.0
19460,0.0,0.0,0.0,0.0,0.0,0.0,0.0,0.0,0.0,0.0,0.0,0.0
19461,0.0,0.0,0.0,0.0,0.0,0.0,0.0,0.0,0.0,0.0,0.0,0.0
19462,0.0,0.0,0.0,0.0,0.0,0.0,0.0,0.0,0.0,0.0,0.0,0.0
19474,0.0,0.0,0.0,0.0,0.0,0.0,0.0,0.0,0.0,0.0,0.0,0.0
19476,0.0,0.0,0.0,0.0,0.0,0.0,0.0,0.0,0.0,0.0,0.0,0.0
19477,0.0,0.0,0.0,0.0,0.0,0.0,0.0,0.0,0.0,0.0,0.0,0.0
19478,0.0,0.0,0.0,0.0,0.0,0.0,0.0,0.0,0.0,0.0,0.0,0.0
19480,0.0,0.0,0.0,0.0,0.0,0.0,0.0,0.0,0.0,0.0,0.0,0.0
19481,0.0,0.0,0.0,0.0,0.0,0.0,0.0,0.0,0.0,0.0,0.0,0.0
19482,0.0,0.0,0.0,0.0,0.0,0.0,0.0,0.0,0.0,0.0,0.0,0.0
19484,0.0,0.0,0.0,0.0,0.0,0.0,0.0,0.0,0.0,0.0,0.0,0.0
19485,0.0,0.0,0.0,0.0,0.0,0.0,0.0,0.0,0.0,0.0,0.0,0.0
19486,0.0,0.0,0.0,0.0,0.0,0.0,0.0,0.0,0.0,0.0,0.0,0.0
19487,0.0,0.0,0.0,0.0,0.0,0.0,0.0,0.0,0.0,0.0,0.0,0.0
19488,0.0,0.0,0.0,0.0,0.0,0.0,0.0,0.0,0.0,0.0,0.0,0.0
19489,0.0,0.0,0.0,0.0,0.0,0.0,0.0,0.0,0.0,0.0,0.0,0.0
19490,0.0,0.0,0.0,0.0,0.0,0.0,0.0,0.0,0.0,0.0,0.0,0.0
19491,0.0,0.0,0.0,0.0,0.0,0.0,0.0,0.0,0.0,0.0,0.0,0.0
19492,0.0,0.0,0.0,0.0,0.0,0.0,0.0,0.0,0.0,0.0,0.0,0.0
19577,0.0,0.0,0.0,0.0,0.0,0.0,0.0,0.0,0.0,0.0,0.0,0.0
19578,0.0,0.0,0.0,0.0,0.0,0.0,0.0,0.0,0.0,0.0,0.0,0.0
19579,0.0,0.0,0.0,0.0,0.0,0.0,0.0,0.0,0.0,0.0,0.0,0.0
19580,0.0,0.0,0.0,0.0,0.0,0.0,0.0,0.0,0.0,0.0,0.0,0.0
19581,0.0,0.0,0.0,0.0,0.0,0.0,0.0,0.0,0.0,0.0,0.0,0.0
19582,0.0,0.0,0.0,0.0,0.0,0.0,0.0,0.0,0.0,0.0,0.0,0.0
19583,0.0,0.0,0.0,0.0,0.0,0.0,0.0,0.0,0.0,0.0,0.0,0.0
19612,0.0,0.0,0.0,0.0,0.0,0.0,0.0,0.0,0.0,0.0,0.0,0.0
19613,0.0,0.0,0.0,0.0,0.0,0.0,0.0,0.0,0.0,0.0,0.0,0.0
19614,0.0,0.0,0.0,0.0,0.0,0.0,0.0,0.0,0.0,0.0,0.0,0.0
19615,0.0,0.0,0.0,0.0,0.0,0.0,0.0,0.0,0.0,0.0,0.0,0.0
19616,0.0,0.0,0.0,0.0,0.0,0.0,0.0,0.0,0.0,0.0,0.0,0.0
19617,0.0,0.0,0.0,0.0,0.0,0.0,0.0,0.0,0.0,0.0,0.0,0.0
19618,0.0,0.0,0.0,0.0,0.0,0.0,0.0,0.0,0.0,0.0,0.0,0.0
19624,0.0,0.0,0.0,0.0,0.0,0.0,0.0,0.0,0.0,0.0,0.0,0.0
19625,0.0,0.0,0.0,0.0,0.0,0.0,0.0,0.0,0.0,0.0,0.0,0.0
19626,0.0,0.0,0.0,0.0,-1132.9129257798195,-30300.31801724434,-55503.4845097065,-7401.948498055339,-9740.364242553711,0.0,0.0,0.0
19629,0.0,0.0,0.0,0.0,20334.23172980547,162308.85043926537,367780.87919683754,64824.716007485986,57268.89409084618,-13.412646323442459,0.0,0.0
19630,0.0,0.0,0.0,0.0,0.0,0.0,0.0,0.0,0.0,0.0,0.0,0.0
19631,0.0,0.0,0.0,0.0,-4.191935777664185,-239.64972829818726,-554.7189555764198,0.0,-31.46022468805313,-3.515746593475342,0.0,0.0
19638,0.0,0.0,0.0,0.0,0.0,0.0,0.0,0.0,0.0,0.0,0.0,0.0
19639,0.0,0.0,0.0,0.0,0.0,0.0,0.0,0.0,0.0,0.0,0.0,0.0
19640,0.0,0.0,0.0,0.0,0.0,0.0,0.0,0.0,0.0,0.0,0.0,0.0
19641,0.0,0.0,0.0,0.0,0.0,0.0,0.0,0.0,0.0,0.0,0.0,0.0
19646,0.0,0.0,0.0,0.0,0.0,0.0,0.0,0.0,0.0,0.0,0.0,0.0
19686,0.0,0.0,0.0,0.0,0.0,0.0,0.0,0.0,0.0,0.0,0.0,0.0
19875,0.0,0.0,0.0,0.0,0.0,0.0,0.0,0.0,0.0,0.0,0.0,0.0
19876,0.0,0.0,0.0,0.0,0.0,0.0,0.0,0.0,0.0,0.0,0.0,0.0
19878,0.0,0.0,0.0,0.0,0.0,0.0,0.0,0.0,0.0,0.0,0.0,0.0
19891,0.0,0.0,0.0,0.0,0.0,0.0,0.0,0.0,0.0,0.0,0.0,0.0
19892,0.0,0.0,0.0,0.0,0.0,0.0,0.0,0.0,0.0,0.0,0.0,0.0
19893,0.0,0.0,0.0,0.0,0.0,0.0,0.0,0.0,0.0,0.0,0.0,0.0
19897,0.0,0.0,0.0,0.0,0.0,0.0,0.0,0.0,0.0,0.0,0.0,0.0
19898,0.0,0.0,0.0,0.0,0.0,0.0,0.0,0.0,0.0,0.0,0.0,0.0
19899,0.0,0.0,0.0,0.0,0.0,0.0,0.0,0.0,0.0,0.0,0.0,0.0
19900,0.0,0.0,0.0,0.0,0.0,0.0,0.0,0.0,0.0,0.0,0.0,0.0
19901,0.0,0.0,0.0,0.0,0.0,0.0,0.0,0.0,0.0,0.0,0.0,0.0
19902,0.0,0.0,0.0,0.0,0.0,0.0,0.0,0.0,0.0,0.0,0.0,0.0
19903,0.0,0.0,0.0,0.0,0.0,0.0,0.0,0.0,0.0,0.0,0.0,0.0
19904,0.0,0.0,0.0,0.0,0.0,0.0,0.0,0.0,0.0,0.0,0.0,0.0
19905,0.0,0.0,0.0,0.0,0.0,0.0,0.0,0.0,0.0,0.0,0.0,0.0
19992,0.0,0.0,0.0,0.0,0.0,0.0,0.0,0.0,0.0,0.0,0.0,0.0
19993,0.0,0.0,0.0,0.0,0.0,0.0,0.0,0.0,0.0,0.0,0.0,0.0
19994,0.0,0.0,0.0,0.0,0.0,0.0,0.0,0.0,0.0,0.0,0.0,0.0
19995,0.0,0.0,0.0,0.0,0.0,0.0,0.0,0.0,0.0,0.0,0.0,0.0
19996,0.0,0.0,0.0,0.0,0.0,0.0,0.0,0.0,0.0,0.0,0.0,0.0
19997,0.0,0.0,0.0,0.0,0.0,0.0,0.0,0.0,0.0,0.0,0.0,0.0
20027,0.0,0.0,0.0,0.0,0.0,0.0,0.0,0.0,0.0,0.0,0.0,0.0
20028,0.0,0.0,0.0,0.0,0.0,0.0,0.0,0.0,0.0,0.0,0.0,0.0
20029,0.0,0.0,0.0,0.0,0.0,0.0,0.0,0.0,0.0,0.0,0.0,0.0
20030,0.0,0.0,0.0,0.0,0.0,0.0,0.0,0.0,0.0,0.0,0.0,0.0
20031,0.0,0.0,0.0,0.0,0.0,0.0,0.0,0.0,0.0,0.0,0.0,0.0
20032,0.0,0.0,0.0,0.0,0.0,0.0,0.0,0.0,0.0,0.0,0.0,0.0
20036,0.0,0.0,0.0,0.0,0.0,0.0,0.0,0.0,0.0,0.0,0.0,0.0
20037,0.0,0.0,0.0,0.0,0.0,0.0,0.0,0.0,0.0,0.0,0.0,0.0
20038,0.0,0.0,0.0,0.0,0.0,0.0,0.0,0.0,0.0,0.0,0.0,0.0
20039,0.0,0.0,0.0,0.0,-6789.291721358895,-57114.504064038396,-115799.53690479696,-15011.584141597152,-7170.65147921443,0.0,0.0,0.0
20043,0.0,0.0,0.0,0.0,-403.33005848526955,-4193.5500024184585,-15660.890554949641,-642.6593255139887,-1769.3592412769794,-29.65947564691305,0.0,0.0
20044,0.0,0.0,0.0,0.0,0.0,0.0,0.0,0.0,0.0,0.0,0.0,0.0
20045,0.0,0.0,0.0,0.0,0.0,0.0,0.0,0.0,0.0,0.0,0.0,0.0
20046,0.0,0.0,0.0,0.0,-90.91181698441505,-1720.8527431041002,-8111.097172014415,-390.89338067919016,-784.7207964807749,-49.257385581731796,0.0,0.0
20050,0.0,0.0,0.0,0.0,0.0,-1361.1193383187056,-3719.856811210513,-365.7854538708925,-569.0600330680609,-39.22866640985012,0.0,0.0
20051,0.0,0.0,0.0,0.0,0.0,0.0,0.0,0.0,0.0,0.0,0.0,0.0
20052,0.0,0.0,0.0,0.0,0.0,0.0,0.0,0.0,0.0,0.0,0.0,0.0
20053,0.0,0.0,0.0,0.0,0.0,0.0,0.0,0.0,0.0,0.0,0.0,0.0
20054,0.0,0.0,0.0,0.0,0.0,0.0,0.0,0.0,0.0,0.0,0.0,0.0
20055,0.0,0.0,0.0,0.0,0.0,0.0,0.0,0.0,0.0,0.0,0.0,0.0
20099,0.0,0.0,0.0,0.0,0.0,0.0,0.0,0.0,0.0,0.0,0.0,0.0
20287,0.0,0.0,0.0,0.0,0.0,0.0,0.0,0.0,0.0,0.0,0.0,0.0
20288,0.0,0.0,0.0,0.0,0.0,0.0,0.0,0.0,0.0,0.0,0.0,0.0
20289,0.0,0.0,0.0,0.0,0.0,0.0,0.0,0.0,0.0,0.0,0.0,0.0
20290,0.0,0.0,0.0,0.0,0.0,0.0,0.0,0.0,0.0,0.0,0.0,0.0
20303,0.0,0.0,0.0,0.0,0.0,0.0,0.0,0.0,0.0,0.0,0.0,0.0
20304,0.0,0.0,0.0,0.0,0.0,0.0,0.0,0.0,0.0,0.0,0.0,0.0
20305,0.0,0.0,0.0,0.0,0.0,0.0,0.0,0.0,0.0,0.0,0.0,0.0
20306,0.0,0.0,0.0,0.0,0.0,0.0,0.0,0.0,0.0,0.0,0.0,0.0
20307,0.0,0.0,0.0,0.0,0.0,0.0,0.0,0.0,0.0,0.0,0.0,0.0
20308,0.0,0.0,0.0,0.0,0.0,0.0,0.0,0.0,0.0,0.0,0.0,0.0
20309,0.0,0.0,0.0,0.0,0.0,0.0,0.0,0.0,0.0,0.0,0.0,0.0
20310,0.0,0.0,0.0,0.0,0.0,0.0,0.0,0.0,0.0,0.0,0.0,0.0
20311,0.0,0.0,0.0,0.0,0.0,0.0,0.0,0.0,0.0,0.0,0.0,0.0
20312,0.0,0.0,0.0,0.0,0.0,0.0,0.0,0.0,0.0,0.0,0.0,0.0
20313,0.0,0.0,0.0,0.0,0.0,0.0,0.0,0.0,0.0,0.0,0.0,0.0
20315,0.0,0.0,0.0,0.0,0.0,0.0,0.0,0.0,0.0,0.0,0.0,0.0
20316,0.0,0.0,0.0,0.0,0.0,0.0,0.0,0.0,0.0,0.0,0.0,0.0
20317,0.0,0.0,0.0,0.0,0.0,0.0,0.0,0.0,0.0,0.0,0.0,0.0
20318,0.0,0.0,0.0,0.0,0.0,0.0,0.0,0.0,0.0,0.0,0.0,0.0
20319,0.0,0.0,0.0,0.0,0.0,0.0,0.0,0.0,0.0,0.0,0.0,0.0
20320,0.0,0.0,0.0,0.0,0.0,0.0,0.0,0.0,0.0,0.0,0.0,0.0
20321,0.0,0.0,0.0,0.0,0.0,0.0,0.0,0.0,0.0,0.0,0.0,0.0
20322,0.0,0.0,0.0,0.0,0.0,0.0,0.0,0.0,0.0,0.0,0.0,0.0
20409,0.0,0.0,0.0,0.0,0.0,0.0,0.0,0.0,0.0,0.0,0.0,0.0
20410,0.0,0.0,0.0,0.0,0.0,0.0,0.0,0.0,0.0,0.0,0.0,0.0
20411,0.0,0.0,0.0,0.0,0.0,0.0,0.0,0.0,0.0,0.0,0.0,0.0
20412,0.0,0.0,0.0,0.0,0.0,0.0,0.0,0.0,0.0,0.0,0.0,0.0
20413,0.0,0.0,0.0,0.0,0.0,0.0,0.0,0.0,0.0,0.0,0.0,0.0
20414,0.0,0.0,0.0,0.0,0.0,0.0,0.0,0.0,0.0,0.0,0.0,0.0
20415,0.0,0.0,0.0,0.0,0.0,0.0,0.0,0.0,0.0,0.0,0.0,0.0
20416,0.0,0.0,0.0,0.0,0.0,0.0,0.0,0.0,0.0,0.0,0.0,0.0
20448,0.0,0.0,0.0,0.0,0.0,0.0,0.0,0.0,0.0,0.0,0.0,0.0
20449,0.0,0.0,0.0,0.0,0.0,0.0,0.0,0.0,0.0,0.0,0.0,0.0
20450,0.0,0.0,0.0,0.0,0.0,0.0,0.0,0.0,0.0,0.0,0.0,0.0
20451,0.0,0.0,0.0,0.0,0.0,0.0,0.0,0.0,0.0,0.0,0.0,0.0
20452,0.0,0.0,0.0,0.0,0.0,0.0,0.0,0.0,0.0,0.0,0.0,0.0
20453,0.0,0.0,0.0,0.0,0.0,0.0,0.0,0.0,0.0,0.0,0.0,0.0
20458,0.0,0.0,0.0,0.0,0.0,0.0,0.0,0.0,0.0,0.0,0.0,0.0
20459,0.0,0.0,0.0,0.0,0.0,0.0,0.0,0.0,0.0,0.0,0.0,0.0
20460,0.0,0.0,0.0,0.0,-16516.380121573806,-146609.2780778855,-286539.5522339493,-35976.255106166005,-12499.050664812326,0.0,0.0,0.0
20463,0.0,0.0,0.0,0.0,-2230.3825049623847,-12286.039975307882,-52136.657730802894,-928.1634943038225,-3470.0185059309006,0.0,0.0,0.0
20464,0.0,0.0,0.0,0.0,0.0,0.0,0.0,0.0,0.0,0.0,0.0,0.0
20465,0.0,0.0,0.0,0.0,0.0,0.0,0.0,0.0,0.0,0.0,0.0,0.0
20466,0.0,0.0,0.0,0.0,0.0,0.0,0.0,0.0,0.0,0.0,0.0,0.0
20467,0.0,0.0,0.0,0.0,0.0,0.0,0.0,0.0,0.0,0.0,0.0,0.0
20468,0.0,0.0,0.0,0.0,0.0,0.0,0.0,0.0,0.0,0.0,0.0,0.0
20469,0.0,0.0,0.0,0.0,0.0,-294.6122474819422,-1019.4224843457341,-101.53756783157587,-93.62026383727789,-13.423877619206905,0.0,0.0
20472,0.0,0.0,0.0,0.0,-2.467331200838089,-199286.79424065351,-530855.9453466535,-60696.60696732998,-64267.884600535035,-2754.411352559924,0.0,0.0
20473,0.0,0.0,0.0,0.0,0.0,0.0,0.0,0.0,0.0,0.0,0.0,0.0
20529,0.0,0.0,0.0,0.0,0.0,0.0,0.0,0.0,0.0,0.0,0.0,0.0
20577,0.0,0.0,0.0,0.0,0.0,0.0,0.0,0.0,0.0,0.0,0.0,0.0
20703,0.0,0.0,0.0,0.0,0.0,0.0,0.0,0.0,0.0,0.0,0.0,0.0
20704,0.0,0.0,0.0,0.0,0.0,0.0,0.0,0.0,0.0,0.0,0.0,0.0
20705,0.0,0.0,0.0,0.0,0.0,0.0,0.0,0.0,0.0,0.0,0.0,0.0
20706,0.0,0.0,0.0,0.0,0.0,0.0,0.0,0.0,0.0,0.0,0.0,0.0
20718,0.0,0.0,0.0,0.0,0.0,0.0,0.0,0.0,0.0,0.0,0.0,0.0
20721,0.0,0.0,0.0,0.0,0.0,0.0,0.0,0.0,0.0,0.0,0.0,0.0
20722,0.0,0.0,0.0,0.0,0.0,0.0,0.0,0.0,0.0,0.0,0.0,0.0
20723,0.0,0.0,0.0,0.0,0.0,0.0,0.0,0.0,0.0,0.0,0.0,0.0
20724,0.0,0.0,0.0,0.0,0.0,0.0,0.0,0.0,0.0,0.0,0.0,0.0
20725,0.0,0.0,0.0,0.0,0.0,0.0,0.0,0.0,0.0,0.0,0.0,0.0
20726,0.0,0.0,0.0,0.0,0.0,0.0,0.0,0.0,0.0,0.0,0.0,0.0
20728,0.0,0.0,0.0,0.0,0.0,0.0,0.0,0.0,0.0,0.0,0.0,0.0
20729,0.0,0.0,0.0,0.0,0.0,0.0,0.0,0.0,0.0,0.0,0.0,0.0
20730,0.0,0.0,0.0,0.0,0.0,0.0,0.0,0.0,0.0,0.0,0.0,0.0
20731,0.0,0.0,0.0,0.0,0.0,0.0,0.0,0.0,0.0,0.0,0.0,0.0
20732,0.0,0.0,0.0,0.0,0.0,0.0,0.0,0.0,0.0,0.0,0.0,0.0
20733,0.0,0.0,0.0,0.0,0.0,0.0,0.0,0.0,0.0,0.0,0.0,0.0
20734,0.0,0.0,0.0,0.0,0.0,0.0,0.0,0.0,0.0,0.0,0.0,0.0
20735,0.0,0.0,0.0,0.0,0.0,0.0,0.0,0.0,0.0,0.0,0.0,0.0
20736,0.0,0.0,0.0,0.0,0.0,0.0,0.0,0.0,0.0,0.0,0.0,0.0
20826,0.0,0.0,0.0,0.0,0.0,0.0,0.0,0.0,0.0,0.0,0.0,0.0
20827,0.0,0.0,0.0,0.0,0.0,0.0,0.0,0.0,0.0,0.0,0.0,0.0
20828,0.0,0.0,0.0,0.0,0.0,0.0,0.0,0.0,0.0,0.0,0.0,0.0
20829,0.0,0.0,0.0,0.0,0.0,0.0,0.0,0.0,0.0,0.0,0.0,0.0
20830,0.0,0.0,0.0,0.0,0.0,0.0,0.0,0.0,0.0,0.0,0.0,0.0
20831,0.0,0.0,0.0,0.0,0.0,0.0,0.0,0.0,0.0,0.0,0.0,0.0
20832,0.0,0.0,0.0,0.0,0.0,0.0,0.0,0.0,0.0,0.0,0.0,0.0
20833,0.0,0.0,0.0,0.0,0.0,0.0,0.0,0.0,0.0,0.0,0.0,0.0
20834,0.0,0.0,0.0,0.0,0.0,0.0,0.0,0.0,0.0,0.0,0.0,0.0
20868,0.0,0.0,0.0,0.0,0.0,0.0,0.0,0.0,0.0,0.0,0.0,0.0
20869,0.0,0.0,0.0,0.0,0.0,0.0,0.0,0.0,0.0,0.0,0.0,0.0
20870,0.0,0.0,0.0,0.0,0.0,0.0,0.0,0.0,0.0,0.0,0.0,0.0
20871,0.0,0.0,0.0,0.0,0.0,0.0,0.0,0.0,0.0,0.0,0.0,0.0
20872,0.0,0.0,0.0,0.0,0.0,0.0,0.0,0.0,0.0,0.0,0.0,0.0
20873,0.0,0.0,0.0,0.0,0.0,0.0,0.0,0.0,0.0,0.0,0.0,0.0
20874,0.0,0.0,0.0,0.0,0.0,0.0,0.0,0.0,0.0,0.0,0.0,0.0
20875,0.0,0.0,0.0,0.0,0.0,0.0,0.0,0.0,0.0,0.0,0.0,0.0
20876,0.0,0.0,0.0,0.0,0.0,0.0,0.0,0.0,0.0,0.0,0.0,0.0
20877,0.0,0.0,0.0,0.0,0.0,0.0,0.0,0.0,0.0,0.0,0.0,0.0
20878,0.0,0.0,0.0,0.0,0.0,0.0,0.0,0.0,0.0,0.0,0.0,0.0
20879,0.0,0.0,0.0,0.0,0.0,0.0,0.0,0.0,0.0,0.0,0.0,0.0
20886,0.0,0.0,0.0,0.0,0.0,0.0,0.0,0.0,0.0,0.0,0.0,0.0
20887,0.0,0.0,0.0,0.0,0.0,0.0,0.0,0.0,0.0,0.0,0.0,0.0
20888,0.0,0.0,0.0,0.0,-9944.77871710062,-86264.33850179613,-172802.61993788928,-10545.314325772226,-4221.182580590248,0.0,0.0,0.0
20890,0.0,0.0,0.0,0.0,0.0,0.0,0.0,0.0,0.0,0.0,0.0,0.0
20891,0.0,0.0,0.0,0.0,0.0,0.0,0.0,0.0,0.0,0.0,0.0,0.0
20892,0.0,0.0,0.0,0.0,0.0,0.0,0.0,0.0,0.0,0.0,0.0,0.0
20893,0.0,0.0,0.0,0.0,0.0,0.0,0.0,0.0,0.0,0.0,0.0,0.0
20894,0.0,0.0,0.0,0.0,0.0,0.0,0.0,0.0,0.0,0.0,0.0,0.0
20895,0.0,0.0,0.0,0.0,0.0,0.0,0.0,0.0,0.0,0.0,0.0,0.0
20896,0.0,0.0,0.0,0.0,0.0,0.0,0.0,0.0,0.0,0.0,0.0,0.0
20897,0.0,0.0,0.0,0.0,0.0,0.0,0.0,0.0,0.0,0.0,0.0,0.0
20898,0.0,0.0,0.0,0.0,0.0,0.0,0.0,0.0,0.0,0.0,0.0,0.0
20899,0.0,0.0,0.0,0.0,0.0,0.0,0.0,0.0,0.0,0.0,0.0,0.0
20900,0.0,0.0,0.0,0.0,0.0,0.0,0.0,0.0,0.0,0.0,0.0,0.0
20901,0.0,0.0,0.0,0.0,0.0,0.0,0.0,0.0,0.0,0.0,0.0,0.0
20903,0.0,0.0,0.0,0.0,0.0,6.2831010818481445,73.43011832237244,22.75553035736084,3.825714111328125,1.1038401126861572,0.0,0.0
20960,0.0,0.0,0.0,0.0,0.0,0.0,0.0,0.0,0.0,0.0,0.0,0.0
21001,0.0,0.0,0.0,0.0,0.0,0.0,0.0,0.0,0.0,0.0,0.0,0.0
21006,0.0,0.0,0.0,0.0,0.0,0.0,0.0,0.0,0.0,0.0,0.0,0.0
21131,0.0,0.0,0.0,0.0,0.0,0.0,0.0,0.0,0.0,0.0,0.0,0.0
21132,0.0,0.0,0.0,0.0,0.0,0.0,0.0,0.0,0.0,0.0,0.0,0.0
21133,0.0,0.0,0.0,0.0,0.0,0.0,0.0,0.0,0.0,0.0,0.0,0.0
21135,0.0,0.0,0.0,0.0,0.0,0.0,0.0,0.0,0.0,0.0,0.0,0.0
21136,0.0,0.0,0.0,0.0,0.0,0.0,0.0,0.0,0.0,0.0,0.0,0.0
21137,0.0,0.0,0.0,0.0,0.0,0.0,0.0,0.0,0.0,0.0,0.0,0.0
21149,0.0,0.0,0.0,0.0,0.0,0.0,0.0,0.0,0.0,0.0,0.0,0.0
21150,0.0,0.0,0.0,0.0,0.0,0.0,0.0,0.0,0.0,0.0,0.0,0.0
21151,0.0,0.0,0.0,0.0,0.0,0.0,0.0,0.0,0.0,0.0,0.0,0.0
21152,0.0,0.0,0.0,0.0,0.0,0.0,0.0,0.0,0.0,0.0,0.0,0.0
21153,0.0,0.0,0.0,0.0,0.0,0.0,0.0,0.0,0.0,0.0,0.0,0.0
21154,0.0,0.0,0.0,0.0,0.0,0.0,0.0,0.0,0.0,0.0,0.0,0.0
21155,0.0,0.0,0.0,0.0,0.0,0.0,0.0,0.0,0.0,0.0,0.0,0.0
21156,0.0,0.0,0.0,0.0,0.0,0.0,0.0,0.0,0.0,0.0,0.0,0.0
21158,0.0,0.0,0.0,0.0,0.0,0.0,0.0,0.0,0.0,0.0,0.0,0.0
21159,0.0,0.0,0.0,0.0,0.0,0.0,0.0,0.0,0.0,0.0,0.0,0.0
21160,0.0,0.0,0.0,0.0,0.0,0.0,0.0,0.0,0.0,0.0,0.0,0.0
21161,0.0,0.0,0.0,0.0,0.0,0.0,0.0,0.0,0.0,0.0,0.0,0.0
21162,0.0,0.0,0.0,0.0,0.0,0.0,0.0,0.0,0.0,0.0,0.0,0.0
21163,0.0,0.0,0.0,0.0,0.0,0.0,0.0,0.0,0.0,0.0,0.0,0.0
21164,0.0,0.0,0.0,0.0,0.0,0.0,0.0,0.0,0.0,0.0,0.0,0.0
21259,0.0,0.0,0.0,0.0,0.0,0.0,0.0,0.0,0.0,0.0,0.0,0.0
21260,0.0,0.0,0.0,0.0,0.0,0.0,0.0,0.0,0.0,0.0,0.0,0.0
21261,0.0,0.0,0.0,0.0,0.0,0.0,0.0,0.0,0.0,0.0,0.0,0.0
21262,0.0,0.0,0.0,0.0,0.0,0.0,0.0,0.0,0.0,0.0,0.0,0.0
21302,0.0,0.0,0.0,0.0,0.0,0.0,0.0,0.0,0.0,0.0,0.0,0.0
21303,0.0,0.0,0.0,0.0,0.0,0.0,0.0,0.0,0.0,0.0,0.0,0.0
21304,0.0,0.0,0.0,0.0,0.0,0.0,0.0,0.0,0.0,0.0,0.0,0.0
21305,0.0,0.0,0.0,0.0,0.0,0.0,0.0,0.0,0.0,0.0,0.0,0.0
21306,0.0,0.0,0.0,0.0,0.0,0.0,0.0,0.0,0.0,0.0,0.0,0.0
21307,0.0,0.0,0.0,0.0,0.0,0.0,0.0,0.0,0.0,0.0,0.0,0.0
21312,0.0,0.0,0.0,0.0,0.0,0.0,0.0,0.0,0.0,0.0,0.0,0.0
21313,0.0,0.0,0.0,0.0,0.0,0.0,0.0,0.0,0.0,0.0,0.0,0.0
21314,0.0,0.0,0.0,0.0,0.0,0.0,0.0,0.0,0.0,0.0,0.0,0.0
21315,0.0,0.0,0.0,0.0,0.0,0.0,0.0,0.0,0.0,0.0,0.0,0.0
21316,0.0,0.0,0.0,0.0,0.0,0.0,0.0,0.0,0.0,0.0,0.0,0.0
21317,0.0,0.0,0.0,0.0,0.0,0.0,0.0,0.0,0.0,0.0,0.0,0.0
21321,0.0,0.0,0.0,0.0,0.0,0.0,0.0,0.0,0.0,0.0,0.0,0.0
21322,0.0,0.0,0.0,0.0,0.0,0.0,0.0,0.0,0.0,0.0,0.0,0.0
21323,0.0,0.0,0.0,0.0,0.0,0.0,0.0,0.0,0.0,0.0,0.0,0.0
21324,0.0,0.0,0.0,0.0,-2877.68277746439,-24323.910357549787,-60576.2388529405,-2452.9859710261226,-451.54493767023087,0.0,0.0,0.0
21326,0.0,0.0,0.0,0.0,0.0,0.0,0.0,0.0,0.0,0.0,0.0,0.0
21327,0.0,0.0,0.0,0.0,0.0,0.0,0.0,0.0,0.0,0.0,0.0,0.0
21328,0.0,0.0,0.0,0.0,0.0,0.0,0.0,0.0,0.0,0.0,0.0,0.0
21329,0.0,0.0,0.0,0.0,0.0,0.0,0.0,0.0,0.0,0.0,0.0,0.0
21330,0.0,0.0,0.0,0.0,0.0,0.0,0.0,0.0,0.0,0.0,0.0,0.0
21331,0.0,0.0,0.0,0.0,0.0,0.0,0.0,0.0,0.0,0.0,0.0,0.0
21332,0.0,0.0,0.0,0.0,0.0,0.0,0.0,0.0,0.0,0.0,0.0,0.0
21333,0.0,0.0,0.0,0.0,0.0,0.0,0.0,0.0,0.0,0.0,0.0,0.0
21334,0.0,0.0,0.0,0.0,0.0,0.0,0.0,0.0,0.0,0.0,0.0,0.0
21335,0.0,0.0,0.0,0.0,0.0,0.0,0.0,0.0,0.0,0.0,0.0,0.0
21336,0.0,0.0,0.0,0.0,0.0,0.0,0.0,0.0,0.0,0.0,0.0,0.0
21337,0.0,0.0,0.0,0.0,8395.828178662807,73604.0640665479,181446.40430691838,27723.21295869723,1121.424941815436,3095.5555931031704,0.0,0.0
21338,0.0,0.0,0.0,0.0,0.0,0.0,0.0,0.0,0.0,0.0,0.0,0.0
21339,0.0,0.0,0.0,0.0,0.0,0.0,0.0,0.0,0.0,0.0,0.0,0.0
21340,0.0,0.0,0.0,0.0,0.0,0.0,0.0,0.0,0.0,0.0,0.0,0.0
21341,0.0,0.0,0.0,0.0,0.0,0.0,0.0,0.0,0.0,0.0,0.0,0.0
21437,0.0,0.0,0.0,0.0,0.0,0.0,0.0,0.0,0.0,0.0,0.0,0.0
21444,0.0,0.0,0.0,0.0,0.0,0.0,0.0,0.0,0.0,0.0,0.0,0.0
21454,0.0,0.0,0.0,0.0,0.0,0.0,0.0,0.0,0.0,0.0,0.0,0.0
21571,0.0,0.0,0.0,0.0,0.0,0.0,0.0,0.0,0.0,0.0,0.0,0.0
21572,0.0,0.0,0.0,0.0,0.0,0.0,0.0,0.0,0.0,0.0,0.0,0.0
21573,0.0,0.0,0.0,0.0,0.0,0.0,0.0,0.0,0.0,0.0,0.0,0.0
21574,0.0,0.0,0.0,0.0,0.0,0.0,0.0,0.0,0.0,0.0,0.0,0.0
21575,0.0,0.0,0.0,0.0,0.0,0.0,0.0,0.0,0.0,0.0,0.0,0.0
21576,0.0,0.0,0.0,0.0,0.0,0.0,0.0,0.0,0.0,0.0,0.0,0.0
21577,0.0,0.0,0.0,0.0,0.0,0.0,0.0,0.0,0.0,0.0,0.0,0.0
21578,0.0,0.0,0.0,0.0,0.0,0.0,0.0,0.0,0.0,0.0,0.0,0.0
21588,0.0,0.0,0.0,0.0,0.0,0.0,0.0,0.0,0.0,0.0,0.0,0.0
21589,0.0,0.0,0.0,0.0,0.0,0.0,0.0,0.0,0.0,0.0,0.0,0.0
21590,0.0,0.0,0.0,0.0,0.0,0.0,0.0,0.0,0.0,0.0,0.0,0.0
21591,0.0,0.0,0.0,0.0,0.0,0.0,0.0,0.0,0.0,0.0,0.0,0.0
21592,0.0,0.0,0.0,0.0,0.0,0.0,0.0,0.0,0.0,0.0,0.0,0.0
21593,0.0,0.0,0.0,0.0,0.0,0.0,0.0,0.0,0.0,0.0,0.0,0.0
21595,0.0,0.0,0.0,0.0,0.0,0.0,0.0,0.0,0.0,0.0,0.0,0.0
21596,0.0,0.0,0.0,0.0,0.0,0.0,0.0,0.0,0.0,0.0,0.0,0.0
21597,0.0,0.0,0.0,0.0,0.0,0.0,0.0,0.0,0.0,0.0,0.0,0.0
21600,0.0,0.0,0.0,0.0,0.0,0.0,0.0,0.0,0.0,0.0,0.0,0.0
21601,0.0,0.0,0.0,0.0,0.0,0.0,0.0,0.0,0.0,0.0,0.0,0.0
21602,0.0,0.0,0.0,0.0,0.0,0.0,0.0,0.0,0.0,0.0,0.0,0.0
21603,0.0,0.0,0.0,0.0,0.0,0.0,0.0,0.0,0.0,0.0,0.0,0.0
21604,0.0,0.0,0.0,0.0,0.0,0.0,0.0,0.0,0.0,0.0,0.0,0.0
21605,0.0,0.0,0.0,0.0,0.0,0.0,0.0,0.0,0.0,0.0,0.0,0.0
21606,0.0,0.0,0.0,0.0,0.0,0.0,0.0,0.0,0.0,0.0,0.0,0.0
21701,0.0,0.0,0.0,0.0,0.0,0.0,0.0,0.0,0.0,0.0,0.0,0.0
21704,0.0,0.0,0.0,0.0,0.0,0.0,0.0,0.0,0.0,0.0,0.0,0.0
21745,0.0,0.0,0.0,0.0,0.0,0.0,0.0,0.0,0.0,0.0,0.0,0.0
21746,0.0,0.0,0.0,0.0,0.0,0.0,0.0,0.0,0.0,0.0,0.0,0.0
21747,0.0,0.0,0.0,0.0,0.0,0.0,0.0,0.0,0.0,0.0,0.0,0.0
21748,0.0,0.0,0.0,0.0,0.0,0.0,0.0,0.0,0.0,0.0,0.0,0.0
21749,0.0,0.0,0.0,0.0,0.0,0.0,0.0,0.0,0.0,0.0,0.0,0.0
21750,0.0,0.0,0.0,0.0,0.0,0.0,0.0,0.0,0.0,0.0,0.0,0.0
21751,0.0,0.0,0.0,0.0,0.0,0.0,0.0,0.0,0.0,0.0,0.0,0.0
21752,0.0,0.0,0.0,0.0,0.0,0.0,0.0,0.0,0.0,0.0,0.0,0.0
21753,0.0,0.0,0.0,0.0,0.0,0.0,0.0,0.0,0.0,0.0,0.0,0.0
21758,0.0,0.0,0.0,0.0,0.0,0.0,0.0,0.0,0.0,0.0,0.0,0.0
21759,0.0,0.0,0.0,0.0,0.0,0.0,0.0,0.0,0.0,0.0,0.0,0.0
21760,0.0,0.0,0.0,0.0,0.0,0.0,0.0,0.0,0.0,0.0,0.0,0.0
21761,0.0,0.0,0.0,0.0,0.0,0.0,0.0,0.0,0.0,0.0,0.0,0.0
21762,0.0,0.0,0.0,0.0,0.0,0.0,0.0,0.0,0.0,0.0,0.0,0.0
21763,0.0,0.0,0.0,0.0,0.0,0.0,0.0,0.0,0.0,0.0,0.0,0.0
21768,0.0,0.0,0.0,0.0,0.0,0.0,0.0,0.0,0.0,0.0,0.0,0.0
21769,0.0,0.0,0.0,0.0,0.0,0.0,0.0,0.0,0.0,0.0,0.0,0.0
21772,0.0,0.0,0.0,0.0,0.0,0.0,0.0,0.0,0.0,0.0,0.0,0.0
21773,0.0,0.0,0.0,0.0,0.0,0.0,0.0,0.0,0.0,0.0,0.0,0.0
21774,0.0,0.0,0.0,0.0,0.0,0.0,0.0,0.0,0.0,0.0,0.0,0.0
21775,0.0,0.0,0.0,0.0,0.0,0.0,0.0,0.0,0.0,0.0,0.0,0.0
21776,0.0,0.0,0.0,0.0,0.0,0.0,0.0,0.0,0.0,0.0,0.0,0.0
21777,0.0,0.0,0.0,0.0,0.0,0.0,0.0,0.0,0.0,0.0,0.0,0.0
21778,0.0,0.0,0.0,0.0,0.0,0.0,0.0,0.0,0.0,0.0,0.0,0.0
21779,0.0,0.0,0.0,0.0,0.0,0.0,0.0,0.0,0.0,0.0,0.0,0.0
21780,0.0,0.0,0.0,0.0,0.0,0.0,0.0,0.0,0.0,0.0,0.0,0.0
21781,0.0,0.0,0.0,0.0,0.0,0.0,0.0,0.0,0.0,0.0,0.0,0.0
21782,0.0,0.0,0.0,0.0,0.0,0.0,0.0,0.0,0.0,0.0,0.0,0.0
21783,0.0,0.0,0.0,0.0,0.0,0.0,0.0,0.0,0.0,0.0,0.0,0.0
21784,0.0,0.0,0.0,0.0,0.0,0.0,0.0,0.0,0.0,0.0,0.0,0.0
21789,0.0,0.0,0.0,0.0,14361.813486099243,1613247.8059692383,3981392.507375717,764148.366897583,12554.480972766876,736.1808733940125,0.0,0.0
21790,0.0,0.0,0.0,0.0,0.0,0.0,0.0,0.0,0.0,0.0,0.0,0.0
21791,0.0,0.0,0.0,0.0,0.0,0.0,0.0,0.0,0.0,0.0,0.0,0.0
21886,0.0,0.0,0.0,0.0,0.0,0.0,0.0,0.0,0.0,0.0,0.0,0.0
21891,0.0,0.0,0.0,0.0,0.0,0.0,0.0,0.0,0.0,0.0,0.0,0.0
21892,0.0,0.0,0.0,0.0,0.0,0.0,0.0,0.0,0.0,0.0,0.0,0.0
21893,0.0,0.0,0.0,0.0,0.0,0.0,0.0,0.0,0.0,0.0,0.0,0.0
21894,0.0,0.0,0.0,0.0,0.0,0.0,0.0,0.0,0.0,0.0,0.0,0.0
21898,0.0,0.0,0.0,0.0,0.0,0.0,0.0,0.0,0.0,0.0,0.0,0.0
21899,0.0,0.0,0.0,0.0,0.0,0.0,0.0,0.0,0.0,0.0,0.0,0.0
21902,0.0,0.0,0.0,0.0,0.0,0.0,0.0,0.0,0.0,0.0,0.0,0.0
22025,0.0,0.0,0.0,0.0,0.0,0.0,0.0,0.0,0.0,0.0,0.0,0.0
22026,0.0,0.0,0.0,0.0,0.0,0.0,0.0,0.0,0.0,0.0,0.0,0.0
22027,0.0,0.0,0.0,0.0,0.0,0.0,0.0,0.0,0.0,0.0,0.0,0.0
22028,0.0,0.0,0.0,0.0,0.0,0.0,0.0,0.0,0.0,0.0,0.0,0.0
22029,0.0,0.0,0.0,0.0,0.0,0.0,0.0,0.0,0.0,0.0,0.0,0.0
22030,0.0,0.0,0.0,0.0,0.0,0.0,0.0,0.0,0.0,0.0,0.0,0.0
22031,0.0,0.0,0.0,0.0,0.0,0.0,0.0,0.0,0.0,0.0,0.0,0.0
22032,0.0,0.0,0.0,0.0,0.0,0.0,0.0,0.0,0.0,0.0,0.0,0.0
22033,0.0,0.0,0.0,0.0,0.0,0.0,0.0,0.0,0.0,0.0,0.0,0.0
22034,0.0,0.0,0.0,0.0,0.0,0.0,0.0,0.0,0.0,0.0,0.0,0.0
22042,0.0,0.0,0.0,0.0,0.0,0.0,0.0,0.0,0.0,0.0,0.0,0.0
22043,0.0,0.0,0.0,0.0,0.0,0.0,0.0,0.0,0.0,0.0,0.0,0.0
22044,0.0,0.0,0.0,0.0,0.0,0.0,0.0,0.0,0.0,0.0,0.0,0.0
22045,0.0,0.0,0.0,0.0,0.0,0.0,0.0,0.0,0.0,0.0,0.0,0.0
22047,0.0,0.0,0.0,0.0,0.0,0.0,0.0,0.0,0.0,0.0,0.0,0.0
22048,0.0,0.0,0.0,0.0,0.0,0.0,0.0,0.0,0.0,0.0,0.0,0.0
22049,0.0,0.0,0.0,0.0,0.0,0.0,0.0,0.0,0.0,0.0,0.0,0.0
22050,0.0,0.0,0.0,0.0,0.0,0.0,0.0,0.0,0.0,0.0,0.0,0.0
22051,0.0,0.0,0.0,0.0,0.0,0.0,0.0,0.0,0.0,0.0,0.0,0.0
22052,0.0,0.0,0.0,0.0,0.0,0.0,0.0,0.0,0.0,0.0,0.0,0.0
22053,0.0,0.0,0.0,0.0,0.0,0.0,0.0,0.0,0.0,0.0,0.0,0.0
22054,0.0,0.0,0.0,0.0,0.0,0.0,0.0,0.0,0.0,0.0,0.0,0.0
22055,0.0,0.0,0.0,0.0,0.0,0.0,0.0,0.0,0.0,0.0,0.0,0.0
22056,0.0,0.0,0.0,0.0,0.0,0.0,0.0,0.0,0.0,0.0,0.0,0.0
22057,0.0,0.0,0.0,0.0,0.0,0.0,0.0,0.0,0.0,0.0,0.0,0.0
22058,0.0,0.0,0.0,0.0,0.0,0.0,0.0,0.0,0.0,0.0,0.0,0.0
22151,0.0,0.0,0.0,0.0,0.0,0.0,0.0,0.0,0.0,0.0,0.0,0.0
22152,0.0,0.0,0.0,0.0,0.0,0.0,0.0,0.0,0.0,0.0,0.0,0.0
22190,0.0,0.0,0.0,0.0,0.0,0.0,0.0,0.0,0.0,0.0,0.0,0.0
22191,0.0,0.0,0.0,0.0,0.0,0.0,0.0,0.0,0.0,0.0,0.0,0.0
22192,0.0,0.0,0.0,0.0,0.0,0.0,0.0,0.0,0.0,0.0,0.0,0.0
22193,0.0,0.0,0.0,0.0,0.0,0.0,0.0,0.0,0.0,0.0,0.0,0.0
22196,0.0,0.0,0.0,0.0,0.0,0.0,0.0,0.0,0.0,0.0,0.0,0.0
22197,0.0,0.0,0.0,0.0,0.0,0.0,0.0,0.0,0.0,0.0,0.0,0.0
22198,0.0,0.0,0.0,0.0,0.0,0.0,0.0,0.0,0.0,0.0,0.0,0.0
22199,0.0,0.0,0.0,0.0,0.0,0.0,0.0,0.0,0.0,0.0,0.0,0.0
22200,0.0,0.0,0.0,0.0,0.0,0.0,0.0,0.0,0.0,0.0,0.0,0.0
22207,0.0,0.0,0.0,0.0,0.0,0.0,0.0,0.0,0.0,0.0,0.0,0.0
22208,0.0,0.0,0.0,0.0,0.0,0.0,0.0,0.0,0.0,0.0,0.0,0.0
22209,0.0,0.0,0.0,0.0,0.0,0.0,0.0,0.0,0.0,0.0,0.0,0.0
22213,0.0,0.0,0.0,0.0,0.0,0.0,0.0,0.0,0.0,0.0,0.0,0.0
22214,0.0,0.0,0.0,0.0,0.0,0.0,0.0,0.0,0.0,0.0,0.0,0.0
22215,0.0,0.0,0.0,0.0,0.0,0.0,0.0,0.0,0.0,0.0,0.0,0.0
22216,0.0,0.0,0.0,0.0,0.0,0.0,0.0,0.0,0.0,0.0,0.0,0.0
22217,0.0,0.0,0.0,0.0,0.0,0.0,0.0,0.0,0.0,0.0,0.0,0.0
22218,0.0,0.0,0.0,0.0,-3092.677169561386,-570208.6926044226,-2132307.0352164507,-151994.92601072788,-2717.837340950966,-35531.08430349827,0.0,0.0
22219,0.0,0.0,0.0,0.0,-2155.8041076660156,742385.1236028671,892676.5047302246,108062.26405405998,60886.879338264465,24436.270064353943,0.0,0.0
22230,0.0,0.0,0.0,0.0,0.0,0.0,0.0,0.0,0.0,0.0,0.0,0.0
22231,0.0,0.0,0.0,0.0,0.0,389052.0128083229,750466.4045696259,59315.10021829605,7348.402556657791,10218.071400165558,0.0,0.0
22335,0.0,0.0,0.0,0.0,0.0,0.0,0.0,0.0,0.0,0.0,0.0,0.0
22346,0.0,0.0,0.0,0.0,0.0,0.0,0.0,0.0,0.0,0.0,0.0,0.0
22347,0.0,0.0,0.0,0.0,0.0,0.0,0.0,0.0,0.0,0.0,0.0,0.0
22350,0.0,0.0,0.0,0.0,0.0,0.0,0.0,0.0,0.0,0.0,0.0,0.0
22353,0.0,0.0,0.0,0.0,2303.189323231578,8847.69541440159,13628.275940727443,13196.444632109255,4773.653930414468,340.1206264253706,0.0,0.0
22475,0.0,0.0,0.0,0.0,0.0,0.0,0.0,0.0,0.0,0.0,0.0,0.0
22476,0.0,0.0,0.0,0.0,0.0,0.0,0.0,0.0,0.0,0.0,0.0,0.0
22477,0.0,0.0,0.0,0.0,0.0,0.0,0.0,0.0,0.0,0.0,0.0,0.0
22478,0.0,0.0,0.0,0.0,0.0,0.0,0.0,0.0,0.0,0.0,0.0,0.0
22479,0.0,0.0,0.0,0.0,0.0,0.0,0.0,0.0,0.0,0.0,0.0,0.0
22482,0.0,0.0,0.0,0.0,0.0,0.0,0.0,0.0,0.0,0.0,0.0,0.0
22483,0.0,0.0,0.0,0.0,0.0,0.0,0.0,0.0,0.0,0.0,0.0,0.0
22484,0.0,0.0,0.0,0.0,0.0,0.0,0.0,0.0,0.0,0.0,0.0,0.0
22486,0.0,0.0,0.0,0.0,0.0,0.0,0.0,0.0,0.0,0.0,0.0,0.0
22494,0.0,0.0,0.0,0.0,0.0,0.0,0.0,0.0,0.0,0.0,0.0,0.0
22495,0.0,0.0,0.0,0.0,0.0,0.0,0.0,0.0,0.0,0.0,0.0,0.0
22496,0.0,0.0,0.0,0.0,0.0,0.0,0.0,0.0,0.0,0.0,0.0,0.0
22497,0.0,0.0,0.0,0.0,0.0,0.0,0.0,0.0,0.0,0.0,0.0,0.0
22498,0.0,0.0,0.0,0.0,0.0,0.0,0.0,0.0,0.0,0.0,0.0,0.0
22499,0.0,0.0,0.0,0.0,0.0,0.0,0.0,0.0,0.0,0.0,0.0,0.0
22500,0.0,0.0,0.0,0.0,0.0,0.0,0.0,0.0,0.0,0.0,0.0,0.0
22501,0.0,0.0,0.0,0.0,0.0,0.0,0.0,0.0,0.0,0.0,0.0,0.0
22502,0.0,0.0,0.0,0.0,0.0,0.0,0.0,0.0,0.0,0.0,0.0,0.0
22503,0.0,0.0,0.0,0.0,0.0,0.0,0.0,0.0,0.0,0.0,0.0,0.0
22504,0.0,0.0,0.0,0.0,0.0,0.0,0.0,0.0,0.0,0.0,0.0,0.0
22505,0.0,0.0,0.0,0.0,0.0,0.0,0.0,0.0,0.0,0.0,0.0,0.0
22506,0.0,0.0,0.0,0.0,0.0,0.0,0.0,0.0,0.0,0.0,0.0,0.0
22507,0.0,0.0,0.0,0.0,0.0,0.0,0.0,0.0,0.0,0.0,0.0,0.0
22566,0.0,0.0,0.0,0.0,1627626.0741899014,4434927.20052731,14726301.514004111,9205124.316007853,2833247.806966424,978784.6652719975,0.0,0.0
22599,0.0,0.0,0.0,0.0,0.0,0.0,0.0,0.0,0.0,0.0,0.0,0.0
22600,0.0,0.0,0.0,0.0,0.0,0.0,0.0,0.0,0.0,0.0,0.0,0.0
22601,0.0,0.0,0.0,0.0,0.0,0.0,0.0,0.0,0.0,0.0,0.0,0.0
22604,0.0,0.0,0.0,0.0,0.0,0.0,0.0,0.0,0.0,0.0,0.0,0.0
22642,0.0,0.0,0.0,0.0,0.0,0.0,0.0,0.0,0.0,0.0,0.0,0.0
22651,0.0,0.0,0.0,0.0,0.0,0.0,0.0,0.0,0.0,0.0,0.0,0.0
22652,0.0,0.0,0.0,0.0,0.0,0.0,0.0,0.0,0.0,0.0,0.0,0.0
22653,0.0,0.0,0.0,0.0,0.0,0.0,0.0,0.0,0.0,0.0,0.0,0.0
22654,0.0,0.0,0.0,0.0,0.0,0.0,0.0,0.0,0.0,0.0,0.0,0.0
22660,0.0,0.0,0.0,0.0,0.0,0.0,0.0,0.0,0.0,0.0,0.0,0.0
22661,0.0,0.0,0.0,0.0,0.0,0.0,0.0,0.0,0.0,0.0,0.0,0.0
22662,0.0,0.0,0.0,0.0,0.0,0.0,0.0,0.0,0.0,0.0,0.0,0.0
22663,0.0,0.0,0.0,0.0,0.0,0.0,0.0,0.0,0.0,0.0,0.0,0.0
22664,0.0,0.0,0.0,0.0,0.0,0.0,0.0,0.0,0.0,0.0,0.0,0.0
22671,0.0,0.0,0.0,0.0,84624.45291709155,487978.4616558831,1098039.1951566078,371156.3741525328,65292.630373927765,0.0,0.0,0.0
22672,0.0,0.0,0.0,0.0,0.0,0.0,0.0,0.0,0.0,0.0,0.0,0.0
22673,0.0,0.0,0.0,0.0,0.0,0.0,0.0,0.0,0.0,0.0,0.0,0.0
22674,0.0,0.0,0.0,0.0,0.0,0.0,0.0,0.0,0.0,0.0,0.0,0.0
22675,0.0,0.0,0.0,0.0,0.0,0.0,0.0,0.0,0.0,0.0,0.0,0.0
22676,0.0,0.0,0.0,0.0,0.0,0.0,0.0,0.0,0.0,0.0,0.0,0.0
22677,0.0,0.0,0.0,0.0,0.0,0.0,0.0,0.0,0.0,0.0,0.0,0.0
22794,0.0,0.0,0.0,0.0,0.0,0.0,0.0,0.0,0.0,0.0,0.0,0.0
22809,0.0,0.0,0.0,0.0,-290.8111000061035,-18287.018684983253,-17484.910830006003,-17143.48097257316,-6540.382980309427,0.0,0.0,0.0
22810,0.0,0.0,0.0,0.0,0.0,0.0,0.0,0.0,0.0,0.0,0.0,0.0
22812,0.0,0.0,0.0,0.0,0.0,0.0,0.0,0.0,0.0,0.0,0.0,0.0
22816,0.0,0.0,0.0,0.0,0.0,0.0,0.0,0.0,0.0,0.0,0.0,0.0
22944,0.0,0.0,0.0,0.0,-39321180.241291046,-530669584.3261337,-351476304.6005745,-351804019.8390579,-353570253.68509674,-12655491.323410034,0.0,0.0
22945,0.0,0.0,0.0,0.0,0.0,0.0,0.0,0.0,0.0,0.0,0.0,0.0
22946,0.0,0.0,0.0,0.0,0.0,0.0,0.0,0.0,0.0,0.0,0.0,0.0
22947,0.0,0.0,0.0,0.0,0.0,0.0,0.0,0.0,0.0,0.0,0.0,0.0
22948,0.0,0.0,0.0,0.0,0.0,0.0,0.0,0.0,0.0,0.0,0.0,0.0
22949,0.0,0.0,0.0,0.0,0.0,0.0,0.0,0.0,0.0,0.0,0.0,0.0
22950,0.0,0.0,0.0,0.0,0.0,0.0,0.0,0.0,0.0,0.0,0.0,0.0
22955,0.0,0.0,0.0,0.0,0.0,0.0,0.0,0.0,0.0,0.0,0.0,0.0
22956,0.0,0.0,0.0,0.0,0.0,0.0,0.0,0.0,0.0,0.0,0.0,0.0
22957,0.0,0.0,0.0,0.0,0.0,0.0,0.0,0.0,0.0,0.0,0.0,0.0
22960,0.0,0.0,0.0,0.0,0.0,0.0,0.0,0.0,0.0,0.0,0.0,0.0
22962,0.0,0.0,0.0,0.0,0.0,0.0,0.0,0.0,0.0,0.0,0.0,0.0
22963,0.0,0.0,0.0,0.0,0.0,0.0,0.0,0.0,0.0,0.0,0.0,0.0
22964,0.0,0.0,0.0,0.0,0.0,0.0,0.0,0.0,0.0,0.0,0.0,0.0
22965,0.0,0.0,0.0,0.0,0.0,0.0,0.0,0.0,0.0,0.0,0.0,0.0
22966,0.0,0.0,0.0,0.0,0.0,0.0,0.0,0.0,0.0,0.0,0.0,0.0
22967,0.0,0.0,0.0,0.0,0.0,0.0,0.0,0.0,0.0,0.0,0.0,0.0
23004,0.0,0.0,0.0,0.0,0.0,0.0,0.0,0.0,0.0,0.0,0.0,0.0
23028,0.0,0.0,0.0,0.0,0.0,0.0,0.0,0.0,0.0,0.0,0.0,0.0
23059,0.0,0.0,0.0,0.0,0.0,0.0,0.0,0.0,0.0,0.0,0.0,0.0
23060,0.0,0.0,0.0,0.0,0.0,0.0,0.0,0.0,0.0,0.0,0.0,0.0
23061,0.0,0.0,0.0,0.0,0.0,0.0,0.0,0.0,0.0,0.0,0.0,0.0
23062,0.0,0.0,0.0,0.0,0.0,0.0,0.0,0.0,0.0,0.0,0.0,0.0
23063,0.0,0.0,0.0,0.0,0.0,0.0,0.0,0.0,0.0,0.0,0.0,0.0
23109,0.0,0.0,0.0,0.0,0.0,0.0,0.0,0.0,0.0,0.0,0.0,0.0
23110,0.0,0.0,0.0,0.0,0.0,0.0,0.0,0.0,0.0,0.0,0.0,0.0
23111,0.0,0.0,0.0,0.0,0.0,0.0,0.0,0.0,0.0,0.0,0.0,0.0
23117,0.0,0.0,0.0,0.0,0.0,0.0,0.0,0.0,0.0,0.0,0.0,0.0
23118,0.0,0.0,0.0,0.0,0.0,0.0,0.0,0.0,0.0,0.0,0.0,0.0
23119,0.0,0.0,0.0,0.0,0.0,0.0,0.0,0.0,0.0,0.0,0.0,0.0
23128,0.0,0.0,0.0,0.0,445711.868452698,2533581.3973483145,5583689.5606986135,1198969.0645611286,494935.47998151183,13063.30624563992,0.0,0.0
23129,0.0,0.0,0.0,0.0,389921.97598990053,1660373.4115719981,3581147.7397284433,916268.5017267503,176772.2075296417,0.0,0.0,0.0
23130,0.0,0.0,0.0,0.0,215520.08584090322,1182237.780496128,2863765.9199906215,709209.2526333295,182431.87340699136,0.0,0.0,0.0
23131,0.0,0.0,0.0,0.0,0.0,0.0,0.0,0.0,0.0,0.0,0.0,0.0
23132,0.0,0.0,0.0,0.0,5137.671816602349,22171.82879862562,48210.2911496833,8054.595002289861,0.0,0.0,0.0,0.0
23134,0.0,0.0,0.0,0.0,-62089.269958257675,-342495.6118309498,-564763.8950996697,-41521.39281505346,-5836.379498422146,-292.46582210063934,0.0,0.0
23254,0.0,0.0,0.0,0.0,0.0,0.0,0.0,0.0,0.0,0.0,0.0,0.0
23271,0.0,0.0,0.0,0.0,-1400644.5470396131,-5884558.269990608,-6612902.54511182,-6346749.176156271,-2431373.5558362454,-42133.20707050711,0.0,0.0
23273,0.0,0.0,0.0,0.0,0.0,0.0,0.0,0.0,0.0,0.0,0.0,0.0
23274,0.0,0.0,0.0,0.0,0.0,0.0,0.0,0.0,0.0,0.0,0.0,0.0
23277,0.0,0.0,0.0,0.0,0.0,0.0,0.0,0.0,0.0,0.0,0.0,0.0
23279,0.0,0.0,0.0,0.0,0.0,0.0,0.0,0.0,0.0,0.0,0.0,0.0
23280,0.0,0.0,0.0,0.0,0.0,0.0,0.0,0.0,0.0,0.0,0.0,0.0
23282,0.0,0.0,0.0,0.0,0.0,0.0,0.0,0.0,0.0,0.0,0.0,0.0
23405,0.0,0.0,0.0,0.0,0.0,0.0,0.0,0.0,0.0,0.0,0.0,0.0
23406,0.0,0.0,0.0,0.0,0.0,0.0,0.0,0.0,0.0,0.0,0.0,0.0
23409,0.0,0.0,0.0,0.0,0.0,0.0,0.0,0.0,0.0,0.0,0.0,0.0
23410,0.0,0.0,0.0,0.0,0.0,0.0,0.0,0.0,0.0,0.0,0.0,0.0
23415,0.0,0.0,0.0,0.0,0.0,0.0,0.0,0.0,0.0,0.0,0.0,0.0
23416,0.0,0.0,0.0,0.0,0.0,0.0,0.0,0.0,0.0,0.0,0.0,0.0
23417,0.0,0.0,0.0,0.0,0.0,0.0,0.0,0.0,0.0,0.0,0.0,0.0
23420,0.0,0.0,0.0,0.0,0.0,0.0,0.0,0.0,0.0,0.0,0.0,0.0
23421,0.0,0.0,0.0,0.0,0.0,0.0,0.0,0.0,0.0,0.0,0.0,0.0
23422,0.0,0.0,0.0,0.0,0.0,0.0,0.0,0.0,0.0,0.0,0.0,0.0
23426,0.0,0.0,0.0,0.0,0.0,0.0,0.0,0.0,0.0,0.0,0.0,0.0
23427,0.0,0.0,0.0,0.0,0.0,0.0,0.0,0.0,0.0,0.0,0.0,0.0
23428,0.0,0.0,0.0,0.0,0.0,0.0,0.0,0.0,0.0,0.0,0.0,0.0
23429,0.0,0.0,0.0,0.0,0.0,0.0,0.0,0.0,0.0,0.0,0.0,0.0
23430,0.0,0.0,0.0,0.0,0.0,0.0,0.0,0.0,0.0,0.0,0.0,0.0
23431,0.0,0.0,0.0,0.0,0.0,0.0,0.0,0.0,0.0,0.0,0.0,0.0
23432,0.0,0.0,0.0,0.0,0.0,0.0,0.0,0.0,0.0,0.0,0.0,0.0
23522,0.0,0.0,0.0,0.0,0.0,0.0,0.0,0.0,0.0,0.0,0.0,0.0
23523,0.0,0.0,0.0,0.0,0.0,0.0,0.0,0.0,0.0,0.0,0.0,0.0
23526,0.0,0.0,0.0,0.0,0.0,0.0,0.0,0.0,0.0,0.0,0.0,0.0
23572,0.0,0.0,0.0,0.0,0.0,0.0,0.0,0.0,0.0,0.0,0.0,0.0
23573,0.0,0.0,0.0,0.0,0.0,0.0,0.0,0.0,0.0,0.0,0.0,0.0
23574,0.0,0.0,0.0,0.0,0.0,0.0,0.0,0.0,0.0,0.0,0.0,0.0
23579,0.0,0.0,0.0,0.0,0.0,0.0,0.0,0.0,0.0,0.0,0.0,0.0
23580,0.0,0.0,0.0,0.0,0.0,0.0,0.0,0.0,0.0,0.0,0.0,0.0
23581,0.0,0.0,0.0,0.0,0.0,0.0,0.0,0.0,0.0,0.0,0.0,0.0
23582,0.0,0.0,0.0,0.0,0.0,0.0,0.0,0.0,0.0,0.0,0.0,0.0
23583,0.0,0.0,0.0,0.0,0.0,0.0,0.0,0.0,0.0,0.0,0.0,0.0
23595,0.0,0.0,0.0,0.0,0.0,0.0,0.0,0.0,0.0,0.0,0.0,0.0
23596,0.0,0.0,0.0,-1159861.6910676956,-550927.5882635117,-8733483.398129463,-20004137.04380226,-1406579.671180725,-409319.74034786224,-48566.60346078873,0.0,0.0
23713,0.0,0.0,0.0,0.0,0.0,0.0,0.0,0.0,0.0,0.0,0.0,0.0
23714,0.0,0.0,0.0,0.0,0.0,0.0,0.0,0.0,0.0,0.0,0.0,0.0
23739,0.0,0.0,0.0,0.0,0.0,0.0,0.0,0.0,0.0,0.0,0.0,0.0
23740,0.0,0.0,0.0,0.0,0.0,0.0,0.0,0.0,0.0,0.0,0.0,0.0
23743,0.0,0.0,0.0,0.0,0.0,0.0,0.0,0.0,0.0,0.0,0.0,0.0
23750,0.0,0.0,0.0,0.0,0.0,0.0,0.0,0.0,0.0,0.0,0.0,0.0
23870,0.0,0.0,0.0,0.0,0.0,0.0,0.0,0.0,0.0,0.0,0.0,0.0
23871,0.0,0.0,0.0,0.0,0.0,0.0,0.0,0.0,0.0,0.0,0.0,0.0
23874,0.0,0.0,0.0,0.0,0.0,0.0,0.0,0.0,0.0,0.0,0.0,0.0
23875,0.0,0.0,0.0,0.0,0.0,0.0,0.0,0.0,0.0,0.0,0.0,0.0
23879,0.0,0.0,0.0,0.0,0.0,0.0,0.0,0.0,0.0,0.0,0.0,0.0
23881,0.0,0.0,0.0,0.0,0.0,0.0,0.0,0.0,0.0,0.0,0.0,0.0
23882,0.0,0.0,0.0,0.0,0.0,0.0,0.0,0.0,0.0,0.0,0.0,0.0
23885,0.0,0.0,0.0,0.0,0.0,0.0,0.0,0.0,0.0,0.0,0.0,0.0
23886,0.0,0.0,0.0,0.0,0.0,0.0,0.0,0.0,0.0,0.0,0.0,0.0
23887,0.0,0.0,0.0,0.0,0.0,0.0,0.0,0.0,0.0,0.0,0.0,0.0
23889,0.0,0.0,0.0,0.0,0.0,0.0,0.0,0.0,0.0,0.0,0.0,0.0
23890,0.0,0.0,0.0,0.0,0.0,0.0,0.0,0.0,0.0,0.0,0.0,0.0
23891,0.0,0.0,0.0,0.0,0.0,0.0,0.0,0.0,0.0,0.0,0.0,0.0
23921,0.0,0.0,0.0,0.0,851.4480737717822,3326.3087701424956,5583.647361502051,4814.513847401366,1257.6926305405796,173.6783989937976,0.0,0.0
23931,0.0,0.0,0.0,0.0,0.0,0.0,0.0,0.0,0.0,0.0,0.0,0.0
23933,0.0,0.0,0.0,0.0,0.0,0.0,0.0,0.0,0.0,0.0,0.0,0.0
23984,0.0,0.0,0.0,0.0,0.0,0.0,0.0,0.0,0.0,0.0,0.0,0.0
23985,0.0,0.0,0.0,0.0,0.0,0.0,0.0,0.0,0.0,0.0,0.0,0.0
23986,0.0,0.0,0.0,0.0,0.0,0.0,0.0,0.0,0.0,0.0,0.0,0.0
23987,0.0,0.0,0.0,0.0,0.0,0.0,0.0,0.0,0.0,0.0,0.0,0.0
24031,0.0,0.0,0.0,0.0,0.0,0.0,0.0,0.0,0.0,0.0,0.0,0.0
24032,0.0,0.0,0.0,0.0,0.0,0.0,0.0,0.0,0.0,0.0,0.0,0.0
24033,0.0,0.0,0.0,0.0,0.0,0.0,0.0,0.0,0.0,0.0,0.0,0.0
24034,0.0,0.0,0.0,0.0,0.0,0.0,0.0,0.0,0.0,0.0,0.0,0.0
24035,0.0,0.0,0.0,0.0,0.0,0.0,0.0,0.0,0.0,0.0,0.0,0.0
24036,0.0,0.0,0.0,0.0,0.0,0.0,0.0,0.0,0.0,0.0,0.0,0.0
24037,0.0,0.0,0.0,0.0,0.0,0.0,0.0,0.0,0.0,0.0,0.0,0.0
24038,0.0,0.0,0.0,0.0,0.0,0.0,0.0,0.0,0.0,0.0,0.0,0.0
24039,0.0,0.0,0.0,0.0,0.0,0.0,0.0,0.0,0.0,0.0,0.0,0.0
24040,0.0,0.0,0.0,0.0,0.0,0.0,0.0,0.0,0.0,0.0,0.0,0.0
24041,0.0,0.0,0.0,0.0,0.0,0.0,0.0,0.0,0.0,0.0,0.0,0.0
24042,0.0,0.0,0.0,0.0,0.0,0.0,0.0,0.0,0.0,0.0,0.0,0.0
24043,0.0,0.0,0.0,0.0,0.0,0.0,0.0,0.0,0.0,0.0,0.0,0.0
24046,0.0,0.0,0.0,0.0,0.0,0.0,0.0,0.0,0.0,0.0,0.0,0.0
24047,0.0,0.0,0.0,0.0,0.0,0.0,0.0,0.0,0.0,0.0,0.0,0.0
24053,0.0,0.0,0.0,0.0,0.0,0.0,0.0,0.0,0.0,0.0,0.0,0.0
24054,0.0,0.0,0.0,0.0,0.0,0.0,0.0,0.0,0.0,0.0,0.0,0.0
24055,0.0,0.0,0.0,0.0,-597734.1341794729,-8650498.252745628,-10248410.517439365,-993635.1830077171,-21428.028202533722,-1479.7674911022186,0.0,0.0
24200,0.0,0.0,0.0,0.0,0.0,0.0,0.0,0.0,0.0,0.0,0.0,0.0
24201,0.0,0.0,0.0,0.0,-5514.015092484653,-19367.264313233085,-21006.977081012446,-22011.166731554084,-8502.838147371542,-400.6869095074944,0.0,0.0
24204,0.0,0.0,0.0,0.0,0.0,0.0,0.0,0.0,0.0,0.0,0.0,0.0
24208,0.0,0.0,0.0,0.0,0.0,0.0,0.0,0.0,0.0,0.0,0.0,0.0
24329,0.0,0.0,0.0,0.0,0.0,0.0,0.0,0.0,0.0,0.0,0.0,0.0
24330,0.0,0.0,0.0,0.0,0.0,0.0,0.0,0.0,0.0,0.0,0.0,0.0
24331,0.0,0.0,0.0,0.0,0.0,0.0,0.0,0.0,0.0,0.0,0.0,0.0
24334,0.0,0.0,0.0,0.0,0.0,0.0,0.0,0.0,0.0,0.0,0.0,0.0
24335,0.0,0.0,0.0,0.0,0.0,0.0,0.0,0.0,0.0,0.0,0.0,0.0
24337,0.0,0.0,0.0,0.0,0.0,0.0,0.0,0.0,0.0,0.0,0.0,0.0
24338,0.0,0.0,0.0,0.0,0.0,0.0,0.0,0.0,0.0,0.0,0.0,0.0
24342,0.0,0.0,0.0,0.0,0.0,0.0,0.0,0.0,0.0,0.0,0.0,0.0
24344,0.0,0.0,0.0,0.0,0.0,0.0,0.0,0.0,0.0,0.0,0.0,0.0
24345,0.0,0.0,0.0,0.0,0.0,0.0,0.0,0.0,0.0,0.0,0.0,0.0
24346,0.0,0.0,0.0,0.0,0.0,0.0,0.0,0.0,0.0,0.0,0.0,0.0
24439,0.0,0.0,0.0,0.0,0.0,0.0,0.0,0.0,0.0,0.0,0.0,0.0
24440,0.0,0.0,0.0,0.0,0.0,0.0,0.0,0.0,0.0,0.0,0.0,0.0
24441,0.0,0.0,0.0,0.0,0.0,0.0,0.0,0.0,0.0,0.0,0.0,0.0
24443,0.0,0.0,0.0,0.0,0.0,0.0,0.0,0.0,0.0,0.0,0.0,0.0
24483,0.0,0.0,0.0,0.0,0.0,0.0,0.0,0.0,0.0,0.0,0.0,0.0
24484,0.0,0.0,0.0,0.0,0.0,0.0,0.0,0.0,0.0,0.0,0.0,0.0
24485,0.0,0.0,0.0,0.0,0.0,0.0,0.0,0.0,0.0,0.0,0.0,0.0
24486,0.0,0.0,0.0,0.0,0.0,0.0,0.0,0.0,0.0,0.0,0.0,0.0
24487,0.0,0.0,0.0,0.0,0.0,0.0,0.0,0.0,0.0,0.0,0.0,0.0
24488,0.0,0.0,0.0,0.0,0.0,0.0,0.0,0.0,0.0,0.0,0.0,0.0
24489,0.0,0.0,0.0,0.0,0.0,0.0,0.0,0.0,0.0,0.0,0.0,0.0
24491,0.0,0.0,0.0,0.0,0.0,0.0,0.0,0.0,0.0,0.0,0.0,0.0
24492,0.0,0.0,0.0,0.0,0.0,0.0,0.0,0.0,0.0,0.0,0.0,0.0
24493,0.0,0.0,0.0,0.0,0.0,0.0,0.0,0.0,0.0,0.0,0.0,0.0
24494,0.0,0.0,0.0,0.0,0.0,0.0,0.0,0.0,0.0,0.0,0.0,0.0
24502,0.0,0.0,0.0,0.0,0.0,0.0,0.0,0.0,0.0,0.0,0.0,0.0
24503,0.0,0.0,0.0,0.0,0.0,0.0,0.0,0.0,0.0,0.0,0.0,0.0
24504,0.0,0.0,0.0,0.0,0.0,0.0,0.0,0.0,0.0,0.0,0.0,0.0
24505,0.0,0.0,0.0,0.0,0.0,0.0,0.0,0.0,0.0,0.0,0.0,0.0
24506,0.0,0.0,0.0,0.0,-14004.898138999939,-207222.8153553605,-211666.57763260603,-27258.69591501355,-2983.2300574183464,0.0,0.0,0.0
24622,0.0,0.0,0.0,0.0,0.0,0.0,0.0,0.0,0.0,0.0,0.0,0.0
24652,0.0,0.0,0.0,0.0,0.0,0.0,0.0,0.0,0.0,0.0,0.0,0.0
24653,0.0,0.0,0.0,0.0,0.0,0.0,0.0,0.0,0.0,0.0,0.0,0.0
24656,0.0,0.0,0.0,0.0,0.0,0.0,0.0,0.0,0.0,0.0,0.0,0.0
24659,0.0,0.0,0.0,0.0,0.0,0.0,0.0,0.0,0.0,0.0,0.0,0.0
24780,0.0,0.0,0.0,0.0,0.0,0.0,0.0,0.0,0.0,0.0,0.0,0.0
24781,0.0,0.0,0.0,0.0,0.0,0.0,0.0,0.0,0.0,0.0,0.0,0.0
24783,0.0,0.0,0.0,0.0,0.0,0.0,0.0,0.0,0.0,0.0,0.0,0.0
24785,0.0,0.0,0.0,0.0,0.0,0.0,0.0,0.0,0.0,0.0,0.0,0.0
24786,0.0,0.0,0.0,0.0,0.0,0.0,0.0,0.0,0.0,0.0,0.0,0.0
24788,0.0,0.0,0.0,0.0,0.0,0.0,0.0,0.0,0.0,0.0,0.0,0.0
24789,0.0,0.0,0.0,0.0,0.0,0.0,0.0,0.0,0.0,0.0,0.0,0.0
24790,0.0,0.0,0.0,0.0,0.0,0.0,0.0,0.0,0.0,0.0,0.0,0.0
24792,0.0,0.0,0.0,0.0,0.0,0.0,0.0,0.0,0.0,0.0,0.0,0.0
24794,0.0,0.0,0.0,0.0,0.0,0.0,0.0,0.0,0.0,0.0,0.0,0.0
24926,0.0,0.0,0.0,0.0,0.0,0.0,0.0,0.0,0.0,0.0,0.0,0.0
24927,0.0,0.0,0.0,0.0,0.0,0.0,0.0,0.0,0.0,0.0,0.0,0.0
24928,0.0,0.0,0.0,0.0,0.0,0.0,0.0,0.0,0.0,0.0,0.0,0.0
24929,0.0,0.0,0.0,0.0,0.0,0.0,0.0,0.0,0.0,0.0,0.0,0.0
24930,0.0,0.0,0.0,0.0,0.0,0.0,0.0,0.0,0.0,0.0,0.0,0.0
24931,0.0,0.0,0.0,0.0,0.0,0.0,0.0,0.0,0.0,0.0,0.0,0.0
24932,0.0,0.0,0.0,0.0,0.0,0.0,0.0,0.0,0.0,0.0,0.0,0.0
24935,0.0,0.0,0.0,0.0,0.0,0.0,0.0,0.0,0.0,0.0,0.0,0.0
24936,0.0,0.0,0.0,0.0,0.0,0.0,0.0,0.0,0.0,0.0,0.0,0.0
24937,0.0,0.0,0.0,0.0,0.0,0.0,0.0,0.0,0.0,0.0,0.0,0.0
24938,0.0,0.0,0.0,0.0,0.0,0.0,0.0,0.0,0.0,0.0,0.0,0.0
24939,0.0,0.0,0.0,0.0,0.0,0.0,0.0,0.0,0.0,0.0,0.0,0.0
24940,0.0,0.0,0.0,0.0,0.0,0.0,0.0,0.0,0.0,0.0,0.0,0.0
24941,0.0,0.0,0.0,0.0,0.0,0.0,0.0,0.0,0.0,0.0,0.0,0.0
24942,0.0,0.0,0.0,0.0,0.0,0.0,0.0,0.0,0.0,0.0,0.0,0.0
24943,0.0,0.0,0.0,0.0,0.0,0.0,0.0,0.0,0.0,0.0,0.0,0.0
24944,0.0,0.0,0.0,0.0,0.0,0.0,0.0,0.0,0.0,0.0,0.0,0.0
24945,0.0,0.0,0.0,0.0,0.0,0.0,0.0,0.0,0.0,0.0,0.0,0.0
25096,0.0,0.0,0.0,0.0,0.0,0.0,0.0,0.0,0.0,0.0,0.0,0.0
25102,0.0,0.0,0.0,0.0,0.0,0.0,0.0,0.0,0.0,0.0,0.0,0.0
25196,0.0,0.0,0.0,0.0,0.0,0.0,0.0,0.0,0.0,0.0,0.0,0.0
25222,0.0,0.0,0.0,0.0,0.0,0.0,0.0,0.0,0.0,0.0,0.0,0.0
25223,0.0,0.0,0.0,0.0,0.0,0.0,0.0,0.0,0.0,0.0,0.0,0.0
25226,0.0,0.0,0.0,0.0,0.0,0.0,0.0,0.0,0.0,0.0,0.0,0.0
25227,0.0,0.0,0.0,0.0,0.0,0.0,0.0,0.0,0.0,0.0,0.0,0.0
25228,0.0,0.0,0.0,0.0,0.0,0.0,0.0,0.0,0.0,0.0,0.0,0.0
25229,0.0,0.0,0.0,0.0,0.0,0.0,0.0,0.0,0.0,0.0,0.0,0.0
25230,0.0,0.0,0.0,0.0,0.0,0.0,0.0,0.0,0.0,0.0,0.0,0.0
25231,0.0,0.0,0.0,0.0,0.0,0.0,0.0,0.0,0.0,0.0,0.0,0.0
25234,0.0,0.0,0.0,0.0,0.0,0.0,0.0,0.0,0.0,0.0,0.0,0.0
25235,0.0,0.0,0.0,0.0,0.0,0.0,0.0,0.0,0.0,0.0,0.0,0.0
25268,0.0,0.0,0.0,0.0,0.0,0.0,0.0,0.0,0.0,0.0,0.0,0.0
25274,0.0,0.0,0.0,0.0,0.0,0.0,0.0,0.0,0.0,0.0,0.0,0.0
25352,0.0,0.0,0.0,0.0,0.0,0.0,0.0,0.0,0.0,0.0,0.0,0.0
25353,0.0,0.0,0.0,0.0,0.0,0.0,0.0,0.0,0.0,0.0,0.0,0.0
25354,0.0,0.0,0.0,0.0,0.0,0.0,0.0,0.0,0.0,0.0,0.0,0.0
25355,0.0,0.0,0.0,0.0,0.0,0.0,0.0,0.0,0.0,0.0,0.0,0.0
25356,0.0,0.0,0.0,0.0,0.0,0.0,0.0,0.0,0.0,0.0,0.0,0.0
25357,0.0,0.0,0.0,0.0,0.0,0.0,0.0,0.0,0.0,0.0,0.0,0.0
25358,0.0,0.0,0.0,0.0,0.0,0.0,0.0,0.0,0.0,0.0,0.0,0.0
25359,0.0,0.0,0.0,0.0,0.0,0.0,0.0,0.0,0.0,0.0,0.0,0.0
25360,0.0,0.0,0.0,0.0,0.0,0.0,0.0,0.0,0.0,0.0,0.0,0.0
25361,0.0,0.0,0.0,0.0,0.0,0.0,0.0,0.0,0.0,0.0,0.0,0.0
25362,0.0,0.0,0.0,0.0,0.0,0.0,0.0,0.0,0.0,0.0,0.0,0.0
25363,0.0,0.0,0.0,0.0,0.0,0.0,0.0,0.0,0.0,0.0,0.0,0.0
25364,0.0,0.0,0.0,0.0,0.0,0.0,0.0,0.0,0.0,0.0,0.0,0.0
25365,0.0,0.0,0.0,0.0,0.0,0.0,0.0,0.0,0.0,0.0,0.0,0.0
25366,0.0,0.0,0.0,0.0,0.0,0.0,0.0,0.0,0.0,0.0,0.0,0.0
25367,0.0,0.0,0.0,0.0,0.0,0.0,0.0,0.0,0.0,0.0,0.0,0.0
25369,0.0,0.0,0.0,0.0,0.0,0.0,0.0,0.0,0.0,0.0,0.0,0.0
25370,0.0,0.0,0.0,0.0,0.0,0.0,0.0,0.0,0.0,0.0,0.0,0.0
25371,0.0,0.0,0.0,0.0,0.0,0.0,0.0,0.0,0.0,0.0,0.0,0.0
25372,0.0,0.0,0.0,0.0,0.0,0.0,0.0,0.0,0.0,0.0,0.0,0.0
25373,0.0,0.0,0.0,0.0,0.0,0.0,0.0,0.0,0.0,0.0,0.0,0.0
25374,0.0,0.0,0.0,0.0,0.0,0.0,0.0,0.0,0.0,0.0,0.0,0.0
25375,0.0,0.0,0.0,0.0,0.0,0.0,0.0,0.0,0.0,0.0,0.0,0.0
25376,0.0,0.0,0.0,0.0,0.0,0.0,0.0,0.0,0.0,0.0,0.0,0.0
25377,0.0,0.0,0.0,0.0,1149.8440542519093,6327.6075052917,7960.916182145476,2214.9714385420084,318.1196778267622,0.0,0.0,0.0
25511,0.0,0.0,0.0,-5111.082548618317,-498543.9603526592,-2878928.482618451,-2133159.109932184,-2713807.904328406,-542853.8864339292,-3266.8367784917355,0.0,0.0
25529,0.0,0.0,0.0,0.0,0.0,0.0,0.0,0.0,0.0,0.0,0.0,0.0
25530,0.0,0.0,0.0,0.0,0.0,0.0,0.0,0.0,0.0,0.0,0.0,0.0
25531,0.0,0.0,0.0,0.0,0.0,0.0,0.0,0.0,0.0,0.0,0.0,0.0
25556,0.0,0.0,0.0,0.0,0.0,0.0,0.0,0.0,0.0,0.0,0.0,0.0
25559,0.0,0.0,0.0,4418.821719445288,569840.2843347043,2033241.1252759695,2381463.8548214138,1553417.4232111722,638484.8692770302,24748.039559796453,0.0,0.0
25605,0.0,0.0,0.0,0.0,0.0,0.0,0.0,0.0,0.0,0.0,0.0,0.0
25628,0.0,0.0,0.0,0.0,-34411.685596466064,-135071.3321352005,-115775.71322822571,-84675.49542236328,-44082.99140357971,-2584.794497013092,0.0,0.0
25655,0.0,0.0,0.0,0.0,0.0,0.0,0.0,0.0,0.0,0.0,0.0,0.0
25656,0.0,0.0,0.0,0.0,0.0,0.0,0.0,0.0,0.0,0.0,0.0,0.0
25659,0.0,0.0,0.0,0.0,0.0,0.0,0.0,0.0,0.0,0.0,0.0,0.0
25660,0.0,0.0,0.0,0.0,0.0,0.0,0.0,0.0,0.0,0.0,0.0,0.0
25661,0.0,0.0,0.0,0.0,0.0,0.0,0.0,0.0,0.0,0.0,0.0,0.0
25662,0.0,0.0,0.0,0.0,0.0,0.0,0.0,0.0,0.0,0.0,0.0,0.0
25663,0.0,0.0,0.0,0.0,0.0,0.0,0.0,0.0,0.0,0.0,0.0,0.0
25664,0.0,0.0,0.0,0.0,0.0,0.0,0.0,0.0,0.0,0.0,0.0,0.0
25665,0.0,0.0,0.0,0.0,0.0,0.0,0.0,0.0,0.0,0.0,0.0,0.0
25667,0.0,0.0,0.0,0.0,0.0,0.0,0.0,0.0,0.0,0.0,0.0,0.0
25668,0.0,0.0,0.0,0.0,0.0,0.0,0.0,0.0,0.0,0.0,0.0,0.0
25669,0.0,0.0,0.0,0.0,0.0,0.0,0.0,0.0,0.0,0.0,0.0,0.0
25670,0.0,0.0,0.0,0.0,0.0,0.0,0.0,0.0,0.0,0.0,0.0,0.0
25671,0.0,0.0,0.0,0.0,0.0,0.0,0.0,0.0,0.0,0.0,0.0,0.0
25783,0.0,0.0,0.0,0.0,0.0,0.0,0.0,0.0,0.0,0.0,0.0,0.0
25784,0.0,0.0,0.0,0.0,0.0,0.0,0.0,0.0,0.0,0.0,0.0,0.0
25785,0.0,0.0,0.0,0.0,0.0,0.0,0.0,0.0,0.0,0.0,0.0,0.0
25786,0.0,0.0,0.0,0.0,0.0,0.0,0.0,0.0,0.0,0.0,0.0,0.0
25787,0.0,0.0,0.0,0.0,0.0,0.0,0.0,0.0,0.0,0.0,0.0,0.0
25788,0.0,0.0,0.0,0.0,0.0,0.0,0.0,0.0,0.0,0.0,0.0,0.0
25790,0.0,0.0,0.0,0.0,0.0,0.0,0.0,0.0,0.0,0.0,0.0,0.0
25792,0.0,0.0,0.0,0.0,0.0,0.0,0.0,0.0,0.0,0.0,0.0,0.0
25793,0.0,0.0,0.0,0.0,0.0,0.0,0.0,0.0,0.0,0.0,0.0,0.0
25794,0.0,0.0,0.0,0.0,0.0,0.0,0.0,0.0,0.0,0.0,0.0,0.0
25795,0.0,0.0,0.0,0.0,0.0,0.0,0.0,0.0,0.0,0.0,0.0,0.0
25796,0.0,0.0,0.0,0.0,0.0,0.0,0.0,0.0,0.0,0.0,0.0,0.0
25798,0.0,0.0,0.0,0.0,0.0,0.0,0.0,0.0,0.0,0.0,0.0,0.0
25799,0.0,0.0,0.0,0.0,0.0,0.0,0.0,0.0,0.0,0.0,0.0,0.0
25800,0.0,0.0,0.0,2167.3013803958893,-18395.85654449463,600024.0126821995,1755621.2249985933,504534.2067258954,71829.526871562,-29.642759442329407,0.0,0.0
25801,0.0,0.0,0.0,0.0,0.0,0.0,0.0,0.0,0.0,0.0,0.0,0.0
25802,0.0,0.0,0.0,0.0,0.0,0.0,0.0,0.0,0.0,0.0,0.0,0.0
25930,0.0,0.0,0.0,0.0,0.0,0.0,0.0,0.0,0.0,0.0,0.0,0.0
25950,0.0,0.0,0.0,0.0,45.6917527243495,294.62658505141735,267.7926453091204,278.72308758832514,106.96114181075245,2.651244902983308,0.0,0.0
26080,0.0,0.0,0.0,0.0,0.0,0.0,0.0,0.0,0.0,0.0,0.0,0.0
26081,0.0,0.0,0.0,0.0,0.0,0.0,0.0,0.0,0.0,0.0,0.0,0.0
26085,0.0,0.0,0.0,0.0,0.0,0.0,0.0,0.0,0.0,0.0,0.0,0.0
26086,0.0,0.0,0.0,0.0,0.0,0.0,0.0,0.0,0.0,0.0,0.0,0.0
26087,0.0,0.0,0.0,0.0,0.0,0.0,0.0,0.0,0.0,0.0,0.0,0.0
26088,0.0,0.0,0.0,0.0,0.0,0.0,0.0,0.0,0.0,0.0,0.0,0.0
26090,0.0,0.0,0.0,0.0,0.0,0.0,0.0,0.0,0.0,0.0,0.0,0.0
26091,0.0,0.0,0.0,0.0,0.0,0.0,0.0,0.0,0.0,0.0,0.0,0.0
26092,0.0,0.0,0.0,0.0,0.0,0.0,0.0,0.0,0.0,0.0,0.0,0.0
26093,0.0,0.0,0.0,771.1159725189209,-16775.10384941101,-198888.48460960388,-337780.61987400055,-205683.54251384735,-9138.511601448059,6070.841675758362,0.0,0.0
26118,0.0,0.0,0.0,0.0,0.0,0.0,0.0,0.0,0.0,0.0,0.0,0.0
26202,0.0,0.0,0.0,0.0,0.0,0.0,0.0,0.0,0.0,0.0,0.0,0.0
26203,0.0,0.0,0.0,0.0,0.0,0.0,0.0,0.0,0.0,0.0,0.0,0.0
26204,0.0,0.0,0.0,0.0,0.0,0.0,0.0,0.0,0.0,0.0,0.0,0.0
26205,0.0,0.0,0.0,0.0,0.0,0.0,0.0,0.0,0.0,0.0,0.0,0.0
26206,0.0,0.0,0.0,0.0,0.0,0.0,0.0,0.0,0.0,0.0,0.0,0.0
26207,0.0,0.0,0.0,0.0,0.0,0.0,0.0,0.0,0.0,0.0,0.0,0.0
26208,0.0,0.0,0.0,0.0,0.0,0.0,0.0,0.0,0.0,0.0,0.0,0.0
26209,0.0,0.0,0.0,0.0,0.0,0.0,0.0,0.0,0.0,0.0,0.0,0.0
26210,0.0,0.0,0.0,0.0,0.0,0.0,0.0,0.0,0.0,0.0,0.0,0.0
26211,0.0,0.0,0.0,0.0,0.0,0.0,0.0,0.0,0.0,0.0,0.0,0.0
26212,0.0,0.0,0.0,0.0,0.0,0.0,0.0,0.0,0.0,0.0,0.0,0.0
26213,0.0,0.0,0.0,0.0,0.0,0.0,0.0,0.0,0.0,0.0,0.0,0.0
26214,0.0,0.0,0.0,0.0,0.0,0.0,0.0,0.0,0.0,0.0,0.0,0.0
26215,0.0,0.0,0.0,0.0,0.0,0.0,0.0,0.0,0.0,0.0,0.0,0.0
26216,0.0,0.0,0.0,0.0,0.0,0.0,0.0,0.0,0.0,0.0,0.0,0.0
26222,0.0,0.0,0.0,0.0,0.0,0.0,0.0,0.0,0.0,0.0,0.0,0.0
26223,0.0,0.0,0.0,0.0,0.0,0.0,0.0,0.0,0.0,0.0,0.0,0.0
26224,0.0,0.0,0.0,0.0,0.0,0.0,0.0,0.0,0.0,0.0,0.0,0.0
26225,0.0,0.0,0.0,0.0,0.0,0.0,0.0,0.0,0.0,0.0,0.0,0.0
26226,0.0,0.0,0.0,0.0,0.0,0.0,0.0,0.0,0.0,0.0,0.0,0.0
26227,0.0,0.0,0.0,0.0,0.0,0.0,0.0,0.0,0.0,0.0,0.0,0.0
26228,0.0,0.0,0.0,0.0,0.0,0.0,0.0,0.0,0.0,0.0,0.0,0.0
26229,0.0,0.0,0.0,0.0,0.0,0.0,0.0,0.0,0.0,0.0,0.0,0.0
26230,0.0,0.0,0.0,0.0,0.0,0.0,0.0,0.0,0.0,0.0,0.0,0.0
26231,0.0,0.0,0.0,0.0,0.0,0.0,0.0,0.0,0.0,0.0,0.0,0.0
26324,0.0,0.0,0.0,7451.119119882584,93486.85044531524,326125.85767909884,327496.88623815775,230035.82989561558,32265.897803183645,0.0,0.0,0.0
26327,0.0,0.0,0.0,0.0,0.0,0.0,0.0,0.0,0.0,0.0,0.0,0.0
26335,0.0,0.0,0.0,0.0,0.0,0.0,0.0,0.0,0.0,0.0,0.0,0.0
26417,0.0,0.0,0.0,6971.8889998570085,452228.5560965836,1241373.6793083027,1782187.407361798,1220411.0305544734,565960.5467951149,75850.07384219766,0.0,0.0
26422,0.0,0.0,0.0,0.0,0.0,0.0,0.0,0.0,0.0,0.0,0.0,0.0
26424,0.0,0.0,0.0,0.0,0.0,0.0,0.0,0.0,0.0,0.0,0.0,0.0
26429,0.0,0.0,0.0,0.0,0.0,0.0,0.0,0.0,0.0,0.0,0.0,0.0
26466,0.0,0.0,0.0,0.0,32147.886441260576,300719.482890822,411164.6075518131,292657.1456843093,155400.01882711053,12066.644173108041,0.0,0.0
26511,0.0,0.0,0.0,0.0,0.0,0.0,0.0,0.0,0.0,0.0,0.0,0.0
26512,0.0,0.0,0.0,0.0,0.0,0.0,0.0,0.0,0.0,0.0,0.0,0.0
26514,0.0,0.0,0.0,0.0,0.0,0.0,0.0,0.0,0.0,0.0,0.0,0.0
26515,0.0,0.0,0.0,0.0,0.0,0.0,0.0,0.0,0.0,0.0,0.0,0.0
26516,0.0,0.0,0.0,0.0,0.0,0.0,0.0,0.0,0.0,0.0,0.0,0.0
26518,0.0,0.0,0.0,0.0,0.0,0.0,0.0,0.0,0.0,0.0,0.0,0.0
26519,0.0,0.0,0.0,0.0,0.0,0.0,0.0,0.0,0.0,0.0,0.0,0.0
26520,0.0,0.0,0.0,0.0,0.0,0.0,0.0,0.0,0.0,0.0,0.0,0.0
26522,0.0,0.0,0.0,0.0,0.0,19798.274703472853,81693.66077363491,54790.457572221756,4832.194594249129,681.9725373387337,0.0,0.0
26523,0.0,0.0,0.0,0.0,0.0,13259.431604841724,57091.35880566109,40234.607139274245,4285.830155582167,629.7518419008702,0.0,0.0
26524,0.0,0.0,0.0,0.0,0.0,79262.64288821816,497721.8739281148,360683.3979314491,7997.92960896343,489.57756946980953,0.0,0.0
26631,0.0,0.0,0.0,0.0,0.0,0.0,0.0,0.0,0.0,0.0,0.0,0.0
26632,0.0,0.0,0.0,0.0,0.0,0.0,0.0,0.0,0.0,0.0,0.0,0.0
26633,0.0,0.0,0.0,0.0,0.0,0.0,0.0,0.0,0.0,0.0,0.0,0.0
26634,0.0,0.0,0.0,0.0,0.0,0.0,0.0,0.0,0.0,0.0,0.0,0.0
26635,0.0,0.0,0.0,0.0,0.0,0.0,0.0,0.0,0.0,0.0,0.0,0.0
26641,0.0,0.0,0.0,0.0,0.0,0.0,0.0,0.0,0.0,0.0,0.0,0.0
26642,0.0,0.0,0.0,0.0,0.0,0.0,0.0,0.0,0.0,0.0,0.0,0.0
26643,0.0,0.0,0.0,0.0,0.0,0.0,0.0,0.0,0.0,0.0,0.0,0.0
26653,0.0,0.0,0.0,0.0,0.0,0.0,0.0,0.0,0.0,0.0,0.0,0.0
26654,0.0,0.0,0.0,0.0,0.0,0.0,0.0,0.0,0.0,0.0,0.0,0.0
26655,0.0,0.0,0.0,0.0,0.0,0.0,0.0,0.0,0.0,0.0,0.0,0.0
26656,0.0,0.0,0.0,0.0,0.0,0.0,0.0,0.0,0.0,0.0,0.0,0.0
26657,0.0,0.0,0.0,0.0,0.0,0.0,0.0,0.0,0.0,0.0,0.0,0.0
26658,0.0,0.0,0.0,0.0,0.0,0.0,0.0,0.0,0.0,0.0,0.0,0.0
26659,0.0,0.0,0.0,0.0,0.0,0.0,0.0,0.0,0.0,0.0,0.0,0.0
26660,0.0,0.0,0.0,0.0,0.0,0.0,0.0,0.0,0.0,0.0,0.0,0.0
26661,0.0,0.0,0.0,0.0,0.0,0.0,0.0,0.0,0.0,0.0,0.0,0.0
26758,0.0,0.0,0.0,72.52233172953129,418.5028493143618,1264.4753498286009,1283.7157060671598,909.2901596557349,122.76882113609463,0.0,0.0,0.0
26765,0.0,0.0,0.0,32979.28871035576,530391.9676557183,-3531027.8124492764,-3593799.1915484965,-2323877.9635757506,17301.90615645051,0.0,0.0,0.0
26769,0.0,0.0,0.0,0.0,0.0,0.0,0.0,0.0,0.0,0.0,0.0,0.0
26792,0.0,0.0,0.0,0.0,0.0,0.0,0.0,0.0,0.0,0.0,0.0,0.0
26859,0.0,0.0,0.0,0.0,0.0,0.0,0.0,0.0,0.0,0.0,0.0,0.0
26893,0.0,0.0,0.0,0.0,0.0,0.0,0.0,0.0,0.0,0.0,0.0,0.0
26945,0.0,0.0,0.0,0.0,0.0,0.0,0.0,0.0,0.0,0.0,0.0,0.0
26946,0.0,0.0,0.0,0.0,0.0,0.0,0.0,0.0,0.0,0.0,0.0,0.0
26947,0.0,0.0,0.0,0.0,0.0,0.0,0.0,0.0,0.0,0.0,0.0,0.0
26948,0.0,0.0,0.0,0.0,0.0,0.0,0.0,0.0,0.0,0.0,0.0,0.0
26952,0.0,0.0,0.0,0.0,0.0,0.0,0.0,0.0,0.0,0.0,0.0,0.0
26953,0.0,0.0,0.0,0.0,0.0,0.0,0.0,0.0,0.0,0.0,0.0,0.0
26954,0.0,0.0,0.0,0.0,0.0,0.0,0.0,0.0,0.0,0.0,0.0,0.0
26955,0.0,0.0,0.0,0.0,0.0,0.0,0.0,0.0,0.0,0.0,0.0,0.0
26956,0.0,0.0,0.0,0.0,0.0,0.0,0.0,0.0,0.0,0.0,0.0,0.0
26957,0.0,0.0,0.0,0.0,0.0,30403.680734157562,271501.97441482544,204478.44970607758,3546.9661177396774,497.8789860010147,0.0,0.0
27003,0.0,0.0,0.0,0.0,0.0,0.0,0.0,0.0,0.0,0.0,0.0,0.0
27062,0.0,0.0,0.0,0.0,0.0,0.0,0.0,0.0,0.0,0.0,0.0,0.0
27063,0.0,0.0,0.0,0.0,0.0,0.0,0.0,0.0,0.0,0.0,0.0,0.0
27064,0.0,0.0,0.0,0.0,0.0,0.0,0.0,0.0,0.0,0.0,0.0,0.0
27068,0.0,0.0,0.0,0.0,0.0,0.0,0.0,0.0,0.0,0.0,0.0,0.0
27069,0.0,0.0,0.0,0.0,0.0,0.0,0.0,0.0,0.0,0.0,0.0,0.0
27070,0.0,0.0,0.0,0.0,0.0,0.0,0.0,0.0,0.0,0.0,0.0,0.0
27071,0.0,0.0,0.0,0.0,0.0,0.0,0.0,0.0,0.0,0.0,0.0,0.0
27072,0.0,0.0,0.0,0.0,0.0,0.0,0.0,0.0,0.0,0.0,0.0,0.0
27073,0.0,0.0,0.0,0.0,0.0,0.0,0.0,0.0,0.0,0.0,0.0,0.0
27074,0.0,0.0,0.0,0.0,0.0,0.0,0.0,0.0,0.0,0.0,0.0,0.0
27075,0.0,0.0,0.0,0.0,0.0,0.0,0.0,0.0,0.0,0.0,0.0,0.0
27085,0.0,0.0,0.0,0.0,0.0,0.0,0.0,0.0,0.0,0.0,0.0,0.0
27086,0.0,0.0,0.0,0.0,0.0,0.0,0.0,0.0,0.0,0.0,0.0,0.0
27087,0.0,0.0,0.0,0.0,0.0,0.0,0.0,0.0,0.0,0.0,0.0,0.0
27088,0.0,0.0,0.0,0.0,0.0,0.0,0.0,0.0,0.0,0.0,0.0,0.0
27089,0.0,0.0,0.0,0.0,0.0,0.0,0.0,0.0,0.0,0.0,0.0,0.0
27191,0.0,0.0,0.0,0.0,0.0,0.0,0.0,0.0,0.0,0.0,0.0,0.0
27203,0.0,0.0,0.0,0.0,0.0,0.0,0.0,0.0,0.0,0.0,0.0,0.0
27224,0.0,0.0,0.0,0.0,0.0,0.0,0.0,0.0,0.0,0.0,0.0,0.0
27377,0.0,0.0,0.0,0.0,0.0,0.0,0.0,0.0,0.0,0.0,0.0,0.0
27378,0.0,0.0,0.0,0.0,0.0,0.0,0.0,0.0,0.0,0.0,0.0,0.0
27379,0.0,0.0,0.0,0.0,0.0,0.0,0.0,0.0,0.0,0.0,0.0,0.0
27380,0.0,0.0,0.0,0.0,0.0,0.0,0.0,0.0,0.0,0.0,0.0,0.0
27381,0.0,0.0,0.0,0.0,0.0,0.0,0.0,0.0,0.0,0.0,0.0,0.0
27382,0.0,0.0,0.0,0.0,0.0,0.0,0.0,0.0,0.0,0.0,0.0,0.0
27383,0.0,0.0,0.0,0.0,0.0,0.0,0.0,0.0,0.0,0.0,0.0,0.0
27386,0.0,0.0,0.0,0.0,0.0,0.0,0.0,0.0,0.0,0.0,0.0,0.0
27387,0.0,0.0,0.0,0.0,0.0,0.0,0.0,0.0,0.0,0.0,0.0,0.0
27491,0.0,0.0,0.0,0.0,0.0,0.0,0.0,0.0,0.0,0.0,0.0,0.0
27492,0.0,0.0,0.0,0.0,0.0,0.0,0.0,0.0,0.0,0.0,0.0,0.0
27500,0.0,0.0,0.0,0.0,0.0,0.0,0.0,0.0,0.0,0.0,0.0,0.0
27501,0.0,0.0,0.0,0.0,0.0,0.0,0.0,0.0,0.0,0.0,0.0,0.0
27502,0.0,0.0,0.0,0.0,0.0,0.0,0.0,0.0,0.0,0.0,0.0,0.0
27503,0.0,0.0,0.0,0.0,0.0,0.0,0.0,0.0,0.0,0.0,0.0,0.0
27504,0.0,0.0,0.0,0.0,0.0,0.0,0.0,0.0,0.0,0.0,0.0,0.0
27505,0.0,0.0,0.0,0.0,0.0,0.0,0.0,0.0,0.0,0.0,0.0,0.0
27506,0.0,0.0,0.0,0.0,0.0,0.0,0.0,0.0,0.0,0.0,0.0,0.0
27507,0.0,0.0,0.0,0.0,0.0,0.0,0.0,0.0,0.0,0.0,0.0,0.0
27508,0.0,0.0,0.0,0.0,0.0,0.0,0.0,0.0,0.0,0.0,0.0,0.0
27509,0.0,0.0,0.0,0.0,0.0,0.0,0.0,0.0,0.0,0.0,0.0,0.0
27510,0.0,0.0,0.0,0.0,0.0,0.0,0.0,0.0,0.0,0.0,0.0,0.0
27511,0.0,0.0,0.0,0.0,0.0,0.0,0.0,0.0,0.0,0.0,0.0,0.0
27512,0.0,0.0,0.0,0.0,0.0,0.0,0.0,0.0,0.0,0.0,0.0,0.0
27513,0.0,0.0,0.0,0.0,0.0,0.0,0.0,0.0,0.0,0.0,0.0,0.0
27514,0.0,0.0,0.0,0.0,0.0,0.0,0.0,0.0,0.0,0.0,0.0,0.0
27515,0.0,0.0,0.0,0.0,0.0,0.0,0.0,0.0,0.0,0.0,0.0,0.0
27516,0.0,0.0,0.0,0.0,0.0,0.0,0.0,0.0,0.0,0.0,0.0,0.0
27517,0.0,0.0,0.0,0.0,0.0,0.0,0.0,0.0,0.0,0.0,0.0,0.0
27518,0.0,0.0,0.0,0.0,0.0,0.0,0.0,0.0,0.0,0.0,0.0,0.0
27519,0.0,0.0,0.0,0.0,0.0,0.0,0.0,0.0,0.0,0.0,0.0,0.0
27520,0.0,0.0,0.0,0.0,0.0,0.0,0.0,0.0,0.0,0.0,0.0,0.0
27521,0.0,0.0,0.0,0.0,0.0,0.0,0.0,0.0,0.0,0.0,0.0,0.0
27648,0.0,0.0,0.0,0.0,0.0,0.0,0.0,0.0,0.0,0.0,0.0,0.0
27655,0.0,0.0,0.0,0.0,0.0,0.0,0.0,0.0,0.0,0.0,0.0,0.0
27789,0.0,0.0,0.0,0.0,-28381.03134727478,-89484.30876350403,-81455.03007125854,-74999.12422180176,-12758.586093902588,1222.6855392456055,0.0,0.0
27804,0.0,0.0,0.0,0.0,0.0,0.0,0.0,0.0,0.0,0.0,0.0,0.0
27806,0.0,0.0,0.0,0.0,0.0,0.0,0.0,0.0,0.0,0.0,0.0,0.0
27807,0.0,0.0,0.0,0.0,0.0,0.0,0.0,0.0,0.0,0.0,0.0,0.0
27810,0.0,0.0,0.0,0.0,0.0,0.0,0.0,0.0,0.0,0.0,0.0,0.0
27813,0.0,0.0,0.0,0.0,0.0,0.0,0.0,0.0,0.0,0.0,0.0,0.0
27814,0.0,0.0,0.0,0.0,0.0,0.0,0.0,0.0,0.0,0.0,0.0,0.0
27917,0.0,0.0,0.0,0.0,0.0,0.0,0.0,0.0,0.0,0.0,0.0,0.0
27918,0.0,0.0,0.0,0.0,0.0,0.0,0.0,0.0,0.0,0.0,0.0,0.0
27928,0.0,0.0,0.0,0.0,0.0,0.0,0.0,0.0,0.0,0.0,0.0,0.0
27929,0.0,0.0,0.0,0.0,0.0,0.0,0.0,0.0,0.0,0.0,0.0,0.0
27930,0.0,0.0,0.0,0.0,0.0,0.0,0.0,0.0,0.0,0.0,0.0,0.0
27931,0.0,0.0,0.0,0.0,0.0,0.0,0.0,0.0,0.0,0.0,0.0,0.0
27932,0.0,0.0,0.0,0.0,0.0,0.0,0.0,0.0,0.0,0.0,0.0,0.0
27933,0.0,0.0,0.0,0.0,0.0,0.0,0.0,0.0,0.0,0.0,0.0,0.0
27934,0.0,0.0,0.0,0.0,0.0,0.0,0.0,0.0,0.0,0.0,0.0,0.0
27935,0.0,0.0,0.0,0.0,0.0,0.0,0.0,0.0,0.0,0.0,0.0,0.0
27936,0.0,0.0,0.0,0.0,0.0,0.0,0.0,0.0,0.0,0.0,0.0,0.0
27937,0.0,0.0,0.0,0.0,0.0,0.0,0.0,0.0,0.0,0.0,0.0,0.0
27938,0.0,0.0,0.0,0.0,0.0,0.0,0.0,0.0,0.0,0.0,0.0,0.0
27939,0.0,0.0,0.0,-1647450.0879883766,-3265432.153605938,-6150393.5356452465,-14346191.785697699,-5791075.131056786,-616623.1634635925,99.7299200296402,0.0,0.0
28019,0.0,0.0,0.0,0.0,0.0,0.0,0.0,0.0,0.0,0.0,0.0,0.0
28020,0.0,0.0,0.0,0.0,0.0,0.0,0.0,0.0,0.0,0.0,0.0,0.0
28021,0.0,0.0,0.0,-21.71780827641487,-273.1285748183727,-1540.1143581271172,-1459.0622773468494,-1583.4976996779442,-160.63709875196218,0.0,0.0,0.0
28022,0.0,0.0,0.0,71795.97030305862,258491.2359251976,789961.2140858173,685741.353502512,456981.05360102654,-100460.55310940742,156.1076648235321,0.0,0.0
28046,0.0,0.0,0.0,0.0,0.0,0.0,0.0,0.0,0.0,0.0,0.0,0.0
28118,0.0,0.0,0.0,-350883.9450954199,-4724278.803933084,0.0,0.0,0.0,-3284481.158819928,22361.724552705884,0.0,0.0
28132,0.0,0.0,0.0,0.0,0.0,0.0,0.0,0.0,0.0,0.0,0.0,0.0
28208,0.0,0.0,0.0,0.0,-38031937.27519035,-522130523.92567825,-342868830.3607359,-346059686.58880234,-341163424.7971287,-12329745.68461132,0.0,0.0
28221,0.0,0.0,0.0,0.0,0.0,0.0,0.0,0.0,0.0,0.0,0.0,0.0
28222,0.0,0.0,0.0,0.0,0.0,0.0,0.0,0.0,0.0,0.0,0.0,0.0
28224,0.0,0.0,0.0,0.0,0.0,0.0,0.0,0.0,0.0,0.0,0.0,0.0
28225,0.0,0.0,0.0,0.0,0.0,0.0,0.0,0.0,0.0,0.0,0.0,0.0
28226,0.0,0.0,0.0,0.0,0.0,0.0,0.0,0.0,0.0,0.0,0.0,0.0
28227,0.0,0.0,0.0,0.0,0.0,0.0,0.0,0.0,0.0,0.0,0.0,0.0
28332,0.0,0.0,0.0,137141.61128997803,264636.57235717773,297260.0433654785,948000.8923797607,52284.84578323364,93994.18647003174,1634.0506629943848,0.0,0.0
28333,0.0,0.0,0.0,0.0,0.0,0.0,0.0,0.0,0.0,0.0,0.0,0.0
28345,0.0,0.0,0.0,0.0,0.0,0.0,0.0,0.0,0.0,0.0,0.0,0.0
28346,0.0,0.0,0.0,0.0,0.0,0.0,0.0,0.0,0.0,0.0,0.0,0.0
28347,0.0,0.0,0.0,0.0,0.0,0.0,0.0,0.0,0.0,0.0,0.0,0.0
28348,0.0,0.0,0.0,0.0,0.0,0.0,0.0,0.0,0.0,0.0,0.0,0.0
28349,0.0,0.0,0.0,0.0,0.0,0.0,0.0,0.0,0.0,0.0,0.0,0.0
28350,0.0,0.0,0.0,0.0,0.0,0.0,0.0,0.0,0.0,0.0,0.0,0.0
28351,0.0,0.0,0.0,0.0,0.0,0.0,0.0,0.0,0.0,0.0,0.0,0.0
28352,0.0,0.0,0.0,0.0,0.0,0.0,0.0,0.0,0.0,0.0,0.0,0.0
28353,0.0,0.0,0.0,0.0,0.0,0.0,0.0,0.0,0.0,0.0,0.0,0.0
28354,0.0,0.0,0.0,0.0,0.0,0.0,0.0,0.0,0.0,0.0,0.0,0.0
28355,0.0,0.0,0.0,0.0,0.0,0.0,0.0,0.0,0.0,0.0,0.0,0.0
28356,0.0,0.0,0.0,0.0,0.0,0.0,0.0,0.0,0.0,0.0,0.0,0.0
28357,0.0,0.0,0.0,0.0,0.0,0.0,0.0,0.0,0.0,0.0,0.0,0.0
28358,0.0,0.0,0.0,0.0,0.0,0.0,0.0,0.0,0.0,0.0,0.0,0.0
28359,0.0,0.0,0.0,0.0,0.0,0.0,-4610828.731379282,-2829837.8319534212,0.0,0.0,0.0,0.0
28424,0.0,0.0,0.0,0.0,0.0,0.0,0.0,0.0,0.0,0.0,0.0,0.0
28425,0.0,0.0,0.0,0.0,0.20665079355239868,0.0,0.0,0.0,0.0,0.0,0.0,0.0
28426,0.0,0.0,0.0,166.87153136730194,1332.892143547535,3601.3919493556023,2203.599371612072,1846.5779389441013,-442.49663558602333,0.0,0.0,0.0
28427,0.0,0.0,0.0,-3171.3061513900757,-15967.56130695343,468893.4504728317,1241816.495587349,1566806.2445402145,391119.0877466202,86.1846170425415,0.0,0.0
28434,0.0,0.0,0.0,0.0,0.0,0.0,0.0,0.0,0.0,0.0,0.0,0.0
28435,0.0,0.0,0.0,0.0,0.0,0.0,0.0,0.0,0.0,0.0,0.0,0.0
28436,0.0,0.0,0.0,0.0,0.0,0.0,0.0,0.0,0.0,0.0,0.0,0.0
28437,0.0,0.0,0.0,0.0,0.0,0.0,0.0,0.0,0.0,0.0,0.0,0.0
28438,0.0,0.0,0.0,0.0,0.0,0.0,0.0,0.0,0.0,0.0,0.0,0.0
28439,0.0,0.0,0.0,0.0,0.0,0.0,0.0,0.0,0.0,0.0,0.0,0.0
28440,0.0,0.0,0.0,0.0,0.0,0.0,0.0,0.0,0.0,0.0,0.0,0.0
28462,0.0,0.0,0.0,0.0,0.0,0.0,0.0,0.0,0.0,0.0,0.0,0.0
28463,0.0,0.0,0.0,0.0,0.0,0.0,0.0,0.0,0.0,0.0,0.0,0.0
28464,0.0,0.0,0.0,-146873.50751397014,-2120830.361311123,0.0,0.0,0.0,-496914.20024520764,0.0,0.0,0.0
28466,0.0,0.0,0.0,-1593802.8766224384,-14646987.005785465,-28329412.346073747,-25589865.239105463,-18762333.779536813,-2228674.471419871,0.0,0.0,0.0
28467,0.0,0.0,0.0,0.0,0.0,0.0,0.0,0.0,0.0,0.0,0.0,0.0
28468,0.0,0.0,0.0,0.0,0.0,0.0,0.0,0.0,0.0,0.0,0.0,0.0
28469,0.0,0.0,0.0,0.0,0.0,0.0,0.0,0.0,0.0,0.0,0.0,0.0
28480,0.0,0.0,0.0,0.0,0.0,0.0,0.0,0.0,0.0,0.0,0.0,0.0
28492,0.0,0.0,0.0,0.0,0.0,0.0,0.0,0.0,0.0,0.0,0.0,0.0
28524,0.0,0.0,0.0,-523260.10129737854,-2441095.7165466547,-5741431.945676416,-5691493.141282022,-3553489.038183376,-990886.3318829834,-744.2724039852619,0.0,0.0
28549,0.0,0.0,0.0,0.0,0.0,0.0,0.0,0.0,0.0,0.0,0.0,0.0
28577,0.0,0.0,0.0,0.0,0.0,0.0,0.0,0.0,0.0,0.0,0.0,0.0
28578,0.0,0.0,0.0,0.0,0.0,0.0,0.0,0.0,0.0,0.0,0.0,0.0
28585,0.0,0.0,0.0,0.0,0.0,0.0,0.0,0.0,0.0,0.0,0.0,0.0
28590,0.0,0.0,0.0,0.0,0.0,0.0,0.0,0.0,0.0,0.0,0.0,0.0
28599,0.0,0.0,0.0,0.0,0.0,0.0,0.0,0.0,0.0,0.0,0.0,0.0
28639,0.0,0.0,0.0,0.0,0.0,0.0,0.0,0.0,0.0,0.0,0.0,0.0
28640,0.0,0.0,0.0,0.0,0.0,0.0,0.0,0.0,0.0,0.0,0.0,0.0
28642,0.0,0.0,0.0,0.0,0.0,0.0,0.0,0.0,0.0,0.0,0.0,0.0
28643,0.0,0.0,0.0,0.0,0.0,0.0,0.0,0.0,0.0,0.0,0.0,0.0
28644,0.0,0.0,0.0,0.0,0.0,0.0,0.0,0.0,0.0,0.0,0.0,0.0
28646,0.0,0.0,0.0,-1183975.5664672852,-6979746.099720001,19141763.1781044,10722771.39418602,36431658.247891426,25739136.301448822,5576745.496776581,0.0,0.0
28764,0.0,0.0,0.0,0.0,0.0,0.0,0.0,0.0,0.0,0.0,0.0,0.0
28765,0.0,0.0,0.0,0.0,0.0,0.0,0.0,0.0,0.0,0.0,0.0,0.0
28766,0.0,0.0,0.0,0.0,0.0,0.0,0.0,0.0,0.0,0.0,0.0,0.0
28767,0.0,0.0,0.0,0.0,0.0,0.0,0.0,0.0,0.0,0.0,0.0,0.0
28768,0.0,0.0,0.0,0.0,0.0,0.0,0.0,0.0,0.0,0.0,0.0,0.0
28769,0.0,0.0,0.0,0.0,0.0,0.0,0.0,0.0,0.0,0.0,0.0,0.0
28770,0.0,0.0,0.0,0.0,0.0,0.0,0.0,0.0,0.0,0.0,0.0,0.0
28771,0.0,0.0,0.0,0.0,0.0,0.0,0.0,0.0,0.0,0.0,0.0,0.0
28772,0.0,0.0,0.0,0.0,0.0,0.0,0.0,0.0,0.0,0.0,0.0,0.0
28773,0.0,0.0,0.0,0.0,0.0,0.0,0.0,0.0,0.0,0.0,0.0,0.0
28774,0.0,0.0,0.0,0.0,0.0,0.0,0.0,0.0,0.0,0.0,0.0,0.0
28775,0.0,0.0,0.0,-191563.47815698385,-1096911.5172963738,-2638837.8913293183,-468822.1965356432,-157420.444488056,-766586.6352779642,0.0,0.0,0.0
28838,0.0,0.0,0.0,501.1555964946747,12212.479816913605,-63382.04736280441,-408771.19643068314,-625546.1381299496,-64536.44152867794,-15381.021934986115,0.0,0.0
28839,0.0,0.0,0.0,663.1623638495803,0.0,0.0,0.0,0.0,107.30628748843446,0.0,0.0,0.0
28840,0.0,0.0,0.0,0.0,0.0,0.0,0.0,0.0,0.0,0.0,0.0,0.0
28841,0.0,0.0,0.0,517.8915016832761,3300.003055324778,0.0,0.0,0.0,2435.2158680586144,0.0,0.0,0.0
28842,0.0,0.0,0.0,-1412.609948929632,-19034.547653299756,0.0,0.0,0.0,-4535.777989056427,0.0,0.0,0.0
28843,0.0,0.0,0.0,544.436285123229,3307.426868105307,0.0,0.0,0.0,1023.5546333966777,0.0,0.0,0.0
28844,0.0,0.0,0.0,-2783.7343124528416,-15947.800062641501,-41884.554289707914,-36119.28991177492,-45043.855228954926,-5165.063197487965,0.0,0.0,0.0
28845,0.0,0.0,0.0,-3198.0563397556543,-23777.647833399475,-43713.03362625092,-44919.501797541976,-46376.58312806487,-4908.049905009568,0.0,0.0,0.0
28846,0.0,0.0,0.0,-1425.22865112219,-428.30303955078125,0.0,0.0,0.0,-1910.2305070487782,0.0,0.0,0.0
28847,0.0,0.0,0.0,0.0,0.0,0.0,0.0,0.0,0.0,0.0,0.0,0.0
28848,0.0,0.0,0.0,0.0,0.0,0.0,0.0,0.0,0.0,0.0,0.0,0.0
28849,0.0,0.0,0.0,0.0,0.0,0.0,0.0,0.0,0.0,0.0,0.0,0.0
28850,0.0,0.0,0.0,0.0,0.0,0.0,0.0,0.0,0.0,0.0,0.0,0.0
28871,0.0,0.0,0.0,4863.7884186552255,30701.198047639336,74551.35684510972,78460.36450250773,53572.778112742584,6523.628236529825,0.0,0.0,0.0
28872,0.0,0.0,0.0,0.0,0.0,0.0,0.0,0.0,0.0,0.0,0.0,0.0
28880,0.0,0.0,0.0,0.0,0.0,0.0,0.0,0.0,0.0,0.0,0.0,0.0
28937,0.0,0.0,0.0,-3866952.759328842,-22714883.817091584,-441825.39916272834,0.0,0.0,-74797.94453451782,-455.2368447370827,0.0,0.0
28964,0.0,0.0,0.0,0.0,73917.3996202536,267413.6716010384,260550.3354513296,211399.0894823298,112523.9248685129,16814.342053713277,0.0,0.0
28981,0.0,0.0,0.0,0.0,0.0,0.0,0.0,0.0,0.0,0.0,0.0,0.0
28984,0.0,0.0,0.0,0.0,0.0,0.0,0.0,0.0,0.0,0.0,0.0,0.0
28987,0.0,0.0,0.0,0.0,0.0,0.0,0.0,0.0,0.0,0.0,0.0,0.0
28998,0.0,0.0,0.0,0.0,0.0,0.0,0.0,0.0,0.0,0.0,0.0,0.0
29049,0.0,0.0,0.0,0.0,0.0,0.0,0.0,0.0,0.0,0.0,0.0,0.0
29050,0.0,0.0,0.0,0.0,0.0,0.0,0.0,0.0,0.0,0.0,0.0,0.0
29051,0.0,0.0,0.0,0.0,0.0,0.0,0.0,0.0,0.0,0.0,0.0,0.0
29052,0.0,0.0,0.0,0.0,0.0,0.0,0.0,0.0,0.0,0.0,0.0,0.0
29053,0.0,0.0,0.0,0.0,0.0,0.0,0.0,0.0,0.0,0.0,0.0,0.0
29055,0.0,0.0,0.0,0.0,0.0,0.0,0.0,0.0,0.0,0.0,0.0,0.0
29056,0.0,0.0,0.0,0.0,2269.6575101614,47740.369228839874,166009.0845014453,142800.98901942372,22562.278266713023,3988.967382609844,0.0,0.0
29174,0.0,0.0,0.0,0.0,0.0,0.0,0.0,0.0,0.0,0.0,0.0,0.0
29175,0.0,0.0,0.0,0.0,0.0,0.0,0.0,0.0,0.0,0.0,0.0,0.0
29176,0.0,0.0,0.0,0.0,0.0,0.0,0.0,0.0,0.0,0.0,0.0,0.0
29177,0.0,0.0,0.0,0.0,0.0,0.0,0.0,0.0,0.0,0.0,0.0,0.0
29178,0.0,0.0,0.0,0.0,0.0,0.0,0.0,0.0,0.0,0.0,0.0,0.0
29179,0.0,0.0,0.0,0.0,0.0,0.0,0.0,0.0,0.0,0.0,0.0,0.0
29180,0.0,0.0,0.0,0.0,0.0,0.0,0.0,0.0,0.0,0.0,0.0,0.0
29181,0.0,0.0,0.0,0.0,0.0,0.0,0.0,0.0,0.0,0.0,0.0,0.0
29182,0.0,0.0,0.0,0.0,0.0,0.0,0.0,0.0,0.0,0.0,0.0,0.0
29183,0.0,0.0,0.0,0.0,0.0,0.0,0.0,0.0,0.0,0.0,0.0,0.0
29184,0.0,0.0,0.0,0.0,0.0,0.0,0.0,0.0,0.0,0.0,0.0,0.0
29185,0.0,0.0,0.0,5368.397466659546,-697278.2252125442,-1795643.1803965122,-6064123.533441171,-4894409.357364327,-1703928.6419842876,-8608.58648717776,0.0,0.0
29213,0.0,0.0,0.0,164945.71222490072,763255.3253699541,1440916.74605906,3114348.729326695,890478.2685947865,109466.9912493825,0.0,0.0,0.0
29214,0.0,0.0,0.0,136520.48936879635,530330.584348917,1138178.005876422,2000490.7506524622,311011.4126586318,2491.9661247730255,0.0,0.0,0.0
29215,0.0,0.0,0.0,10458.661857932806,39769.51921392977,93902.06261605024,221896.202817142,33449.20128290355,182.0186164677143,0.0,0.0,0.0
29247,0.0,0.0,0.0,476.94277535378933,4854.863994851708,14977.588232390583,19554.111241415143,26103.020391240716,1619.205179989338,0.0,0.0,0.0
29248,0.0,0.0,0.0,0.0,0.0,0.0,0.0,0.0,0.0,0.0,0.0,0.0
29249,0.0,0.0,0.0,0.0,0.0,0.0,0.0,0.0,0.0,0.0,0.0,0.0
29250,0.0,0.0,0.0,-2828.231305330526,-4526.3984375,0.0,0.0,0.0,-4517.651910539484,0.0,0.0,0.0
29251,0.0,0.0,0.0,-2432.3245984297246,-13658.698393212631,0.0,0.0,0.0,-3402.2974097393453,0.0,0.0,0.0
29253,0.0,0.0,0.0,0.0,0.0,0.0,0.0,0.0,0.0,0.0,0.0,0.0
29254,0.0,0.0,0.0,-1407.4427005648613,-9739.1785197407,-25271.41357062757,-34359.05697919801,-54188.17370921932,-16230.514218669385,-131.14664731360972,0.0,0.0
29255,0.0,0.0,0.0,0.0,258114.32237693667,1494856.4019405842,2618880.350104511,2853223.5723641813,1162185.9019761682,26812.721069440246,0.0,0.0
29275,0.0,0.0,0.0,3369.6555035300553,18165.775180701166,51029.16827268526,51580.56925403327,36874.98705231957,4546.46898749657,0.0,0.0,0.0
29276,0.0,0.0,0.0,0.0,0.0,0.0,0.0,0.0,0.0,0.0,0.0,0.0
29277,0.0,0.0,0.0,55217.96615600586,507497.8778305054,1305171.4236335754,1323330.599609375,912602.5368080139,135835.1774673462,0.0,0.0,0.0
29284,0.0,0.0,0.0,0.0,0.0,0.0,0.0,0.0,0.0,0.0,0.0,0.0
29285,0.0,0.0,0.0,0.0,0.0,0.0,0.0,0.0,0.0,0.0,0.0,0.0
29294,0.0,0.0,0.0,0.0,0.0,0.0,0.0,0.0,0.0,0.0,0.0,0.0
29301,0.0,0.0,-1682807.886079371,-13486867.591145873,-44040574.1600979,-70115417.10652006,-9216641.383189559,-23095911.249455333,247067.60226804018,19507.726777672768,0.0,0.0
29312,0.0,0.0,0.0,0.0,0.0,0.0,0.0,0.0,0.0,0.0,0.0,0.0
29327,0.0,0.0,-23325.05972480774,2870138.2408924103,455998.01466941833,14668449.601240396,27268241.164420605,19565073.67316115,709622.6866151094,-1188707.3159873486,0.0,0.0
29351,0.0,0.0,-67406.62607169151,-73889.7657315731,-112614.0345478952,0.0,0.0,0.0,-21486.054891586304,0.0,0.0,0.0
29363,0.0,0.0,0.0,4046.899408981204,142532.17951272428,351944.9866922833,374884.0098979175,293312.85911247134,112581.76630425453,0.0,0.0,0.0
29374,0.0,0.0,0.0,0.0,0.0,0.0,0.0,0.0,0.0,0.0,0.0,0.0
29378,0.0,0.0,0.0,0.0,0.0,0.0,0.0,0.0,0.0,0.0,0.0,0.0
29389,0.0,0.0,0.0,0.0,0.0,0.0,0.0,0.0,0.0,0.0,0.0,0.0
29391,0.0,0.0,0.0,0.0,0.0,0.0,0.0,0.0,0.0,0.0,0.0,0.0
29397,0.0,0.0,0.0,0.0,0.0,0.0,0.0,0.0,0.0,0.0,0.0,0.0
29405,0.0,0.0,0.0,0.0,0.0,0.0,0.0,0.0,0.0,0.0,0.0,0.0
29407,0.0,0.0,0.0,0.0,0.0,0.0,0.0,0.0,0.0,0.0,0.0,0.0
29416,0.0,0.0,0.0,0.0,0.0,-967.188720703125,-10660.7841796875,0.0,-6.632910251617432,0.0,0.0,0.0
29454,0.0,0.0,0.0,0.0,0.0,0.0,0.0,0.0,0.0,0.0,0.0,0.0
29455,0.0,0.0,0.0,0.0,0.0,0.0,0.0,0.0,0.0,0.0,0.0,0.0
29457,0.0,0.0,0.0,0.0,0.0,0.0,0.0,0.0,0.0,0.0,0.0,0.0
29458,0.0,0.0,0.0,0.0,0.0,0.0,0.0,0.0,0.0,0.0,0.0,0.0
29459,0.0,0.0,0.0,0.0,0.0,0.0,0.0,0.0,0.0,0.0,0.0,0.0
29573,0.0,0.0,0.0,0.0,0.0,0.0,0.0,0.0,0.0,0.0,0.0,0.0
29574,0.0,0.0,0.0,0.0,0.0,0.0,0.0,0.0,0.0,0.0,0.0,0.0
29575,0.0,0.0,0.0,0.0,0.0,0.0,0.0,0.0,0.0,0.0,0.0,0.0
29576,0.0,0.0,0.0,0.0,0.0,0.0,0.0,0.0,0.0,0.0,0.0,0.0
29577,0.0,0.0,0.0,0.0,0.0,0.0,0.0,0.0,0.0,0.0,0.0,0.0
29578,0.0,0.0,0.0,0.0,0.0,0.0,0.0,0.0,0.0,0.0,0.0,0.0
29579,0.0,0.0,0.0,0.0,0.0,0.0,0.0,0.0,0.0,0.0,0.0,0.0
29583,0.0,0.0,0.0,0.0,0.0,0.0,0.0,0.0,0.0,0.0,0.0,0.0
29584,0.0,0.0,0.0,0.0,0.0,0.0,0.0,0.0,0.0,0.0,0.0,0.0
29585,0.0,0.0,0.0,0.0,0.0,0.0,0.0,0.0,0.0,0.0,0.0,0.0
29586,0.0,0.0,0.0,-130571.2961101532,-331387.9599080086,-778827.4825921059,-1155021.3222568035,-681590.2934613228,-119350.67032980919,594.9475204944611,0.0,0.0
29612,0.0,0.0,0.0,112594.54831814766,996746.606908083,2635165.2143599987,6040071.718995392,1699429.8843939304,297794.81062328815,10469.587755322456,74.45204901695251,0.0
29613,0.0,0.0,0.0,0.0,0.0,0.0,0.0,0.0,0.0,0.0,0.0,0.0
29614,0.0,0.0,0.0,0.0,0.0,0.0,0.0,0.0,0.0,0.0,0.0,0.0
29615,0.0,0.0,0.0,0.0,0.0,0.0,0.0,0.0,0.0,0.0,0.0,0.0
29616,0.0,0.0,0.0,0.0,0.0,0.0,0.0,0.0,0.0,0.0,0.0,0.0
29646,0.0,0.0,0.0,254300.2805633545,70809.52823257446,1003643.8164520264,-1663331.6075439453,-3479776.4608421326,-116559.78714942932,-24169.606784820557,0.0,0.0
29647,0.0,0.0,0.0,0.0,0.0,-30270.25687242672,-29259.27757987939,-33300.62655362673,0.0,0.0,0.0,0.0
29648,0.0,0.0,0.0,4031.4112177714705,20010.718565854244,23681.83503288217,23910.08747055754,26259.832918073982,6955.177265598439,0.0,0.0,0.0
29652,0.0,0.0,0.0,0.0,0.0,0.0,0.0,0.0,0.0,0.0,0.0,0.0
29653,0.0,0.0,0.0,0.0,0.0,0.0,0.0,0.0,0.0,0.0,0.0,0.0
29654,0.0,0.0,0.0,-90.59773154836148,-301.82316246721894,-866.3297697426751,-996.3436655290425,-933.0107976780273,-169.11058390326798,0.0,0.0,0.0
29655,0.0,0.0,0.0,0.0,0.0,0.0,0.0,0.0,0.0,0.0,0.0,0.0
29656,0.0,0.0,0.0,1530.523493051529,-893091.8823907375,-1442107.8010020256,-620791.4236285686,-625789.1400563717,434886.1621180773,25966.954158186913,0.0,0.0
29676,0.0,0.0,0.0,0.0,0.0,0.0,0.0,0.0,0.0,0.0,0.0,0.0
29677,0.0,0.0,0.0,0.0,4904.53288949281,33359.88813819736,38290.02515053004,34586.73212843388,11999.790105290711,0.0,0.0,0.0
29685,0.0,0.0,0.0,0.0,0.0,0.0,0.0,0.0,0.0,0.0,0.0,0.0
29686,0.0,0.0,0.0,0.0,0.0,0.0,0.0,0.0,0.0,0.0,0.0,0.0
29687,0.0,0.0,0.0,0.0,0.0,0.0,0.0,0.0,0.0,0.0,0.0,0.0
29702,0.0,-13732.000716686249,-579285.0555114746,-10407900.24068451,-38277451.431988716,-62225245.8826313,2933415.4855599403,-13782990.085565805,629149.3497877121,-70535.07369613647,-2410.410457134247,0.0
29714,0.0,0.0,-40.16451597213745,-1171475.6723003387,-5595681.856891155,-8306223.384775162,-8369166.398467302,-6578473.496768475,-1762318.0435486138,-164969.54871201515,0.0,0.0
29770,0.0,0.0,0.0,0.0,0.0,0.0,0.0,0.0,0.0,0.0,0.0,0.0
29778,0.0,0.0,0.0,0.0,0.0,0.0,0.0,0.0,0.0,0.0,0.0,0.0
29781,0.0,0.0,0.0,0.0,0.0,0.0,0.0,0.0,0.0,0.0,0.0,0.0
29783,0.0,0.0,0.0,0.0,0.0,0.0,0.0,0.0,0.0,0.0,0.0,0.0
29784,0.0,0.0,0.0,0.0,0.0,0.0,0.0,0.0,0.0,0.0,0.0,0.0
29786,0.0,0.0,0.0,0.0,0.0,0.0,0.0,0.0,0.0,0.0,0.0,0.0
29787,0.0,0.0,0.0,0.0,0.0,0.0,0.0,0.0,0.0,0.0,0.0,0.0
29794,0.0,0.0,0.0,0.0,0.0,0.0,0.0,0.0,0.0,0.0,0.0,0.0
29796,0.0,0.0,0.0,0.0,0.0,0.0,0.0,0.0,0.0,0.0,0.0,0.0
29797,0.0,0.0,0.0,0.0,0.0,0.0,0.0,0.0,0.0,0.0,0.0,0.0
29800,0.0,0.0,0.0,0.0,0.0,0.0,0.0,0.0,0.0,0.0,0.0,0.0
29802,0.0,0.0,0.0,0.0,0.0,0.0,0.0,0.0,0.0,0.0,0.0,0.0
29807,0.0,0.0,0.0,0.0,0.0,0.0,0.0,0.0,0.0,0.0,0.0,0.0
29815,0.0,0.0,0.0,0.0,-294660.0362308398,-408101.25,0.0,0.0,0.0,0.0,0.0,0.0
29855,0.0,0.0,0.0,0.0,0.0,0.0,0.0,0.0,0.0,0.0,0.0,0.0
29856,0.0,0.0,0.0,0.0,0.0,0.0,0.0,0.0,0.0,0.0,0.0,0.0
29859,0.0,0.0,0.0,0.0,0.0,0.0,0.0,0.0,0.0,0.0,0.0,0.0
29860,0.0,0.0,0.0,0.0,0.0,0.0,0.0,0.0,0.0,0.0,0.0,0.0
29861,0.0,0.0,0.0,0.0,0.0,0.0,0.0,0.0,0.0,0.0,0.0,0.0
29862,0.0,0.0,0.0,0.0,0.0,0.0,0.0,0.0,0.0,0.0,0.0,0.0
29863,0.0,0.0,0.0,0.0,0.0,0.0,0.0,0.0,0.0,0.0,0.0,0.0
29864,0.0,0.0,0.0,0.0,0.0,0.0,0.0,0.0,0.0,0.0,0.0,0.0
29865,0.0,0.0,0.0,0.0,0.0,0.0,0.0,0.0,0.0,0.0,0.0,0.0
29978,0.0,0.0,0.0,0.0,0.0,0.0,0.0,0.0,0.0,0.0,0.0,0.0
29979,0.0,0.0,0.0,0.0,0.0,0.0,0.0,0.0,0.0,0.0,0.0,0.0
29980,0.0,0.0,0.0,0.0,0.0,0.0,0.0,0.0,0.0,0.0,0.0,0.0
29981,0.0,0.0,0.0,0.0,0.0,0.0,0.0,0.0,0.0,0.0,0.0,0.0
29983,0.0,0.0,0.0,0.0,0.0,0.0,0.0,0.0,0.0,0.0,0.0,0.0
29984,0.0,0.0,0.0,0.0,0.0,0.0,0.0,0.0,0.0,0.0,0.0,0.0
29985,0.0,0.0,0.0,0.0,0.0,0.0,0.0,0.0,0.0,0.0,0.0,0.0
29986,0.0,0.0,0.0,0.0,0.0,0.0,0.0,0.0,0.0,0.0,0.0,0.0
29987,0.0,0.0,0.0,0.0,0.0,0.0,0.0,0.0,0.0,0.0,0.0,0.0
29988,0.0,0.0,0.0,-508379.92999744415,-1707568.6464297771,-3177140.8594443947,-4466803.191932637,-2902595.471735429,-497592.05253658816,0.0,0.0,0.0
30015,0.0,0.0,0.0,857883.1916856766,14076801.93857193,34123174.64420128,73853648.47303915,18325964.48217249,4248933.490806103,3297.757061958313,-6.932048797607422,0.0
30016,0.0,0.0,0.0,0.0,0.0,0.0,0.0,0.0,0.0,0.0,0.0,0.0
30017,0.0,0.0,0.0,0.0,0.0,0.0,0.0,0.0,0.0,0.0,0.0,0.0
30018,0.0,0.0,0.0,0.0,0.0,0.0,0.0,0.0,0.0,0.0,0.0,0.0
30019,0.0,0.0,0.0,0.0,0.0,0.0,0.0,0.0,0.0,0.0,0.0,0.0
30047,0.0,0.0,0.0,0.0,0.0,0.0,0.0,0.0,0.0,0.0,0.0,0.0
30048,0.0,0.0,0.0,0.0,0.0,0.0,0.0,0.0,0.0,0.0,0.0,0.0
30049,0.0,0.0,0.0,0.0,0.0,0.0,0.0,0.0,0.0,0.0,0.0,0.0
30050,0.0,0.0,0.0,0.0,0.0,0.0,0.0,0.0,0.0,0.0,0.0,0.0
30051,0.0,0.0,0.0,0.0,0.0,0.0,0.0,0.0,0.0,0.0,0.0,0.0
30052,0.0,0.0,0.0,0.0,0.0,0.0,0.0,0.0,0.0,0.0,0.0,0.0
30053,0.0,0.0,0.0,0.0,0.0,0.0,0.0,0.0,0.0,0.0,0.0,0.0
30054,0.0,0.0,0.0,0.0,0.0,0.0,0.0,0.0,0.0,0.0,0.0,0.0
30055,0.0,0.0,0.0,0.0,0.0,0.0,0.0,0.0,0.0,0.0,0.0,0.0
30073,0.0,0.0,0.0,46293.458177924156,191776.83114516735,878239.4818198085,926226.7286564708,971235.4406243861,263540.00524255633,514.2652594745159,0.0,0.0
30074,0.0,0.0,0.0,0.0,0.0,0.0,0.0,0.0,0.0,0.0,0.0,0.0
30080,0.0,0.0,0.0,0.0,0.0,0.0,0.0,0.0,0.0,0.0,0.0,0.0
30081,0.0,0.0,0.0,0.0,0.0,0.0,0.0,0.0,0.0,0.0,0.0,0.0
30082,0.0,0.0,0.0,0.0,0.0,0.0,0.0,0.0,0.0,0.0,0.0,0.0
30099,0.0,-13732.000716686249,675422.0965747833,4841287.059717178,11444608.849352837,12258755.976764679,15669201.518190682,8978239.805006266,382081.7475194931,-90042.80047369003,-2410.410457134247,0.0
30142,0.0,0.0,0.0,0.0,0.0,0.0,0.0,0.0,-334156.625,0.0,0.0,0.0
30145,0.0,0.0,-43258.46224793792,-998228.1626061201,-2627000.9514481425,0.0,0.0,0.0,0.0,-605.9063786696643,0.0,0.0
30157,0.0,0.0,0.0,0.0,0.0,0.0,0.0,0.0,0.0,0.0,0.0,0.0
30159,0.0,0.0,0.0,-543140.495315399,0.0,0.0,0.0,-1752.8916015625,0.0,0.0,0.0,0.0
30160,0.0,0.0,0.0,0.0,-4337283.674173638,0.0,-410088.375,-31600.802734375,-46456.3671875,0.0,0.0,0.0
30162,0.0,0.0,0.0,0.0,0.0,0.0,0.0,0.0,0.0,0.0,0.0,0.0
30163,0.0,0.0,0.0,0.0,0.0,0.0,0.0,0.0,0.0,0.0,0.0,0.0
30165,0.0,0.0,0.0,0.0,0.0,0.0,0.0,0.0,0.0,0.0,0.0,0.0
30172,0.0,0.0,0.0,0.0,0.0,0.0,0.0,0.0,0.0,0.0,0.0,0.0
30178,0.0,0.0,0.0,0.0,0.0,0.0,0.0,0.0,0.0,0.0,0.0,0.0
30187,0.0,0.0,0.0,0.0,0.0,0.0,0.0,0.0,0.0,0.0,0.0,0.0
30192,0.0,0.0,0.0,0.0,0.0,0.0,0.0,0.0,0.0,0.0,0.0,0.0
30194,0.0,0.0,0.0,0.0,0.0,0.0,0.0,0.0,0.0,0.0,0.0,0.0
30196,0.0,0.0,0.0,0.0,0.0,0.0,0.0,0.0,0.0,0.0,0.0,0.0
30197,0.0,0.0,0.0,0.0,0.0,0.0,0.0,0.0,0.0,0.0,0.0,0.0
30199,0.0,0.0,0.0,0.0,0.0,0.0,0.0,0.0,0.0,0.0,0.0,0.0
30200,0.0,0.0,0.0,0.0,0.0,0.0,0.0,0.0,0.0,0.0,0.0,0.0
30202,0.0,0.0,0.0,0.0,0.0,0.0,0.0,0.0,0.0,0.0,0.0,0.0
30206,0.0,0.0,0.0,0.0,0.0,0.0,0.0,0.0,0.0,0.0,0.0,0.0
30252,0.0,0.0,0.0,0.0,0.0,0.0,0.0,0.0,0.0,0.0,0.0,0.0
30253,0.0,0.0,0.0,0.0,0.0,8826.546233594418,2393.9632906913757,19168.874892950058,16403.462795317173,0.0,0.0,0.0
30255,0.0,0.0,0.0,0.0,0.0,0.0,0.0,0.0,0.0,0.0,0.0,0.0
30258,0.0,0.0,0.0,0.0,0.0,0.0,0.0,0.0,0.0,0.0,0.0,0.0
30259,0.0,0.0,0.0,0.0,0.0,0.0,0.0,0.0,0.0,0.0,0.0,0.0
30260,0.0,0.0,0.0,0.0,0.0,0.0,0.0,0.0,0.0,0.0,0.0,0.0
30371,0.0,0.0,0.0,0.0,0.0,0.0,0.0,0.0,0.0,0.0,0.0,0.0
30372,0.0,0.0,0.0,0.0,0.0,0.0,0.0,0.0,0.0,0.0,0.0,0.0
30373,0.0,0.0,0.0,0.0,0.0,0.0,0.0,0.0,0.0,0.0,0.0,0.0
30374,0.0,0.0,0.0,0.0,0.0,0.0,0.0,0.0,0.0,0.0,0.0,0.0
30377,0.0,0.0,0.0,0.0,0.0,0.0,0.0,0.0,0.0,0.0,0.0,0.0
30378,0.0,0.0,0.0,0.0,0.0,0.0,0.0,0.0,0.0,0.0,0.0,0.0
30379,0.0,0.0,0.0,0.0,0.0,0.0,0.0,0.0,0.0,0.0,0.0,0.0
30380,0.0,0.0,0.0,0.0,0.0,0.0,0.0,0.0,0.0,0.0,0.0,0.0
30399,0.0,0.0,0.0,0.0,0.0,0.0,0.0,0.0,0.0,0.0,0.0,0.0
30400,0.0,0.0,0.0,0.0,0.0,0.0,0.0,0.0,0.0,0.0,0.0,0.0
30401,0.0,0.0,0.0,0.0,0.0,0.0,0.0,0.0,0.0,0.0,0.0,0.0
30402,0.0,0.0,0.0,0.0,0.0,0.0,0.0,0.0,0.0,0.0,0.0,0.0
30407,0.0,0.0,0.0,1890.763384744525,181358.60968273133,768760.2830943204,1447653.26295387,604771.782466175,21238.600038191304,0.0,0.0,0.0
30408,0.0,0.0,0.0,0.0,0.0,0.0,0.0,0.0,0.0,0.0,0.0,0.0
30409,0.0,0.0,0.0,-1291.9636488854885,-10036.918442428112,-43684.52484583855,-69695.24136424065,-32597.081912986934,-2002.6066180989146,0.0,0.0,0.0
30436,0.0,0.0,0.0,0.0,0.0,0.0,0.0,0.0,0.0,0.0,0.0,0.0
30437,0.0,0.0,0.0,0.0,0.0,0.0,0.0,0.0,0.0,0.0,0.0,0.0
30438,0.0,0.0,0.0,0.0,0.0,0.0,0.0,0.0,0.0,0.0,0.0,0.0
30439,0.0,0.0,0.0,0.0,0.0,0.0,0.0,0.0,0.0,0.0,0.0,0.0
30440,0.0,0.0,0.0,0.0,0.0,0.0,0.0,0.0,0.0,0.0,0.0,0.0
30457,0.0,0.0,0.0,108803.73576234654,441140.340804348,0.0,0.0,0.0,411628.4509967499,0.0,0.0,0.0
30458,0.0,0.0,0.0,0.0,0.0,0.0,0.0,0.0,0.0,0.0,0.0,0.0
30463,0.0,0.0,0.0,0.0,0.0,0.0,0.0,0.0,0.0,0.0,0.0,0.0
30464,0.0,0.0,0.0,0.0,0.0,0.0,0.0,0.0,0.0,0.0,0.0,0.0
30502,0.0,0.0,-25686.78183221817,-455966.14853453636,-2049654.3148128986,-3326446.2680737376,-1640893.3516674638,-664643.0496209711,0.0,0.0,0.0,0.0
30550,0.0,0.0,0.0,0.0,0.0,0.0,-8936993.462139897,0.0,0.0,0.0,0.0,0.0
30558,0.0,0.0,0.0,0.0,0.0,0.0,0.0,0.0,0.0,0.0,0.0,0.0
30566,0.0,0.0,0.0,0.0,0.0,0.0,0.0,0.0,0.0,0.0,0.0,0.0
30573,0.0,0.0,0.0,0.0,0.0,0.0,0.0,0.0,0.0,0.0,0.0,0.0
30575,0.0,0.0,0.0,0.0,0.0,0.0,0.0,0.0,0.0,0.0,0.0,0.0
30583,0.0,0.0,0.0,0.0,0.0,0.0,0.0,0.0,0.0,0.0,0.0,0.0
30586,0.0,0.0,0.0,0.0,0.0,0.0,0.0,0.0,0.0,0.0,0.0,0.0
30590,0.0,0.0,0.0,0.0,0.0,0.0,0.0,0.0,0.0,0.0,0.0,0.0
30634,0.0,0.0,0.0,0.0,0.0,0.0,0.0,0.0,0.0,0.0,0.0,0.0
30635,0.0,0.0,0.0,0.0,360.1735917329788,5207.586002409458,7838.531147673726,5048.3667308837175,8023.721133187413,0.0,0.0,0.0
30638,0.0,0.0,0.0,0.0,0.0,0.0,0.0,0.0,0.0,0.0,0.0,0.0
30639,0.0,0.0,0.0,0.0,0.0,0.0,0.0,0.0,0.0,0.0,0.0,0.0
30640,0.0,0.0,0.0,0.0,5.1519536674022675,3079.481579244137,1618.2654803842306,4321.186479926109,2949.0306805223227,109.75146751105785,0.0,0.0
30642,0.0,0.0,0.0,0.0,0.0,0.0,0.0,0.0,0.0,0.0,0.0,0.0
30643,0.0,0.0,0.0,0.0,0.0,0.0,0.0,0.0,0.0,0.0,0.0,0.0
30644,0.0,0.0,0.0,0.0,0.0,0.0,0.0,0.0,0.0,0.0,0.0,0.0
30645,0.0,0.0,0.0,0.0,0.0,-1066780.8304097652,-3440277.005262792,-2883283.965547055,-1293658.5406630337,0.0,0.0,0.0
30753,0.0,0.0,0.0,0.0,0.0,0.0,0.0,0.0,0.0,0.0,0.0,0.0
30754,0.0,0.0,0.0,0.0,0.0,0.0,0.0,0.0,0.0,0.0,0.0,0.0
30755,0.0,0.0,0.0,0.0,0.0,0.0,0.0,0.0,0.0,0.0,0.0,0.0
30756,0.0,0.0,0.0,0.0,0.0,0.0,0.0,0.0,0.0,0.0,0.0,0.0
30757,0.0,0.0,0.0,0.0,0.0,0.0,0.0,0.0,0.0,0.0,0.0,0.0
30758,0.0,0.0,0.0,0.0,0.0,0.0,0.0,0.0,0.0,0.0,0.0,0.0
30759,0.0,0.0,0.0,0.0,0.0,0.0,0.0,0.0,0.0,0.0,0.0,0.0
30760,0.0,0.0,0.0,0.0,0.0,0.0,0.0,0.0,0.0,0.0,0.0,0.0
30761,0.0,0.0,0.0,0.0,0.0,0.0,0.0,0.0,0.0,0.0,0.0,0.0
30762,0.0,0.0,0.0,0.0,0.0,0.0,0.0,0.0,0.0,0.0,0.0,0.0
30763,0.0,0.0,0.0,0.0,0.0,0.0,0.0,0.0,0.0,0.0,0.0,0.0
30764,0.0,0.0,0.0,-4364.44961476326,-10185.56868839264,-10169.025604248047,-7928.46286290884,19554.377468168736,7352.913830533624,956.6501289904118,0.0,0.0
30781,0.0,0.0,0.0,0.0,0.0,0.0,0.0,0.0,0.0,0.0,0.0,0.0
30782,0.0,0.0,0.0,0.0,0.0,0.0,0.0,0.0,0.0,0.0,0.0,0.0
30783,0.0,0.0,0.0,0.0,0.0,0.0,0.0,0.0,0.0,0.0,0.0,0.0
30784,0.0,0.0,0.0,3274.1022197008133,83440.67211663723,279869.4280655086,519510.5011359751,121333.62050825357,46581.174595192075,0.0,0.0,0.0
30790,0.0,0.0,0.0,1189.3574069142342,86390.89586180449,198257.86970849335,326349.93446532637,137332.41090848297,0.0,0.0,0.0,0.0
30791,0.0,0.0,0.0,0.0,0.0,0.0,0.0,0.0,0.0,0.0,0.0,0.0
30792,0.0,0.0,0.0,0.0,0.0,0.0,0.0,0.0,0.0,0.0,0.0,0.0
30793,0.0,0.0,0.0,-2091.14166405797,-15620.41779410839,-34806.053884893656,-50539.25438913703,-17990.257612861693,0.0,0.0,0.0,0.0
30819,0.0,0.0,0.0,0.0,0.0,0.0,0.0,0.0,0.0,0.0,0.0,0.0
30820,0.0,0.0,0.0,0.0,0.0,0.0,0.0,0.0,0.0,0.0,0.0,0.0
30836,0.0,0.0,0.0,105894.42334318161,647247.322927475,953460.7222414017,1398031.529913187,1152481.2541072369,477228.93205809593,1074.4907395839691,0.0,0.0
30844,0.0,0.0,0.0,0.0,0.0,0.0,0.0,0.0,0.0,0.0,0.0,0.0
30925,0.0,0.0,0.0,0.0,0.0,0.0,0.0,0.0,0.0,0.0,0.0,0.0
30927,0.0,0.0,0.0,-530236.8376606368,-1688217.0,0.0,-524224.40625,-7882130.173088551,-1888281.2220289707,0.0,0.0,0.0
30932,0.0,0.0,0.0,0.0,0.0,0.0,0.0,0.0,0.0,0.0,0.0,0.0
30937,0.0,0.0,0.0,0.0,0.0,0.0,0.0,0.0,0.0,0.0,0.0,0.0
30940,0.0,0.0,0.0,0.0,0.0,0.0,0.0,0.0,0.0,0.0,0.0,0.0
30947,0.0,0.0,0.0,0.0,0.0,0.0,0.0,0.0,0.0,0.0,0.0,0.0
30950,0.0,0.0,0.0,0.0,0.0,0.0,0.0,0.0,0.0,0.0,0.0,0.0
30958,0.0,0.0,0.0,0.0,0.0,0.0,0.0,0.0,0.0,0.0,0.0,0.0
30960,0.0,0.0,0.0,0.0,0.0,0.0,0.0,0.0,0.0,0.0,0.0,0.0
30963,0.0,0.0,0.0,0.0,0.0,0.0,0.0,0.0,0.0,0.0,0.0,0.0
30966,0.0,0.0,0.0,0.0,0.0,0.0,0.0,0.0,0.0,0.0,0.0,0.0
30968,0.0,0.0,0.0,0.0,0.0,0.0,0.0,0.0,0.0,0.0,0.0,0.0
31012,0.0,0.0,0.0,0.0,0.0,0.0,0.0,0.0,0.0,0.0,0.0,0.0
31013,0.0,0.0,0.0,0.0,0.0,0.0,0.0,0.0,0.0,0.0,0.0,0.0
31020,0.0,0.0,0.0,0.0,0.0,0.0,0.0,0.0,0.0,0.0,0.0,0.0
31021,0.0,0.0,0.0,0.0,0.0,0.0,0.0,0.0,0.0,0.0,0.0,0.0
31023,0.0,0.0,0.0,0.0,0.0,0.0,0.0,0.0,0.0,0.0,0.0,0.0
31028,0.0,0.0,0.0,0.0,0.0,0.0,0.0,0.0,0.0,0.0,0.0,0.0
31030,0.0,0.0,0.0,0.0,68213.59366799518,550456.6550130262,1733941.7559293956,500108.27952385973,773289.7579375119,162759.05310887843,0.0,0.0
31032,0.0,0.0,0.0,0.0,0.0,0.0,0.0,0.0,0.0,0.0,0.0,0.0
31034,0.0,0.0,0.0,0.0,116063.05318351835,1029504.061108686,1879285.885129977,1563800.9883839246,1245571.5809525521,147674.73534968495,0.0,0.0
31130,0.0,0.0,0.0,0.0,0.0,0.0,0.0,0.0,0.0,0.0,0.0,0.0
31131,0.0,0.0,0.0,0.0,0.0,0.0,0.0,0.0,0.0,0.0,0.0,0.0
31132,0.0,0.0,0.0,0.0,0.0,0.0,0.0,0.0,0.0,0.0,0.0,0.0
31133,0.0,0.0,0.0,0.0,0.0,0.0,0.0,0.0,0.0,0.0,0.0,0.0
31137,0.0,0.0,0.0,0.0,0.0,0.0,0.0,0.0,0.0,0.0,0.0,0.0
31138,0.0,0.0,0.0,0.0,0.0,0.0,0.0,0.0,0.0,0.0,0.0,0.0
31140,0.0,0.0,0.0,0.0,0.0,0.0,0.0,0.0,0.0,0.0,0.0,0.0
31141,0.0,0.0,0.0,0.0,0.0,0.0,0.0,0.0,0.0,0.0,0.0,0.0
31142,0.0,0.0,0.0,0.0,0.0,0.0,0.0,0.0,0.0,0.0,0.0,0.0
31143,0.0,0.0,0.0,0.0,0.0,0.0,0.0,0.0,0.0,0.0,0.0,0.0
31144,0.0,0.0,0.0,0.0,0.0,0.0,0.0,0.0,0.0,0.0,0.0,0.0
31145,0.0,0.0,0.0,0.0,0.0,0.0,0.0,0.0,0.0,0.0,0.0,0.0
31146,0.0,0.0,0.0,0.0,0.0,0.0,0.0,0.0,0.0,0.0,0.0,0.0
31147,0.0,0.0,0.0,0.0,0.0,0.0,0.0,0.0,0.0,0.0,0.0,0.0
31157,0.0,0.0,0.0,12208.252416014671,28624.016777157784,55042.21749338508,97409.49961602688,58349.55628699064,5560.55777284503,0.0,0.0,0.0
31158,0.0,0.0,0.0,0.0,0.0,0.0,0.0,0.0,0.0,0.0,0.0,0.0
31159,0.0,0.0,0.0,217.65147076547146,0.0,0.0,0.0,0.0,22.04599481448531,0.0,0.0,0.0
31160,0.0,0.0,0.0,-610903.1033573151,-2263110.7412052155,-5001182.353600025,-3777669.702306032,-4210384.829142094,-637117.4553656578,-12424.421991109848,-2.731935501098633,0.0
31161,0.0,0.0,0.0,0.0,0.0,0.0,0.0,0.0,0.0,0.0,0.0,0.0
31162,0.0,0.0,0.0,0.0,0.0,0.0,0.0,0.0,0.0,0.0,0.0,0.0
31163,0.0,0.0,0.0,0.0,0.0,0.0,0.0,0.0,0.0,0.0,0.0,0.0
31164,0.0,0.0,0.0,0.0,0.0,0.0,0.0,0.0,0.0,0.0,0.0,0.0
31165,0.0,0.0,0.0,8144.8775761425495,51105.359281122684,213528.79419106245,375314.69891762733,103847.92339414358,42516.87968615815,0.0,0.0,0.0
31172,0.0,0.0,0.0,7233.765525311232,124068.53135991096,402339.6552807875,656747.6757510472,258028.7790386211,1372.003648802638,0.0,0.0,0.0
31173,0.0,0.0,0.0,0.0,0.0,0.0,0.0,0.0,0.0,0.0,0.0,0.0
31174,0.0,0.0,0.0,0.0,-3416.797397106886,-19379.264755904675,-53366.93433111906,-41612.790723890066,-3188.5926958173513,0.0,0.0,0.0
31175,0.0,0.0,0.0,-47191.73247385025,-1715555.2154603004,-6673091.412968159,-14190620.452976108,-10542792.37199089,0.0,0.0,0.0,0.0
31196,0.0,0.0,0.0,0.0,0.0,0.0,0.0,0.0,0.0,0.0,0.0,0.0
31197,0.0,0.0,0.0,0.0,0.0,0.0,0.0,0.0,0.0,0.0,0.0,0.0
31198,0.0,0.0,0.0,0.0,0.0,0.0,0.0,0.0,0.0,0.0,0.0,0.0
31199,0.0,0.0,0.0,0.0,0.0,0.0,0.0,0.0,0.0,0.0,0.0,0.0
31200,0.0,0.0,0.0,0.0,0.0,0.0,0.0,0.0,0.0,0.0,0.0,0.0
31201,0.0,0.0,0.0,0.0,0.0,0.0,0.0,0.0,0.0,0.0,0.0,0.0
31222,0.0,0.0,0.0,0.0,0.0,0.0,0.0,0.0,0.0,0.0,0.0,0.0
31223,0.0,0.0,0.0,0.0,0.0,0.0,0.0,0.0,0.0,0.0,0.0,0.0
31228,0.0,0.0,0.0,0.0,0.0,0.0,0.0,0.0,0.0,0.0,0.0,0.0
31235,0.0,0.0,0.0,0.0,0.0,0.0,0.0,0.0,0.0,0.0,0.0,0.0
31322,0.0,0.0,0.0,0.0,0.0,0.0,0.0,0.0,0.0,0.0,0.0,0.0
31325,0.0,0.0,0.0,0.0,0.0,0.0,0.0,0.0,0.0,0.0,0.0,0.0
31326,0.0,0.0,0.0,0.0,0.0,0.0,0.0,0.0,0.0,0.0,0.0,0.0
31329,0.0,0.0,0.0,0.0,0.0,0.0,0.0,0.0,0.0,0.0,0.0,0.0
31335,0.0,0.0,0.0,0.0,0.0,0.0,0.0,0.0,0.0,0.0,0.0,0.0
31343,0.0,0.0,0.0,0.0,0.0,0.0,0.0,0.0,0.0,0.0,0.0,0.0
31346,0.0,0.0,0.0,0.0,0.0,0.0,0.0,0.0,0.0,0.0,0.0,0.0
31347,0.0,0.0,0.0,0.0,0.0,0.0,0.0,0.0,0.0,0.0,0.0,0.0
31348,0.0,0.0,0.0,0.0,0.0,0.0,0.0,0.0,0.0,0.0,0.0,0.0
31349,0.0,0.0,0.0,0.0,0.0,0.0,0.0,0.0,0.0,0.0,0.0,0.0
31353,0.0,0.0,0.0,0.0,0.0,0.0,0.0,0.0,0.0,0.0,0.0,0.0
31383,0.0,0.0,0.0,0.0,-56.149956941604614,-868.5671692490578,-720.9472826719284,-1197.9775494933128,-2704.996810287237,-67.39664083719254,0.0,0.0
31384,0.0,0.0,0.0,0.0,0.0,0.0,0.0,0.0,0.0,0.0,0.0,0.0
31388,0.0,0.0,0.0,0.0,0.0,0.0,0.0,0.0,0.0,0.0,0.0,0.0
31389,0.0,0.0,0.0,0.0,0.0,0.0,0.0,0.0,0.0,0.0,0.0,0.0
31390,0.0,0.0,0.0,0.0,0.0,0.0,0.0,0.0,0.0,0.0,0.0,0.0
31391,0.0,0.0,0.0,0.0,0.0,1378.8662058413029,1202.1977994590998,1080.9250819087029,3178.434059843421,0.0,0.0,0.0
31392,0.0,0.0,0.0,0.0,5789.482867717743,136154.97911834717,172559.43583750725,56913.925832271576,112031.14160573483,0.0,0.0,0.0
31398,0.0,0.0,0.0,0.0,0.0,1348.148304104805,2982.6475890874863,5205.189685314894,4051.579783976078,252.0345899760723,0.0,0.0
31399,0.0,0.0,0.0,0.0,0.0,0.0,0.0,0.0,0.0,0.0,0.0,0.0
31400,0.0,0.0,0.0,0.0,0.0,0.0,0.0,0.0,0.0,0.0,0.0,0.0
31401,0.0,0.0,0.0,0.0,0.0,0.0,0.0,0.0,0.0,0.0,0.0,0.0
31402,0.0,0.0,0.0,0.0,0.0,0.0,0.0,0.0,0.0,0.0,0.0,0.0
31403,0.0,0.0,0.0,0.0,-47246.09152710438,-92010.99911928177,277499.53359621763,225772.28364172578,48458.82621100545,-288881.95390746,0.0,0.0
31410,0.0,0.0,0.0,0.0,0.0,0.0,0.0,0.0,0.0,0.0,0.0,0.0
31411,0.0,0.0,0.0,0.0,9218.857562017627,93012.2872696314,310660.6101385243,272927.2835858371,152421.5342538571,27101.415607513627,0.0,0.0
31412,0.0,0.0,0.0,0.0,12068.363853901625,134076.81568180118,385604.0846934933,333115.26589141414,169166.8877696516,27106.011166697368,0.0,0.0
31415,0.0,0.0,0.0,0.0,0.0,0.0,0.0,0.0,0.0,0.0,0.0,0.0
31510,0.0,0.0,0.0,0.0,0.0,0.0,0.0,0.0,0.0,0.0,0.0,0.0
31511,0.0,0.0,0.0,0.0,0.0,0.0,0.0,0.0,0.0,0.0,0.0,0.0
31512,0.0,0.0,0.0,0.0,0.0,0.0,0.0,0.0,0.0,0.0,0.0,0.0
31536,0.0,0.0,0.0,3979.50208234787,11651.557639747858,29794.522112570703,43656.02612353861,27321.022053584456,5519.599734649062,0.0,0.0,0.0
31537,0.0,0.0,0.0,0.0,0.0,0.0,0.0,0.0,0.0,0.0,0.0,0.0
31538,0.0,0.0,0.0,-683.1563928164542,-3250.1465786471963,-10218.148870125413,-15005.080081636086,-9154.026945574675,-2011.1014653423335,0.0,0.0,0.0
31539,0.0,0.0,0.0,0.0,0.0,0.0,0.0,0.0,0.0,0.0,0.0,0.0
31540,0.0,0.0,0.0,17808.799320451915,75005.10350950807,188098.89588709734,242515.64012697898,92461.14466188708,0.0,0.0,0.0,0.0
31541,0.0,0.0,0.0,24290.257649600506,229130.1994985044,939511.3165166676,1444204.9033228755,565423.3291823193,80422.90030059963,0.0,0.0,0.0
31546,0.0,0.0,0.0,6737.963827490807,67691.60216352344,300092.0889212936,552519.448513627,219742.31509441137,9002.825419027358,0.0,0.0,0.0
31547,0.0,0.0,0.0,0.0,0.0,0.0,0.0,0.0,0.0,0.0,0.0,0.0
31548,0.0,0.0,0.0,0.0,0.0,0.0,0.0,0.0,0.0,0.0,0.0,0.0
31549,0.0,0.0,0.0,0.0,0.0,0.0,0.0,0.0,0.0,0.0,0.0,0.0
31550,0.0,0.0,0.0,0.0,0.0,0.0,0.0,0.0,0.0,0.0,0.0,0.0
31551,0.0,0.0,0.0,0.0,0.0,0.0,0.0,0.0,0.0,0.0,0.0,0.0
31570,0.0,0.0,0.0,0.0,0.0,0.0,0.0,0.0,0.0,0.0,0.0,0.0
31571,0.0,0.0,0.0,0.0,0.0,0.0,0.0,0.0,0.0,0.0,0.0,0.0
31584,0.0,0.0,0.0,0.0,18507.25060068071,106442.55891802907,160132.27647562325,139569.4817648977,48564.76916686073,115.71619258075953,0.0,0.0
31585,0.0,0.0,0.0,0.0,0.0,0.0,0.0,0.0,0.0,0.0,0.0,0.0
31592,0.0,0.0,0.0,0.0,0.0,0.0,0.0,0.0,0.0,0.0,0.0,0.0
31593,0.0,0.0,0.0,0.0,0.0,0.0,0.0,0.0,0.0,0.0,0.0,0.0
31594,0.0,0.0,0.0,0.0,0.0,0.0,0.0,0.0,0.0,0.0,0.0,0.0
31667,0.0,0.0,-277158.85817390773,0.0,0.0,0.0,0.0,0.0,0.0,0.0,0.0,0.0
31671,0.0,0.0,0.0,0.0,0.0,0.0,0.0,0.0,0.0,0.0,0.0,0.0
31673,0.0,0.0,0.0,503.63235479663126,74677.30116222426,141899.0995272547,135714.7380798161,134761.42090594769,0.0,0.0,0.0,0.0
31688,0.0,0.0,0.0,0.0,0.0,0.0,0.0,0.0,0.0,0.0,0.0,0.0
31695,0.0,0.0,0.0,0.0,0.0,0.0,0.0,0.0,0.0,0.0,0.0,0.0
31708,0.0,0.0,0.0,0.0,0.0,0.0,0.0,0.0,0.0,0.0,0.0,0.0
31711,0.0,0.0,0.0,0.0,0.0,0.0,0.0,0.0,0.0,0.0,0.0,0.0
31714,0.0,0.0,0.0,0.0,2170.416634805966,11304.367799527943,16345.960333414376,9204.049473445863,3522.6530825141817,0.0,0.0,0.0
31718,0.0,0.0,0.0,0.0,2891.9893258432858,13036.370483338833,14298.839632105082,8255.50373306498,3510.9901908589527,0.0,0.0,0.0
31719,0.0,0.0,0.0,0.0,0.0,0.0,0.0,0.0,0.0,0.0,0.0,0.0
31720,0.0,0.0,0.0,0.0,0.0,0.0,0.0,0.0,0.0,0.0,0.0,0.0
31750,0.0,0.0,0.0,0.0,6.714143022894859,375.199702642858,138.76311162114143,162.24853301793337,79.56047181785107,1.8908962607383728,0.0,0.0
31751,0.0,0.0,0.0,0.0,0.0,0.0,0.0,0.0,0.0,0.0,0.0,0.0
31752,0.0,0.0,0.0,0.0,0.0,0.0,0.0,0.0,0.0,0.0,0.0,0.0
31753,0.0,0.0,0.0,0.0,0.0,0.0,0.0,0.0,0.0,0.0,0.0,0.0
31754,0.0,0.0,0.0,0.0,0.0,0.0,0.0,0.0,0.0,0.0,0.0,0.0
31755,0.0,0.0,0.0,0.0,0.0,0.0,0.0,0.0,0.0,0.0,0.0,0.0
31756,0.0,0.0,0.0,0.0,0.0,0.0,0.0,0.0,0.0,0.0,0.0,0.0
31757,0.0,0.0,0.0,0.0,0.0,652.5544119030237,837.8081837296486,426.4414602816105,669.5751012042165,0.0,0.0,0.0
31758,0.0,0.0,0.0,0.0,0.0,3866.372800320387,6075.844870373607,2913.5711466670036,7260.517223492265,0.0,0.0,0.0
31759,0.0,0.0,0.0,0.0,0.0,0.0,0.0,0.0,0.0,0.0,0.0,0.0
31760,0.0,0.0,0.0,0.0,0.0,7451.8561407625675,7160.286296963692,1794.265034198761,8697.934718310833,0.0,0.0,0.0
31764,0.0,0.0,0.0,0.0,0.0,3510.3549642562866,1517.4276523590088,1655.2387444972992,5776.605366170406,188.42694705724716,0.0,0.0
31765,0.0,0.0,0.0,0.0,0.0,0.0,0.0,0.0,0.0,0.0,0.0,0.0
31775,0.0,0.0,0.0,0.0,0.0,0.0,0.0,0.0,0.0,0.0,0.0,0.0
31872,0.0,0.0,0.0,0.0,0.0,0.0,0.0,0.0,0.0,0.0,0.0,0.0
31873,0.0,0.0,0.0,0.0,-671.0366328954697,-4604.090563714504,-9666.941105008125,-8344.027774244547,-2333.08883908391,-32.96516418457031,0.0,0.0
31897,0.0,0.0,0.0,-7199.455786064267,-61496.57657933235,-261777.54880599678,-3088740.3998570964,-1928680.0074649602,-1057971.2010460496,-15021.332312345505,0.0,0.0
31898,0.0,0.0,0.0,47.956096798181534,1641.4136863201857,7019.109523080289,13758.769632330164,8370.665234230459,2432.8448237981647,0.0,0.0,0.0
31900,0.0,0.0,0.0,0.0,18176.32423055172,44564.14752459526,64508.011939272285,48054.51817764435,14954.749542888254,-38.52368833869696,0.0,0.0
31901,0.0,0.0,0.0,9686.236539140344,38957.464657513425,122438.66748499032,151044.14192296006,67448.8882017117,0.0,0.0,0.0,0.0
31902,0.0,0.0,0.0,8455.716276466846,94583.44287467003,475100.96392068267,690435.2874323577,411263.01868130267,68828.09501977265,0.0,0.0,0.0
31907,0.0,0.0,0.0,6151.928594768047,140957.3239786625,439790.8336982578,817605.1271335706,478279.45359314233,63511.31359229982,0.0,0.0,0.0
31908,0.0,0.0,0.0,18118.024398475885,114447.74522131681,159220.24944860488,202488.18218559027,95960.55110127106,0.0,0.0,0.0,0.0
31909,0.0,0.0,0.0,0.0,0.0,0.0,0.0,0.0,0.0,0.0,0.0,0.0
31910,0.0,0.0,0.0,0.0,0.0,0.0,0.0,0.0,0.0,0.0,0.0,0.0
31928,0.0,0.0,0.0,0.0,0.0,0.0,0.0,0.0,0.0,0.0,0.0,0.0
31929,0.0,0.0,0.0,0.0,0.0,0.0,0.0,0.0,0.0,0.0,0.0,0.0
31930,0.0,0.0,0.0,0.0,74648.82794570923,252687.51485824585,286537.28089368343,466180.2226446271,46551.83016872406,0.0,0.0,0.0
31943,0.0,0.0,0.0,19101.83909446001,143656.47867776453,545289.2882210054,546141.7051971378,464172.1824972341,86457.59440439707,0.0,0.0,0.0
31951,0.0,0.0,0.0,0.0,0.0,0.0,0.0,0.0,0.0,0.0,0.0,0.0
31972,0.0,0.0,0.0,0.0,0.0,0.0,0.0,0.0,0.0,0.0,0.0,0.0
32033,0.0,0.0,0.0,0.0,0.0,0.0,0.0,0.0,0.0,0.0,0.0,0.0
32045,0.0,0.0,0.0,0.0,0.0,0.0,0.0,0.0,0.0,0.0,0.0,0.0
32047,0.0,0.0,0.0,0.0,0.0,0.0,0.0,0.0,0.0,0.0,0.0,0.0
32048,0.0,0.0,0.0,-241997.68662504852,-1762429.6289457753,-11223731.684934936,0.0,0.0,-1705142.702649597,-351625.68871188164,0.0,0.0
32049,0.0,0.0,0.0,0.0,0.0,0.0,0.0,0.0,0.0,0.0,0.0,0.0
32052,0.0,0.0,0.0,0.0,0.0,0.0,0.0,0.0,0.0,0.0,0.0,0.0
32057,0.0,0.0,0.0,0.0,0.0,0.0,0.0,0.0,0.0,0.0,0.0,0.0
32059,0.0,0.0,0.0,0.0,0.0,0.0,0.0,0.0,0.0,0.0,0.0,0.0
32064,0.0,0.0,0.0,0.0,0.0,0.0,0.0,0.0,0.0,0.0,0.0,0.0
32068,0.0,0.0,0.0,0.0,0.0,0.0,0.0,0.0,0.0,0.0,0.0,0.0
32107,0.0,0.0,0.0,0.0,0.0,0.0,0.0,0.0,0.0,0.0,0.0,0.0
32108,0.0,0.0,0.0,0.0,-182583.44174313545,-3344560.980884075,-1347663.854498148,-1308668.7794852257,-1060212.9611754417,-162365.18490052223,-213.27716863155365,0.0
32109,0.0,0.0,0.0,0.0,0.0,0.0,0.0,0.0,0.0,0.0,0.0,0.0
32110,0.0,0.0,0.0,0.0,16.38956491649151,1659.761473139748,2400.7822288274765,797.4759819954634,727.5825098790228,0.0,0.0,0.0
32111,0.0,0.0,0.0,0.0,0.0,6321.313906535506,11070.53361774981,2203.2545974850655,4006.379578411579,0.0,0.0,0.0
32112,0.0,0.0,0.0,0.0,0.0,0.0,0.0,0.0,0.0,0.0,0.0,0.0
32113,0.0,0.0,0.0,0.0,0.0,0.0,0.0,0.0,0.0,0.0,0.0,0.0
32114,0.0,0.0,0.0,0.0,0.0,0.0,0.0,0.0,0.0,0.0,0.0,0.0
32115,0.0,0.0,0.0,0.0,0.0,1759.4725620299578,1215.680873081088,1158.293637663126,1373.1850563436747,0.0,0.0,0.0
32116,0.0,0.0,0.0,0.0,0.0,0.0,0.0,0.0,0.0,0.0,0.0,0.0
32117,0.0,0.0,0.0,0.0,399054.5330042839,3607057.6695774794,6769252.888675094,5812704.271000862,4335505.059668899,1152090.2062918544,0.0,0.0
32122,0.0,0.0,0.0,0.0,46750.75901794061,401870.45759495907,1277557.7678550854,1112822.257383138,618453.1019672677,166565.7169920504,0.0,0.0
32123,0.0,0.0,0.0,0.0,115970.24929343536,576911.0566683449,1464593.6184343398,1181441.224203907,601812.6154481769,108031.36577433348,0.0,0.0
32125,0.0,0.0,0.0,0.0,-85247.28550808877,-729939.2389034368,928650.4400209263,794652.7338340394,427090.936310092,-206438.56736684218,0.0,0.0
32126,0.0,0.0,0.0,0.0,0.0,0.0,0.0,0.0,0.0,0.0,0.0,0.0
32128,0.0,0.0,0.0,0.0,0.0,0.0,0.0,0.0,0.0,0.0,0.0,0.0
32149,0.0,0.0,0.0,0.0,0.0,0.0,0.0,0.0,0.0,0.0,0.0,0.0
32173,0.0,0.0,0.0,16427.332348823547,1490908.4456481934,-1510821.7102003098,-4413782.246712685,5650215.9366288185,1262613.9513554573,1723184.5896406174,0.0,0.0
32223,0.0,0.0,0.0,0.0,0.0,0.0,0.0,0.0,0.0,0.0,0.0,0.0
32224,0.0,0.0,0.0,0.0,0.0,0.0,0.0,0.0,0.0,0.0,0.0,0.0
32225,0.0,0.0,0.0,0.0,0.0,0.0,0.0,0.0,0.0,0.0,0.0,0.0
32226,0.0,0.0,0.0,0.0,0.0,0.0,0.0,0.0,0.0,0.0,0.0,0.0
32227,0.0,0.0,0.0,9150.454146325588,412100.9202570319,1213178.7245775312,2101046.0404890627,1576573.5539167114,369615.29632738605,5905.567577317357,0.0,0.0
32250,0.0,0.0,0.0,1405.331458877772,5041.54366736114,17325.845881804824,24199.29254538566,10041.20818338357,2951.185716882348,0.0,0.0,0.0
32251,0.0,0.0,0.0,0.0,0.0,0.0,0.0,0.0,0.0,0.0,0.0,0.0
32252,0.0,0.0,0.0,1072.1855358630419,5446.78443133086,14391.796301960945,21623.768925847486,12913.18197373394,2147.652781891171,0.0,0.0,0.0
32253,0.0,0.0,0.0,1369.5015894919634,11179.750290989876,41905.544745221734,72608.51914920658,41946.558885689825,8103.755077570677,0.0,0.0,0.0
32254,0.0,0.0,0.0,16855.10949921608,475727.55632805824,2067232.066761732,3472091.1560884714,1633576.7651036978,171933.82757085562,0.0,0.0,0.0
32260,0.0,0.0,-919.4209860265255,-61839.56772065163,-265916.5688619986,-225345.61709680408,-235488.51153122634,5210.572036305442,18947.865737475455,0.0,0.0,0.0
32261,0.0,0.0,0.0,31066.391835942864,654215.4893857241,1090176.4114755196,1392123.3874181202,875592.8330656355,87476.27934787981,0.0,0.0,0.0
32262,0.0,0.0,0.0,0.0,0.0,0.0,0.0,0.0,0.0,0.0,0.0,0.0
32263,0.0,0.0,0.0,100087.07605314255,21105.001588582993,207873.4465277195,598528.2979538441,626529.3203860521,122194.45862960815,0.0,0.0,0.0
32281,0.0,0.0,0.0,0.0,0.0,0.0,0.0,0.0,0.0,0.0,0.0,0.0
32282,0.0,0.0,0.0,1086.737743973732,12699.339863032103,20661.30618828535,47861.72131063044,52017.50632657856,8381.219061754644,48.78166610002518,0.0,0.0
32283,0.0,0.0,0.0,0.0,0.0,0.0,0.0,0.0,0.0,0.0,0.0,0.0
32284,0.0,0.0,0.0,0.0,0.0,0.0,0.0,0.0,0.0,0.0,0.0,0.0
32285,0.0,0.0,0.0,0.0,0.0,0.0,0.0,0.0,0.0,0.0,0.0,0.0
32286,0.0,0.0,0.0,0.0,0.0,448.2956991866231,2574.5224212631583,4495.487169131637,907.5902766026556,0.0,0.0,0.0
32287,0.0,0.0,0.0,0.0,3299.1254948973656,22013.7567011863,37060.607708349824,74165.60322201252,15648.781271031126,271.8119874820113,0.0,0.0
32288,0.0,0.0,0.0,0.0,0.0,0.0,0.0,0.0,0.0,0.0,0.0,0.0
32289,0.0,0.0,0.0,-153089.83664178848,-703613.5950403214,-1208813.243325591,-1257569.4032185078,-1296337.0303883553,10356.755295157433,16166.713777661324,0.0,0.0
32290,0.0,0.0,0.0,204.88425109535456,34555.46135156602,54724.64493883774,67648.32418954372,71276.18371970393,9107.8250129316,0.0,0.0,0.0
32291,0.0,0.0,0.0,0.0,6941.571408510208,96532.31523621082,343357.964066267,-1717567.1075061858,195212.28603839874,484.92837405204773,0.0,0.0
32305,0.0,0.0,0.0,-28308.577229976654,-281671.83561706543,-589545.7520934343,-630902.6875,0.0,0.0,0.0,0.0,0.0
32322,0.0,0.0,277747.3627396822,-8758.432118952274,0.0,1354461.9205946326,1277571.6707234755,7561881.9984128475,0.0,0.0,0.0,0.0
32338,0.0,0.0,0.0,0.0,0.0,0.0,0.0,0.0,0.0,0.0,0.0,0.0
32386,0.0,0.0,0.0,0.0,-15106.712890625,0.0,-356.7177429199219,0.0,0.0,0.0,0.0,0.0
32406,0.0,0.0,0.0,0.0,0.0,-496050.65625,-0.08896579965949059,-71735.16845703125,-785373.590811938,0.0,0.0,0.0
32410,0.0,0.0,0.0,0.0,0.0,0.0,0.0,0.0,0.0,0.0,0.0,0.0
32437,0.0,0.0,0.0,0.0,0.0,0.0,0.0,0.0,0.0,0.0,0.0,0.0
32467,0.0,0.0,0.0,0.0,0.0,-63851.68910091743,-19527.935643278062,-28296.058876972646,-16337.658354632556,-1288.4961091727018,0.0,0.0
32469,0.0,0.0,0.0,0.0,0.0,0.0,0.0,0.0,0.0,0.0,0.0,0.0
32470,0.0,0.0,0.0,0.0,581.2434189319611,20030.574625406414,21553.97967658937,8713.27922900021,3501.6084647253156,0.0,0.0,0.0
32471,0.0,0.0,0.0,0.0,0.0,0.0,0.0,0.0,0.0,0.0,0.0,0.0
32472,0.0,0.0,0.0,0.0,0.0,0.0,0.0,0.0,0.0,0.0,0.0,0.0
32481,0.0,0.0,0.0,0.0,0.0,0.0,0.0,0.0,0.0,0.0,0.0,0.0
32482,0.0,0.0,0.0,0.0,0.0,0.0,0.0,0.0,0.0,0.0,0.0,0.0
32483,0.0,0.0,0.0,0.0,-102107.26268134266,0.0,0.0,0.0,-14535.3623046875,-28245.40366405598,0.0,0.0
32495,0.0,0.0,0.0,5503.371943235397,191565.5330095291,-617149.5304790735,-6242613.927803785,-5416443.602718204,-1097383.86610502,-132474.8274987936,0.0,0.0
32528,0.0,0.0,0.0,-24833.565971136093,-528317.6401798725,-840863.091553688,8384446.156194687,4848490.836894393,2584292.0011170506,147210.1209680438,0.0,0.0
32574,0.0,0.0,0.0,0.0,0.0,0.0,0.0,0.0,0.0,0.0,0.0,0.0
32575,0.0,0.0,0.0,0.0,0.0,0.0,0.0,0.0,0.0,0.0,0.0,0.0
32576,0.0,0.0,0.0,0.0,0.0,0.0,0.0,0.0,0.0,0.0,0.0,0.0
32577,0.0,0.0,0.0,0.0,0.0,0.0,0.0,0.0,0.0,0.0,0.0,0.0
32578,0.0,0.0,0.0,0.0,0.0,0.0,0.0,0.0,0.0,0.0,0.0,0.0
32579,0.0,0.0,0.0,0.0,0.0,0.0,0.0,0.0,0.0,0.0,0.0,0.0
32580,0.0,0.0,0.0,0.0,0.0,0.0,0.0,0.0,0.0,0.0,0.0,0.0
32581,0.0,0.0,0.0,722656.2812480927,18098171.256274223,41594436.07218468,77963960.56392038,75587645.80928284,21705456.196305126,351561.3496991396,0.0,0.0
32601,0.0,0.0,0.0,-13886.937128487974,-46157.71484375,0.0,0.0,0.0,0.0,0.0,0.0,0.0
32602,0.0,0.0,0.0,0.0,0.0,0.0,0.0,0.0,0.0,0.0,0.0,0.0
32603,0.0,0.0,0.0,0.0,-6894.739635229111,-89290.61082854867,-134538.47909311205,-60602.50793036446,-6656.269677828997,0.0,0.0,0.0
32604,0.0,0.0,0.0,0.0,0.0,0.0,0.0,0.0,0.0,0.0,0.0,0.0
32605,0.0,0.0,0.0,0.0,0.0,0.0,0.0,0.0,0.0,0.0,0.0,0.0
32606,0.0,0.0,0.0,24979.673007808626,207949.0109301135,416953.6235101661,554127.652903806,309284.12292847736,13773.082870911341,0.0,0.0,0.0
32607,0.0,0.0,0.0,0.0,0.0,0.0,0.0,0.0,0.0,0.0,0.0,0.0
32608,0.0,0.0,0.0,14880.418555572629,325334.691946581,1186155.701270096,1463796.9722007103,962325.844047999,103395.90488754166,0.0,0.0,0.0
32609,0.0,0.0,0.0,40403.89521193504,336187.0252748169,819803.5420075096,970793.5206760913,604221.991222972,0.0,0.0,0.0,0.0
32610,0.0,0.0,17743.565934300423,71005.46376937628,968165.5119842291,2354095.6435111165,3550927.3065624684,1866499.2050385326,201471.62490533292,0.0,0.0,0.0
32615,0.0,0.0,0.0,405089.97408796847,2555235.692772433,3846255.8069512695,4845299.295371607,2501262.76254097,0.0,0.0,0.0,0.0
32616,0.0,0.0,0.0,151778.6937638754,784505.4063132554,1303429.6377221644,1649925.1956403553,800602.1153068244,0.0,0.0,0.0,0.0
32617,0.0,0.0,9017.76351204468,46089.82156147016,180725.74217682518,0.0,0.0,0.0,0.0,0.0,0.0,0.0
32618,0.0,0.0,132.68596136569977,29838.383310079575,938373.9238067269,1427206.8929997087,1974587.7773651034,1352379.5155579671,51107.64331033826,0.0,0.0,0.0
32636,0.0,0.0,0.0,0.0,0.0,0.0,0.0,0.0,0.0,0.0,0.0,0.0
32637,0.0,0.0,0.0,242.45119911432266,3669.6647858545184,3861.10445740819,5329.8228043317795,5320.644741414115,21.475428611040115,0.0,0.0,0.0
32638,0.0,0.0,0.0,0.0,0.0,0.0,0.0,0.0,0.0,0.0,0.0,0.0
32639,0.0,0.0,0.0,0.0,0.0,0.0,0.0,0.0,0.0,0.0,0.0,0.0
32640,0.0,0.0,0.0,0.0,0.0,0.0,0.0,0.0,0.0,0.0,0.0,0.0
32641,0.0,0.0,0.0,-48333.04354393482,-464459.36377739906,-692802.3019335866,-1390431.064897716,-1056617.3484606147,-189183.79882729053,32.644086837768555,0.0,0.0
32642,0.0,0.0,0.0,144.60198493301868,6980.927084602416,11744.224132597446,18362.106247484684,18590.197309084237,1351.496100783348,0.0,0.0,0.0
32643,0.0,0.0,0.0,0.0,0.0,0.0,0.0,0.0,0.0,0.0,0.0,0.0
32653,0.0,0.0,0.0,0.0,270388.1244879961,424584.4436996281,203765.91758787632,552087.7644753754,69954.34439009428,13143.277310550213,0.0,0.0
32654,0.0,0.0,0.0,0.0,7.465768933296204,43.37149407342076,129.69542060047388,150.56990031525493,68.33603365533054,0.060209035873413086,0.0,0.0
32655,0.0,0.0,0.0,0.0,0.0,0.0,0.0,0.0,0.0,0.0,0.0,0.0
32656,0.0,0.0,0.0,0.0,0.0,0.0,0.0,0.0,0.0,0.0,0.0,0.0
32657,0.0,0.0,0.0,0.0,0.0,0.0,0.0,0.0,0.0,0.0,0.0,0.0
32658,0.0,0.0,0.0,0.0,0.0,0.0,0.0,0.0,0.0,0.0,0.0,0.0
32674,0.0,0.0,0.0,-23561.23447793722,-330556.017393589,-919847.9168034792,0.0,0.0,0.0,0.0,0.0,0.0
32681,0.0,0.0,0.0,0.0,0.0,0.0,0.0,0.0,0.0,0.0,0.0,0.0
32683,0.0,0.0,0.0,0.0,0.0,0.0,0.0,0.0,0.0,0.0,0.0,0.0
32688,0.0,0.0,0.0,0.0,0.0,0.0,0.0,0.0,0.0,0.0,0.0,0.0
32762,0.0,0.0,0.0,0.0,0.0,0.0,0.0,0.0,0.0,0.0,0.0,0.0
32780,0.0,0.0,0.0,0.0,0.0,0.0,0.0,0.0,0.0,0.0,0.0,0.0
32781,0.0,0.0,0.0,0.0,0.0,0.0,0.0,0.0,0.0,0.0,0.0,0.0
32782,0.0,0.0,0.0,0.0,0.0,0.0,0.0,0.0,0.0,0.0,0.0,0.0
32786,0.0,0.0,0.0,0.0,0.0,0.0,0.0,0.0,0.0,0.0,0.0,0.0
32804,0.0,0.0,0.0,0.0,0.0,0.0,0.0,0.0,-17434702.0,-1002009.5534386784,0.0,0.0
32835,0.0,0.0,0.0,0.0,42618.94704824686,995470.0601061881,59566.89002742618,207728.06156142056,46038.58658519387,31556.179400980473,0.0,0.0
32836,0.0,0.0,0.0,0.0,323.82327008247375,2563.1691474840045,6467.554348476231,7730.400301083922,2908.346000663936,939.8928649201989,0.0,0.0
32837,0.0,0.0,0.0,0.0,0.0,0.0,0.0,0.0,0.0,0.0,0.0,0.0
32838,0.0,0.0,0.0,0.0,0.0,0.0,0.0,0.0,0.0,0.0,0.0,0.0
32839,0.0,0.0,0.0,0.0,0.0,137394.94866877794,461542.88006974757,404244.9416440129,169552.643589966,82870.00027264655,0.0,0.0
32846,0.0,0.0,0.0,0.0,25861.159431885928,226798.6767529999,555582.1545188446,467840.930650129,268417.77071202034,31798.27519785613,0.0,0.0
32848,0.0,0.0,0.0,0.0,0.0,0.0,0.0,0.0,0.0,0.0,0.0,0.0
32849,0.0,0.0,0.0,0.0,0.0,0.0,0.0,0.0,0.0,0.0,0.0,0.0
32858,0.0,0.0,0.0,0.0,16598.409975245595,112458.07802342996,252124.12143812608,209968.86081196833,118347.31554480875,20853.479547359515,0.0,0.0
32860,0.0,0.0,0.0,0.0,0.0,0.0,0.0,0.0,0.0,0.0,0.0,0.0
32939,0.0,0.0,0.0,0.0,0.0,0.0,0.0,0.0,0.0,0.0,0.0,0.0
32940,0.0,0.0,0.0,0.0,0.0,0.0,0.0,0.0,0.0,0.0,0.0,0.0
32941,0.0,0.0,0.0,0.0,0.0,0.0,0.0,0.0,0.0,0.0,0.0,0.0
32942,0.0,0.0,0.0,2657.35584127903,17328.832809448242,98377.13984888792,86388.37612341344,70758.69090919383,21374.319401215762,0.0,0.0,0.0
32943,0.0,0.0,0.0,0.0,0.0,0.0,0.0,0.0,0.0,0.0,0.0,0.0
32944,0.0,0.0,0.0,24367.095840394497,286288.6708150208,346777.67279681563,496858.7597078793,241188.87439065427,0.0,0.0,0.0,0.0
32963,0.0,0.0,-5428.242874145508,171179.50958561897,-319551.6030615568,1417467.9697716534,21353788.234080493,17592443.75032802,4348400.106003016,299002.41859243705,0.0,0.0
32964,0.0,0.0,0.0,50539.4124062527,233614.30622583255,410459.2810098771,0.0,294611.46941814385,0.0,0.0,0.0,0.0
32965,0.0,0.0,0.0,10356.623139798641,58393.189019382,205792.49861577153,332142.0510117337,201658.9364250321,35741.8489876762,0.0,0.0,0.0
32967,0.0,0.0,0.0,14467.744969151914,86116.72120230272,179121.8080783235,229852.84206067398,129353.56173631316,0.0,0.0,0.0,0.0
32968,0.0,0.0,10572.22449605912,35209.94440984726,298968.1038607098,393260.1605215147,607740.5880738497,199006.1880850941,0.0,0.0,0.0,0.0
32969,0.0,0.0,0.0,622.7525647878647,432528.8303361982,951191.6669946611,1431825.6583946943,893361.2669913992,52994.24753142893,0.0,0.0,0.0
32974,0.0,0.0,38626.67939732969,272986.79258298874,1379862.8504934572,1599236.7790188724,1999648.2013356807,982345.2558643636,0.0,0.0,0.0,0.0
32975,0.0,0.0,-61050.53545421362,-187325.93880139478,-622847.8558866568,0.0,0.0,0.0,0.0,0.0,0.0,0.0
32976,0.0,0.0,1433.62939844653,4761.3650347441435,27266.207515228074,81372.45416819165,93496.04661621153,69595.62708211341,4368.598029440676,0.0,0.0,0.0
32977,0.0,0.0,356.3385581970215,4106.609679400921,91903.09548905492,146973.63054926693,192450.0957588479,127437.07919205725,5181.5496532171965,0.0,0.0,0.0
32981,0.0,0.0,0.0,0.0,10337.069032069296,101602.6055369936,188380.33090800233,217969.21464220062,37477.874629803,0.0,0.0,0.0
32982,0.0,0.0,0.0,167337.02860084176,1510890.4022226855,6494996.368690096,8813189.442243569,8354221.857527755,996919.6380354641,0.0,0.0,0.0
32984,0.0,0.0,0.0,2503148.6888768673,10819756.783679187,16068674.197613537,18873166.229236536,13460844.071815714,-7403.725947901607,0.0,0.0,0.0
32986,0.0,0.0,0.0,1660479.0396233797,11418115.412674963,16887376.16156304,21761559.63850352,16942254.983972352,1758139.7478531897,0.0,0.0,0.0
32987,0.0,0.0,0.0,-659.4163623228669,-3208.8155937138945,0.0,0.0,0.0,0.0,0.0,0.0,0.0
32988,0.0,0.0,0.0,392011.4344598055,3747759.7775888965,8808454.806214783,9948231.72550862,10790013.622197635,2884236.601298481,0.0,0.0,0.0
32989,0.0,0.0,0.0,-51162.4551320672,-48707.867020487785,1084717.0100731738,2424987.07392513,4482928.676592415,1600160.1374557484,0.0,0.0,0.0
32990,0.0,0.0,0.0,1318862.1765626147,8814872.572605992,6918538.661405774,5237926.359060789,3830191.4312567874,484306.60332864383,0.0,0.0,0.0
32991,0.0,0.0,440.5167245864868,-32714.147203445435,-5218085.018949151,-5173601.9046366215,-8383235.206890643,-11152848.121725202,-273442.76349014044,990.7117396593094,0.0,0.0
32992,0.0,0.0,0.0,970.4078999236226,12436.33024881035,13703.584136050195,14748.267302747816,14945.915445169434,318.659522138536,0.0,0.0,0.0
32993,0.0,0.0,0.0,0.0,0.0,0.0,0.0,0.0,0.0,0.0,0.0,0.0
32994,0.0,0.0,0.0,0.0,0.0,0.0,0.0,0.0,0.0,0.0,0.0,0.0
32995,0.0,0.0,0.0,0.0,0.0,0.0,0.0,0.0,0.0,0.0,0.0,0.0
32996,0.0,0.0,0.0,0.0,0.0,0.0,0.0,0.0,0.0,0.0,0.0,0.0
32997,0.0,0.0,0.0,48.14582124352455,889.7834342420101,1253.6714098416269,0.0,0.0,151.66542858071625,0.0,0.0,0.0
33014,0.0,0.0,0.0,0.0,0.0,0.0,0.0,0.0,0.0,0.0,0.0,0.0
33015,0.0,0.0,0.0,0.0,-76667.24202662706,-561587.36100512,-214365.5842929557,4793.307240655646,1662.9689748957753,-10687.955844566226,0.0,0.0
33017,0.0,0.0,0.0,0.0,418.2105530202389,4051.9998014755547,-1398480.951696759,-1767272.0521813808,-739228.1074695606,0.0,0.0,0.0
33018,0.0,0.0,0.0,0.0,0.0,0.0,0.0,0.0,0.0,0.0,0.0,0.0
33037,0.0,0.0,0.0,150312.70282435184,0.0,85378.78229939006,904732.5079874035,1614253.4178874271,0.0,0.0,0.0,0.0
33038,0.0,0.0,0.0,0.0,0.0,0.0,0.0,0.0,0.0,0.0,0.0,0.0
33043,0.0,0.0,0.0,0.0,0.0,0.0,0.0,0.0,0.0,0.0,0.0,0.0
33051,0.0,0.0,0.0,0.0,0.0,0.0,0.0,0.0,0.0,0.0,0.0,0.0
33064,0.0,0.0,0.0,0.0,0.0,0.0,0.0,0.0,0.0,0.0,0.0,0.0
33066,0.0,0.0,0.0,0.0,-4859.421875,-446553.89658363163,-43628.09765625,0.0,0.0,0.0,0.0,0.0
33073,0.0,0.0,-164706.06162059307,-1633301.7414405942,0.0,-4853053.603343468,-6849650.59475119,0.0,-53602.543996721506,-1674.698020040989,0.0,0.0
33140,0.0,0.0,0.0,0.0,0.0,0.0,0.0,0.0,0.0,0.0,0.0,0.0
33146,0.0,0.0,0.0,0.0,0.0,0.0,0.0,0.0,0.0,0.0,0.0,0.0
33149,0.0,0.0,0.0,0.0,0.0,0.0,0.0,0.0,0.0,0.0,0.0,0.0
33163,0.0,0.0,0.0,0.0,0.0,0.0,0.0,0.0,0.0,0.0,0.0,0.0
33164,0.0,0.0,0.0,0.0,0.0,0.0,0.0,0.0,-6127105.137838483,0.0,0.0,0.0
33179,0.0,0.0,0.0,244.50911213317886,4716.049288194627,24323.746221347712,18919.458674203604,14351.321916103363,9529.63118519634,0.0,0.0,0.0
33180,0.0,0.0,0.0,0.0,1101.557446223218,6997.438733516261,4058.5548982876353,-1777.318199545145,-3379.3949800357223,-691.5650869011879,0.0,0.0
33181,0.0,0.0,0.0,-63001.43875026703,-2690574.0632567406,-30813296.83444737,-45505858.48777781,-55249602.173074245,-51354389.55540824,-687059.0636922121,2314.0403438806534,0.0
33182,0.0,0.0,0.0,-65443.61843031645,-886337.2012432218,-31118055.07340222,-558207.6512011886,-6638491.957670689,-5456941.768908501,-127060.6829675436,-18217.1716735363,0.0
33195,0.0,0.0,0.0,0.0,-910.1512979269028,-26833.859020605683,-3256.8074667453766,-29851.492595404387,-2863.8449742794037,-4588.890475034714,0.0,0.0
33196,0.0,0.0,0.0,0.0,0.0,-104783.13478800468,-59394.605163790286,-80061.80873182788,-9401.42849433422,-10675.045157432556,0.0,0.0
33197,0.0,0.0,0.0,0.0,0.0,0.0,0.0,0.0,0.0,0.0,0.0,0.0
33198,0.0,0.0,0.0,0.0,0.0,0.0,0.0,0.0,0.0,0.0,0.0,0.0
33199,0.0,0.0,0.0,0.0,3294.8999786674976,40894.37336525321,101640.65597344935,143434.2237559855,55649.15863779187,19552.46448598802,0.0,0.0
33200,0.0,0.0,0.0,0.0,2499.789422929287,40522.2570631057,40548.35578876734,71972.84093150496,28087.549545645714,5375.652937069535,0.0,0.0
33201,0.0,0.0,0.0,0.0,3463.1168075948954,63187.91231021285,81750.39888936281,130534.53194434941,41381.13430315256,4578.0277280807495,0.0,0.0
33202,0.0,0.0,0.0,0.0,531.9639995992184,13250.244975924492,24128.978124022484,33146.08446750045,22030.571295171976,0.0,0.0,0.0
33203,0.0,0.0,0.0,0.0,0.0,0.0,0.0,0.0,0.0,0.0,0.0,0.0
33211,0.0,0.0,0.0,0.0,41963.06298299879,237224.33046323154,406863.6289327182,332829.9236265477,179321.4694312876,9380.850776917301,0.0,0.0
33214,0.0,0.0,0.0,0.0,70570.9345731528,274026.094727369,0.0,0.0,127909.24631955475,0.0,0.0,0.0
33221,0.0,0.0,0.0,0.0,41054.20737674832,394598.55122891814,746060.8950578049,602942.7405548282,263008.0631468557,31191.11630260013,0.0,0.0
33222,0.0,0.0,0.0,0.0,0.0,0.0,0.0,0.0,0.0,0.0,0.0,0.0
33303,0.0,0.0,0.0,0.0,0.0,0.0,0.0,0.0,0.0,0.0,0.0,0.0
33304,0.0,0.0,0.0,93981.71103179455,748458.071083188,956774.4161386192,1290358.2580497116,616951.1422799975,9850.557855531573,0.0,0.0,0.0
33322,0.0,0.0,100734.2881103307,1030537.1132955067,2993108.4351045713,1901834.8086047955,5088411.3825806435,1552636.9660379682,0.0,0.0,0.0,0.0
33324,0.0,0.0,0.0,16800.882967948914,111357.21985802054,416865.3084460199,671455.3544556946,434879.62313085794,92801.48349700123,0.0,0.0,0.0
33327,0.0,0.0,0.0,0.0,0.0,0.0,0.0,0.0,0.0,0.0,0.0,0.0
33328,0.0,0.0,0.0,1026.1386633068323,113068.37084838748,297754.5343061611,430241.6951434165,279749.7605450861,12315.872571490705,0.0,0.0,0.0
33331,0.0,0.0,0.0,307942.955380857,779134.2522891164,866514.3141689897,1271639.1964114867,881979.4525109977,-31535.03613510728,0.0,0.0,0.0
33332,0.0,0.0,4314.87032640446,30733.54472622578,187309.95533471648,379303.8666205928,440751.0247991439,317922.06596694235,26100.083112022607,0.0,0.0,0.0
33333,0.0,0.0,30741.088825650513,123354.77990617976,481032.662910115,981717.8379647397,1155375.4342971444,732735.6639909968,52249.38814664073,0.0,0.0,0.0
33334,0.0,0.0,133970.10250011086,426487.5682775378,1172403.2481813207,1668209.2070126384,1865278.6019519866,624205.1014352385,0.0,0.0,0.0,0.0
33335,0.0,0.0,0.0,0.0,0.0,0.0,0.0,0.0,0.0,0.0,0.0,0.0
33336,0.0,0.0,0.0,0.0,0.0,0.0,0.0,0.0,0.0,0.0,0.0,0.0
33337,0.0,0.0,0.0,0.0,0.0,0.0,0.0,0.0,0.0,0.0,0.0,0.0
33343,0.0,0.0,-119.03782492876053,-9410.611543953419,147508.14432258904,2795178.203381248,4266931.275854327,4150343.9980507717,616617.9464838952,0.0,0.0,0.0
33344,0.0,0.0,0.0,3465.260899025947,13533.91095041018,19974.805451877415,24021.583255803213,16922.861075937748,976.2166404882446,0.0,0.0,0.0
33345,0.0,0.0,0.0,0.0,0.0,-4391.5927734375,-47.247459411621094,0.0,-909.2363048298284,0.0,0.0,0.0
33346,0.0,0.0,0.0,0.0,0.0,-1437.8214510977268,-6485.754792582244,-5575.718849066645,0.0,0.0,0.0,0.0
33347,0.0,0.0,0.0,0.0,0.0,0.0,0.0,0.0,0.0,0.0,0.0,0.0
33348,0.0,0.0,0.0,0.0,0.0,0.0,0.0,0.0,0.0,0.0,0.0,0.0
33349,0.0,0.0,0.0,0.0,0.0,0.0,0.0,0.0,0.0,0.0,0.0,0.0
33350,0.0,0.0,1389.9726017266512,16109.739499807358,134829.65146171302,128325.00324134156,165066.76280134544,92217.22285901569,0.0,0.0,0.0,0.0
33351,0.0,0.0,4354.256978332996,34446.16766050458,92886.06518743932,100464.31150204688,135134.80094584078,68372.9055647552,12450.300081692636,0.0,0.0,0.0
33352,0.0,0.0,0.0,25290.437084317207,342230.0683031678,381650.9896578789,632995.6239818931,506507.73418578506,21815.295532353222,0.0,0.0,0.0
33353,0.0,0.0,0.0,1702.0124475359917,39253.54625681043,54292.98931606114,109546.2933992222,102349.76327393949,12817.616885706782,0.0,0.0,0.0
33386,0.0,0.0,0.0,0.0,-5229.961951196194,-75577.43811292946,11613.5960358819,-341925.1929405201,-100485.86416368186,0.0,0.0,0.0
33395,0.0,0.0,0.0,-7672.574698090553,-79852.97698735446,0.0,0.0,0.0,0.0,0.0,0.0,0.0
33396,0.0,0.0,0.0,0.0,0.0,0.0,0.0,0.0,0.0,0.0,0.0,0.0
33401,0.0,0.0,0.0,0.0,0.0,0.0,0.0,0.0,0.0,0.0,0.0,0.0
33406,0.0,0.0,0.0,0.0,0.0,0.0,0.0,0.0,0.0,0.0,0.0,0.0
33412,0.0,-870.3483888655901,-1180770.8673167825,-3227825.8411265463,-54270.46895202249,-5986.0729207620025,-0.005476042628288269,43585.22924308106,0.0,0.0,0.0,0.0
33422,0.0,0.0,-59757.889367610216,-307974.6216743067,-494615.86430312693,-140583.203125,-43329.58984375,0.0,0.0,0.0,0.0,0.0
33450,0.0,0.0,0.0,0.0,0.0,0.0,0.0,0.0,0.0,0.0,0.0,0.0
33477,0.0,0.0,3798.8780146352947,-1076521.0354223624,-15324642.0,-14377944.0,-14595953.0,0.0,-4393870.136318054,0.0,0.0,0.0
33492,0.0,0.0,0.0,-120791.73573307693,-283279.59375,0.0,-313526.9441636689,0.0,-2602876.3397745383,0.0,0.0,0.0
33501,0.0,0.0,0.0,0.0,0.0,0.0,0.0,0.0,0.0,0.0,0.0,0.0
33503,0.0,0.0,0.0,0.0,0.0,0.0,0.0,0.0,0.0,0.0,0.0,0.0
33511,0.0,0.0,0.0,0.0,0.0,0.0,0.0,0.0,0.0,0.0,0.0,0.0
33512,0.0,0.0,0.0,0.0,0.0,0.0,0.0,0.0,0.0,0.0,0.0,0.0
33536,0.0,0.0,0.0,-714900.5496420544,-10404401.0,-272132.65625,-42967178.59082016,-34063767.84916282,-20356710.75150174,0.0,0.0,0.0
33537,0.0,0.0,0.0,0.0,0.0,0.0,0.0,0.0,0.0,0.0,0.0,0.0
33539,0.0,0.0,0.0,-117703.37686287984,-1592056.7810297236,-4006840.0,-7534170.578437746,-4072558.5034792423,-3085601.0215928257,-43782.52196870744,0.0,0.0
33551,0.0,0.0,0.0,0.0,-6608.177184335887,-93709.02812233381,-10682.322738170624,-97717.46114726365,-1892.158546090126,-11029.54489402473,0.0,0.0
33552,0.0,0.0,0.0,0.0,-2574.1184282042086,-65161.8016890334,-52668.168788749725,-94575.81467188522,-48289.67937153578,-21377.95903594792,0.0,0.0
33553,0.0,0.0,0.0,0.0,2058.016025662422,24499.706958144903,83847.07556581497,145263.7588456869,47136.927557229996,16224.953946709633,0.0,0.0
33557,0.0,0.0,0.0,0.0,0.0,0.0,0.0,0.0,0.0,0.0,0.0,0.0
33558,0.0,0.0,0.0,0.0,0.0,0.0,0.0,0.0,0.0,0.0,0.0,0.0
33568,0.0,0.0,0.0,11833.017979800701,1405577.0333334804,4669456.126550317,6252738.146371275,7150544.143103838,2917993.0913724005,188313.2316070199,0.0,0.0
33570,0.0,0.0,0.0,0.0,0.0,0.0,0.0,0.0,0.0,0.0,0.0,0.0
33572,0.0,0.0,0.0,0.0,0.0,0.0,0.0,0.0,0.0,0.0,0.0,0.0
33573,0.0,0.0,0.0,0.0,24360.39317884436,192728.69154184777,399932.6055226568,332715.00809165835,189686.56947490666,0.0,0.0,0.0
33574,0.0,0.0,0.0,0.0,48865.88929004688,364677.55557141453,769121.8337157592,644824.8922938518,379537.5872046985,43201.96273735538,0.0,0.0
33575,0.0,0.0,0.0,0.0,0.0,0.0,0.0,0.0,0.0,0.0,0.0,0.0
33655,0.0,0.0,0.0,0.0,0.0,0.0,0.0,0.0,0.0,0.0,0.0,0.0
33657,0.0,0.0,0.0,0.0,0.0,0.0,0.0,0.0,0.0,0.0,0.0,0.0
33658,0.0,0.0,0.0,11837.787942171097,150768.21199518442,280675.8543112427,381270.7858852744,260739.31349362433,53355.1343610324,0.0,0.0,0.0
33676,0.0,0.0,144408.0812650919,927671.4950853661,2550216.846549901,3004129.1455310956,3704206.2187829837,961743.9140599109,0.0,0.0,0.0,0.0
33678,0.0,0.0,0.0,0.0,0.0,0.0,0.0,0.0,0.0,0.0,0.0,0.0
33679,0.0,0.0,0.0,294.4402403011918,2117.1122544258833,4681.265470121056,6166.221357829869,3946.5597416721284,558.2552658561617,0.0,0.0,0.0
33680,0.0,0.0,-1350.6254313737154,-15414.21550444141,-69406.57797479443,-112282.7378203217,-138273.46562678553,-65000.53632315714,0.0,0.0,0.0,0.0
33681,0.0,0.0,0.0,0.0,0.0,0.0,0.0,0.0,0.0,0.0,0.0,0.0
33682,0.0,0.0,0.0,0.0,0.0,0.0,0.0,0.0,0.0,0.0,0.0,0.0
33683,0.0,0.0,49661.00605466962,185475.0208901018,828965.8224518253,1579333.8101313533,2020157.3537948132,872261.5472197048,28399.744893666357,0.0,0.0,0.0
33686,0.0,0.0,0.0,17957.597400245257,89003.38409807533,164963.6507042693,0.0,121101.62419347744,0.0,0.0,0.0,0.0
33687,0.0,0.0,0.0,0.0,0.0,0.0,0.0,0.0,0.0,0.0,0.0,0.0
33689,0.0,0.0,13589.640259325504,50917.43600329757,397462.771142751,871796.9261023998,1091405.6621619016,839633.7512101978,26801.729469951242,0.0,0.0,0.0
33690,0.0,0.0,3662.6793417409062,30704.834549449384,176732.303127544,463793.4129762333,542490.8194528054,452312.9340986647,37452.665754908696,0.0,0.0,0.0
33691,0.0,0.0,0.0,247549.8126657158,979297.2204983942,1633716.424463775,2113957.66262519,990618.3469087575,0.0,0.0,0.0,0.0
33692,0.0,0.0,0.0,80125.43667498231,1177305.381917715,3246478.715783,3493374.736328386,3881343.1772745103,231750.52117472142,0.0,0.0,0.0
33697,0.0,0.0,230593.23877847195,4394901.094142407,14188965.144009463,24517237.08022032,27633079.735982068,17172406.92303189,847214.3625745615,0.0,0.0,0.0
33698,0.0,0.0,0.0,0.0,0.0,0.0,0.0,0.0,0.0,0.0,0.0,0.0
33699,0.0,0.0,0.0,0.0,0.0,0.0,0.0,0.0,0.0,0.0,0.0,0.0
33700,0.0,0.0,0.0,0.0,0.0,0.0,0.0,0.0,0.0,0.0,0.0,0.0
33701,0.0,0.0,10996.449340581894,43475.62498964369,167522.43287886307,170057.08552117646,194014.32443015184,74731.95734710712,0.0,0.0,0.0,0.0
33747,0.0,0.0,-3592.4021745114587,-17361.562174937688,0.0,0.0,0.0,0.0,0.0,0.0,0.0,0.0
33748,0.0,0.0,0.0,0.0,-149415.27488996834,-1.5274211762061896e-07,-1.0342230796813965,-6.41549107172068e-08,0.0,0.0,0.0,0.0
33755,0.0,0.0,0.0,0.0,0.0,0.0,0.0,0.0,0.0,0.0,0.0,0.0
33855,0.0,0.0,0.0,-66588.87896504719,-234387.58268426778,-3994.973876953125,0.0,0.0,0.0,0.0,0.0,0.0
33857,0.0,0.0,0.0,0.0,0.0,0.0,0.0,0.0,0.0,0.0,0.0,0.0
33860,0.0,0.0,0.0,-161.91093815444037,-3873.5538039803505,-25048.37779213488,-26258.806003920734,0.0,-9080.119666323066,0.0,0.0,0.0
33887,0.0,0.0,0.0,-7419.889390973374,-167891.41661901772,-1081548.7961537465,-765113.232241571,-533511.0477491021,-785214.9990879446,-77935.50550113618,0.0,0.0
33888,0.0,0.0,0.0,101.42143587674946,2042.7822723165154,12487.238183353096,7661.283374838531,5984.680923819542,7144.294659048319,964.8043630756438,0.0,0.0
33889,0.0,0.0,0.0,0.0,0.0,0.0,-1546605.125,0.0,0.0,0.0,0.0,0.0
33890,0.0,0.0,0.0,-61110.298914017156,-1153608.903279271,-16225363.0,-15938992.023293823,-5224969.060016036,-4735692.044370368,-1387244.0702093095,0.0,0.0
33892,0.0,0.0,0.0,-804.737225946039,-5752.031815978698,-33268.17345694266,-22534.059790249914,-11806.454018175602,-13269.036545932293,-3672.928191356361,0.0,0.0
33893,0.0,0.0,0.0,2463.868103886023,16261.012683597859,91182.20857848972,37280.88305090554,18857.993519097567,10205.015138201416,0.0,0.0,0.0
33894,0.0,0.0,0.0,2950.5582113862038,33791.329591706395,-351002.6430274807,30267.330712735653,-128598.5372710228,-381324.8070587516,-101203.17492356896,0.0,0.0
33895,0.0,0.0,0.0,0.0,76874.50900483131,-234864.2957727909,8236.590228438377,-142122.33573913574,-249226.83941173553,-40933.48476934433,-1400.524602174759,0.0
33896,0.0,0.0,0.0,0.0,-377.54412166774273,-8582.800492886454,-6005.132899045944,-4134.584096848965,-5305.379803389311,-1839.0378006473184,-88.99060758948326,0.0
33897,0.0,0.0,0.0,0.0,11789.99688756466,-342092.87610799074,-153682.13402605057,-188084.9035115242,-162860.14659404755,-62266.63800442219,14024.289147496223,0.0
33901,0.0,0.0,0.0,0.0,-4708.340903535485,-154105.4605610147,-15744.184901893139,-85937.5272013545,0.0,-16173.742068946362,0.0,0.0
33902,0.0,0.0,0.0,0.0,-507.4443507194519,1182890.9548703544,-2228.4183596372604,648543.3584656119,-67664.36166197062,167990.3401502669,0.0,0.0
33903,0.0,0.0,0.0,0.0,2247.468691110611,41000.544713914394,149653.23897874355,250791.95121574402,108550.24915266037,26666.44723534584,0.0,0.0
33907,0.0,0.0,0.0,0.0,0.0,0.0,0.0,0.0,0.0,0.0,0.0,0.0
33908,0.0,0.0,0.0,0.0,0.0,0.0,0.0,0.0,0.0,0.0,0.0,0.0
33919,0.0,0.0,0.0,0.0,0.0,0.0,0.0,0.0,0.0,0.0,0.0,0.0
33928,0.0,0.0,0.0,0.0,224628.1891541928,878327.3479737267,1289655.043121338,939323.7592122741,640006.5714319143,0.0,0.0,0.0
33975,0.0,0.0,0.0,-72418.51957511902,-422337.6441497803,-1194165.9661254883,-2337404.0265026093,-2500215.225997925,-74516.80339431763,1588.6837673187256,0.0,0.0
34003,0.0,0.0,0.0,0.0,0.0,0.0,0.0,0.0,0.0,0.0,0.0,0.0
34005,0.0,0.0,0.0,0.0,0.0,0.0,0.0,0.0,0.0,0.0,0.0,0.0
34006,0.0,0.0,0.0,0.0,0.0,25573.583645179868,63745.23000226915,120115.88341285288,106905.19734658301,1302.7778024934232,0.0,0.0
34007,0.0,0.0,0.0,6951.918163061142,42504.49837863445,233620.63219070435,203475.96224296093,164736.9046236351,54114.902081504464,0.0,0.0,0.0
34008,0.0,0.0,0.0,0.0,0.0,0.0,0.0,0.0,0.0,0.0,0.0,0.0
34026,0.0,0.0,-21023.736021578312,25801.089588820934,2917660.8496581577,5203255.958210386,8017791.390141437,5080223.402255173,1279446.5013246478,0.0,0.0,0.0
34027,0.0,0.0,0.0,0.0,0.0,0.0,0.0,0.0,0.0,0.0,0.0,0.0
34028,0.0,0.0,0.0,0.0,0.0,0.0,0.0,0.0,0.0,0.0,0.0,0.0
34029,0.0,0.0,0.0,0.0,0.0,0.0,0.0,0.0,0.0,0.0,0.0,0.0
34030,0.0,0.0,0.0,0.0,0.0,0.0,0.0,0.0,0.0,0.0,0.0,0.0
34031,0.0,0.0,0.0,0.0,0.0,0.0,0.0,0.0,0.0,0.0,0.0,0.0
34033,0.0,0.0,11269.02830030024,179408.24161373824,708312.0387363061,1460227.9424379244,566302.3107714131,1026484.111559785,0.0,0.0,0.0,0.0
34034,0.0,0.0,0.0,3525.345090150833,48209.46295796335,150854.9558245018,246071.8458811734,148008.49005166953,18460.283169208094,0.0,0.0,0.0
34035,0.0,0.0,0.0,0.0,68719.37641239166,404245.3264016956,531315.4320857972,-4908896.199018955,21569.649996705353,0.0,0.0,0.0
34037,0.0,0.0,0.0,1855.7126345485449,104446.31064933538,570145.3461835384,781209.717785012,739246.8662914112,49349.027849793434,0.0,0.0,0.0
34038,0.0,0.0,0.0,0.0,0.0,0.0,0.0,0.0,0.0,0.0,0.0,0.0
34039,0.0,0.0,0.0,0.0,0.0,0.0,0.0,0.0,0.0,0.0,0.0,0.0
34040,0.0,0.0,0.0,77871.52856862545,676842.374115929,2028276.3969817758,2502876.7542853355,2195675.217851177,222013.67851838097,0.0,0.0,0.0
34044,0.0,0.0,0.0,1631911.3279827088,6497571.812421687,12474853.82795465,13614911.34754527,10050832.14280603,737612.9477410195,0.0,0.0,0.0
34045,0.0,0.0,-297.5327374525368,-3840.5508379731327,-10744.766568737105,0.0,0.0,0.0,0.0,0.0,0.0,0.0
34046,0.0,0.0,52749.54784001503,508874.73650303204,1364229.4231671265,1492101.5151272677,1322097.5879501563,686600.9020993027,0.0,0.0,0.0,0.0
34047,0.0,0.0,0.0,0.0,0.0,0.0,0.0,0.0,0.0,0.0,0.0,0.0
34048,0.0,0.0,0.0,0.0,0.0,0.0,0.0,0.0,0.0,0.0,0.0,0.0
34049,0.0,0.0,19122.442305862904,72078.43877096474,253136.20849436894,249401.80184983276,300921.9524544219,108042.38344988786,0.0,0.0,0.0,0.0
34094,0.0,0.0,1768.8756923675537,-278050.89676237106,-19144740.376322746,-57313318.01440251,0.0,-17700603.495246887,-6308828.354038477,-37803.96264505386,0.0,0.0
34102,0.0,0.0,0.0,0.0,0.0,0.0,0.0,0.0,0.0,0.0,0.0,0.0
34103,0.0,34280.66631989181,1764499.160456419,2131463.4594433308,12838049.089445591,16747428.827389516,12822786.036482591,2423215.0265609794,190377.66806052462,0.0,0.0,0.0
34142,0.0,0.0,0.0,0.0,0.0,0.0,0.0,0.0,0.0,0.0,0.0,0.0
34204,0.0,0.0,0.0,-761630.8080918714,-8402309.130892113,-1537893.4200410545,-3067467.3341721296,0.0,-3760644.078130804,-91843.1278179735,0.0,0.0
34205,0.0,0.0,0.0,0.0,0.0,0.0,0.0,0.0,0.0,0.0,0.0,0.0
34214,0.0,0.0,0.0,0.0,0.0,0.0,0.0,0.0,0.0,0.0,0.0,0.0
34231,0.0,0.0,0.0,-86853.67884106934,-1880421.3463222384,-3630761.2956318557,-3145780.197918415,-2917175.0347937346,-1798705.8837693334,-111112.77186787128,-584.1896515488625,0.0
34232,0.0,0.0,0.0,-95963.75250939652,-2425679.2722854614,-5561345.608195245,-4621495.140488386,-3431719.3277713656,-3183763.7900123596,-112004.55198818445,-2991.9519966095686,0.0
34233,0.0,0.0,0.0,1373.0257731978782,25976.154646523297,77358.55154829472,72706.32142859697,51288.35052168369,59796.793204925954,9386.572031863034,592.8350506518036,0.0
34234,0.0,0.0,0.0,-48782.52432642132,-1670287.6842407808,-3253443.535068078,-4996802.137596548,-14717237.810920358,-15963693.893138617,-775809.0393930376,-167073.35667324066,0.0
34235,0.0,0.0,0.0,0.0,0.0,-987.3154907226562,-15806.3974609375,0.0,0.0,0.0,0.0,0.0
34236,0.0,0.0,0.0,-38426.28359436989,-651299.3820635341,-101201.359375,-408448.21875,-7101676.112346962,-6487714.180046182,-1770603.4110561088,-347202.93846502155,0.0
34237,0.0,0.0,0.0,-10241.424323028885,-65803.64530376345,-70699.78125,-832684.3125,-966572.4190512002,-944432.6970528215,-265139.4925077455,0.0,0.0
34238,0.0,0.0,0.0,-178.12428721413016,-5872.403526650742,-102018.1971315816,-73590.17518237233,-85749.63972185552,-35450.15596041083,-18263.69826244563,0.0,0.0
34242,0.0,0.0,0.0,0.0,30254.784685909748,1289709.0590718463,906149.5370935202,1304262.9423142672,800123.5860391855,391765.7135258019,0.0,0.0
34243,0.0,0.0,0.0,0.0,-746.2242855802178,-28929.428639873862,-32975.57529500127,-34320.30904509127,-23433.385444432497,-10959.811335496604,0.0,0.0
34244,0.0,0.0,0.0,0.0,2278.056598484516,34762.148448079824,141423.6347821355,245502.8984349966,73270.29552739859,14700.009911000729,0.0,0.0
34248,0.0,0.0,0.0,0.0,0.0,0.0,0.0,0.0,0.0,0.0,0.0,0.0
34249,0.0,0.0,0.0,0.0,0.0,0.0,0.0,0.0,0.0,0.0,0.0,0.0
34250,0.0,0.0,0.0,0.0,0.0,0.0,0.0,0.0,0.0,0.0,0.0,0.0
34260,0.0,0.0,0.0,0.0,0.0,0.0,0.0,0.0,0.0,0.0,0.0,0.0
34268,0.0,0.0,0.0,0.0,0.0,0.0,0.0,0.0,0.0,0.0,0.0,0.0
34270,0.0,0.0,0.0,0.0,-695807.3402268887,1036796.5323590934,2408010.7129944265,1028003.9644293049,767101.4256495889,-360893.61327838525,0.0,0.0
34315,0.0,0.0,0.0,-669687.0481853485,-4014564.1563282013,-36572022.68192673,-51193843.101924896,-25631662.40643692,-13908519.504922867,-1261927.26272583,0.0,0.0
34342,0.0,0.0,0.0,0.0,0.0,0.0,0.0,0.0,0.0,0.0,0.0,0.0
34344,0.0,0.0,0.0,0.0,0.0,0.0,0.0,0.0,0.0,0.0,0.0,0.0
34346,0.0,0.0,0.0,0.0,0.0,0.0,0.0,0.0,0.0,0.0,0.0,0.0
34348,0.0,0.0,20599.571975708008,3051974.7172727585,17615048.143290997,22942078.95257759,32859525.89693725,18483380.96641171,765672.0319544077,0.0,0.0,0.0
34367,0.0,0.0,76781.02815866098,476611.11453344114,944332.6542345537,1101300.238452136,1234544.052408537,256213.71047367505,0.0,0.0,0.0,0.0
34368,0.0,0.0,0.0,0.0,0.0,0.0,0.0,0.0,0.0,0.0,0.0,0.0
34370,0.0,0.0,0.0,0.0,0.0,0.0,0.0,0.0,0.0,0.0,0.0,0.0
34371,0.0,0.0,6969.007828032598,26990.857897068374,75386.20752025326,109047.58517376427,116167.75771304313,39939.481895582634,0.0,0.0,0.0,0.0
34372,0.0,0.0,10736.918602496386,66195.05069943517,239474.71973042935,530301.5841606688,669393.8067186009,358387.822737582,0.0,0.0,0.0,0.0
34373,0.0,0.0,0.0,0.0,-363657.51462411135,-4177604.883616521,-511979.21875,-1491.5289306640625,-238058.859375,0.0,0.0,0.0
34374,0.0,0.0,4277.92865215987,25710.524815851822,54249.51071434165,262606.2449274603,304520.52944342606,251574.02487801854,72769.81944650924,2440.0475625246763,0.0,0.0
34375,0.0,0.0,0.0,0.0,0.0,0.0,0.0,0.0,0.0,0.0,0.0,0.0
34379,0.0,0.0,0.0,2510455.966596395,8901098.746879205,16084062.162834741,17254284.94092148,13384130.918303095,1145047.1906431066,0.0,0.0,0.0
34380,0.0,0.0,0.0,1638619.8519051,5566747.332205098,9323224.765872799,10317082.420718793,7558418.674260758,528186.4432635705,0.0,0.0,0.0
34381,0.0,0.0,0.0,1525.412255124189,4968.456445815042,7597.814911454916,8637.805845856667,6083.582011058927,238.0832088025054,0.0,0.0,0.0
34382,0.0,0.0,0.0,0.0,0.0,0.0,0.0,0.0,0.0,0.0,0.0,0.0
34383,0.0,0.0,0.0,0.0,0.0,0.0,0.0,0.0,0.0,0.0,0.0,0.0
34384,0.0,0.0,0.0,0.0,0.0,0.0,0.0,0.0,0.0,0.0,0.0,0.0
34385,0.0,0.0,0.0,0.0,0.0,0.0,0.0,0.0,0.0,0.0,0.0,0.0
34386,0.0,0.0,85982.82913923264,388916.1837436259,1119274.9033883177,209999.29465140402,253557.93038341403,130903.22890286148,11530.329187197145,0.0,0.0,0.0
34395,0.0,0.0,0.0,-22603.672279641032,-2342159.743229728,-4350366.310945485,0.0,0.0,0.0,0.0,0.0,0.0
34399,0.0,0.0,0.0,10288.065162733197,497111.4707067013,1104176.3748316988,1613181.3215377973,1518503.8301952519,558337.2466842039,0.0,0.0,0.0
34418,0.0,0.0,0.0,197.17315006256104,62121.661244511604,151114.520917058,-1537206.524896983,98187.3030137457,-768325.4089020193,8029.087203934789,0.0,0.0
34430,0.0,0.0,-160.2684325426817,-1251.5354055464268,-19101.04584261775,0.0,0.0,-217.36891174316406,-5523.4560546875,-122584.59160734876,0.0,0.0
34440,0.0,0.0,0.0,0.0,0.0,0.0,0.0,0.0,0.0,0.0,0.0,0.0
34512,0.0,0.0,0.0,0.0,0.0,0.0,0.0,0.0,0.0,0.0,0.0,0.0
34517,0.0,0.0,0.0,0.0,0.0,0.0,0.0,0.0,0.0,0.0,0.0,0.0
34519,0.0,0.0,0.0,0.0,0.0,0.0,0.0,0.0,0.0,0.0,0.0,0.0
34520,0.0,0.0,0.0,0.0,0.0,0.0,0.0,0.0,0.0,0.0,0.0,0.0
34537,0.0,0.0,0.0,0.0,-645781.6875,-2997633.25,0.0,0.0,-14813798.018286582,-2729173.5102611315,0.0,0.0
34550,0.0,0.0,0.0,0.0,0.0,0.0,0.0,0.0,0.0,0.0,0.0,0.0
34568,-630760.5837976933,-339613.47436738014,-85753.28245568275,-1844802.5045671463,-35948006.573296785,-78262868.83187175,-100331868.04874444,-50314937.206645966,-30739662.75016594,-15987556.117377281,-2874066.98013258,-964094.458739996
34569,0.0,0.0,0.0,0.0,-3240.420051183086,-232640.09375,-637477.125,-146062.17967998981,-226744.74004559778,-105639.59160338156,-13601.987396912184,0.0
34570,0.0,0.0,0.0,-8339.42293198593,-127709.7443355713,-3579925.75,-2402956.5,-1001335.4301462229,-793992.2360678539,0.0,0.0,0.0
34571,0.0,0.0,0.0,0.0,-17408.505111932755,-601857.303506732,-992119.3403615952,-1083333.3363089561,-328209.38177490234,-471378.07268583775,-21174.563214182854,0.0
34577,0.0,0.0,0.0,0.0,0.0,0.0,0.0,0.0,0.0,0.0,0.0,0.0
34578,0.0,0.0,0.0,0.0,3671.4726946353912,70902.6613829732,307118.4218813181,582595.9978384674,143904.64778220654,39536.929388701916,0.0,0.0
34582,0.0,0.0,0.0,0.0,0.0,0.0,0.0,0.0,0.0,0.0,0.0,0.0
34583,0.0,0.0,0.0,7499.826450884342,319412.22349083424,1556830.955152303,1911764.242259629,1314762.7430345342,240248.14712071232,0.0,0.0,0.0
34584,0.0,0.0,0.0,19652.361834436655,253281.28467075527,1172708.0472883359,1334133.4114003815,975845.5234058201,277104.6445016097,0.0,0.0,0.0
34585,0.0,0.0,0.0,86003.93288362026,0.0,2236933.9962196425,2482514.3536667153,1752508.5122365952,397990.3258274533,0.0,0.0,0.0
34586,0.0,0.0,5829023.4128956795,13100439.375754833,80518882.07343125,105243640.023,110354374.46191299,50478254.870803,3032670.782185197,311276.04050302505,0.0,0.0
34592,0.0,0.0,0.0,0.0,0.0,0.0,0.0,0.0,0.0,0.0,0.0,0.0
34593,0.0,0.0,0.0,0.0,0.0,0.0,0.0,0.0,0.0,0.0,0.0,0.0
34594,0.0,0.0,0.0,0.0,0.0,0.0,0.0,0.0,0.0,0.0,0.0,0.0
34597,0.0,0.0,0.0,0.0,0.0,0.0,0.0,0.0,0.0,0.0,0.0,0.0
34598,0.0,0.0,0.0,0.0,0.0,0.0,0.0,0.0,0.0,0.0,0.0,0.0
34675,0.0,0.0,0.0,0.0,0.0,0.0,0.0,0.0,0.0,0.0,0.0,0.0
34676,0.0,0.0,0.0,0.0,0.0,0.0,0.0,0.0,0.0,0.0,0.0,0.0
34677,0.0,0.0,0.0,0.0,0.0,0.0,0.0,0.0,0.0,0.0,0.0,0.0
34678,0.0,0.0,0.0,0.0,0.0,0.0,0.0,0.0,0.0,0.0,0.0,0.0
34679,0.0,0.0,0.0,0.0,0.0,0.0,0.0,0.0,0.0,0.0,0.0,0.0
34680,0.0,0.0,0.0,0.0,0.0,0.0,0.0,0.0,0.0,0.0,0.0,0.0
34681,0.0,0.0,26006.48077607155,391167.2904776782,1370891.8162457645,1655665.3226904795,1752334.3391460255,424057.6527951807,0.0,0.0,0.0,0.0
34697,0.0,0.0,595255.2137192488,6215483.128300365,18909688.452427704,24024857.521117635,30989719.3059078,12404145.966818344,55156.87977144774,0.0,0.0,0.0
34698,0.0,0.0,40207.13377832773,220110.20581493224,490214.4448127984,538664.6426622085,655815.7093993141,172455.3298326257,0.0,0.0,0.0,0.0
34699,0.0,0.0,0.0,0.0,0.0,0.0,0.0,0.0,0.0,0.0,0.0,0.0
34700,0.0,0.0,12046.423136815429,31674.72091149306,176704.4633693844,302726.3194968514,333232.68157642335,161841.0391876083,7098.2141410629265,0.0,0.0,0.0
34701,0.0,0.0,0.0,0.0,0.0,0.0,0.0,0.0,0.0,0.0,0.0,0.0
34702,0.0,0.0,0.0,0.0,0.0,0.0,0.0,0.0,0.0,0.0,0.0,0.0
34703,0.0,0.0,0.0,0.0,0.0,0.0,0.0,0.0,0.0,0.0,0.0,0.0
34704,0.0,0.0,45437.3357732743,194988.44712530822,544541.8167031948,736348.9088130333,760787.9405537285,287062.32555281185,0.0,0.0,0.0,0.0
34705,0.0,0.0,0.0,0.0,64937.86986188218,704110.0494402666,848199.869324524,820936.6316461489,216790.74736439437,0.0,0.0,0.0
34706,0.0,0.0,0.0,0.0,0.0,0.0,0.0,0.0,0.0,0.0,0.0,0.0
34707,0.0,0.0,0.0,0.0,0.0,0.0,0.0,0.0,0.0,0.0,0.0,0.0
34708,0.0,0.0,0.0,0.0,0.0,0.0,0.0,0.0,0.0,0.0,0.0,0.0
34709,0.0,0.0,97952.72373569012,197702.02841418982,1696276.1362505555,5722075.008190319,12751008.834903933,6411422.232431591,760096.4643648714,0.0,0.0,0.0
34710,0.0,0.0,90226.14561995864,825884.7822553553,1574404.3844404668,2155396.078292202,2093019.0078223236,561747.5522336271,0.0,0.0,0.0,0.0
34711,0.0,0.0,0.0,1253375.760301195,5846572.201967336,10242244.868856732,9323594.427692063,6272325.266986338,1051498.9454026418,0.0,0.0,0.0
34712,0.0,0.0,0.0,887235.9949941598,3034114.229644278,4468045.213079907,5111662.412494484,3795374.862080414,207462.3661832707,0.0,0.0,0.0
34713,0.0,0.0,0.0,1639882.883072652,5230615.219733402,8017796.08689218,9135299.194454513,6667373.3826022595,115193.59628462956,0.0,0.0,0.0
34714,0.0,0.0,-699.641285456717,-4202.548676714301,-9928.819079179317,-11826.031723797321,0.0,-1035.75341796875,0.0,0.0,0.0,0.0
34715,0.0,0.0,0.0,0.0,0.0,0.0,0.0,0.0,0.0,0.0,0.0,0.0
34716,0.0,0.0,0.0,0.0,0.0,0.0,0.0,0.0,0.0,0.0,0.0,0.0
34717,0.0,0.0,0.0,0.0,0.0,0.0,0.0,0.0,0.0,0.0,0.0,0.0
34718,0.0,0.0,0.0,0.0,0.0,0.0,0.0,0.0,0.0,0.0,0.0,0.0
34719,0.0,0.0,3075.9151938334107,14577.121475929394,39170.648804025725,46058.358446852304,52034.36336511886,21308.958748399047,0.0,0.0,0.0,0.0
34720,0.0,0.0,-59898.186969310045,-599908.6616692692,-2111212.407851547,-135.838623046875,0.0,0.0,0.0,0.0,0.0,0.0
34727,0.0,0.0,0.0,3915.683391958475,173144.40512795746,95218.59981577843,-23146.27680882346,0.0,106053.15385252237,0.0,0.0,0.0
34729,0.0,0.0,0.0,0.0,15647.931397289038,42956.04831468314,83954.56773988716,88222.93027274497,41198.42171492614,278.03754950128496,0.0,0.0
34736,0.0,0.0,0.0,0.0,31134.589026439004,76628.75951472484,110927.83254328743,102863.02767231688,37072.41046655644,0.0,0.0,0.0
34763,0.0,0.0,0.0,943.3237662911415,33774.24093937874,-1828577.375,0.0,-110962.578125,-27813.62890625,0.0,0.0,0.0
34764,0.0,0.0,0.0,0.0,0.0,0.0,0.0,0.0,0.0,0.0,0.0,0.0
34773,0.0,0.0,0.0,0.0,0.0,0.0,0.0,0.0,0.0,0.0,0.0,0.0
34815,0.0,0.0,0.0,0.0,0.0,0.0,0.0,0.0,0.0,0.0,0.0,0.0
34847,0.0,0.0,0.0,0.0,0.0,0.0,0.0,0.0,0.0,0.0,0.0,0.0
34849,0.0,0.0,0.0,0.0,0.0,0.0,0.0,0.0,0.0,0.0,0.0,0.0
34853,0.0,0.0,0.0,0.0,0.0,0.0,0.0,0.0,0.0,0.0,0.0,0.0
34861,0.0,0.0,0.0,0.0,0.0,0.0,0.0,0.0,0.0,0.0,0.0,0.0
34882,0.0,0.0,0.0,0.0,0.0,0.0,-1608.6905517578125,0.0,-27.004695892333984,-28811.0703125,0.0,0.0
34901,0.0,0.0,0.0,-672393.0002596155,-15859908.501977265,-11649597.0,-23858695.868980527,-15042134.81465292,-6860849.570101976,-46127.76356521249,-7302.7250310480595,0.0
34902,0.0,0.0,0.0,-121710.25225271285,-2123368.8422269747,-3661226.9204821736,-6556318.238606989,-3117712.429851055,-3115888.4764506817,-710388.105070889,-225355.2935450077,0.0
34903,0.0,0.0,0.0,0.0,0.0,0.0,0.0,0.0,0.0,0.0,0.0,0.0
34904,0.0,0.0,0.0,0.0,0.0,0.0,0.0,0.0,0.0,0.0,0.0,0.0
34905,0.0,0.0,0.0,0.0,-3484.4147512838244,-96227.41821442544,-235090.04493191838,-170710.73920416832,-66356.34136277437,-55154.23824033141,0.0,0.0
34912,0.0,0.0,0.0,0.0,3375.973783072084,123040.18269480206,82660.1326893717,75665.92373785377,44235.16550222039,2468.914095297456,0.0,0.0
34913,0.0,0.0,0.0,0.0,0.0,0.0,0.0,0.0,0.0,0.0,0.0,0.0
34914,0.0,0.0,0.0,0.0,0.0,0.0,0.0,0.0,0.0,0.0,0.0,0.0
34915,0.0,0.0,0.0,0.0,871.688275039196,32149.90562003851,88417.4426035583,154770.89250088483,33118.38395655155,10582.93522694707,0.0,0.0
34918,0.0,0.0,0.0,0.0,3694.8766790628433,59561.701447188854,271158.28282499313,637564.0299745798,218364.62933719158,46834.396750211716,0.0,0.0
34919,0.0,0.0,0.0,0.0,3179.6720633506775,146641.45755511522,450710.2727140188,803227.9153527617,367230.655261755,53719.660989403725,0.0,0.0
34920,0.0,0.0,0.0,0.0,0.0,0.0,0.0,0.0,0.0,0.0,0.0,0.0
34921,0.0,0.0,0.0,0.0,0.0,0.0,0.0,0.0,0.0,0.0,0.0,0.0
34930,0.0,0.0,0.0,0.0,0.0,0.0,0.0,0.0,0.0,0.0,0.0,0.0
34931,0.0,0.0,0.0,0.0,0.0,0.0,0.0,0.0,0.0,0.0,0.0,0.0
34933,0.0,0.0,0.0,0.0,0.0,0.0,0.0,0.0,0.0,0.0,0.0,0.0
34934,0.0,0.0,0.0,0.0,0.0,0.0,0.0,0.0,0.0,0.0,0.0,0.0
34935,0.0,0.0,0.0,0.0,6038.833142146468,113990.65849974751,228505.07090583444,177837.18999726698,122132.04123731703,11644.952831633389,0.0,0.0
34936,0.0,0.0,0.0,0.0,0.0,0.0,0.0,0.0,0.0,0.0,0.0,0.0
34986,0.0,0.0,0.0,-742105.5677604675,-4436901.800476074,-37766188.648052216,-53531247.12842941,-28131877.632434845,-13983036.308317184,-1260338.5789604187,0.0,0.0
35012,0.0,0.0,0.0,0.0,0.0,0.0,0.0,0.0,0.0,0.0,0.0,0.0
35013,0.0,0.0,0.0,0.0,0.0,0.0,0.0,0.0,0.0,0.0,0.0,0.0
35014,0.0,0.0,0.0,0.0,0.0,0.0,0.0,0.0,0.0,0.0,0.0,0.0
35015,0.0,0.0,0.0,0.0,0.0,0.0,0.0,0.0,0.0,0.0,0.0,0.0
35016,0.0,0.0,6193.841116219759,71568.42997453734,209741.65412580594,251487.80754724517,254198.73412452545,47483.40053560957,0.0,0.0,0.0,0.0
35032,0.0,0.0,75069.66647038795,552429.9490317814,1091402.7424729764,1122404.2713868842,1179208.698488973,243601.06914827228,0.0,0.0,0.0,0.0
35033,0.0,0.0,0.0,0.0,0.0,0.0,0.0,0.0,0.0,0.0,0.0,0.0
35034,0.0,0.0,94208.0867266655,207373.3193962425,1895865.5016988665,4499764.200164214,5207686.684443809,3795035.454428574,0.0,0.0,0.0,0.0
35037,0.0,0.0,0.0,0.0,0.0,0.0,0.0,0.0,0.0,0.0,0.0,0.0
35039,0.0,0.0,78760.77732387185,414378.7704365477,1192113.8227885328,1462483.8806459159,1577993.9655780047,635354.4082693085,0.0,0.0,0.0,0.0
35040,0.0,0.0,0.0,0.0,0.0,0.0,0.0,0.0,0.0,0.0,0.0,0.0
35041,0.0,0.0,0.0,0.0,0.0,0.0,0.0,0.0,0.0,0.0,0.0,0.0
35042,0.0,0.0,0.0,0.0,0.0,0.0,0.0,0.0,0.0,0.0,0.0,0.0
35043,0.0,0.0,449617.171797663,3730509.916257441,10818425.941796482,17796614.3220812,18320501.64099773,13704930.884797052,3387321.239707643,0.0,0.0,0.0
35046,0.0,0.0,0.0,-2575.059484471567,0.0,0.0,0.0,0.0,0.0,0.0,0.0,0.0
35047,0.0,0.0,0.0,0.0,0.0,0.0,0.0,0.0,0.0,0.0,0.0,0.0
35048,0.0,0.0,0.0,0.0,0.0,0.0,0.0,0.0,0.0,0.0,0.0,0.0
35049,0.0,0.0,0.0,0.0,0.0,0.0,0.0,0.0,0.0,0.0,0.0,0.0
35050,0.0,0.0,0.0,0.0,0.0,0.0,0.0,0.0,0.0,0.0,0.0,0.0
35051,0.0,0.0,0.0,0.0,0.0,0.0,0.0,0.0,0.0,0.0,0.0,0.0
35052,0.0,0.0,0.0,0.0,0.0,0.0,0.0,0.0,0.0,0.0,0.0,0.0
35053,0.0,0.0,0.0,0.0,0.0,0.0,0.0,0.0,0.0,0.0,0.0,0.0
35054,0.0,0.0,81147.91248959303,502050.59542339295,1509936.0497973305,1400495.8391312286,375333.250068631,38486.905254216865,235607.59876072546,0.0,0.0,0.0
35059,0.0,0.0,0.0,840.3779794126749,9809.640914793126,18128.639213340823,28274.497634725645,25842.55800510384,7650.357531046029,0.0,0.0,0.0
35060,0.0,0.0,0.0,9818.865760698915,203791.28911879286,422246.6044292711,630072.0932592265,585611.6019512191,197594.2057225993,0.0,0.0,0.0
35066,0.0,0.0,0.0,50753.044513076544,521261.6303771436,1029487.2381162653,1305537.5162770525,1365803.3763380796,410649.8105139956,0.0,0.0,0.0
35067,0.0,0.0,0.0,13898.581013664603,356700.34292465076,751836.2999767344,1025601.892488626,904897.2544789859,296426.30036216637,610.0829374194145,0.0,0.0
35090,0.0,0.0,0.0,-74007.923422575,-25752796.410047412,1183639.4720560461,0.0,0.0,274245.2652039714,-342447.73089206964,0.0,0.0
35098,0.0,0.0,0.0,3920.510553151369,74111.77069608867,-16492136.151054602,-2435906.755984934,-1522122.4521178976,-2842814.0,0.0,0.0,0.0
35099,0.0,0.0,0.0,17297.975841626525,459344.3055158481,810436.4320323467,756575.09384875,252701.6206444092,0.0,0.0,0.0,0.0
35100,0.0,0.0,-7011.19418656826,-26062.714856147766,-13398539.710756779,-26236989.97743106,-4076427.2301784754,-3688335.3255084753,-1554975.740175426,-22998.9140625,0.0,0.0
35107,0.0,0.0,0.0,0.0,0.0,0.0,0.0,0.0,0.0,0.0,0.0,0.0
35178,0.0,0.0,0.0,0.0,0.0,0.0,0.0,0.0,0.0,0.0,0.0,0.0
35186,0.0,0.0,0.0,0.0,0.0,0.0,0.0,0.0,0.0,0.0,0.0,0.0
35190,0.0,0.0,0.0,0.0,0.0,0.0,0.0,0.0,0.0,0.0,0.0,0.0
35216,0.0,0.0,0.0,0.0,0.0,0.0,0.0,-3629401.75,-226860.828125,-918487.1019463963,0.0,0.0
35237,-997235.1172962189,-325505.85858631134,-6839.509563446045,-2051285.9032759666,-48896043.88140273,-49226609.41748823,-54325768.41037011,-85487795.66337776,-44378759.26001549,-14278713.450572968,-3252908.568620205,-1386388.1923413277
35238,0.0,0.0,0.0,-326.20104058878496,-12687.49939377606,-69247.17887404561,-80244.81172002107,-101123.43144295737,-97933.9175106436,-33179.64453125,-8959.769415652845,0.0
35239,0.0,0.0,0.0,55.667692236602306,2466.5525699183345,15056.037196099758,22091.127853751183,24083.890007793903,23269.90954054892,15955.894603408873,2506.0385169014335,0.0
35240,0.0,0.0,0.0,-27.80237178504467,-9623.5508595258,-188253.23881407827,-333089.9105204642,-325653.2526573539,-334480.28232321143,-284485.9615897238,-30922.9233905375,0.0
35241,0.0,0.0,0.0,0.0,-983.0757086146623,-24561.980724461377,-41996.65206987411,-34426.034528791904,-20229.01956191659,-19668.524775933474,-650.9225015807897,0.0
35242,0.0,0.0,0.0,0.0,-321.2560522276908,-42912.275422154926,-67932.5199797079,-61068.343192741275,-12111.120457917452,-29827.712166292593,0.0,0.0
35243,0.0,0.0,0.0,0.0,-5096.996429681778,-44126.750436492264,-241531.68333673477,-240233.9823884964,-129450.07569551468,-83578.68087360263,0.0,0.0
35244,0.0,0.0,0.0,0.0,428194.98425102234,4000501.562526703,4919058.851804256,3638848.246439934,2182848.7205524445,1641558.4784693718,25312.154920339584,0.0
35248,0.0,0.0,0.0,0.0,184689.18199953437,3849923.2577361353,3931844.2009211406,3066497.50064227,1957461.6909502149,482863.33689315617,0.0,0.0
35249,0.0,0.0,0.0,0.0,0.0,0.0,0.0,0.0,0.0,0.0,0.0,0.0
35251,0.0,0.0,0.0,0.0,0.0,0.0,0.0,0.0,0.0,0.0,0.0,0.0
35252,0.0,0.0,0.0,0.0,46013.98305606842,258928.1380033493,541528.5030584335,980444.7314348221,229334.73271989822,25318.120680212975,0.0,0.0
35253,0.0,0.0,0.0,0.0,4012.91694188118,66936.62435722351,374058.598521471,754995.9123336971,173550.23494434357,55188.924246668816,0.0,0.0
35256,0.0,0.0,0.0,0.0,0.0,8232.81065183878,39291.06036788225,92980.80555284023,37830.214589074254,10735.132102757692,0.0,0.0
35257,0.0,0.0,0.0,0.0,-644930.8675050586,-231968.5625,0.0,-2344922.4155053813,-1022978.0008724406,0.0,0.0,0.0
35267,0.0,0.0,0.0,0.0,0.0,0.0,0.0,0.0,0.0,0.0,0.0,0.0
35270,0.0,0.0,0.0,0.0,0.0,0.0,0.0,0.0,0.0,0.0,0.0,0.0
35324,0.0,0.0,0.0,0.0,0.0,0.0,0.0,0.0,0.0,0.0,0.0,0.0
35348,0.0,0.0,0.0,0.0,0.0,0.0,0.0,0.0,0.0,0.0,0.0,0.0
35349,0.0,0.0,0.0,0.0,0.0,0.0,0.0,0.0,0.0,0.0,0.0,0.0
35350,0.0,0.0,0.0,0.0,0.0,0.0,0.0,0.0,0.0,0.0,0.0,0.0
35351,0.0,0.0,4477.978903770447,39743.85103962943,177272.16574910097,199142.7668475369,230587.6093777297,76682.07815270685,0.0,0.0,0.0,0.0
35352,0.0,0.0,13895.029241919518,119212.25699353218,539524.444102414,618456.9260165691,708082.4807940088,235481.28665699996,0.0,0.0,0.0,0.0
35354,0.0,0.0,-9166.735850811005,1077716.4138307571,8801104.582666755,11254227.044557452,17132269.164319932,10790169.11387688,618056.770298779,0.0,0.0,0.0
35355,0.0,0.0,349590.8632645607,1370859.8783039749,5282672.186592549,8723637.298310265,9455660.010864556,6578803.308784887,2629093.098257184,0.0,0.0,0.0
35365,0.0,0.0,134075.11474075913,1452698.0005070865,4127504.9226907594,4341805.01737069,4838866.622624129,1275547.5907376427,0.0,0.0,0.0,0.0
35367,0.0,0.0,0.0,0.0,0.0,0.0,-18672.220345282927,-11864.08206397947,0.0,0.0,0.0,0.0
35368,0.0,0.0,0.0,-783.6502501294017,-6454.50687192753,-13209.454671606421,0.0,0.0,-765.071868063882,0.0,0.0,0.0
35369,0.0,0.0,0.0,361.7220439016819,1584.5088224858046,2742.8422413766384,-7398674.090383917,2067.3544757775962,0.0,0.0,0.0,0.0
35370,0.0,0.0,0.0,0.0,0.0,0.0,0.0,0.0,0.0,0.0,0.0,0.0
35371,0.0,0.0,0.0,0.0,0.0,0.0,0.0,0.0,0.0,0.0,0.0,0.0
35372,0.0,0.0,0.0,0.0,0.0,0.0,0.0,0.0,0.0,0.0,0.0,0.0
35373,0.0,0.0,-56242.90990534425,-227198.3900708109,-620258.1073911041,-580732.5,0.0,-115490.98419996258,0.0,0.0,0.0,0.0
35374,0.0,0.0,-203795.02618145943,-1058775.6728056073,-7924635.783207014,-3020701.0,-1563827.375,-244390.4452592414,0.0,0.0,0.0,0.0
35375,0.0,0.0,0.0,-49203.14758172352,0.0,0.0,0.0,0.0,0.0,0.0,0.0,0.0
35376,0.0,0.0,0.0,0.0,-36970.328125,-33.9138069152832,0.0,0.0,0.0,0.0,0.0,0.0
35377,0.0,0.0,39286.700670957565,107279.65517314523,581145.8426619619,952987.6924562594,1060081.2287912797,573543.1712820344,76542.73777193343,0.0,0.0,0.0
35378,0.0,0.0,0.0,0.0,156525.06728757918,1506063.7163795382,1768047.3537106067,1680934.2054816782,535846.4263330307,0.0,0.0,0.0
35381,0.0,0.0,25241.08371645212,235829.13035982847,2674216.355710011,7521391.274057273,8762836.108363606,7695655.887522828,1930442.21743142,0.0,0.0,0.0
35382,0.0,0.0,155264.71108720452,2751713.9494517706,6543547.173910335,9704329.885704488,11178310.928950474,6112301.124834036,-1554.2958984375,0.0,0.0,0.0
35384,0.0,0.0,0.0,0.0,0.0,0.0,0.0,0.0,0.0,0.0,0.0,0.0
35385,0.0,0.0,0.0,0.0,0.0,0.0,0.0,0.0,0.0,0.0,0.0,0.0
35386,0.0,0.0,0.0,0.0,0.0,0.0,0.0,0.0,0.0,0.0,0.0,0.0
35387,0.0,0.0,0.0,0.0,0.0,0.0,0.0,0.0,0.0,0.0,0.0,0.0
35388,0.0,0.0,0.0,0.0,0.0,0.0,0.0,0.0,0.0,0.0,0.0,0.0
35389,0.0,0.0,0.0,0.0,0.0,0.0,0.0,0.0,0.0,0.0,0.0,0.0
35390,0.0,0.0,0.0,0.0,0.0,0.0,0.0,0.0,0.0,0.0,0.0,0.0
35391,0.0,0.0,0.0,0.0,0.0,0.0,0.0,0.0,0.0,0.0,0.0,0.0
35392,0.0,0.0,3112.775736913085,13470.069555960596,30217.833726216108,38094.9529122822,40341.99228255451,13600.823981991038,0.0,0.0,0.0,0.0
35437,0.0,0.0,0.0,57496.20954564214,-2503338.2847602367,451848.602209568,-7721239.610448886,-5523355.010926917,-1542732.677511245,0.0,0.0,0.0
35444,0.0,0.0,-1404624.0248856544,-4794772.0583975315,4656208.600201577,5734361.793936944,13321445.183654845,13697934.51015296,23840.84624677524,0.0,0.0,0.0
35513,0.0,0.0,0.0,0.0,0.0,0.0,0.0,0.0,0.0,0.0,0.0,0.0
35522,0.0,0.0,0.0,0.0,0.0,0.0,0.0,0.0,0.0,0.0,0.0,0.0
35526,0.0,0.0,0.0,-47111.21247407794,-1446398.1315078437,-2510027.6220646054,-6135140.621205419,-6127584.869962588,-2764655.331876725,-175495.88345471025,0.0,0.0
35530,0.0,0.0,0.0,0.0,-4292871.081315674,-10151799.102815941,-18262603.260162555,-10235173.0,-7842981.001595691,0.0,0.0,0.0
35574,0.0,0.0,0.0,-173904.45608492196,-5126807.09385068,-8199224.499502927,-7637725.496242419,-2484561.78544271,-1297671.2447885573,-643005.9465713948,-148338.05060561,0.0
35575,0.0,0.0,0.0,-78590.76197555661,-2509880.4713173807,-5542308.346686602,-5571459.897531629,-2567215.887079835,-1568083.3182718158,-703575.9457196891,-151223.0763783157,0.0
35576,0.0,0.0,0.0,408.4923326820135,16106.614495482296,33706.43923166394,27525.393495500088,13492.869454979897,-822.6135627478361,-5661.092377252877,-1404.8651457577944,0.0
35577,0.0,0.0,0.0,-51.189696818590164,-1926.4502911120653,-9540.782135218382,-9693.392530024052,-10365.379390746355,-9650.986427247524,-35619.32522971183,-1697.8356642927974,0.0
35580,0.0,0.0,0.0,0.0,-301597.58412979543,-2440324.876572877,-2536624.572979808,-1177716.8707841039,-818310.7396069765,-328984.3775896281,0.0,0.0
35581,0.0,0.0,0.0,0.0,-256286.2698160559,-1601798.3056692109,-2034179.1683453172,-1005726.0121235251,-336102.99263989925,-226181.3386998102,0.0,0.0
35582,0.0,0.0,0.0,0.0,0.0,0.0,0.0,0.0,0.0,0.0,0.0,0.0
35583,0.0,0.0,0.0,516.9654053151608,975548.2944455445,3870963.7548942417,2165968.628148854,1480626.4819495678,596855.4668726921,20959.55682323873,1491.1097497567534,0.0
35588,0.0,0.0,0.0,0.0,0.0,0.0,0.0,0.0,0.0,0.0,0.0,0.0
35589,0.0,0.0,0.0,0.0,1926.1175017356873,18176.338767558336,61239.492467969656,82821.87734367326,20688.58508989215,4996.40852996707,0.0,0.0
35590,0.0,0.0,0.0,0.0,0.0,0.0,0.0,0.0,0.0,0.0,0.0,0.0
35591,0.0,0.0,0.0,0.0,2108.147041786462,13512.566602788866,17334.724598619156,27901.326439139433,4676.443301983178,313.08730962127447,0.0,0.0
35592,0.0,0.0,0.0,0.0,3384.3411178439856,55534.12206058949,154141.85926225036,269155.724573113,58424.80776643753,9766.417069718242,0.0,0.0
35597,0.0,0.0,0.0,0.0,637.4451539516449,6379.357735842466,38455.32628658414,89361.43179136515,29225.267701745033,3712.8467025458813,0.0,0.0
35598,0.0,0.0,0.0,0.0,0.0,0.0,0.0,0.0,0.0,0.0,0.0,0.0
35599,0.0,0.0,0.0,87894.99019052088,-12882.16079890728,4207277.977989376,2603245.331776552,2113801.835090749,861860.1074453779,399627.0170990095,0.0,0.0
35607,0.0,0.0,0.0,0.0,0.0,0.0,0.0,0.0,0.0,0.0,0.0,0.0
35611,0.0,0.0,0.0,0.0,0.0,0.0,0.0,0.0,0.0,0.0,0.0,0.0
35612,0.0,0.0,0.0,0.0,0.0,0.0,0.0,0.0,0.0,0.0,0.0,0.0
35690,0.0,0.0,0.0,0.0,0.0,0.0,0.0,0.0,0.0,0.0,0.0,0.0
35691,0.0,0.0,1519.7154332101345,50787.83454026282,287566.6031351313,336238.7265856676,409639.71241934784,194325.74060338736,0.0,0.0,0.0,0.0
35693,0.0,0.0,433509.0713891983,1612558.6509375572,7014618.727545351,9479655.00746869,12247638.034617404,3168011.2913228646,-272167.0384036768,0.0,0.0,0.0
35697,0.0,0.0,71311.72745615244,653047.7774908841,2440246.198359117,2633675.227519326,2775226.668008119,607527.6597159626,0.0,0.0,0.0,0.0
35698,0.0,0.0,0.0,909559.4594050944,4992267.723768299,5990084.81021715,7392934.206442837,3586061.045895472,0.0,0.0,0.0,0.0
35699,0.0,0.0,0.0,-13661.752781720832,-133095.77527087927,0.0,0.0,0.0,0.0,0.0,0.0,0.0
35700,0.0,0.0,-2249.7413603812456,-77776.78152255714,-2887.55859375,0.0,0.0,0.0,0.0,0.0,0.0,0.0
35701,0.0,0.0,352510.9342875518,3297477.847963676,5446909.820795337,5379682.709441908,3757284.213629639,0.0,0.0,0.0,0.0,0.0
35702,0.0,0.0,0.0,0.0,0.0,0.0,0.0,0.0,0.0,0.0,0.0,0.0
35703,0.0,0.0,0.0,0.0,-809323.125,-90432.984375,-17823.1640625,-72783.6015625,0.0,0.0,0.0,0.0
35704,0.0,0.0,0.0,0.0,0.0,0.0,0.0,0.0,0.0,0.0,0.0,0.0
35705,0.0,0.0,295.5177494287491,1765.5297368494794,4169.5417972086,5741.951720846817,5927.758375007659,1521.3104078536853,0.0,0.0,0.0,0.0
35706,0.0,0.0,2402.0232188999653,16324.052653480321,0.0,0.0,0.0,0.0,0.0,0.0,0.0,0.0
35707,0.0,0.0,-7022.837647497654,-43039.884124506265,0.0,0.0,0.0,0.0,0.0,0.0,0.0,0.0
35708,0.0,0.0,0.0,-534212.5703291111,-5261367.183739824,-1157574.0,0.0,0.0,-329756.75,0.0,0.0,0.0
35709,0.0,0.0,-78686.64413061738,-316631.2336484492,-2854887.7451318204,-4638277.700349387,-1029162.375,0.0,0.0,0.0,0.0,0.0
35710,0.0,0.0,-50196.720284581184,-469989.07994300127,-2661633.198848553,-1286462.446144361,-134761.28683465812,-96842.87654760573,-103052.2981140865,0.0,0.0,0.0
35711,0.0,0.0,0.0,0.0,0.0,0.0,0.0,0.0,0.0,0.0,0.0,0.0
35712,0.0,0.0,0.0,0.0,0.0,0.0,0.0,0.0,0.0,0.0,0.0,0.0
35713,0.0,0.0,0.0,-508.2855263352394,-2948867.9381192923,-6344042.080843352,-1626357.6383260526,-207080.90625,-112027.31915708352,0.0,0.0,0.0
35716,0.0,0.0,-171882.29961654544,-1012904.8306866735,-4087867.29686144,-10283513.116224186,-400237.4375,-3810388.0,424.2724507134408,0.0,0.0,0.0
35717,0.0,0.0,0.0,0.0,0.0,0.0,0.0,0.0,0.0,0.0,0.0,0.0
35721,0.0,0.0,-383828.4837179184,-1957528.987352632,-20858.9375,0.0,0.0,-17356.396484375,0.0,0.0,0.0,0.0
35722,0.0,0.0,-149200.536456272,-795086.065282952,0.0,0.0,0.0,0.0,0.0,0.0,0.0,0.0
35723,0.0,0.0,-13508.197657175362,-39667.34375,0.0,0.0,0.0,0.0,0.0,0.0,0.0,0.0
35724,0.0,0.0,0.0,0.0,-26964.41796875,-1187.53759765625,0.0,0.0,0.0,0.0,0.0,0.0
35725,0.0,0.0,1568.8668949455023,10178.060315777082,124342.71313384222,295594.28095675074,344833.5761910705,298380.5465062093,56469.417056304635,0.0,0.0,0.0
35726,0.0,0.0,52390.37323538959,243633.8818174824,912681.8785558119,1768969.9756336212,1944267.475071378,1381834.1920576654,317971.34448527265,0.0,0.0,0.0
35727,0.0,0.0,0.0,783.1001320518553,65339.386263490655,485523.18606922776,542359.7562983502,533716.6697840411,203778.07802266628,3492.3338412952726,5972.607251390698,1739.9007935319096
35728,0.0,0.0,0.0,0.0,0.0,0.0,0.0,0.0,0.0,0.0,0.0,0.0
35729,0.0,0.0,-2236.071796797216,-18572.117741402704,-46217.190850681625,0.0,0.0,0.0,0.0,0.0,0.0,0.0
35730,0.0,0.0,374688.9757783562,2834097.391643867,7311289.60960564,8376680.754521973,8992194.47229412,4164666.8322023926,0.0,0.0,0.0,0.0
35731,0.0,0.0,0.0,0.0,0.0,0.0,0.0,0.0,0.0,0.0,0.0,0.0
35732,0.0,0.0,0.0,0.0,0.0,0.0,0.0,0.0,0.0,0.0,0.0,0.0
35733,0.0,0.0,0.0,0.0,0.0,0.0,0.0,0.0,0.0,0.0,0.0,0.0
35734,0.0,0.0,0.0,0.0,0.0,0.0,0.0,0.0,0.0,0.0,0.0,0.0
35735,0.0,0.0,0.0,0.0,0.0,0.0,0.0,0.0,0.0,0.0,0.0,0.0
35736,0.0,0.0,0.0,0.0,0.0,0.0,0.0,0.0,0.0,0.0,0.0,0.0
35738,0.0,0.0,0.0,0.0,0.0,0.0,0.0,0.0,0.0,0.0,0.0,0.0
35739,0.0,0.0,0.0,0.0,0.0,0.0,0.0,0.0,0.0,0.0,0.0,0.0
35740,0.0,0.0,0.0,0.0,0.0,0.0,0.0,0.0,0.0,0.0,0.0,0.0
35741,0.0,0.0,10193.711054950953,36084.12891685963,141066.84672759473,196623.66288409382,279393.06039574,176771.06194126606,53508.02706165239,0.0,0.0,0.0
35745,0.0,0.0,27073.14198178053,109686.85504001379,290044.68619051576,361394.2226944268,393950.0727740526,178886.32759307325,15545.17803350091,0.0,0.0,0.0
35746,0.0,0.0,-223200.918135643,-765051.7251972854,-1526778.7513819337,-1592986.6044945568,-1608569.8752311654,-226850.2559291348,11341.161945778877,0.0,0.0,0.0
35747,0.0,0.0,6098.953684002161,21791.78299279511,47430.121152713895,52929.24586966634,55950.08344526589,13536.752651847899,332.7962087932974,0.0,0.0,0.0
35752,0.0,0.0,842.0964529663324,11880.804937884212,74727.59875635803,104204.64252738655,113184.63677461073,61597.02241074853,0.0,0.0,0.0,0.0
35753,0.0,0.0,78128.42753988504,260523.18265366554,645663.4926178455,776403.1899567451,674140.8827465312,94115.79844301939,8267.637931495905,0.0,0.0,0.0
35754,0.0,0.0,333220.3461546898,822860.4691728354,2279154.8838136196,2755043.5979935154,2254981.2969711125,201184.49519574642,5884.448703527451,59.07500213384628,0.0,0.0
35755,0.0,0.0,72606.81848549843,228590.44309794903,1508102.7569295168,2548644.262328744,3118106.725523114,1811298.2870995998,547219.5247629881,14502.946598291397,0.0,0.0
35756,0.0,0.0,4618.668992817402,21538.12827526033,107193.5710538216,83541.97128585353,95054.2543373853,32315.558269293513,0.0,0.0,0.0,0.0
35785,0.0,0.0,0.0,0.0,0.0,-7926626.0495412685,-43949.51171875,-80782.5234375,0.0,0.0,0.0,0.0
35786,0.0,0.0,91.26626569032669,1094.1473171710968,10364.243122525513,23507.698873389512,-3245334.9119947394,10077.093314187601,2311.309040609747,0.0,0.0,0.0
35787,0.0,0.0,0.0,0.0,-10474.111559286714,-53043.05792637728,-92147.42147326656,-63634.508975671604,-28671.57442996651,-4234.3663358949125,0.0,0.0
35788,0.0,0.0,0.0,0.0,0.0,0.0,0.0,0.0,0.0,0.0,0.0,0.0
35789,0.0,0.0,0.0,0.0,0.0,0.0,0.0,0.0,0.0,0.0,0.0,0.0
35790,0.0,11178.069700062275,179706.80127680302,977224.626403451,3141426.4056693967,4172502.4982713275,3364219.3010010757,1220391.0397038497,20472.307557605673,0.0,0.0,0.0
35880,0.0,0.0,0.0,0.0,0.0,0.0,0.0,0.0,0.0,0.0,0.0,0.0
35882,0.0,0.0,0.0,0.0,0.0,0.0,0.0,0.0,0.0,0.0,0.0,0.0
35884,0.0,0.0,0.0,0.0,-4318.243883669376,-18964.945302963257,-28213.215698182583,-19251.449037849903,-12834.64157345891,-1337.7882340699434,0.0,0.0
35925,0.0,0.0,0.0,-146292.06531594694,-2445141.4118701518,-9139917.641276076,-6723485.269106865,-2713897.871566355,-1141997.8168016076,0.0,0.0,0.0
35926,0.0,0.0,0.0,-45.07030863687396,-2278.080074325204,-16932.555902980268,-22068.76384279877,-14515.827545374632,-13824.53990137577,-15973.77979182452,-2157.084298159927,0.0
35927,0.0,0.0,0.0,0.0,-1924.364745017141,-72352.31009594351,-149102.31325583532,-102006.8530189097,-84299.2097594738,-95716.29988348484,-9714.200904497877,0.0
35928,0.0,0.0,0.0,0.0,30.8707008138299,1981.166521295905,4391.202482799068,2149.019349053502,1095.7880638241768,1520.613314120099,0.0,0.0
35929,0.0,0.0,0.0,0.0,20006.409129370004,736922.5182233565,727868.0983924866,768721.9253993034,496695.89599978924,564923.9963777587,23004.812718262896,0.0
35930,0.0,0.0,0.0,3893.3956099003553,399623.1310724169,1695152.5718882456,839082.4952391386,628066.9969980717,222284.53307545185,50836.571299254894,0.0,0.0
35935,0.0,0.0,0.0,0.0,0.0,0.0,0.0,0.0,0.0,0.0,0.0,0.0
35936,0.0,0.0,0.0,0.0,25567.17676898837,149678.7353489995,223299.86493816972,297953.2522440553,62788.713732138276,15325.52105987072,0.0,0.0
35937,1575.8786671161652,3517.228898525238,0.0,0.0,6761.950803995132,147357.10365480185,353487.00452649593,510497.88092443347,133432.19688874483,21256.46987056732,0.0,0.0
35938,0.0,0.0,0.0,0.0,459.8373426795006,8701.962287187576,21621.514482975006,38110.00256317854,8908.802614152431,1216.6559510231018,0.0,0.0
35944,9930.265650939196,542.2861523553729,0.0,0.0,2054.460204064846,8938.71710717678,59522.3138653636,115093.75359437242,40899.78209660947,5943.478757306933,1802.2513040304184,0.0
35945,0.0,0.0,0.0,0.0,0.0,-2164443.8139798436,-1420050.625,0.0,0.0,0.0,0.0,0.0
35949,0.0,55863.89557480812,5224989.348251462,14744093.34877348,41254640.331935465,44317982.21787598,41488376.0343557,8686834.489697173,51126.35398264602,0.0,0.0,0.0
35953,0.0,0.0,0.0,0.0,244427.57549870014,1228660.8491734862,2044747.4656904936,1738163.746046573,1004884.0125894397,84053.31483975053,0.0,0.0
35954,0.0,0.0,0.0,0.0,0.0,0.0,0.0,0.0,0.0,0.0,0.0,0.0
35955,0.0,0.0,0.0,47458.5689214021,289067.4363379106,614219.711858049,656974.3027528711,483612.6656937152,118805.63340722397,0.0,0.0,0.0
35958,0.0,0.0,0.0,0.0,0.0,0.0,0.0,0.0,0.0,0.0,0.0,0.0
36035,0.0,0.0,0.0,0.0,0.0,0.0,0.0,0.0,0.0,0.0,0.0,0.0
36036,0.0,0.0,0.0,0.0,0.0,0.0,0.0,0.0,0.0,0.0,0.0,0.0
36037,0.0,0.0,0.0,0.0,0.0,0.0,0.0,0.0,0.0,0.0,0.0,0.0
36038,0.0,0.0,254933.3194937706,1709965.6310379505,4010007.5221077204,3694224.3314968944,4457021.578429848,735761.0714001162,0.0,0.0,0.0,0.0
36039,0.0,0.0,-6188.615677595139,-40425.91497490555,-91848.4090821296,-98147.00378660113,-96129.72739360482,-11068.096379538998,0.0,0.0,0.0,0.0
36040,0.0,0.0,0.0,0.0,0.0,0.0,0.0,0.0,0.0,0.0,0.0,0.0
36042,0.0,0.2992250919342041,-151594.05969128013,84542.51157860458,-4396791.604254254,0.0,0.0,0.0,0.0,0.0,0.0,0.0
36043,0.0,0.0,-417479.18373604864,-1837207.4552413719,-160796.15625,0.0,0.0,0.0,0.0,0.0,0.0,0.0
36063,0.0,0.0,-61847.552530382294,-162.40313720703125,0.0,0.0,0.0,0.0,0.0,0.0,0.0,0.0
36064,0.0,0.0,0.0,0.0,0.0,0.0,0.0,0.0,0.0,0.0,0.0,0.0
36065,0.0,0.0,0.0,0.0,0.0,0.0,0.0,0.0,0.0,0.0,0.0,0.0
36066,0.0,0.0,0.0,0.0,0.0,0.0,0.0,0.0,0.0,0.0,0.0,0.0
36067,0.0,0.0,0.0,0.0,0.0,0.0,0.0,0.0,0.0,0.0,0.0,0.0
36068,0.0,0.0,0.0,0.0,0.0,0.0,0.0,0.0,0.0,0.0,0.0,0.0
36069,0.0,0.0,0.0,0.0,0.0,0.0,0.0,0.0,0.0,0.0,0.0,0.0
36070,0.0,0.0,10682.679578125477,45126.751010887325,131744.89886152,147406.40054495912,159015.1432070909,57645.53347732965,0.0,0.0,0.0,0.0
36071,0.0,0.0,234.42077451199293,2964.684569373727,9079.661219999194,10906.700248306617,12187.11049202457,6456.2937296666205,0.0,0.0,0.0,0.0
36072,0.0,0.0,4373.685529619455,15175.871216729283,28734.407086014748,31717.655644237995,28837.843541858718,4454.563942740671,0.0,0.0,0.0,0.0
36074,0.0,0.0,526.7624761760235,1797.2773958966136,4302.411387046799,4840.44633310847,4898.481949003413,1224.065694866702,0.0,0.0,0.0,0.0
36075,0.0,0.0,0.0,4417.966211173683,33994.02549687773,62677.9165266864,75424.09198669344,58738.879898166284,10047.86490702536,0.0,0.0,0.0
36076,0.0,0.0,7416.5530646294355,30928.405244324356,104253.78249407373,121700.1891695913,126335.81046771072,50397.26615611091,0.0,0.0,0.0,0.0
36077,0.0,-17501.585592389107,-154270.3292810917,-359954.84707191586,-554708.9930758923,-526858.3481027782,-157401.897214368,65007.85883564502,24292.876297973096,0.0,0.0,0.0
36078,0.0,2962.4946774430573,25212.409255566075,65149.40314028133,0.0,0.0,41848.585869712755,0.0,0.0,0.0,0.0,0.0
36079,0.0,0.0,268225.5807070136,1882741.7517490536,4243412.231604807,4318256.821094487,3822807.138783727,5614.172062597936,17813.923017811496,0.0,0.0,0.0
36184,0.0,0.0,0.0,0.0,0.0,0.0,0.0,0.0,0.0,0.0,0.0,0.0
36185,0.0,0.0,0.0,0.0,0.0,0.0,0.0,0.0,0.0,0.0,0.0,0.0
36186,0.0,0.0,0.0,0.0,0.0,0.0,0.0,0.0,0.0,0.0,0.0,0.0
36248,0.0,0.0,0.0,-41351.651362895966,-1198726.8809359372,-4494574.615842938,-4443131.579952359,-2758147.094580531,-2134792.4562108517,-1726825.9206019938,-479484.33193054795,0.0
36249,0.0,0.0,0.0,-272.7339371778071,-9856.075892560184,-57309.0896711722,-67248.55971053243,-63724.793309777975,-58104.963233202696,-54938.99094994739,-9234.846552543342,0.0
36250,0.0,0.0,0.0,0.0,369.40616409131326,13615.555220852722,10575.449697598815,16244.471921596676,8933.681251304224,12617.834082904272,524.7607444482855,0.0
36256,0.0,0.0,0.0,0.0,3509.694318410009,122760.916511368,148132.8347214386,153932.88403461874,78945.26610916853,26096.72586479783,0.0,0.0
36258,0.0,0.0,0.0,0.0,0.0,0.0,0.0,0.0,0.0,0.0,0.0,0.0
36259,0.0,0.0,0.0,1180.1069830656052,39373.592615514994,174246.60565716028,242742.42440885305,357727.6150496602,68181.05565863848,4763.783938586712,0.0,0.0
36260,0.0,0.0,0.0,0.0,60.743510127067566,4950.381735980511,41307.85990583897,70068.2525497675,20112.19467806816,5172.85485714674,0.0,0.0
36268,13909.977060072124,578.599750161171,0.0,0.0,24095.7064050138,103377.36919376254,230383.88055178523,346999.7454737723,145173.01218432188,14321.493277072906,4029.422702550888,135.8057044148445
36269,0.0,0.0,0.0,0.0,66247.8447170686,271445.52402622066,437441.87217381224,386817.49382392876,245895.79585931264,37811.75583874178,0.0,0.0
36276,0.0,0.0,0.0,0.0,0.0,0.0,0.0,0.0,0.0,0.0,0.0,0.0
36277,0.0,0.0,0.0,0.0,0.0,0.0,0.0,0.0,0.0,0.0,0.0,0.0
36281,0.0,0.0,0.0,0.0,0.0,0.0,0.0,0.0,0.0,0.0,0.0,0.0
36358,0.0,0.0,0.0,0.0,0.0,0.0,0.0,0.0,0.0,0.0,0.0,0.0
36359,0.0,0.0,0.0,0.0,0.0,0.0,0.0,0.0,0.0,0.0,0.0,0.0
36360,0.0,0.0,0.0,0.0,0.0,0.0,0.0,0.0,0.0,0.0,0.0,0.0
36361,0.0,0.0,0.0,0.0,0.0,0.0,0.0,0.0,0.0,0.0,0.0,0.0
36362,0.0,0.0,-60.76455557346344,-1561.3402298390865,-2951.397906191647,-2413.3159903511405,-1755.5136314481497,1138.846687477082,388.00222370773554,0.0,0.0,0.0
36363,0.0,0.0,0.0,0.0,-398304.0625,-259877.265625,-196481.40625,-133173.703125,0.0,0.0,0.0,0.0
36364,0.0,0.0,0.0,0.0,0.0,0.0,0.0,0.0,0.0,0.0,0.0,0.0
36365,0.0,0.0,-295959.89712530375,-1700928.8162333816,-2582840.25,0.0,0.0,0.0,-46202.9609375,0.0,0.0,0.0
36380,0.0,0.0,0.0,-445749.09424210526,0.0,0.0,0.0,0.0,-624554.5625,0.0,0.0,0.0
36387,0.0,-27846.841060496867,-461184.13051683456,-1776682.1759207007,-550025.9375,0.0,0.0,-2492.064697265625,0.0,0.0,0.0,0.0
36388,-15947.963322419673,-291.11153632216156,0.0,0.0,0.0,0.0,0.0,0.0,-16380.246272655437,-20335.21427804092,-44490.32893690653,-15212.647346152691
36389,0.0,0.0,0.0,0.0,0.0,0.0,0.0,0.0,0.0,0.0,0.0,0.0
36390,0.0,0.0,0.0,0.0,0.0,0.0,0.0,0.0,0.0,0.0,0.0,0.0
36391,0.0,0.0,0.0,412.1338475153316,7480.571045088,18656.554116978776,21580.254224968143,20410.31383254472,5791.397210548399,0.0,0.0,0.0
36392,0.0,0.0,0.0,0.0,0.0,0.0,0.0,0.0,0.0,0.0,0.0,0.0
36393,0.0,0.0,0.0,0.0,0.0,0.0,0.0,0.0,0.0,0.0,0.0,0.0
36394,0.0,0.0,0.0,0.0,0.0,0.0,0.0,0.0,0.0,0.0,0.0,0.0
36395,0.0,0.0,21672.88268057257,11605.766237908974,0.0,0.0,65301.73874664679,0.0,0.0,0.0,0.0,0.0
36399,0.0,-8501.050496578217,-192665.77660560608,-824697.5939486325,0.0,-348835.375,0.0,0.0,0.0,0.0,0.0,0.0
36407,0.0,0.0,0.0,0.0,0.0,0.0,0.0,0.0,0.0,0.0,0.0,0.0
36433,0.0,0.0,-199490.14735848457,-1669224.1772938892,-5299521.491056085,0.0,0.0,0.0,0.0,0.0,0.0,0.0
36489,0.0,0.0,0.0,0.0,0.0,0.0,0.0,0.0,0.0,0.0,0.0,0.0
36491,0.0,0.0,0.0,0.0,0.0,0.0,0.0,0.0,0.0,0.0,0.0,0.0
36492,0.0,0.0,0.0,0.0,0.0,0.0,0.0,0.0,0.0,0.0,0.0,0.0
36493,0.0,0.0,0.0,0.0,0.0,0.0,0.0,0.0,0.0,0.0,0.0,0.0
36498,0.0,0.0,0.0,0.0,0.0,0.0,0.0,0.0,0.0,0.0,0.0,0.0
36502,0.0,0.0,0.0,0.0,0.0,0.0,0.0,0.0,0.0,0.0,0.0,0.0
36504,0.0,0.0,0.0,0.0,0.0,0.0,0.0,0.0,0.0,0.0,0.0,0.0
36506,0.0,0.0,0.0,0.0,0.0,0.0,0.0,0.0,0.0,0.0,0.0,0.0
36509,0.0,0.0,0.0,0.0,0.0,0.0,0.0,0.0,0.0,0.0,0.0,0.0
36510,0.0,0.0,0.0,0.0,0.0,0.0,0.0,0.0,0.0,0.0,0.0,0.0
36563,0.0,0.0,0.0,111.09809582680464,2691.1486897319555,8785.426159963012,7064.5244149416685,4847.2486963272095,1919.7801035046577,0.0,0.0,0.0
36564,0.0,0.0,0.0,0.0,0.0,0.0,0.0,0.0,0.0,0.0,0.0,0.0
36565,0.0,0.0,0.0,1404.699337363243,-665444.6036133766,-18860630.133496046,-10441052.28843224,-11468369.689705372,-10473183.74010086,-2288201.2360049486,-126576.42741334438,0.0
36570,0.0,0.0,0.0,14337.238648831844,471504.442830652,2993746.1284004003,2575117.6922486722,2851566.5495518297,1185518.5465964377,635726.7515612692,0.0,0.0
36571,0.0,0.0,0.0,0.0,0.0,0.0,0.0,0.0,0.0,0.0,0.0,0.0
36572,0.0,0.0,0.0,0.0,0.0,0.0,0.0,0.0,0.0,0.0,0.0,0.0
36573,0.0,0.0,0.0,0.0,0.0,0.0,0.0,0.0,0.0,0.0,0.0,0.0
36575,0.0,14.940829820930958,0.0,0.0,161.57260973006487,2635.5498203635216,6183.365641497076,9723.653938641772,3487.968220908195,583.6639068871737,0.0,0.0
36576,0.0,0.0,0.0,0.0,437.94806027412415,3326.9368359446526,27559.73129326105,50125.6575832814,23334.193991482258,7640.47787681222,0.0,0.0
36577,0.0,0.0,0.0,0.0,71.68960267305374,738.5831348598003,4633.293826580048,8244.171953305602,3586.6826598346233,708.7252410054207,0.0,0.0
36578,0.0,0.0,0.0,0.0,0.0,0.0,0.0,0.0,0.0,0.0,0.0,0.0
36579,0.0,0.0,0.0,0.0,266.80942076444626,3788.8981350064278,28645.07784229517,48397.716680169106,18197.843029379845,5619.191417753696,0.0,0.0
36586,38147.497927606106,7.608395844697952,0.0,2402.1524740457535,168746.38282173872,279205.08354741335,459822.59804570675,647151.024310112,149770.80861377716,6880.506083548069,22863.141516447067,1755.524990439415
36588,185581.25308656693,7236.825570702553,0.0,1514.861276626587,273508.53975486755,625625.5999734402,1303061.5194895267,2265157.3250564337,913371.7067742348,64969.14957880974,72924.8342871666,4427.565417766571
36589,0.0,0.0,0.0,0.0,0.0,0.0,0.0,0.0,0.0,0.0,0.0,0.0
36591,0.0,0.0,0.0,66482.76661629975,471641.7995058708,888174.5309300162,941986.0742034018,697525.5370290019,149929.32401579712,0.0,0.0,0.0
36595,0.0,0.0,0.0,0.0,0.0,0.0,0.0,0.0,0.0,0.0,0.0,0.0
36596,0.0,0.0,0.0,0.0,0.0,0.0,0.0,0.0,0.0,0.0,0.0,0.0
36598,0.0,0.0,0.0,0.0,0.0,0.0,0.0,0.0,0.0,0.0,0.0,0.0
36677,0.0,0.0,0.0,0.0,0.0,0.0,0.0,0.0,0.0,0.0,0.0,0.0
36678,0.0,0.0,0.0,0.0,0.0,0.0,0.0,0.0,0.0,0.0,0.0,0.0
36679,0.0,0.0,5387.167195260525,24467.347934797406,45695.296288535,55523.25862237066,48017.54227466509,0.0,0.0,0.0,0.0,0.0
36682,0.0,0.0,0.0,0.0,0.0,0.0,0.0,0.0,0.0,0.0,0.0,0.0
36683,0.0,0.0,0.0,0.0,0.0,0.0,0.0,0.0,0.0,0.0,0.0,0.0
36684,0.0,0.0,-3359.096774369478,-22771.301182687283,-46803.92098552361,0.0,0.0,0.0,0.0,0.0,0.0,0.0
36685,0.0,0.0,102.4308103621006,1669.7054432108998,8217.250705141574,-3122.486328125,-1072.617919921875,4809.344161119312,0.0,0.0,0.0,0.0
36686,0.0,0.0,1726.988844640553,10353.367758084089,0.0,0.0,0.0,0.0,-796.8933801408857,0.0,0.0,0.0
36687,0.0,48.24614858627319,60330.25625324249,312843.6569984555,894058.8008114174,1200164.9694090262,-39389.2896037586,301410.1485440433,0.0,0.0,0.0,0.0
36688,0.0,0.0,-134528.78529605456,-502664.711231699,-25893.646484375,0.0,0.0,-63816.75390625,-280600.96875,0.0,0.0,0.0
36689,0.0,0.0,-1656.9859346747398,-25226.786304742098,-2461632.248784095,-2125891.5134152574,-90535.7421875,-266651.65625,-39.600093841552734,0.0,0.0,0.0
36699,0.0,0.0,0.0,-356393.5835335823,0.0,0.0,0.0,-15985.0166015625,0.0,0.0,0.0,0.0
36701,0.0,0.0,-61246.2486089468,-53177.88025571406,-639208.0625,0.0,0.0,0.0,0.0,0.0,0.0,0.0
36714,0.0,0.0,0.0,0.0,-351385.789089201,0.0,0.0,0.0,0.0,0.0,0.0,0.0
36715,0.0,0.0,0.0,255555.50192747067,3585683.672879045,11079425.536724132,12486186.703517914,12293008.199661154,4418611.574274622,0.0,0.0,0.0
36716,0.0,0.0,167722.19778855145,3404891.731666878,10122593.365327902,11969247.153874598,11832748.121210642,4400847.94205059,0.0,0.0,0.0,0.0
36717,0.0,0.0,45273.11307120323,1191023.3034783974,3711147.75536735,4416510.391342942,4525384.164317392,1968858.036289407,0.0,0.0,0.0,0.0
36718,0.0,0.0,-2120.0080312723294,-57029.30834435299,0.0,0.0,0.0,0.0,0.0,0.0,0.0,0.0
36719,0.0,0.0,322774.06653114036,2187205.1202119896,4943409.29773088,5635354.295464927,5572128.467362443,1787711.0015082285,0.0,0.0,0.0,0.0
36720,0.0,225837.20348728262,1380673.0853104934,3280978.807431445,4556608.429379544,5218722.052456981,2697989.8741173088,1036769.7226515549,416162.6643393212,0.0,0.0,0.0
36721,0.0,0.0,0.0,0.0,0.0,0.0,0.0,0.0,0.0,0.0,0.0,0.0
36722,0.0,0.0,0.0,0.0,0.0,0.0,0.0,0.0,0.0,0.0,0.0,0.0
36723,0.0,555.2773653734475,5824.850411850959,15537.511585841887,21719.2213568436,22208.4738454388,8776.57741919905,0.0,0.0,0.0,0.0,0.0
36724,0.0,3958.632133796811,53026.55789228156,131522.5344082145,-94225.109375,0.0,0.0,0.0,0.0,0.0,0.0,0.0
36725,0.0,-26243.71484656632,-324245.56394162774,-873340.0037420318,0.0,0.0,0.0,0.0,0.0,0.0,0.0,0.0
36726,0.0,0.0,40289.21786798537,147931.19831708074,215789.26059681177,-50458.98828125,0.0,0.0,0.0,0.0,0.0,0.0
36727,0.0,303.833085404709,2806.608917837031,6900.066120611271,9562.484259025194,-32558.783982411027,-25641.764654223807,0.0,0.0,0.0,0.0,0.0
36728,0.0,-345.9598475508392,-24098.4112412706,0.0,0.0,0.0,0.0,0.0,0.0,0.0,0.0,0.0
36736,0.0,0.0,0.0,0.0,0.0,0.0,0.0,0.0,0.0,0.0,0.0,0.0
36816,0.0,0.0,0.0,0.0,0.0,0.0,0.0,0.0,0.0,0.0,0.0,0.0
36823,0.0,0.0,0.0,0.0,0.0,0.0,0.0,0.0,0.0,0.0,0.0,0.0
36824,0.0,0.0,0.0,0.0,0.0,0.0,0.0,0.0,0.0,0.0,0.0,0.0
36826,0.0,0.0,0.0,0.0,0.0,0.0,0.0,0.0,0.0,0.0,0.0,0.0
36829,0.0,0.0,0.0,0.0,0.0,0.0,0.0,0.0,0.0,0.0,0.0,0.0
36830,0.0,0.0,0.0,0.0,0.0,0.0,0.0,0.0,0.0,0.0,0.0,0.0
36831,0.0,0.0,0.0,0.0,0.0,0.0,0.0,0.0,0.0,0.0,0.0,0.0
36833,0.0,0.0,0.0,0.0,0.0,0.0,0.0,0.0,0.0,0.0,0.0,0.0
36835,0.0,0.0,0.0,0.0,0.0,0.0,0.0,0.0,0.0,0.0,0.0,0.0
36837,0.0,0.0,0.0,0.0,0.0,0.0,0.0,0.0,0.0,0.0,0.0,0.0
36895,0.0,0.0,0.0,-9634.733832210302,-387190.04709500074,-1076752.5888359994,-799658.9544206411,-630113.4590210319,-168775.44167864323,0.0,0.0,0.0
36896,0.0,0.0,0.0,0.0,0.0,0.0,0.0,0.0,0.0,0.0,0.0,0.0
36897,0.0,6352.736613482237,0.0,2225.064788863063,-18406.372935429215,-1380669.6008836403,-834828.8994480371,-1668612.007716298,-1207276.6661214232,-588337.4285193384,-85719.50897961855,627.9659957587719
36902,0.0,0.0,0.0,931.6730945110321,924009.2148611546,15841856.015541345,13448945.111569405,14844093.287694931,9287688.27947092,3285492.3947304487,267418.1076965928,0.0
36903,210569.12504175305,164183.0734762922,0.0,25798.592699810863,1575605.4319750816,5139703.894663297,3467422.3794759363,4415984.40320982,338332.7762169838,461902.87126969546,928965.5391716696,210557.8725900799
36904,0.0,0.0,0.0,0.0,0.0,0.0,0.0,0.0,0.0,0.0,0.0,0.0
36905,0.0,262.8245601952076,0.0,145.01826918125153,8959.251431673765,23989.38980475068,43193.14731234312,80788.70331554115,38441.62200180441,9965.707760736346,0.0,0.0
36906,0.0,0.0,0.0,0.0,981.105361789465,26520.707621648908,92173.64021754265,160689.9843045175,74139.36589093506,16244.581068366766,0.0,0.0
36907,0.0,0.0,0.0,0.0,3638.049829661846,37990.71364122629,88467.05373752117,167001.20951189846,65714.6345673427,12168.527537107468,0.0,0.0
36913,-4263.758838057518,-3808.9567856788635,0.0,2356.49662899971,217283.4137442112,202279.94643259048,193664.07037973404,265635.574677825,-64491.83089745045,10692.114215254784,10869.588444828987,561.5977625846863
36917,0.0,0.0,0.0,0.0,0.0,1157.5837864875793,24703.09617471695,40457.59854257107,23979.83773905039,933.0286331176758,0.0,0.0
36918,1143.8305097073317,51.927920907735825,0.0,0.0,1326.5176944583654,3456.950621575117,13240.06473955512,24391.63404649496,12362.47432911396,603.6010753214359,689.1549457013607,73.6642255783081
36919,7408.596407968551,445.50013794004917,0.0,0.0,56615.23909749836,81523.04607344419,140376.42120986432,160269.83107076958,77651.86740460992,5236.779968157411,8620.18379329145,763.0665332525969
36920,4111.668662533164,121.40372318029404,0.0,0.0,118304.4828479886,122839.51436753571,197080.31288945675,185296.58384024724,81922.69236451387,565.2922744452953,10922.994879692793,953.474238306284
36921,0.0,0.0,0.0,0.0,354125.14893594384,1362854.6042325944,2178920.764070647,2008000.4584741667,1290929.2157122092,83161.90844365524,0.0,0.0
36927,0.0,0.0,0.0,42413.88150807284,347405.29743545875,791616.9735602811,882066.5145203136,719220.2147486508,260479.80684243143,0.0,0.0,0.0
36951,0.0,0.0,0.0,0.0,0.0,149937.56878867932,293668.99753306806,342265.35573751293,295439.2630082704,115873.01894490235,13490.424424343742,0.0
37008,0.0,0.0,0.0,0.0,0.0,0.0,0.0,0.0,0.0,0.0,0.0,0.0
37009,0.0,0.0,0.0,0.0,0.0,0.0,0.0,0.0,0.0,0.0,0.0,0.0
37010,0.0,0.0,0.0,0.0,0.0,0.0,0.0,0.0,0.0,0.0,0.0,0.0
37011,0.0,0.0,27341.49401167035,175284.90574280918,348004.97492834926,409901.7404113114,360666.41115421057,32376.867710120976,0.0,0.0,0.0,0.0
37029,0.0,0.0,0.0,0.0,0.0,0.0,0.0,0.0,0.0,0.0,0.0,0.0
37045,0.0,-26071.363505582325,-112635.18278619368,-284492.99242656864,0.0,0.0,0.0,0.0,0.0,0.0,0.0,0.0
37046,0.0,0.0,0.0,0.0,0.0,0.0,0.0,0.0,0.0,0.0,0.0,0.0
37047,0.0,0.0,0.0,0.0,0.0,0.0,0.0,0.0,0.0,0.0,0.0,0.0
37048,0.0,0.0,0.0,0.0,0.0,0.0,0.0,0.0,0.0,0.0,0.0,0.0
37049,0.0,3331.871331129223,33325.73487266991,90925.26783699822,123158.70000254549,129102.90024350584,50426.61221817648,0.0,0.0,0.0,0.0,0.0
37050,0.0,0.0,7509.160636849701,31764.87154265307,-808522.3348193951,0.0,0.0,20872.81078404188,0.0,0.0,0.0,0.0
37051,0.0,4282.285425230861,38795.566533230245,105467.55254952516,99308.67386268638,0.0,0.0,0.0,0.0,0.0,0.0,0.0
37052,0.0,0.0,-6850.122597717214,0.0,0.0,0.0,0.0,0.0,0.0,0.0,0.0,0.0
37053,0.0,-25023.388280272484,-114223.76481875777,203976.66454529203,1031438.2211677395,704204.225152839,1226501.2224277984,0.0,0.0,0.0,0.0,0.0
37062,0.0,0.0,0.0,0.0,0.0,0.0,0.0,0.0,0.0,0.0,0.0,0.0
37087,0.0,1419.3884367607534,78849.94981510937,305855.3179614842,616987.223482877,-923349.6060411045,0.0,187275.17086144444,58058.186937157996,0.0,0.0,0.0
37094,0.0,936.8838547468185,167310.37236766517,1350248.5393167436,3208907.2339529544,4702750.673995882,4462241.376853839,1763480.7586420774,0.0,0.0,0.0,0.0
37097,0.0,-6869.259253792465,-152934.62527897954,-222621.33127411455,-74555.28949454427,0.0,93917.71519379318,-33912.466887652874,0.0,0.0,0.0,0.0
37140,0.0,0.0,0.0,0.0,0.0,0.0,0.0,0.0,0.0,0.0,0.0,0.0
37141,0.0,0.0,0.0,0.0,0.0,0.0,0.0,0.0,0.0,0.0,0.0,0.0
37142,0.0,0.0,0.0,0.0,0.0,0.0,0.0,0.0,0.0,0.0,0.0,0.0
37145,0.0,0.0,0.0,0.0,0.0,0.0,0.0,0.0,0.0,0.0,0.0,0.0
37146,0.0,0.0,0.0,0.0,0.0,0.0,0.0,0.0,0.0,0.0,0.0,0.0
37149,0.0,0.0,0.0,0.0,0.0,0.0,0.0,0.0,0.0,0.0,0.0,0.0
37156,0.0,0.0,0.0,0.0,0.0,0.0,0.0,0.0,0.0,0.0,0.0,0.0
37159,0.0,0.0,0.0,0.0,0.0,0.0,0.0,0.0,0.0,0.0,0.0,0.0
37162,0.0,0.0,0.0,0.0,0.0,0.0,0.0,0.0,0.0,0.0,0.0,0.0
37176,0.0,0.0,0.0,0.0,0.0,0.0,0.0,0.0,0.0,0.0,0.0,0.0
37220,0.0,0.0,0.0,241.2282067090273,8544.713973768055,27637.55626951158,18933.550044119358,17954.941752314568,7060.415296077728,0.0,0.0,0.0
37222,14443.87491498515,44945.91644759476,0.0,20697.51992660761,958678.0349599123,2157949.2150361715,1585592.7834601998,1855823.4638400972,419606.4949911386,314485.06443005614,457889.452932138,23286.908411733806
37223,0.0,0.0,0.0,0.0,78113.10401412845,890968.9588063955,766735.3660322428,1237919.781811893,707390.1766011119,171080.53534577787,33537.41917549074,0.0
37224,0.0,0.0,0.0,0.0,44829.10228841007,543057.1085090637,368902.85554865,796052.0236477852,381907.6206279993,209986.7696596086,59999.33633720875,0.0
37225,59406.5128377527,35662.14725229144,0.0,2738.0546828210354,364057.65561291575,2321252.726831304,591271.0706224442,1256817.4141523838,444935.82172602415,486569.9470638037,379097.4776978865,79915.84392101318
37226,139127.5057722358,11767.136692222208,0.0,11295.320613913238,1219806.5285089836,2974017.1995815216,2017778.7670949697,2303521.5154738277,243078.08998085558,381309.92461006716,662798.7956296001,176433.7332834918
37227,0.0,0.0,0.0,0.0,0.0,0.0,0.0,0.0,0.0,0.0,0.0,0.0
37228,0.0,0.0,0.0,0.0,0.0,0.0,0.0,0.0,0.0,0.0,0.0,0.0
37229,0.0,0.0,0.0,0.0,0.0,0.0,0.0,0.0,0.0,0.0,0.0,0.0
37230,262.3711847662926,1196.7590842917562,0.0,0.0,2142.630818217993,16663.437986716628,42844.760720551014,75092.23809426278,36328.04948925227,5218.1989408023655,213.91732639819384,0.0
37231,20.509911447763443,681.1664556860924,0.0,0.0,1938.6466119289398,17653.222667455673,47272.47698330879,97135.96198439598,47126.0027090013,9017.864280164242,138.9272094964981,0.0
37235,15346.690053194761,3564.280488193035,129.23054134845734,2310.5945731401443,112695.44765663147,276436.73339635134,452375.75068855286,735427.9256894588,320804.9850206673,58590.50333982706,19962.03503316641,422.2773534655571
37236,10711.448680114001,0.0,0.0,827.0815392583609,100886.90456221998,216718.28785580397,229351.2112878859,444237.6652857587,176468.84838451073,17313.73481579125,26153.688448905945,783.708787728101
37237,5882.361778080463,3923.626008272171,0.0,2327.462313055992,176109.62076365948,351526.56273174286,415886.21260786057,734015.6997442245,366048.9223742485,35434.642248630524,20587.036407113075,1154.5569605827332
37240,22098.030190221965,1754.7986207082868,0.0,0.0,23263.04134233296,192942.61459182203,246778.63537558913,412038.65136954933,185251.6123186201,3011.5803726911545,18435.03034631908,1381.1973209306598
37241,5647.651740528643,765.5558465570211,0.0,2630.1641599833965,57712.496914580464,112586.03512890637,86247.70189867914,172557.07919568568,140727.72783041745,5035.301895365119,18784.056004434824,81.89143024384975
37242,10634.632024109364,1058.6863641738892,0.0,0.0,4070.294728040695,66014.06058120728,269229.6690785885,427900.9751883745,235048.3491539955,7074.739091038704,11736.983092784882,0.0
37243,-16835.232142418623,0.0,0.0,0.0,-113628.40373945236,-425766.6193907261,-473191.53234916925,-875419.603649497,-518453.8664674163,-7384.725249528885,-58337.96735268831,-80.29156857728958
37244,2265.4997894391418,184.60820543766022,0.0,0.0,572.0745535045862,10066.544012889266,55032.95356661081,78390.44141482934,44533.385004892945,1377.8675530403852,2820.5354933440685,277.26231123507023
37245,0.0,0.0,0.0,0.0,0.0,0.0,0.0,0.0,0.0,0.0,0.0,0.0
37246,152.14355930592865,0.0,0.0,0.0,40374.69008150138,36154.75144954771,64997.4090790553,43155.02859601006,36621.27879815735,325.7196516022086,2950.05272808671,0.0
37247,0.0,0.0,0.0,0.0,0.0,0.0,0.0,0.0,0.0,0.0,0.0,0.0
37248,0.0,0.0,0.0,0.0,0.0,0.0,0.0,0.0,0.0,0.0,0.0,0.0
37249,0.0,0.0,158177.76366512477,358067.15882743336,1254246.5896579027,1440218.408617109,1324444.2182993293,384313.13732739724,0.0,0.0,0.0,0.0
37250,0.0,0.0,0.0,-354608.68627122045,-2536519.7378380597,-4247917.322665919,-4026155.3838712573,-2866953.951099951,-88751.12831396237,96183.688810274,0.0,0.0
37256,0.0,0.0,0.0,0.0,0.0,0.0,0.0,0.0,0.0,0.0,0.0,0.0
37257,0.0,0.0,0.0,0.0,0.0,0.0,0.0,0.0,0.0,0.0,0.0,0.0
37305,0.0,0.0,2535.5774698257446,6394501.34978199,9681082.394107819,26440175.891658783,418259.1109418869,-13707388.016990185,-16914206.10048437,-4972646.695639133,-1140501.6208863258,0.0
37306,0.0,0.0,0.0,6306081.187988281,11477980.97290802,17130149.083633423,-19064610.67829895,-16929780.429927826,-13983036.308319092,-1260338.5789604187,0.0,0.0
37332,0.0,0.0,0.0,0.0,0.0,0.0,0.0,0.0,0.0,0.0,0.0,0.0
37333,0.0,0.0,-1703481.4198889732,-10949194.31044674,-21455262.28628847,-3499516.8247113973,150359.0009542387,-1589582.211014986,-3338.7012924849987,0.0,0.0,0.0
37348,0.0,0.0,0.0,-93718.84964242578,-94654.0276030004,-3673930.8618003726,-4105104.526363127,-2503414.0752405673,-206331.75624363124,0.0,0.0,0.0
37360,-22484.702112078667,-513789.4221559763,-2417115.360348761,-3731076.33372885,-5891330.58630532,-5139005.1818059385,-92887.10244268179,-493386.96865558624,-881671.1011954248,-581475.633464992,-210908.12938767672,-144765.21672570705
37367,0.0,0.0,0.0,0.0,0.0,-55167.40234375,-21.24606704711914,-15.274471282958984,-16.62989044189453,0.0,0.0,0.0
37368,0.0,0.0,153272.76608107984,-115467.51100488845,0.0,0.0,0.0,0.0,0.0,0.0,0.0,0.0
37374,0.0,0.0,0.0,0.0,0.0,0.0,0.0,0.0,0.0,0.0,0.0,0.0
37396,0.0,0.0,1124.8447592444718,-42587.8563656765,0.0,0.0,0.0,0.0,0.0,0.0,0.0,0.0
37400,0.0,-46017.22829735279,-1521377.775118351,-6387300.283994794,-21775362.497591674,-19174980.677965507,-10836149.508055568,-1702538.2769881338,36569.57579573989,0.0,0.0,0.0
37405,0.0,0.0,0.0,0.0,0.0,0.0,0.0,0.0,0.0,0.0,0.0,0.0
37456,0.0,0.0,0.0,0.0,0.0,0.0,0.0,0.0,0.0,0.0,0.0,0.0
37458,0.0,0.0,0.0,0.0,0.0,0.0,0.0,0.0,0.0,0.0,0.0,0.0
37460,0.0,0.0,0.0,0.0,0.0,0.0,0.0,0.0,0.0,0.0,0.0,0.0
37461,0.0,0.0,0.0,0.0,0.0,0.0,0.0,0.0,0.0,0.0,0.0,0.0
37463,0.0,0.0,0.0,0.0,0.0,0.0,0.0,0.0,0.0,0.0,0.0,0.0
37464,0.0,0.0,0.0,0.0,0.0,0.0,0.0,0.0,0.0,0.0,0.0,0.0
37465,0.0,0.0,0.0,0.0,0.0,0.0,0.0,0.0,0.0,0.0,0.0,0.0
37466,0.0,0.0,0.0,0.0,0.0,0.0,0.0,0.0,0.0,0.0,0.0,0.0
37467,0.0,0.0,0.0,0.0,0.0,0.0,0.0,0.0,0.0,0.0,0.0,0.0
37468,0.0,0.0,0.0,0.0,0.0,0.0,0.0,0.0,0.0,0.0,0.0,0.0
37472,0.0,0.0,0.0,0.0,0.0,0.0,0.0,0.0,0.0,0.0,0.0,0.0
37536,6996.435301840305,496.1927808523178,0.0,-37457.534642994404,-1362547.7510944605,-5566510.617244601,-7038606.235972285,-2774795.299206257,-3941922.9908280373,-2327253.690676987,-10121.730369746685,8202.76903706789
37537,-1582819.959610939,-1234116.9920802116,-128758.05013656616,-894390.3851430416,-22804729.044286013,-40446847.62917325,-29649371.46774721,-15367113.038100243,-4508313.4606227875,-7761687.4066541195,-5402509.364123344,-2059647.2294881344
37538,0.0,0.0,0.0,0.0,0.0,0.0,0.0,0.0,0.0,0.0,0.0,0.0
37539,3947.924749155529,4.551932692527771,0.0,1543.272297013551,56254.677956573665,95744.66500887647,81504.9641238749,101617.12908232957,11963.806159429252,18164.556680029258,25256.614926194772,3733.6496068220586
37540,0.0,0.0,0.0,0.0,0.0,0.0,0.0,0.0,0.0,0.0,0.0,0.0
37541,0.0,0.0,0.0,0.0,0.0,0.0,0.0,0.0,0.0,0.0,0.0,0.0
37542,439.60532362759113,2582.555106058717,0.0,7.648159921169281,27626.385491102934,39916.418053001165,67704.93877315521,157714.96187894046,97200.69344626367,18328.3320165053,1680.7199143618345,0.0
37543,862.5692334920168,2234.3487113267183,0.0,0.0,2812.7084997296333,16158.25300449133,51757.48039269447,98389.32615879178,49339.1848616004,6637.5687595158815,899.7122251391411,0.0
37544,1045.0072550736368,1158.2080293744802,0.0,43.583615213632584,3681.513876378536,6271.011187821627,23034.23286741972,49697.77521856129,29263.770991161466,4827.782422799617,882.5298374667764,0.0
37545,1217.6655737757683,0.0,0.0,80.49010249972343,42186.23928613961,66941.51662631333,43656.411820322275,100484.48972586542,57730.67794146575,13453.237328033894,6455.395982509479,0.0
37546,180.851677053608,28.2777188308537,0.0,0.0,231.96897631138563,1569.0033436529338,2117.496536873281,4054.3090858208016,1938.8056223788299,87.49446419719607,122.66674020560458,3.129806485027075
37547,2358.691014096141,686.5943120718002,0.0,0.0,3048.336853310466,37767.797114893794,69484.9768256396,100048.03861690313,59239.198885854334,1002.5229847431183,3109.20553702116,0.0
37548,996.0025268644094,0.0,0.0,438.829489171505,58692.0714712739,55194.21430724859,97037.97635856271,109681.98322501779,38789.03053701669,3406.366949364543,6370.241567142308,0.0
37549,3560.115294408053,659.0944654494524,0.0,0.0,3090.34967238456,27975.479699075222,50152.611998185515,103124.13909271732,56626.491205815226,414.6499854326248,4289.95009001717,40.101860016584396
37550,1840.0132326483727,2144.333729028702,0.0,0.0,15713.381845235825,71052.88915067911,101577.12738084793,190483.97588053346,96020.58779205382,4096.2414227724075,7402.635829985142,1.0637316703796387
37552,0.0,0.0,0.0,0.0,0.0,0.0,0.0,0.0,0.0,0.0,0.0,0.0
37553,1124.9270644262433,129.5356838926673,0.0,60.42300535738468,1892.5213681161404,10913.838735438883,13483.590611308813,20225.330602694303,12151.359748136252,156.95354445278645,1263.4552115947008,62.8754615560174
37554,0.0,0.0,0.0,0.0,0.0,0.0,0.0,0.0,0.0,0.0,0.0,0.0
37555,0.0,0.0,0.0,0.0,0.0,0.0,0.0,0.0,0.0,0.0,0.0,0.0
37556,0.0,0.0,0.0,0.0,0.0,0.0,0.0,0.0,0.0,0.0,0.0,0.0
37557,0.0,0.0,208265.63427734375,584393.7041796148,1993265.9036291093,2725781.722647678,2661697.1765625365,1186153.1734371707,269384.5842398256,0.0,0.0,0.0
37562,0.0,0.0,0.0,0.0,0.0,0.0,0.0,0.0,0.0,0.0,0.0,0.0
37585,0.0,0.0,0.0,0.0,0.0,0.0,0.0,0.0,0.0,0.0,0.0,0.0
37635,0.0,0.0,0.0,0.0,0.0,0.0,0.0,0.0,0.0,0.0,0.0,0.0
37636,0.0,0.0,0.0,0.0,0.0,0.0,0.0,0.0,0.0,0.0,0.0,0.0
37637,0.0,0.0,757.3836403265595,2509.805801913142,3374.8733017258346,3485.6151281148195,1509.378336559981,0.0,0.0,0.0,0.0,0.0
37638,0.0,0.0,-6156.748115584254,-28342.82353310287,-37477.399669934064,-38848.740548517555,-20746.127584334463,0.0,0.0,0.0,0.0,0.0
37639,0.0,0.0,4372.938932299614,-1114935.0918128788,-2927224.8287407756,-3309101.919536099,-3097650.6822134256,-680016.7199470401,0.0,0.0,0.0,0.0
37649,0.0,0.0,0.0,0.0,0.0,0.0,0.0,0.0,0.0,0.0,0.0,0.0
37673,-6832.817763344152,0.0,0.0,0.0,0.0,0.0,0.0,-78501.53434069827,-100793.3671875,-108260.96562949568,-53064.406061023474,-27512.812200970948
37674,0.0,0.0,0.0,0.0,0.0,0.0,0.0,0.0,0.0,0.0,0.0,0.0
37675,0.0,0.0,0.0,0.0,0.0,0.0,0.0,0.0,0.0,0.0,0.0,0.0
37676,0.0,-36529.014206275344,-299267.41088016424,-35360.58984375,0.0,0.0,0.0,0.0,0.0,0.0,0.0,0.0
37679,0.0,0.0,-5444.282683029771,218766.3011265453,0.0,0.0,0.0,0.0,384123.20201888215,0.0,0.0,0.0
37692,-115.7295550107956,1277.27308344841,6202.1416536569595,14268.542738705873,31791.663013100624,36185.48062120611,235.19511488080025,-3578.055325355381,0.0,0.0,0.0,0.0
37711,0.0,1414.636626906693,61862.04797079414,232254.30125793815,408363.14379192144,495013.907430131,346716.6035667341,58858.047495232895,0.0,0.0,0.0,0.0
37727,0.0,5327.29198795557,-702633.6720256656,-1115357.447485365,0.0,-7189.1826171875,0.0,13021.971738422551,0.0,0.0,0.0,0.0
37741,0.0,0.0,0.0,-335.2176455706358,-8536.701662320644,-15567.265418618917,-18914.73299176991,-8828.015760242939,-7670.939412929118,0.0,0.0,0.0
37763,0.0,0.0,0.0,0.0,0.0,0.0,0.0,0.0,0.0,0.0,0.0,0.0
37772,0.0,0.0,0.0,0.0,0.0,0.0,0.0,0.0,0.0,0.0,0.0,0.0
37774,0.0,0.0,0.0,0.0,0.0,0.0,0.0,0.0,0.0,0.0,0.0,0.0
37777,0.0,0.0,0.0,0.0,0.0,0.0,0.0,0.0,0.0,0.0,0.0,0.0
37780,0.0,0.0,0.0,0.0,0.0,0.0,0.0,0.0,0.0,0.0,0.0,0.0
37782,0.0,0.0,0.0,0.0,0.0,0.0,0.0,0.0,0.0,0.0,0.0,0.0
37783,0.0,0.0,0.0,0.0,0.0,0.0,0.0,0.0,0.0,0.0,0.0,0.0
37785,0.0,0.0,0.0,0.0,0.0,0.0,0.0,0.0,0.0,0.0,0.0,0.0
37846,-21870.012063786387,-11309.686208873987,0.0,-2168.1512170434,-91690.86006134748,-240330.06707845628,-143367.58785369992,-185218.0925589502,-9598.780660748482,-49145.54165887833,-61281.73965084553,-23987.24746990949
37847,0.0,0.0,0.0,0.0,0.0,0.0,0.0,0.0,0.0,0.0,0.0,0.0
37848,0.0,0.0,0.0,0.0,0.0,0.0,0.0,0.0,0.0,0.0,0.0,0.0
37849,0.0,0.0,0.0,0.0,0.0,0.0,0.0,0.0,0.0,0.0,0.0,0.0
37850,0.0,0.0,0.0,0.0,0.0,0.0,0.0,0.0,0.0,0.0,0.0,0.0
37851,0.0,630.1928095966578,677.5416802167892,3713.5635318160057,79106.4832162559,86524.14289313555,55188.33871603012,153912.664900586,62898.44554428756,19771.917773976922,6823.37909334898,0.0
37852,499.22470842674375,1194.4267369955778,0.0,2613.9812407046556,40869.74231091142,73247.81938028336,21860.185786902905,94538.17738456093,77231.87958489452,12970.170706883073,10832.136185333133,0.0
37853,2655.8444447033107,441.01797990500927,0.0,0.0,1481.2969930842519,11051.724239952862,24075.01415514946,51878.167330313474,27151.08808560297,1719.2401676438749,3001.386432023719,0.0
37854,160.83016291819513,53.604158744215965,0.0,0.0,601.5467640385032,3562.758292108774,6899.440597139299,14984.489455189556,7469.3907513404265,303.96310036908835,373.25431159418076,0.0
37855,399.3205955475569,0.0,0.0,318.94561100006104,44148.06817996502,41615.61759746075,57030.60578227043,125562.47060971707,31460.388021375984,6597.88909445703,3109.606203660369,0.0
37856,805.4958297610283,199.42255875468254,0.0,0.0,600.9235783815384,930.4807635545731,12664.241150259972,25460.43297636509,15147.831864640117,975.3135126531124,230.59347319602966,0.0
37857,1010.1847870498896,572.8124448060989,0.0,0.0,683.6929903626442,1266.3922625780106,41972.85291492939,51965.033425837755,38979.28509669006,6820.215984523296,50.69604316353798,0.0
37858,341.5538932979107,121.68846449255943,0.0,0.0,124.6034762263298,347.4766412973404,6517.984847903252,8213.448183000088,6618.99840131402,1124.4778074622154,61.65720596909523,18.559316873550415
37859,4085.7842907179147,301.41840305924416,0.0,0.0,2921.4313246011734,19371.992505416274,28003.576453864574,48291.75761733577,32439.060327456333,9.88756013661623,2854.418862313032,340.7462276928127
37860,626.9812389835715,240.43176373839378,0.0,0.0,3699.0740672796965,26128.143100515008,32854.027081012726,56369.88886541128,31514.55136726424,0.0,1791.4653170406818,27.432613238692284
37861,0.0,0.0,0.0,0.0,0.0,0.0,0.0,0.0,0.0,0.0,0.0,0.0
37862,0.0,0.0,0.0,0.0,0.0,0.0,0.0,0.0,0.0,0.0,0.0,0.0
37863,0.0,0.0,0.0,0.0,0.0,0.0,0.0,0.0,0.0,0.0,0.0,0.0
37864,0.0,0.0,0.0,0.0,0.0,0.0,0.0,0.0,0.0,0.0,0.0,0.0
37865,0.0,0.0,0.0,0.0,0.0,0.0,0.0,0.0,0.0,0.0,0.0,0.0
37866,0.0,0.0,308909.5999608636,694343.7502333,2966971.6272998517,3708346.032695584,3573160.1687466744,1386648.0466405805,120638.5600553127,0.0,0.0,0.0
37869,27455.79351592064,1469369.6218620017,1342321.3799955547,2156609.0446109474,2515709.7290168405,4192704.4821288884,95297.34008790553,0.0,0.0,0.0,0.0,0.0
37942,0.0,0.0,0.0,0.0,0.0,0.0,0.0,0.0,0.0,0.0,0.0,0.0
37943,0.0,0.0,0.0,0.0,0.0,0.0,0.0,0.0,0.0,0.0,0.0,0.0
37944,0.0,147.95745269954205,494632.20643892884,1986901.9346183296,3036150.4129410423,4083381.7295759777,1679679.7117457814,0.0,0.0,0.0,0.0,0.0
37983,0.0,0.0,0.0,0.0,0.0,0.0,0.0,0.0,0.0,0.0,0.0,0.0
37984,0.0,0.0,0.0,0.0,0.0,0.0,0.0,0.0,0.0,0.0,0.0,0.0
37985,0.0,160822.41007867455,719745.5716554075,2187897.678360697,0.0,0.0,0.0,0.0,0.0,0.0,0.0,0.0
37989,0.0,0.0,0.0,0.0,0.0,-86932.78073605895,-81632.25400151312,-28033.67074754834,0.0,0.0,0.0,0.0
38029,0.0,0.0,0.0,0.0,0.0,0.0,0.0,0.0,0.0,0.0,0.0,0.0
38070,0.0,0.0,0.0,0.0,0.0,0.0,0.0,0.0,0.0,0.0,0.0,0.0
38077,0.0,0.0,0.0,0.0,0.0,0.0,0.0,0.0,0.0,0.0,0.0,0.0
38080,0.0,0.0,0.0,0.0,0.0,0.0,0.0,0.0,0.0,0.0,0.0,0.0
38083,0.0,0.0,0.0,0.0,0.0,0.0,0.0,0.0,0.0,0.0,0.0,0.0
38091,0.0,0.0,0.0,0.0,0.0,0.0,0.0,0.0,0.0,0.0,0.0,0.0
38092,0.0,0.0,0.0,0.0,0.0,0.0,0.0,0.0,0.0,0.0,0.0,0.0
38094,0.0,0.0,0.0,0.0,0.0,0.0,0.0,0.0,0.0,0.0,0.0,0.0
38156,3633.3889659047127,-220.01776534318924,-27.76234632730484,261.86676847934723,-1325.870842397213,233175.32265901938,78825.20761239529,128570.83978044987,36586.15354037285,-9309.266823589802,5386.223290741444,2701.908292889595
38157,0.0,0.0,0.0,0.0,0.0,0.0,0.0,0.0,0.0,0.0,0.0,0.0
38158,0.0,0.0,0.0,0.0,0.0,0.0,0.0,0.0,0.0,0.0,0.0,0.0
38159,0.0,0.0,0.0,0.0,0.0,0.0,0.0,0.0,0.0,0.0,0.0,0.0
38160,67.52073808759451,52.82854087650776,0.0,0.0,634.1527354717255,2774.3814036548138,3800.435276210308,5873.55450168252,2820.8770240470767,236.3812815696001,174.93187960237265,15.286915242671967
38161,7785.120151132345,5235.3611825704575,372.8688633441925,830.1171473264694,115081.76209199429,253209.84483146667,331354.40478754044,642086.3198100328,275474.82902652025,35322.491492807865,29921.005297899246,0.0
38164,10161.644177109003,1918.786047756672,425.75676292181015,998.7370442152023,20762.31233662367,19259.291969537735,62017.76058673859,149877.30226445198,109856.70204247534,24158.332931250334,10658.317267015576,161.07461151480675
38165,135.35897294990718,31.673800710588694,0.0,0.0,304.44896145910025,1756.8675226420164,3891.2422650307417,7934.439522005618,4450.769672269933,111.23385688755661,254.02836528234184,0.0
38166,1048.129066489637,0.0,0.0,208.53374129533768,20986.29353863001,22143.391988813877,31256.44723778963,65230.24433462322,32617.663137078285,2804.498096510768,2598.964981228113,0.0
38167,3272.129455689341,258.9963689148426,0.0,0.0,3024.5707252025604,6486.882936179638,19904.248479366302,39751.48178359121,25410.193163752556,373.1400727927685,865.831848397851,107.90154400467873
38168,0.0,0.0,0.0,0.0,0.0,0.0,0.0,0.0,0.0,0.0,0.0,0.0
38169,0.0,0.0,0.0,0.0,0.0,0.0,0.0,0.0,0.0,0.0,0.0,0.0
38170,0.0,0.0,0.0,0.0,0.0,0.0,0.0,0.0,0.0,0.0,0.0,0.0
38171,0.0,0.0,0.0,0.0,0.0,0.0,0.0,0.0,0.0,0.0,0.0,0.0
38172,0.0,0.0,0.0,12620.406239874661,127521.54704257846,237854.9987844117,253542.08032837138,194563.13681210205,45855.26844472252,0.0,0.0,0.0
38193,0.0,0.0,0.0,0.0,0.0,0.0,0.0,0.0,0.0,0.0,0.0,0.0
38194,0.0,0.0,25382.21401642263,107378.898872016,370861.4398563076,448492.2256230349,307380.83329463005,120704.37223771214,0.0,0.0,0.0,0.0
38199,0.0,0.0,0.0,0.0,0.0,0.0,0.0,0.0,0.0,0.0,0.0,0.0
38245,0.0,0.0,0.0,0.0,0.0,0.0,0.0,0.0,0.0,0.0,0.0,0.0
38246,0.0,0.0,0.0,0.0,0.0,0.0,0.0,0.0,0.0,0.0,0.0,0.0
38247,0.0,0.0,0.0,0.0,0.0,0.0,0.0,0.0,0.0,0.0,0.0,0.0
38248,0.0,0.0,0.0,0.0,0.0,0.0,0.0,0.0,0.0,0.0,0.0,0.0
38249,0.0,0.0,0.0,0.0,0.0,0.0,0.0,0.0,0.0,0.0,0.0,0.0
38250,0.0,121.16762559115887,33009.065538950264,28787.858279492706,92896.43209134415,110574.96556931734,52965.475520621054,42175.96376302838,49198.189333990216,22465.879248328507,10635.705142632127,0.0
38293,0.0,6394.809744160622,25279.51524578221,51289.12809882499,61281.33340310864,53872.9257569639,12577.810782229062,0.0,0.0,0.0,0.0,0.0
38294,0.0,97081.34622497577,317206.0825091461,898479.5525395721,-595046.4591533281,1006361.9459850639,-24300.31691384688,123952.04987303168,115970.66385356896,74970.20423308574,24817.63908251212,2895.9168371027336
38295,0.0,128484.33099804819,256392.60600207746,1574037.993993044,2023229.902291268,2076259.146802783,143141.66065704823,0.0,0.0,0.0,0.0,0.0
38296,0.0,-32370.671569030965,-174833.09980701655,-405083.8019873947,-469640.34375,-446543.4375,-492595.21875,0.0,0.0,0.0,0.0,0.0
38297,0.0,0.0,0.0,0.0,-543846.5625,-41207.23219778575,-526178.4303214,0.0,0.0,0.0,0.0,0.0
38298,0.0,1059.8524401648901,26164.78663801984,64995.35590178147,82595.84195125476,82317.57007703092,33056.76897079032,0.0,0.0,0.0,0.0,0.0
38299,0.0,0.0,0.0,0.0,0.0,0.0,0.0,0.0,0.0,0.0,0.0,0.0
38300,0.0,0.0,26445.489472076297,88999.5524966903,148591.74068829417,167757.93024936132,133365.91348547302,11535.983653671108,0.0,0.0,0.0,0.0
38301,0.0,0.0,0.0,0.0,0.0,0.0,0.0,0.0,0.0,0.0,0.0,0.0
38302,0.0,0.0,0.0,0.0,0.0,0.0,0.0,0.0,0.0,0.0,0.0,0.0
38303,0.0,0.0,0.0,0.0,0.0,0.0,0.0,0.0,0.0,0.0,0.0,0.0
38304,0.0,101067.23930694908,565017.9898609258,1464162.4733556164,1864267.7917137947,1691039.1619399088,412600.0778975637,0.0,0.0,0.0,0.0,0.0
38322,-5608.439906444401,-19393.04159194231,-105787.55639768392,-178043.17069616634,-208910.62667393684,-142691.3028499931,-7674.046960994601,0.0,0.0,0.0,0.0,0.0
38344,0.0,4632.091536641121,-68599.77953645587,-657439.7910888344,-145961.41150698066,322273.7170694247,495357.63466832787,239867.85352941975,0.0,0.0,0.0,0.0
38356,0.0,0.0,259.16604567319155,0.0,-57036.55078125,0.0,0.0,0.0,0.0,0.0,0.0,0.0
38391,0.0,0.0,0.0,0.0,0.0,0.0,0.0,0.0,0.0,0.0,0.0,0.0
38398,0.0,0.0,0.0,0.0,0.0,0.0,0.0,0.0,0.0,0.0,0.0,0.0
38399,0.0,0.0,0.0,0.0,0.0,0.0,0.0,0.0,0.0,0.0,0.0,0.0
38401,0.0,0.0,0.0,0.0,0.0,0.0,0.0,0.0,0.0,0.0,0.0,0.0
38402,0.0,0.0,0.0,0.0,0.0,0.0,0.0,0.0,0.0,0.0,0.0,0.0
38403,0.0,0.0,0.0,0.0,0.0,0.0,0.0,0.0,0.0,0.0,0.0,0.0
38405,0.0,0.0,0.0,0.0,0.0,0.0,0.0,0.0,0.0,0.0,0.0,0.0
38407,0.0,0.0,0.0,0.0,0.0,0.0,0.0,0.0,0.0,0.0,0.0,0.0
38408,0.0,0.0,0.0,0.0,0.0,0.0,0.0,0.0,0.0,0.0,0.0,0.0
38409,0.0,0.0,0.0,0.0,0.0,0.0,0.0,0.0,0.0,0.0,0.0,0.0
38410,0.0,0.0,0.0,0.0,0.0,0.0,0.0,0.0,0.0,0.0,0.0,0.0
38411,0.0,0.0,0.0,0.0,0.0,0.0,0.0,0.0,0.0,0.0,0.0,0.0
38476,-16287.167621225119,-7300.553999245167,-566.0656879544258,-2656.809770345688,-104793.21090817451,-326076.23466672003,-187476.26713132858,-268860.0486996472,-15990.66413450241,-33613.98394650221,-60773.96856573224,-27711.6668766737
38478,0.0,0.0,0.0,0.0,0.0,0.0,0.0,0.0,0.0,0.0,0.0,0.0
38479,0.0,0.0,0.0,0.0,0.0,0.0,0.0,0.0,0.0,0.0,0.0,0.0
38480,0.0,0.0,0.0,0.0,0.0,0.0,0.0,0.0,0.0,0.0,0.0,0.0
38481,3208.9298044741154,3587.6189888119698,0.0,609.7445541620255,108600.62362205982,234963.38205945492,159499.0705664158,392836.95878350735,231587.6799506545,29402.744522809982,33679.146258726716,91.74573835730553
38484,9737.697973370552,1031.6103500127792,0.0,0.0,4215.78166949749,9843.012217521667,57455.23562002182,107911.09355688095,69521.89489582181,11181.33948814869,6498.119220107794,0.0
38485,2024.3594217337668,194.76765049993992,0.0,0.0,1762.4218913018703,7934.9720422923565,16035.393026351929,34672.633370928466,19998.82415229827,31.396049864590168,430.1388722807169,17.88416877388954
38486,0.0,0.0,0.0,0.0,0.0,0.0,0.0,0.0,0.0,0.0,0.0,0.0
38489,0.0,0.0,0.0,0.0,0.0,0.0,0.0,0.0,0.0,0.0,0.0,0.0
38501,0.0,0.0,0.0,0.0,0.0,0.0,146555.25232833996,417836.17429152876,635358.0487226509,480048.31676995195,224740.5302186925,31088.12631034432
38503,0.0,0.0,0.0,0.0,0.0,0.0,0.0,0.0,0.0,0.0,0.0,0.0
38559,0.0,0.0,0.0,0.0,0.0,0.0,0.0,0.0,0.0,0.0,0.0,0.0
38560,0.0,70.68901824951172,-98386.0300488621,-537.8885498046875,0.0,0.0,0.0,0.0,0.0,0.0,0.0,0.0
38608,0.0,0.0,0.0,0.0,0.0,0.0,0.0,0.0,0.0,0.0,0.0,0.0
38609,1482.9124942696653,29798.449907565024,98846.77086585015,146761.28038298525,162918.99280474707,131805.70871689264,99145.77834575716,184292.93262206018,139953.58036700822,88255.54491044115,23405.91051920317,0.0
38610,0.0,12677.913717731833,113480.18729306571,261155.80603994243,330691.588427674,319055.7873840742,111660.51536685694,0.0,0.0,0.0,0.0,0.0
38616,0.0,0.0,0.0,0.0,0.0,0.0,0.0,0.0,0.0,0.0,0.0,0.0
38617,0.0,0.0,0.0,0.0,0.0,0.0,0.0,0.0,0.0,0.0,0.0,0.0
38618,0.0,29300.825306117535,156711.4549394995,416112.9700403996,537463.3453904428,487566.4050802104,126050.54748889524,0.0,0.0,0.0,0.0,0.0
38654,0.0,0.0,33743.81140848994,614777.6385837942,2222265.724706987,3706283.1781403963,3725141.1904723123,1554624.0032692119,9977.180736551702,0.0,0.0,0.0
38713,0.0,0.0,0.0,0.0,0.0,0.0,0.0,0.0,0.0,0.0,0.0,0.0
38716,0.0,0.0,0.0,0.0,0.0,0.0,0.0,0.0,0.0,0.0,0.0,0.0
38718,0.0,0.0,0.0,0.0,0.0,0.0,0.0,0.0,0.0,0.0,0.0,0.0
38721,0.0,0.0,0.0,0.0,0.0,0.0,0.0,0.0,0.0,0.0,0.0,0.0
38722,0.0,0.0,0.0,0.0,0.0,0.0,0.0,0.0,0.0,0.0,0.0,0.0
38725,0.0,0.0,0.0,0.0,0.0,0.0,0.0,0.0,0.0,0.0,0.0,0.0
38791,-50151.75162830949,-113.81286746263504,-145.4938863515854,-9237.298872828484,-331338.54561159015,-592929.3534038216,-479660.4165620804,-598354.5016294718,-98287.5959341526,-73146.52288043499,-191356.20696288347,-82377.26508775353
38792,384.00618631672114,76.34785857331008,0.0,18.369650922715664,696.6150799603201,3128.7972673596814,2444.914347499609,3567.469289422035,1489.8947238698602,202.3090779427439,951.576323967427,467.9100981988013
38793,690.3102958500385,0.0,0.0,284.1962444782257,30719.832852125168,25184.240471363068,33275.46981191635,49148.622414410114,20753.647557765245,2154.320481002331,10809.468191936612,0.0
38796,14121.229824498296,783.6309411525726,0.0,366.77353072166443,21142.28585934639,26136.499849319458,53031.365658283234,113365.17770129442,73678.79142022133,78.78088575601578,13943.907767087221,415.1568611264229
38797,0.0,2313.283806078136,38661.43634429574,83831.02600533795,203755.4285285268,288084.5150526725,211686.37913298327,164826.71807996556,69847.93209316209,0.0,0.0,0.0
38800,0.0,0.0,0.0,0.0,0.0,0.0,0.0,0.0,0.0,0.0,0.0,0.0
38801,75648.30633921176,244012.49325564876,-4083118.3077094182,3399577.610577874,6932200.861917794,17573735.173945203,19645472.881137304,17268802.628344715,13809758.752817139,1723506.13788981,422665.15842769295,51600.444502428174
38802,0.0,0.0,0.0,0.0,0.0,0.0,0.0,0.0,0.0,0.0,0.0,0.0
38803,0.0,0.0,0.0,0.0,0.0,0.0,0.0,0.0,0.0,0.0,0.0,0.0
38820,0.0,0.0,75232.17375885323,220864.24340652954,468983.6709838994,512170.49041048996,253587.83804115653,6577.641976058483,0.0,0.0,0.0,0.0
38824,0.0,0.0,-16324.499623830838,-43930.89547740092,0.0,0.0,0.0,-3887333.7097257115,-2683666.735309927,-595731.2076750696,0.0,0.0
38825,0.0,0.0,0.0,0.0,0.0,0.0,0.0,0.0,0.0,0.0,0.0,0.0
38868,0.0,0.0,0.0,0.0,0.0,0.0,0.0,0.0,0.0,0.0,0.0,0.0
38869,0.0,0.0,0.0,0.0,0.0,0.0,0.0,0.0,0.0,0.0,0.0,0.0
38919,0.0,0.0,0.0,0.0,-369950.11328125,0.0,-24386.509765625,0.0,0.0,0.0,0.0,0.0
38920,0.0,0.0,0.0,0.0,0.0,0.0,0.0,0.0,0.0,0.0,0.0,0.0
38921,0.0,18523.259367454797,123476.28577668034,231833.5703353379,289694.2455208376,247077.35834823176,41410.38590297382,0.0,0.0,0.0,0.0,0.0
38930,0.0,0.0,0.0,0.0,0.0,0.0,0.0,0.0,0.0,0.0,0.0,0.0
38931,0.0,0.0,0.0,-79347.68854658399,-232323.05919690058,-183960.6401336901,-129473.64747523237,0.0,0.0,0.0,0.0,0.0
38932,-35196.26517064124,-139446.27094500232,-365375.3125,-550128.5625,-880396.25,-944655.125,-806494.25,-793758.625,-784569.625,-673135.1875,-457417.21875,-104903.09446296096
38933,0.0,-62260.95061746682,-137120.6875,-292434.625,-442991.1875,-434302.0625,-224241.59375,-91696.2890625,-25091.501953125,-11131.9296875,-10235.0888671875,0.0
38934,-40706.450944015756,-159510.5805030968,-1156039.762919235,-780413.0,-1226712.875,-1229175.375,-900229.25,-893253.5,-820710.6875,-647073.5,-388346.15625,-116360.60458380729
38935,-13932342.722610474,-36059237.98605442,-110853039.00200438,-118276064.0,0.0,0.0,0.0,0.0,0.0,0.0,63255.93571084272,-19560619.553792715
38936,0.0,39340.52366301417,215719.1304267347,569461.0289080739,734406.0529362261,657403.5745766461,159428.67590075172,0.0,0.0,0.0,0.0,0.0
39033,0.0,0.0,0.0,0.0,0.0,0.0,0.0,0.0,0.0,0.0,0.0,0.0
39041,0.0,0.0,0.0,0.0,0.0,0.0,0.0,0.0,0.0,0.0,0.0,0.0
39045,0.0,0.0,0.0,0.0,0.0,0.0,0.0,0.0,0.0,0.0,0.0,0.0
39047,0.0,0.0,0.0,0.0,0.0,0.0,0.0,0.0,0.0,0.0,0.0,0.0
39049,0.0,0.0,0.0,0.0,0.0,0.0,0.0,0.0,0.0,0.0,0.0,0.0
39108,-64065011.684547424,-27103169.73059845,-19974028.19302368,-38976117.951156616,-245879307.48788452,-387039394.1737213,-441516266.38531494,-501988218.81100464,-117518899.53659058,-76782962.50048828,-121556445.58202362,-60701264.93133545
39109,2031.1341048032045,0.0,0.0,682.6446783095598,16453.88264168054,24005.401529833674,19229.959749907255,23286.020899772644,4555.271988838911,2628.343153640628,8554.254668615758,3412.8171099573374
39110,1704.4054301083088,0.0,0.0,362.18187615275383,9762.70698127523,17093.04254769534,15575.579336836934,18725.81791523099,5282.068680644035,1487.6616236120462,5875.8301156796515,2409.6788433864713
39112,0.0,425.3263296186924,0.0,0.0,5938.232377618551,39806.40038192272,100046.86896824837,161104.43908685446,91690.85238485783,209.47259403765202,14783.566443271935,0.0
39113,592.5421162098646,0.0,0.0,0.0,2998.445170044899,15647.025315999985,28034.38146495819,50027.10549092293,30885.365639179945,0.0,5457.2730014920235,0.0
39114,14482.681781187654,0.0,0.0,0.0,29349.328021526337,38306.846091747284,86603.7514488697,206439.26788970828,119758.13235285878,0.0,15902.954134508967,0.0
39115,0.0,0.0,0.0,0.0,0.0,0.0,0.0,0.0,0.0,0.0,0.0,0.0
39116,0.0,0.0,11334.098877862096,67273.34121945594,269151.05086666206,363350.402482599,368030.88105581887,220706.9019133132,56571.14089783002,0.0,0.0,0.0
39118,0.0,0.0,0.0,0.0,0.0,0.0,0.0,0.0,0.0,0.0,0.0,0.0
39119,0.0,0.0,0.0,0.0,0.0,0.0,0.0,0.0,0.0,0.0,0.0,0.0
39120,0.0,0.0,0.0,0.0,0.0,0.0,0.0,0.0,0.0,0.0,0.0,0.0
39121,0.0,0.0,0.0,0.0,0.0,0.0,0.0,0.0,0.0,0.0,0.0,0.0
39133,0.0,0.0,21834.024134326726,139359.56979508325,371681.73168763146,749212.1869317405,-157584.41861552,-14642375.604437426,-1167163.5,-2735126.25,-1308588.875,-1671747.842637687
39134,0.0,0.0,0.0,59.246217995882034,2138.791947349906,11815.090271953493,84043.03851801157,1091325.6909126341,1194335.7329873145,792688.2546298876,395489.04251714796,98337.35033174604
39185,0.0,0.0,0.0,0.0,0.0,9916.502277493477,235476.50234603882,514967.7077450156,1307230.9511750937,522762.4102779031,21946.509883582592,2675.6156738996506
39186,0.0,0.0,0.0,-99934.62450035289,-208309.75939060748,-105830.2109375,-45981.15234375,-51836.80859375,0.0,0.0,0.0,0.0
39237,0.0,12806.48115868494,49538.515538685024,81700.86558919773,98531.09115000069,88001.31086378451,15159.981363196857,0.0,0.0,0.0,0.0,0.0
39238,0.0,0.0,0.0,0.0,0.0,0.0,0.0,0.0,0.0,0.0,0.0,0.0
39239,0.0,0.0,0.0,0.0,0.0,0.0,0.0,0.0,0.0,0.0,0.0,0.0
39240,0.0,0.0,0.0,0.0,0.0,0.0,0.0,0.0,0.0,0.0,0.0,0.0
39241,0.0,0.0,0.0,0.0,0.0,0.0,0.0,0.0,0.0,0.0,0.0,0.0
39254,0.0,-138420.912499547,-712404.3560948949,-1642869.125,-1005920.6875,-847252.0,-555958.75,-251224.03125,-117836.96875,-71033.53125,0.0,0.0
39255,0.0,151081.72303831484,813125.8718796074,1632610.6020747246,1206708.2607393,1017741.4502475937,376394.86320072564,0.0,0.0,0.0,0.0,0.0
39256,0.0,-2091.9146426972,-10699.418326677755,-147441.73099082382,-135475.8160268613,-174769.9927179506,-37000.51972723333,-16841.426635601325,0.0,0.0,0.0,0.0
39257,0.0,-32371.44483415177,-127974.75093562575,-146561.78125,-240224.71875,-294666.0625,-213981.6499174151,-125299.16071942743,-17723.408020092407,0.0,0.0,0.0
39258,-81.16338524967432,-115.62234251166228,-16440.74947246327,-41431.75,-1847.5364828547463,-84781.3671875,-75611.93270941265,-43705.90973682748,-1150.8535375637002,-1012.4185610967688,-550.7729121001903,-180.17483888426796
39259,0.0,0.0,0.0,0.0,0.0,0.0,0.0,0.0,0.0,0.0,0.0,0.0
39260,0.0,0.0,0.0,0.0,0.0,0.0,0.0,0.0,0.0,0.0,0.0,0.0
39261,-1142766.3570885807,-782345.4375,0.0,0.0,0.0,0.0,0.0,0.0,0.0,0.0,-364702.59375,-2014952.7187962085
39263,-324528.9375,0.0,0.0,0.0,0.0,0.0,0.0,0.0,0.0,0.0,-24496.76953125,-1229494.0829136446
39264,18701.068569341267,0.0,0.0,0.0,0.0,0.0,0.0,0.0,0.0,0.0,0.0,63445.920731285936
39265,0.0,0.0,0.0,0.0,0.0,0.0,0.0,0.0,0.0,0.0,0.0,0.0
39266,-149.80712890625,-26185.98810610734,-26.823209762573242,-33.71656799316406,150181.70177698054,268999.620503269,221697.59344030055,29953.955626363226,-34.69255447387695,-31.147857666015625,-19.28239631652832,4845.239407372792
39267,-1849.549619615078,301999.30929097533,1787854.8127697706,5079803.055640511,9904018.229423422,10322547.043232411,7364543.70463828,3359307.228413893,-10283.515625,-6616.4755859375,-3807.948486328125,-17541.82669353718
39268,0.0,-32336.524046704173,-212617.47161850333,-7458.4345703125,0.0,0.0,0.0,0.0,0.0,0.0,0.0,0.0
39270,0.0,-203220.18138813972,-372646.3785812855,-1600090.5609122142,0.0,0.0,-135647.55891443323,229287.8804332018,0.0,0.0,0.0,0.0
39278,0.0,0.0,0.0,0.0,0.0,0.0,0.0,0.0,0.0,0.0,0.0,0.0
39294,-441332.37972450256,-4313166.722486496,-31336663.70914364,-62396046.47610378,-124418898.7338624,-164077174.882236,-57725409.965150595,-2142141.709550619,-6085964.174394608,-4260.153812170029,0.0,0.0
39322,350524.9171538353,2957230.6929836273,12270140.077957153,18720596.026929617,22134675.92142597,19029400.91468172,1927366.706703782,-714756.2255597115,134400.96046566963,-8180.116782426834,0.0,0.0
39366,0.0,0.0,0.0,0.0,0.0,0.0,0.0,0.0,0.0,0.0,0.0,0.0
39368,0.0,0.0,0.0,0.0,0.0,0.0,0.0,0.0,0.0,0.0,0.0,0.0
39371,0.0,0.0,0.0,0.0,0.0,0.0,0.0,0.0,0.0,0.0,0.0,0.0
39373,0.0,0.0,0.0,0.0,0.0,0.0,0.0,0.0,0.0,0.0,0.0,0.0
39374,0.0,0.0,0.0,0.0,0.0,0.0,0.0,0.0,0.0,0.0,0.0,0.0
39381,0.0,0.0,0.0,0.0,0.0,0.0,0.0,0.0,0.0,0.0,0.0,0.0
39382,0.0,0.0,0.0,0.0,0.0,0.0,0.0,0.0,0.0,0.0,0.0,0.0
39443,-228872.92127013206,-30672.651101589203,-7200.638000965118,-214833.65417933464,-3219661.3067579865,-4060341.952271849,-4371181.298779249,-4835747.247780025,-370747.77040219307,-153620.62768530846,-1339268.032844305,-364456.24440813065
39444,125.66061557084322,165.84308613836765,0.0,0.0,4067.6384573727846,11000.619349479675,51406.76081174612,94223.43602049351,46681.87022510171,11072.39208200574,6358.971550285816,0.0
39445,0.0,0.0,0.0,0.0,0.0,0.0,0.0,0.0,0.0,0.0,0.0,0.0
39446,0.0,0.0,0.0,0.0,0.0,0.0,0.0,0.0,0.0,0.0,0.0,0.0
39447,0.0,2349.340922122705,33456.32916349033,128676.04767072154,282779.31330474,418673.02259965055,346424.5587613024,255109.06378305145,80197.50283808447,0.0,0.0,0.0
39450,0.0,0.0,0.0,0.0,0.0,0.0,0.0,0.0,0.0,0.0,0.0,0.0
39451,2681.7905089259148,-48109.82983276248,-282397.19431013614,-397806.52247773856,-536198.6562509816,-223759.51694050245,72820.3309725849,213923.08349155635,519764.73111664783,410317.9606588683,228926.2139747378,55297.074106771266
39502,0.0,0.0,0.0,0.0,0.0,0.0,0.0,0.0,0.0,0.0,0.0,0.0
39515,0.0,0.0,0.0,0.0,0.0,0.0,0.0,0.0,0.0,0.0,0.0,0.0
39516,0.0,0.0,0.0,0.0,0.0,0.0,0.0,0.0,0.0,0.0,0.0,0.0
39571,0.0,0.0,0.0,0.0,0.0,0.0,0.0,0.0,0.0,0.0,0.0,0.0
39572,0.0,0.0,0.0,0.0,0.0,0.0,0.0,0.0,0.0,0.0,0.0,0.0
39573,0.0,0.0,0.0,0.0,0.0,0.0,0.0,0.0,0.0,0.0,0.0,0.0
39574,0.0,0.0,0.0,0.0,0.0,0.0,0.0,0.0,0.0,0.0,0.0,0.0
39592,-15292.800542472745,-59.52349853515625,-112.43611907958984,-184.58653259277344,-374.7550048828125,-346.45477294921875,-330.363525390625,-369.9747314453125,-232.6978759765625,-198.69447326660156,-91.55901336669922,-46.046695709228516
39598,0.0,0.0,0.0,0.0,0.0,0.0,0.0,0.0,0.0,0.0,0.0,0.0
39609,0.0,0.0,-497424.2017465234,-2385666.5521003604,-1817058.7710580826,-498906.15518654697,-307178.5510835424,0.0,0.0,0.0,0.0,0.0
39628,-699015.4497455359,-2375162.00778389,-4669599.316099882,-6803861.775018334,-5523289.2737721205,-632697.2727963924,-12254006.046692252,-8292185.531274021,-1633098.4984444976,-128758.39753860235,0.0,0.0
39701,0.0,0.0,0.0,0.0,0.0,0.0,0.0,0.0,0.0,0.0,0.0,0.0
39705,0.0,0.0,0.0,0.0,0.0,0.0,0.0,0.0,0.0,0.0,0.0,0.0
39715,0.0,0.0,0.0,0.0,0.0,0.0,0.0,0.0,0.0,0.0,0.0,0.0
39776,-15989.799065686762,0.0,0.0,-14573.922916904092,-129172.67049720883,-189543.15010353923,-142966.08922997117,-229347.05687375367,-36327.98831525445,-25199.97488540411,-69660.57139794528,-15960.798881024122
39777,3299.6027540620416,1478.9435895755887,75.49567124247551,5585.664637312293,17340.87211940065,29136.71807347238,28804.31811197102,0.0,10587.116366133094,3243.405815988779,6442.992673875764,2351.5236163809896
39778,0.0,0.0,0.0,0.0,0.0,0.0,0.0,0.0,0.0,0.0,0.0,0.0
39779,0.0,0.0,0.0,0.0,0.0,0.0,0.0,0.0,0.0,0.0,0.0,0.0
39780,0.0,429.74785373790655,16493.834488352528,64063.39746221248,88094.54779450316,90764.46320817433,54820.982514168136,0.0,0.0,0.0,0.0,0.0
39782,0.0,0.0,0.0,0.0,0.0,0.0,0.0,0.0,0.0,0.0,0.0,0.0
39783,0.0,0.0,0.0,0.0,0.0,0.0,0.0,0.0,0.0,0.0,0.0,0.0
39798,0.0,0.0,0.0,0.0,0.0,0.0,0.0,0.0,0.0,0.0,0.0,0.0
39828,0.0,0.0,0.0,0.0,0.0,0.0,0.0,0.0,0.0,0.0,0.0,0.0
39829,0.0,0.0,0.0,0.0,0.0,0.0,0.0,0.0,0.0,0.0,0.0,0.0
39830,0.0,0.0,0.0,0.0,0.0,0.0,0.0,0.0,0.0,0.0,0.0,0.0
39831,0.0,0.0,0.0,0.0,0.0,0.0,0.0,0.0,0.0,0.0,0.0,0.0
39832,0.0,0.0,0.0,0.0,0.0,0.0,0.0,0.0,0.0,0.0,0.0,0.0
39833,0.0,0.0,0.0,0.0,0.0,0.0,0.0,0.0,0.0,0.0,0.0,0.0
39834,0.0,0.0,0.0,0.0,0.0,0.0,0.0,0.0,0.0,0.0,0.0,0.0
39835,0.0,0.0,0.0,0.0,0.0,0.0,0.0,0.0,0.0,0.0,0.0,0.0
39836,0.0,0.0,0.0,0.0,0.0,0.0,0.0,0.0,0.0,0.0,0.0,0.0
39837,0.0,0.0,0.0,0.0,0.0,0.0,0.0,0.0,0.0,0.0,0.0,0.0
39846,0.0,0.0,0.0,0.0,0.0,1445.1341184973717,268575.789783895,112893.65414249897,214710.46498441696,162450.75596001744,113.09122267365456,0.0
39847,5750.63639369607,14687.580817341805,550146.7986890972,944724.7138362825,1092669.2797821313,648329.7261610068,537180.0697998405,933507.1694910657,757787.1343909577,474017.2484204918,150299.54098413978,0.0
39904,0.0,0.0,0.0,0.0,0.0,0.0,0.0,0.0,0.0,0.0,0.0,0.0
39905,0.0,0.0,0.0,0.0,0.0,0.0,0.0,0.0,0.0,0.0,0.0,0.0
39906,0.0,133515.1857905388,456771.66977345943,684472.3899235725,832751.0459563136,646430.2730045319,0.0,0.0,0.0,0.0,0.0,0.0
39927,-167324.2882425338,0.0,0.0,0.0,0.0,0.0,0.0,0.0,0.0,0.0,0.0,-335744.7638937235
39931,0.0,0.0,0.0,0.0,0.0,0.0,0.0,0.0,0.0,0.0,0.0,0.0
39932,0.0,0.0,0.0,0.0,0.0,0.0,0.0,0.0,0.0,0.0,0.0,0.0
39939,0.0,0.0,-78183.82196460105,-1440815.6010491215,-1219174.4105643383,0.0,0.0,-16360.0986328125,0.0,0.0,0.0,0.0
39964,-78056.41779100895,-1328048.6817163825,-5295957.180196166,-6597747.617054194,-9704195.58061719,-4584301.393817961,336407.2673704922,30071.092104554176,0.0,0.0,0.0,0.0
39965,0.0,0.0,0.0,0.0,0.0,0.0,0.0,0.0,0.0,0.0,0.0,0.0
39966,19681.148867368698,117502.75781178474,410097.6742050797,543763.5587443653,595129.9326716941,193505.35918921232,0.0,0.0,0.0,0.0,0.0,0.0
39984,0.0,0.0,-536221.5389956981,-524517.7214026153,-1091508.8110370487,-266979.09375,-15209.4189453125,79599.12772718817,0.0,0.0,0.0,0.0
40036,0.0,0.0,0.0,0.0,0.0,0.0,0.0,0.0,0.0,0.0,0.0,0.0
40039,0.0,0.0,0.0,0.0,0.0,0.0,0.0,0.0,0.0,0.0,0.0,0.0
40108,-1558768.0301291943,-17417.92905330658,0.0,-1205791.6197538376,-18934095.738622665,-28229153.91602516,-42759355.16220856,-52943467.202162266,-16002152.218782425,-1789128.2732071877,-13882022.215812445,-2593416.500694275
40109,3454.1694246530533,0.0,0.0,968.4383028000593,26193.912674739957,45859.410162970424,76441.77143454552,113746.71999371052,24189.557343691587,2419.6986205279827,18614.38922006637,5174.859761118889
40110,193.18377026170492,0.0,0.0,89.59275081753731,2226.6165535226464,3236.839775633067,4760.4007181450725,8107.29722186923,1297.6602331846952,161.99318167194724,1147.0356835313141,278.3662336859852
40111,0.0,0.0,0.0,0.0,0.0,0.0,0.0,0.0,0.0,0.0,0.0,0.0
40112,0.0,0.0,0.0,0.0,0.0,0.0,0.0,0.0,0.0,0.0,0.0,0.0
40113,0.0,0.0,0.0,0.0,0.0,0.0,0.0,0.0,0.0,0.0,0.0,0.0
40114,0.0,0.0,0.0,0.0,0.0,0.0,0.0,0.0,0.0,0.0,0.0,0.0
40117,0.0,0.0,0.0,0.0,0.0,0.0,0.0,0.0,0.0,0.0,0.0,0.0
40118,0.0,0.0,0.0,0.0,0.0,0.0,0.0,0.0,0.0,0.0,0.0,0.0
40119,0.0,0.0,0.0,0.0,0.0,0.0,0.0,0.0,0.0,0.0,0.0,0.0
40120,0.0,0.0,0.0,0.0,0.0,0.0,0.0,0.0,0.0,0.0,0.0,0.0
40133,0.0,0.0,0.0,0.0,0.0,0.0,0.0,0.0,0.0,0.0,0.0,0.0
40155,0.0,0.0,0.0,0.0,0.0,0.0,0.0,0.0,0.0,0.0,0.0,0.0
40156,0.0,0.0,0.0,0.0,0.0,0.0,0.0,0.0,0.0,0.0,0.0,0.0
40157,0.0,0.0,0.0,0.0,0.0,0.0,0.0,0.0,0.0,0.0,0.0,0.0
40158,0.0,84.25611138343811,3789.469552755356,16746.191668748856,70600.6394340396,214439.71283084154,104597.64436084032,168648.11194968224,64159.84779378772,0.0,0.0,0.0
40159,0.0,-510.59248530864716,-37614.63589096069,-129555.13377070427,-151114.48510855436,-1051166.4447086453,-718628.7815491855,-987025.5305860639,-1091768.3221133351,-444882.30691570044,301.44951771199703,0.0
40160,0.0,0.0,0.0,0.0,0.0,245276.39177031815,241798.16260004044,294080.28880069405,299329.8510968834,146651.13455452025,479.89071775227785,0.0
40161,0.0,0.0,0.0,0.0,0.0,0.0,0.0,0.0,0.0,0.0,0.0,0.0
40166,0.0,0.0,0.0,0.0,0.0,0.0,0.0,0.0,0.0,0.0,0.0,0.0
40167,0.0,0.0,-76985.42642736435,-1074109.482045889,-766685.3817839622,-398626.3974401951,1347946.4685156345,2286234.10146749,2987715.341022551,924103.3032745719,47231.967983841896,9579.306797266006
40168,0.0,0.0,1341.1971551775932,14536.351611971855,19777.361464589834,157906.89254823327,102864.34166643023,107887.89375662804,227470.63060122728,0.0,0.0,0.0
40169,0.0,0.0,0.0,0.0,0.0,0.0,0.0,0.0,0.0,0.0,0.0,0.0
40170,0.0,0.0,0.0,0.0,0.0,0.0,0.0,0.0,0.0,0.0,0.0,0.0
40171,0.0,0.0,0.0,0.0,0.0,0.0,0.0,0.0,0.0,0.0,0.0,0.0
40175,0.0,0.0,0.0,0.0,0.0,28089.703395640478,185830.52924066596,127689.39089473989,131564.85266165342,38600.81803929247,0.0,0.0
40176,0.0,0.0,-17720.841796875,-4023.573486328125,-1417.1419677734375,-1328.7625732421875,-1447.7069091796875,0.0,0.0,0.0,0.0,0.0
40177,1254.7120353654027,948.8888947665691,24679.587264288217,32983.66629026737,34527.94653777871,20411.378942952957,22556.281492619775,36557.92323374748,30162.25808787346,18862.136237867177,4823.689207192976,0.0
40246,-15475.742829471827,-29467.32676631119,-215881.857421875,-141535.099609375,-157659.46618652344,-175850.36419677734,-190711.622756958,-191516.19506382942,-173204.7356414795,-153018.328125,-118385.5234375,-30278.803010590374
40251,11107.235227245837,20207.39692361653,114221.15831337683,-472137.6484851837,-521119.7305551069,-241365.01273229253,-133058.9316368671,-55572.42604941735,-33173.12112596235,3173.84546269197,113838.11556996475,32420.983888566727
40261,0.0,-15.659614562988281,-6.394109725952148,0.0,0.0,0.0,0.0,0.0,0.0,0.0,0.0,0.0
40262,0.0,-353.4299621582031,-0.5875764489173889,0.0,0.0,0.0,0.0,0.0,0.0,0.0,0.0,0.0
40277,0.0,0.0,0.0,0.0,0.0,0.0,0.0,0.0,0.0,0.0,0.0,0.0
40292,-18475.315249258652,-235117.62742243987,-661666.3264437178,-138052.328125,-525778.5323545877,-171065.140625,0.0,0.0,0.0,0.0,0.0,0.0
40293,-123164.52367019653,-2311098.955729872,-5152685.377622798,-12384131.479196072,-3959311.83556056,-1949893.0029374957,0.0,0.0,0.0,0.0,0.0,0.0
40294,-1622200.5846366882,-10531300.161876678,-51575753.474858284,-91036818.24081564,-172231642.838315,-202501325.6838038,-92154808.03405237,-14574340.621020317,-9547141.541347504,-133018.551350832,0.0,0.0
40295,0.0,0.0,0.0,0.0,0.0,0.0,0.0,0.0,0.0,0.0,0.0,0.0
40313,-2248.650472253561,-119112.80547833443,-1004913.0896195769,-2615880.657950254,-590597.2395671792,30697.23606123263,254625.51034859475,97192.0965395337,0.0,0.0,0.0,0.0
40336,756993.6260757446,-1570.8280067443848,-48828391.439554214,-76892898.50980568,-106199592.76824188,-100883752.4067297,-106235514.09612846,-79255522.15641022,-104318692.65333176,-59982972.42744017,2612055.2157201767,1443881.865160942
40366,0.0,0.0,0.0,0.0,0.0,0.0,0.0,0.0,0.0,0.0,0.0,0.0
40420,-44783905.29289627,-23101007.719026566,-17047537.53348732,-19945149.622867584,-92950985.4630928,-171697741.16277313,-193516831.58833313,-250661868.1440277,-69118997.71129608,-18318158.397277832,-36388140.76689911,-27696330.848350525
40438,-17593.278891593218,0.0,0.0,-3462.3014627099037,-69426.73834350705,-175299.3907287717,-285292.8594532013,-533257.3475043848,-159015.9759944044,-1067.1782822608948,-68528.79829415679,-18314.822119027376
40439,283.1406422571745,9.2513941610232,0.0,778.6540889609605,4128.307934323326,7377.462222484872,5695.287789002061,11998.420860168524,2790.2583515327424,1360.9373132139444,2912.6558185257018,598.2633522921242
40440,0.0,0.0,0.0,0.0,0.0,0.0,0.0,0.0,0.0,0.0,0.0,0.0
40441,0.0,0.0,0.0,0.0,0.0,0.0,0.0,0.0,0.0,0.0,0.0,0.0
40443,0.0,0.0,0.0,0.0,0.0,0.0,0.0,0.0,0.0,0.0,0.0,0.0
40444,0.0,0.0,0.0,0.0,0.0,0.0,0.0,0.0,0.0,0.0,0.0,0.0
40445,0.0,0.0,0.0,0.0,0.0,0.0,0.0,0.0,0.0,0.0,0.0,0.0
40454,0.0,0.0,0.0,0.0,0.0,0.0,6598.30242832005,86644.93329088483,59069.72031797003,74776.08954029996,26695.292319904547,0.0
40457,2242.934218255279,0.0,0.0,0.0,0.0,0.0,0.0,42489.95758633688,73693.55818539858,99353.9590021465,61975.87290231697,33924.305966798216
40458,0.0,0.0,0.0,0.0,0.0,0.0,0.0,0.0,0.0,0.0,0.0,0.0
40479,0.0,0.0,0.0,0.0,0.0,0.0,0.0,0.0,0.0,0.0,0.0,0.0
40480,0.0,0.0,0.0,0.0,0.0,0.0,0.0,0.0,0.0,0.0,0.0,0.0
40481,0.0,0.0,0.0,0.0,0.0,0.0,0.0,0.0,0.0,0.0,0.0,0.0
40482,0.0,0.0,0.0,0.0,0.0,0.0,0.0,0.0,0.0,0.0,0.0,0.0
40483,0.0,0.0,0.0,0.0,0.0,0.0,0.0,0.0,0.0,0.0,0.0,0.0
40484,0.0,0.0,0.0,0.0,0.0,0.0,0.0,0.0,0.0,0.0,0.0,0.0
40485,0.0,-831.0259857177734,-418654.1435852051,9364331.830688477,13767978.657165527,32067580.472221375,-20771957.025535583,-34402825.56272125,-28867191.026031494,-6052828.69078064,-1140501.6208877563,0.0
40486,0.0,0.0,34069.08324110508,492744.65986812115,876392.2126373053,976503.4690092802,1479523.3060318828,1410165.9902909994,1537324.9753376842,344331.54435390234,0.0,0.0
40487,0.0,0.0,0.0,0.0,0.0,0.0,0.0,0.0,0.0,0.0,0.0,0.0
40490,0.0,0.0,0.0,0.0,0.0,20639.191352583468,130654.20445588976,68011.07508837432,101909.69944366068,42477.339867666364,0.0,0.0
40491,0.0,0.0,0.0,0.0,0.0,0.0,0.0,0.0,0.0,0.0,0.0,0.0
40493,-6.084240660071373,-821.8261631131172,-22207.50333931297,0.0,0.0,0.0,0.0,0.0,0.0,0.0,0.0,0.0
40505,0.0,0.0,252155.22814142704,938981.5885877609,1377765.6633604877,1536758.2390360162,1111411.0816089902,-6128.2640542439185,0.0,0.0,0.0,0.0
40548,0.0,0.0,0.0,0.0,0.0,0.0,0.0,0.0,0.0,0.0,0.0,0.0
40565,9504.138587333262,36804.10919841193,129062.2312207222,285650.05751964985,390247.93130244734,353805.8439348794,328511.70653516985,325717.91538148583,293545.26432924275,235904.71470459714,101170.71072239429,32918.422407245
40575,0.0,0.0,0.0,-13099783.136460647,-16008823.076278538,-12843657.610842265,-3526257.0,-13870484.120101385,-12618976.309006244,0.0,0.0,0.0
40579,0.0,0.0,0.0,0.0,0.0,0.0,0.0,0.0,0.0,0.0,0.0,0.0
40583,0.0,0.0,-117974.06401204504,-115713.4609375,0.0,-7278.04443359375,-2605.784423828125,-5519.677734375,0.0,0.0,0.0,0.0
40586,0.0,498687.30638101697,1828439.7302463502,4292344.701499173,4031561.783957422,4263361.246776316,694228.2708420013,0.0,0.0,0.0,0.0,0.0
40609,-18950.4291255665,-383.5326843261719,0.0,0.0,-412336.3403162528,0.0,0.0,0.0,0.0,0.0,0.0,0.0
40610,0.0,0.0,0.0,0.0,0.0,0.0,0.0,0.0,0.0,0.0,0.0,0.0
40611,-47702.173665463924,-926700.1640355438,-2837921.6919275504,-1712221.6883479618,-1268641.5,0.0,0.0,0.0,0.0,0.0,0.0,4578.080233809538
40615,0.0,0.0,17152.785342009738,107234.90821569832,717801.5413327813,902549.166123718,973000.8113013506,679674.4497794732,66436.74025293486,0.0,0.0,0.0
40618,0.0,0.0,-6188.886772662401,-863651.7551158406,0.0,0.0,0.0,0.0,0.0,0.0,0.0,0.0
40619,0.0,0.0,0.0,-49554.5078125,0.0,0.0,0.0,0.0,-526863.8617954692,0.0,0.0,0.0
40620,0.0,0.0,153.87825774401426,-4650.464195007691,0.0,0.0,0.0,0.0,-140526.984375,0.0,0.0,0.0
40621,0.0,0.0,-43491.64890808612,-228695.26433551637,0.0,0.0,0.0,0.0,0.0,0.0,0.0,0.0
40639,23988.184499144554,166789.91244757175,1525087.1807897687,3422899.15392977,4550322.362232143,4096634.4613748994,2150782.8461511927,0.0,0.0,0.0,0.0,0.0
40652,2346576.982249517,1513686.0339138918,3608248.554144893,5805558.755442031,5794449.974142075,-4060744.846180916,-11464533.326214314,-3189407.5913562775,-2247574.274887085,-1496018.222328186,10466351.919044942,4827964.7032602895
40753,-256951.94053953886,-3639.737939119339,-6166.648868083954,-124380.60700064898,-1622178.955555141,-2256399.928781569,-3179781.9626525044,-5462633.115772933,-887918.9396879077,-177378.4762505889,-1524997.953947872,-274225.19409301877
40754,0.0,0.0,0.0,0.0,0.0,0.0,0.0,0.0,0.0,0.0,0.0,0.0
40756,0.0,0.0,0.0,0.0,0.0,0.0,0.0,0.0,0.0,0.0,0.0,0.0
40757,0.0,0.0,0.0,0.0,0.0,0.0,0.0,0.0,0.0,0.0,0.0,0.0
40758,0.0,0.0,0.0,0.0,0.0,0.0,0.0,0.0,0.0,0.0,0.0,0.0
40759,-249228.53476506472,-1433299.1290330887,-3798109.6190641075,-5837666.646198843,-976694.4946300685,0.0,10572.103170312941,44540.2932600379,98866.77993047237,109156.58818897605,484561.81451345235,224098.23557236232
40769,0.0,0.0,0.0,0.0,0.0,0.0,45517.74604296684,518954.9925458431,385253.95111940056,482433.95106366277,0.0,0.0
40773,0.0,0.0,0.0,92.35659132164437,5867.439388596627,14194.203652521363,68754.850086838,0.0,0.0,0.0,116585.56090433896,19699.41358679789
40790,288.36747393012047,340.46563747525215,12984.554761886597,29031.414790950716,37309.47324002534,379468.79790250957,154605.7981789261,355329.0388745293,90603.99885415286,20489.63900066167,0.0,0.0
40791,0.0,0.0,-23173.010034680367,-2426169.207292855,-11021183.914032549,-12308312.106998712,-20369625.658079565,-15122825.110933155,-3909888.55465129,-1854789.7992190719,-86999.26652172208,-27080.358256936073
40792,0.0,0.0,224231.34208965302,2904794.851931095,12866761.749232173,22990571.158097863,21638963.52673918,21077444.698152483,5001294.948508501,640687.3648988008,0.0,0.0
40793,0.0,0.0,0.0,0.0,0.0,0.0,0.0,0.0,0.0,0.0,0.0,0.0
40797,0.0,0.0,0.0,0.0,0.0,0.0,0.0,0.0,0.0,0.0,0.0,0.0
40798,0.0,0.0,0.0,0.0,0.0,0.0,0.0,0.0,0.0,0.0,0.0,0.0
40799,244036.95991640695,316556.15279647824,907822.0624319842,1054620.1126509837,467665.7626025906,0.0,0.0,0.0,0.0,0.0,0.0,0.0
40800,0.0,0.0,0.0,0.0,0.0,0.0,0.0,0.0,0.0,0.0,0.0,0.0
40801,0.0,0.0,0.0,0.0,0.0,0.0,0.0,0.0,0.0,0.0,0.0,0.0
40802,385441.0556024313,515330.805287838,5478349.4075193405,7769377.185562849,6561862.044986084,1139170.6284796372,-6514589.348313399,-1108114.3923911229,4883733.777328074,4814867.213386491,3036409.1047483534,1443535.0842494965
40803,1466083.8954022378,2072789.3716627955,4893396.730610542,0.0,744179.6468517652,2181371.482682474,0.0,0.0,2485927.481840856,4494134.074079457,958662.116968608,601564.8964398187
40824,0.0,0.0,0.0,0.0,0.0,0.0,0.0,0.0,0.0,0.0,0.0,0.0
40890,0.0,0.0,0.0,0.0,0.0,0.0,0.0,0.0,0.0,0.0,0.0,0.0
40891,0.0,0.0,0.0,0.0,0.0,0.0,0.0,0.0,0.0,0.0,0.0,0.0
40894,0.0,0.0,0.0,0.0,0.0,0.0,0.0,0.0,0.0,0.0,0.0,0.0
40921,-28481.94874412194,0.0,0.0,0.0,-199575.46751303412,0.0,0.0,0.0,0.0,0.0,0.0,0.0
40922,0.0,0.0,0.0,-736333.8125,-406300.84375,-14338.5234375,0.0,0.0,0.0,0.0,0.0,0.0
40992,0.0,0.0,0.0,0.0,0.0,0.0,0.0,0.0,0.0,0.0,0.0,0.0
41046,-3052833.8201589584,-1251952.480638504,-1910720.8205852509,-3258907.8953971863,-17068254.02694702,-15855704.405075073,-58337762.736133575,-60768962.247932434,-19616026.84338951,-10525584.457838058,-18169960.460534096,-2419202.6955280304
41064,-198006.7417576313,0.0,0.0,-82705.30083858967,-1323660.1325454712,-2105479.7045915127,-4080567.314366579,-5361754.479015708,-1686957.6264588833,0.0,-1183301.8920346498,-168709.3825442195
41065,0.0,0.0,0.0,0.0,0.0,0.0,0.0,0.0,0.0,0.0,0.0,0.0
41066,0.0,0.0,0.0,0.0,0.0,0.0,0.0,0.0,0.0,0.0,0.0,0.0
41069,0.0,0.0,0.0,0.0,0.0,0.0,0.0,0.0,0.0,0.0,0.0,0.0
41070,0.0,0.0,0.0,0.0,0.0,0.0,0.0,0.0,0.0,0.0,0.0,0.0
41071,971000.4179855706,1268745.911432404,2482632.6392053682,1613178.5033245608,40672.74035571399,0.0,0.0,0.0,0.0,0.0,121593.53520477284,560615.0430905025
41084,0.0,0.0,0.0,0.0,0.0,0.0,0.0,0.0,0.0,0.0,0.0,0.0
41100,0.0,14960.48540687561,123813.39117217064,166445.09694969654,254915.75496950746,240222.9224612713,0.0,0.0,0.0,-3513202.878222257,-1537591.9578127265,-597328.9361469746
41101,0.0,0.0,0.0,1054.6845680177212,6407.307945981622,118503.1258596927,82465.90628802031,212521.12637443095,46399.64908131957,53950.27694787085,0.0,0.0
41102,0.0,0.0,0.0,0.0,0.0,0.0,0.0,0.0,0.0,0.0,0.0,0.0
41106,0.0,0.0,0.0,0.0,0.0,151845.0872466229,226092.43915505335,173803.57137881778,311062.966149503,459940.15626213606,12568.937410482089,0.0
41107,0.0,0.0,0.0,0.0,0.0,0.0,0.0,0.0,0.0,0.0,0.0,0.0
41108,0.0,0.0,-9144.471080501564,0.0,0.0,0.0,0.0,0.0,0.0,0.0,0.0,0.0
41109,0.0,0.0,-2698.8381714737043,0.0,0.0,0.0,0.0,0.0,0.0,0.0,0.0,0.0
41110,0.0,0.0,0.0,0.0,0.0,0.0,0.0,0.0,0.0,0.0,0.0,0.0
41111,0.0,0.0,0.0,0.0,0.0,0.0,0.0,0.0,0.0,0.0,0.0,0.0
41112,0.0,0.0,0.0,0.0,0.0,0.0,0.0,0.0,0.0,0.0,0.0,0.0
41113,0.0,0.0,0.0,0.0,0.0,0.0,0.0,0.0,0.0,0.0,0.0,0.0
41114,0.0,0.0,0.0,0.0,0.0,0.0,0.0,0.0,0.0,0.0,0.0,0.0
41115,0.0,0.0,0.0,0.0,0.0,0.0,0.0,0.0,0.0,0.0,0.0,0.0
41175,0.0,0.0,0.0,0.0,0.0,0.0,0.0,0.0,0.0,0.0,0.0,0.0
41196,0.0,0.0,0.0,0.0,0.0,0.0,0.0,0.0,18643.227178770816,15736.689263461041,8726.732915075962,3432.9707179839024
41205,0.0,0.0,0.0,0.0,0.0,0.0,0.0,0.0,0.0,0.0,0.0,0.0
41206,0.0,-4338.817305529577,-13890.06640625,-10006.8759765625,-3281.472412109375,-539.1361083984375,-63.34761428833008,-27.91983413696289,0.0,0.0,0.0,0.0
41207,0.0,0.0,0.0,0.0,0.0,0.0,0.0,0.0,0.0,0.0,0.0,0.0
41208,0.0,0.0,0.0,0.0,0.0,0.0,0.0,0.0,0.0,0.0,0.0,0.0
41209,0.0,0.0,0.0,-6756.38623046875,-1548.965576171875,-329.815185546875,-19.125938415527344,0.0,0.0,0.0,0.0,0.0
41236,0.0,-101596.28950794786,-196383.46302238107,-216302.9259219803,0.0,0.0,0.0,0.0,0.0,0.0,0.0,0.0
41237,618.1043494939804,91106.12442106009,182548.08019494265,469493.715039663,-30914.84765625,-799.9784545898438,372404.498127155,171135.92123728618,0.0,0.0,0.0,0.0
41256,0.0,532.4796896874905,5717.922693995293,13237.858530563768,16432.189417647664,0.0,-352733.78125,0.0,0.0,0.0,0.0,0.0
41261,655.0271937847137,-24125.010912895203,-247775.79884254932,25356.466576591134,29199.252426423132,-292588.1587101072,-124589.10812580772,0.0,0.0,0.0,0.0,0.0
41313,0.0,0.0,0.0,0.0,0.0,0.0,0.0,0.0,0.0,0.0,0.0,0.0
41315,0.0,0.0,0.0,0.0,0.0,0.0,0.0,0.0,0.0,0.0,0.0,0.0
41376,-717470.2658157349,0.0,0.0,-347801.73938035965,-4921309.968168259,-8734175.069776535,-20865567.87816143,-24488462.33016038,-8218831.7973771095,-17915.98157095909,-5704286.879219651,-1061579.7800968885
41377,-60341.00920724869,0.0,0.0,-10808.865009337664,-202333.01640352607,-439484.88226261735,-873149.4516153038,-1093839.1771675646,-388370.6228850484,-23611.95946483314,-262208.99027499557,-59149.572552226484
41379,0.0,0.0,0.0,0.0,0.0,0.0,0.0,0.0,0.0,0.0,0.0,0.0
41380,0.0,0.0,0.0,0.0,0.0,0.0,0.0,0.0,0.0,0.0,0.0,0.0
41381,0.0,0.0,0.0,0.0,0.0,0.0,0.0,0.0,0.0,0.0,0.0,0.0
41382,19114.663597002625,35101.33139136061,56751.01839728467,57729.09691508114,9761.464338088408,0.0,0.0,0.0,0.0,0.0,0.0,5213.94128305465
41385,0.0,0.0,0.0,0.0,0.0,0.0,0.0,0.0,0.0,0.0,0.0,0.0
41386,0.0,0.0,0.0,0.0,0.0,0.0,0.0,0.0,0.0,0.0,0.0,0.0
41387,589780.0278796852,798208.5519374609,1590679.0598007739,1205917.0274252892,132601.89026883245,0.0,-4835.9021300673485,-762028.8960877657,68026.84270328283,972101.3996775746,775497.3094429374,605196.2532417476
41399,0.0,0.0,0.0,6.317461027414538,607.2137195598334,1212.7505633651745,78539.41695553064,355045.1468605497,270539.26376241446,342351.92421169207,185056.3017862793,32310.093742960133
41401,0.0,0.0,0.0,0.0,0.0,0.0,0.0,0.0,0.0,0.0,0.0,0.0
41404,0.0,0.0,0.0,0.0,-33756.8532039579,0.0,0.0,-4917095.667592853,0.0,-4554316.4017862305,-924926.7386351954,0.0
41414,-66908.3481349945,78288.39040026069,442771.70004852116,448153.72543762624,465715.64319622517,194139.21039053798,0.0,-2090377.7601875216,-1890570.5191385746,-510337.38755601645,-532502.2086495757,-401518.42986400425
41415,0.0,0.0,0.0,0.0,0.0,0.0,0.0,0.0,0.0,0.0,0.0,0.0
41416,0.0,0.0,0.0,0.0,0.0,-42725.59650050104,-7221675.03414011,-1967184.637857318,-4756760.367542639,-6279470.041790724,-167734.14148002863,0.0
41421,15681.031321597286,0.0,0.0,0.0,0.0,286.23345970280934,76656.58726877626,58654.074419260025,56614.709960597334,105617.26998264017,30796.621265102178,29631.53532578796
41422,0.0,0.0,0.0,0.0,0.0,0.0,0.0,0.0,0.0,0.0,0.0,0.0
41423,0.0,0.0,0.0,0.0,0.0,0.0,0.0,0.0,0.0,0.0,0.0,0.0
41424,0.0,0.0,0.0,0.0,0.0,0.0,0.0,0.0,0.0,0.0,0.0,0.0
41425,0.0,0.0,0.0,0.0,0.0,0.0,0.0,0.0,0.0,0.0,0.0,0.0
41426,0.0,0.0,0.0,0.0,0.0,0.0,0.0,0.0,0.0,0.0,0.0,0.0
41427,0.0,0.0,0.0,0.0,0.0,0.0,0.0,0.0,0.0,0.0,0.0,0.0
41437,0.0,0.0,0.0,0.0,0.0,0.0,0.0,0.0,0.0,0.0,0.0,0.0
41465,0.0,0.0,0.0,0.0,0.0,0.0,0.0,0.0,0.0,0.0,0.0,0.0
41483,28191.704892084002,94586.59513067966,309399.1743488973,454532.83389858855,525279.152737827,396958.8190793232,3351.113425606629,131526.88021208718,296860.10664358316,316393.98382410733,199543.5455672932,110022.6345476755
41520,0.0,0.0,0.0,0.0,0.0,0.0,0.0,0.0,0.0,0.0,0.0,0.0
41521,0.0,0.0,0.0,0.0,0.0,0.0,0.0,0.0,0.0,0.0,0.0,0.0
41523,0.0,0.0,0.0,0.0,0.0,0.0,0.0,0.0,0.0,0.0,0.0,0.0
41550,-32954.17612697929,-182816.68784365058,-525913.1000703853,-605222.692888543,-722075.6430614442,-255667.93836768158,0.0,0.0,0.0,0.0,0.0,0.0
41553,0.0,0.0,0.0,0.0,0.0,0.0,0.0,0.0,0.0,0.0,0.0,0.0
41554,0.0,0.0,0.0,0.0,0.0,0.0,0.0,0.0,0.0,0.0,0.0,0.0
41691,-40882.033604085445,0.0,0.0,-102709.22275745869,-760260.7464294434,-939163.5522500277,-1474729.3069608212,-1608489.0362738073,-506954.73123937845,-523073.1283597052,-1032919.7832125872,-151513.92916849256
41692,0.0,0.0,0.0,0.0,0.0,0.0,0.0,0.0,0.0,0.0,0.0,0.0
41693,0.0,0.0,0.0,0.0,0.0,0.0,0.0,0.0,0.0,0.0,0.0,0.0
41697,0.0,0.0,0.0,0.0,0.0,0.0,0.0,0.0,0.0,0.0,0.0,0.0
41698,0.0,0.0,0.0,0.0,0.0,0.0,0.0,0.0,0.0,0.0,0.0,0.0
41699,601862.7605640963,28283.428814516403,0.0,0.0,0.0,0.0,0.0,0.0,0.0,0.0,0.0,0.0
41713,0.0,0.0,0.0,0.0,0.0,0.0,0.0,0.0,0.0,0.0,0.0,0.0
41724,0.0,0.0,0.0,0.0,0.0,0.0,0.0,0.0,0.0,0.0,0.0,0.0
41725,0.0,0.0,0.0,0.0,0.0,0.0,0.0,0.0,0.0,0.0,0.0,0.0
41726,0.0,0.0,0.0,0.0,0.0,0.0,0.0,0.0,0.0,0.0,0.0,0.0
41731,0.0,0.0,0.0,0.0,27109.71477072593,125506.25287238043,0.0,419518.31768696196,382603.25112245977,108695.01433606353,0.0,0.0
41732,0.0,0.0,0.0,0.0,0.0,0.0,0.0,0.0,0.0,0.0,0.0,0.0
41801,0.0,0.0,0.0,0.0,0.0,0.0,0.0,0.0,0.0,0.0,0.0,0.0
41815,0.0,17820.733979287663,70162.67626376497,146462.32829878543,178607.56624813096,165076.33088783594,62868.38567695524,32798.608104365274,55575.14054821349,50498.43310374974,29017.177508619818,14088.701568672739
41826,0.0,0.0,0.0,0.0,0.0,0.0,0.0,0.0,0.0,0.0,0.0,0.0
41827,0.0,0.0,0.0,0.0,0.0,0.0,0.0,0.0,0.0,0.0,0.0,0.0
41854,110143.91554045677,669417.3556147814,1763224.1787642837,662999.9430979043,606277.4101356268,450320.5478144288,0.0,0.0,0.0,0.0,0.0,5441.612771145999
41855,0.0,0.0,0.0,0.0,0.0,0.0,0.0,0.0,0.0,0.0,0.0,0.0
41856,0.0,0.0,0.0,0.0,0.0,0.0,0.0,0.0,0.0,0.0,0.0,0.0
41862,0.0,36038.45571035147,-118279.26179352403,-41543.39393435791,0.0,0.0,0.0,83541.97325340565,0.0,0.0,0.0,0.0
41863,36607.45323988795,150563.0026979372,265128.09042223543,286020.5482731117,-2341.20458984375,-3439.810546875,0.0,0.0,0.0,0.0,0.0,27951.908679810585
41864,-186244.48605091125,-542584.2094386369,-1160550.6181653962,-204531.734375,0.0,0.0,0.0,0.0,0.0,0.0,0.0,-43396.88350331725
41868,-3227.0124674141407,42155.72381591797,303925.2443461418,-489117.61732477695,944285.0711262096,668982.3039884837,271757.0655606948,133741.64630140364,0.0,0.0,0.0,-7212.114628483076
41991,-484.2351171672344,0.0,0.0,-230.70744788646698,-1922.6698042154312,-4584.778172492981,-12575.733195185661,-14823.01148623228,-3968.855193287134,-1297.5358049869537,-4278.952924832702,-717.0271948128939
41992,-772.2429753858596,0.0,0.0,-313.8191798552871,-2940.9195537120104,-7992.651565179229,-24286.84668917395,-29887.598065674305,-3655.0248338286765,-2647.249579621479,-6067.557638344355,-1348.8237451463938
41994,0.0,0.0,0.0,0.0,0.0,0.0,0.0,0.0,0.0,0.0,0.0,0.0
41995,0.0,0.0,0.0,0.0,0.0,0.0,0.0,0.0,0.0,0.0,0.0,0.0
41998,0.0,0.0,0.0,0.0,0.0,0.0,0.0,0.0,0.0,0.0,0.0,0.0
41999,815259.5401526801,0.0,1368202.991416365,208530.88871456124,531105.639155738,0.0,0.0,28406.18052598834,0.0,0.0,329814.63645956665,685949.7343183309
42000,0.0,0.0,0.0,0.0,0.0,0.0,0.0,0.0,0.0,0.0,0.0,59320.87978848023
42009,0.0,0.0,0.0,0.0,0.0,0.0,0.0,0.0,0.0,0.0,0.0,0.0
42011,2691.7654185406864,0.0,0.0,78.69707116298378,4015.718754241243,19815.771764444187,84650.10842871666,492478.87253807485,489529.5520644188,602425.6773813963,353483.3151191026,129465.77537205815
42024,108121.72326361015,5540.397108413279,0.0,0.0,0.0,0.0,0.0,0.0,1555.2559980601072,398584.5114523247,341362.9727459103,262578.0333621949
42025,0.0,0.0,0.0,0.0,0.0,-72929.17410305887,-4556137.718716413,-1685431.7542330772,-3955118.4453006387,-4665156.187507018,-59392.11753731966,0.0
42026,0.0,0.0,0.0,0.0,19076.01996716857,-169852.4041545838,-2923724.363597557,-1614859.6904061437,-2409183.8746685535,-2234690.2910283804,-83083.11451801658,0.0
42029,0.0,0.0,0.0,0.0,0.0,-731592.0540757217,-1573289.753920447,-1089516.3361779917,-730194.8125,-689695.9770116787,-503000.16140067205,-99194.30504087359
42030,0.0,0.0,0.0,0.0,0.0,0.0,0.0,0.0,0.0,0.0,0.0,0.0
42031,0.0,0.0,0.0,0.0,0.0,0.0,0.0,0.0,0.0,0.0,0.0,0.0
42032,0.0,0.0,0.0,0.0,0.0,0.0,0.0,0.0,0.0,0.0,0.0,0.0
42033,0.0,0.0,0.0,0.0,0.0,0.0,0.0,0.0,0.0,0.0,0.0,0.0
42034,0.0,0.0,0.0,0.0,0.0,0.0,0.0,0.0,0.0,0.0,0.0,0.0
42045,0.0,0.0,0.0,0.0,0.0,0.0,0.0,0.0,0.0,0.0,0.0,0.0
42061,0.0,57565.58141630888,318382.0450451374,575114.1704818904,716124.1790430248,632912.6903146058,105787.3770737648,0.0,0.0,0.0,0.0,0.0
42105,0.0,0.0,0.0,0.0,0.0,0.0,0.0,0.0,0.0,0.0,0.0,0.0
42129,0.0,0.0,0.0,0.0,0.0,0.0,0.0,0.0,0.0,0.0,0.0,0.0
42130,0.0,0.0,0.0,0.0,0.0,0.0,0.0,0.0,0.0,0.0,0.0,0.0
42131,0.0,0.0,0.0,0.0,0.0,0.0,0.0,0.0,0.0,0.0,0.0,0.0
42158,89556.28315986693,210676.15217930079,353716.43253175914,328433.25427648425,173606.87826786935,0.0,0.0,0.0,0.0,0.0,0.0,17171.553065853193
42160,0.0,0.0,0.0,0.0,0.0,0.0,0.0,0.0,0.0,0.0,0.0,0.0
42161,0.0,0.0,0.0,0.0,0.0,0.0,0.0,0.0,0.0,0.0,0.0,0.0
42162,0.0,0.0,0.0,0.0,0.0,0.0,0.0,0.0,0.0,0.0,0.0,0.0
42163,0.0,0.0,0.0,0.0,0.0,0.0,0.0,0.0,0.0,0.0,0.0,0.0
42164,2889.33463768661,13124.060243295506,34339.34992438555,50908.38754596189,57684.27887648158,21697.559052388184,0.0,0.0,0.0,0.0,0.0,0.0
42165,0.0,0.0,0.0,0.0,0.0,0.0,0.0,0.0,0.0,0.0,0.0,0.0
42166,0.0,0.0,0.0,0.0,0.0,0.0,0.0,0.0,0.0,0.0,0.0,0.0
42167,0.0,0.0,0.0,0.0,0.0,0.0,0.0,0.0,0.0,0.0,0.0,0.0
42203,0.0,0.0,0.0,0.0,0.0,0.0,-729543.3702517897,-6496006.854243517,-30171682.687279686,0.0,-7368345.0,-3330048.7079809587
42292,-311753.8670465946,-11.421195983886719,-36.633630990982056,-132817.94152021408,-1478431.7490200996,-2975715.139521599,-8808909.893380046,-9742087.133554816,-2581238.5274585485,-87591.254796803,-2654820.445492029,-734903.1169854403
42293,-312.6339918319136,0.0,0.0,-120.8000228703022,-1378.2312308996916,-3262.1134163215756,-9709.473016060889,-10256.903023398481,-1319.1260555014014,-829.4918866213411,-2397.7885165661573,-733.0382080450654
42295,0.0,0.0,0.0,0.0,0.0,0.0,0.0,0.0,0.0,0.0,0.0,0.0
42296,1129.0905218156986,0.0,0.0,0.0,0.0,0.0,0.0,6109.9490856913035,16257.962959032739,21177.145720313536,14289.04609119799,8812.858347889269
42297,0.0,0.0,0.0,0.0,0.0,0.0,0.0,0.0,0.0,0.0,0.0,0.0
42299,0.0,0.0,0.0,0.0,0.0,0.0,0.0,0.0,0.0,0.0,0.0,0.0
42300,167296.25694217533,0.0,0.0,0.0,0.0,0.0,0.0,0.0,176111.05224441737,0.0,0.0,0.0
42313,0.0,0.0,0.0,0.0,0.0,0.0,0.0,0.0,0.0,-18204235.177880783,-11746867.224481834,-5782086.788282687
42315,0.0,0.0,0.0,0.0,0.0,0.0,0.0,0.0,0.0,0.0,0.0,0.0
42324,6586.209113096818,0.0,0.0,0.0,0.0,0.0,0.0,0.0,202268.23577167,171688.34879932925,25756.62102832459,18869.036706423387
42325,0.0,0.0,0.0,0.0,753.855533038266,46360.6764842188,148560.43021831103,93651.1166187916,122382.31456737127,78910.14713820908,0.0,0.0
42328,0.0,0.0,0.0,0.0,79.46875384449959,45309.15010796487,72799.79797054827,54249.80476600677,39670.93114937842,10783.402544759214,0.0,0.0
42329,0.0,0.0,0.0,0.0,0.0,0.0,0.0,0.0,0.0,0.0,0.0,0.0
42330,0.0,0.0,0.0,0.0,0.0,0.0,0.0,0.0,0.0,0.0,0.0,0.0
42358,0.0,0.0,0.0,0.0,0.0,0.0,0.0,0.0,0.0,0.0,0.0,0.0
42360,0.0,0.0,0.0,0.0,0.0,0.0,0.0,0.0,0.0,0.0,0.0,0.0
42388,2745.4233794404718,8536.584904455347,26884.553408565465,37713.77492580423,45553.73655870184,32938.54231030913,0.0,10500.753488803166,25152.744329526555,28289.172011608724,18149.01682056999,10505.687893082155
42390,0.0,0.0,0.0,0.0,0.0,0.0,0.0,0.0,0.0,0.0,0.0,0.0
42427,0.0,0.0,0.0,0.0,0.0,0.0,0.0,0.0,0.0,0.0,0.0,0.0
42428,0.0,0.0,0.0,0.0,0.0,0.0,0.0,0.0,0.0,0.0,0.0,0.0
42429,0.0,0.0,0.0,0.0,0.0,0.0,0.0,0.0,0.0,0.0,0.0,0.0
42456,-68612.35643900745,-195416.08837705664,-349976.6296741292,-375845.39676675573,-353126.9067035131,0.0,0.0,0.0,0.0,0.0,0.0,0.0
42457,-127221.33692251518,-222853.27406670153,-568177.7886576988,-561038.7856829129,-292802.80476821586,0.0,0.0,0.0,0.0,0.0,0.0,-43436.49072576314
42458,0.0,0.0,0.0,0.0,0.0,0.0,0.0,0.0,0.0,0.0,0.0,0.0
42459,75391.32077482156,145236.96222533286,290953.1072149575,403070.6339712506,196196.89960135357,0.0,0.0,0.0,0.0,0.0,0.0,21891.150382693086
42460,0.0,0.0,0.0,0.0,0.0,0.0,0.0,0.0,0.0,0.0,0.0,0.0
42475,0.0,0.0,0.0,0.0,0.0,0.0,0.0,0.0,0.0,0.0,0.0,0.0
42585,-681128.6862630844,-61017.20286464691,-1107996.3724956512,-2251608.1100711823,-26676279.32337761,-20114308.398849487,-80926969.68981552,-62239298.34058285,-32788779.55508089,-17633922.205165148,-42006646.3767637,-12277823.954930544
42587,2167.7031667530537,6927.937719333917,51210.614115523174,30460.346338490024,44509.84095197916,9241.091322466731,39149.1704525128,70152.41625727527,88304.36780060828,27956.113046348095,10932.778057791293,657.825846131891
42588,0.0,0.0,0.0,0.0,0.0,0.0,0.0,0.0,0.0,0.0,0.0,0.0
42590,0.0,0.0,0.0,0.0,0.0,0.0,0.0,0.0,0.0,0.0,0.0,0.0
42591,-135118.17283928394,0.0,0.0,0.0,0.0,0.0,0.0,-164268.6011679396,-294611.5530203134,-959243.9448322803,-656914.9087190479,259130.0055796206
42604,-853336.2519485056,40685.97820717096,0.0,-2178.763625949621,-374343.45121732354,-523614.9806468487,-402820.9995560646,-6724680.411224723,-7459222.588510811,1847357.4452355504,115104.14170762897,-1682765.192377448
42615,2018018.8241328,289142.2161155343,-1084179.0360945612,-1542814.561348319,-1414952.2581756115,-6241638.291921243,147229.20672822,-4531802.730905831,-5261887.881356895,-3755429.6070691943,-1210215.8624559417,2843844.434689626
42616,0.0,0.0,0.0,0.0,0.0,0.0,0.0,0.0,0.0,0.0,0.0,0.0
42617,0.0,0.0,0.0,0.0,1362.5860282098874,122324.8231571666,371367.4894236494,224969.80547057278,261995.7142406404,121531.50285980524,0.0,0.0
42619,0.0,0.0,0.0,0.0,-3585.1853381842375,-928.7847906053066,395467.27193434536,230187.5890262276,-528411.421707511,320935.582448557,55207.52279628813,7636.116997733712
42620,0.0,0.0,0.0,0.0,0.0,0.0,0.0,0.0,0.0,0.0,0.0,0.0
42621,0.0,0.0,0.0,0.0,0.0,0.0,0.0,0.0,0.0,0.0,0.0,0.0
42720,0.0,0.0,0.0,0.0,0.0,0.0,0.0,0.0,0.0,0.0,0.0,0.0
42721,101676.5196378231,630853.9546968192,1111259.8525221348,1408609.4053541422,1306495.795907557,170901.53337142617,0.0,0.0,0.0,0.0,0.0,0.0
42748,-343833.45899648964,-913915.1740999836,-1605458.1491505615,-1696125.989679655,-1514053.629612512,0.0,0.0,0.0,0.0,0.0,0.0,0.0
42749,8654.474963582528,24498.203164043895,43402.86660626944,49006.21953548421,46108.23486976372,0.0,0.0,0.0,0.0,0.0,0.0,0.0
42750,-45300.74850497674,-114148.3671875,0.0,0.0,0.0,0.0,0.0,0.0,0.0,0.0,0.0,0.0
42751,0.0,0.0,0.0,0.0,0.0,0.0,0.0,0.0,0.0,0.0,0.0,0.0
42752,5540788.471340284,12123557.612907108,18578235.584106058,24952116.754188087,15606979.244482514,0.0,0.0,0.0,0.0,0.0,0.0,1084260.3087174862
42753,331683.84034591215,799168.2470209226,1531781.2762857825,2311092.780859977,1923544.6057792753,0.0,0.0,0.0,0.0,0.0,0.0,0.0
42754,0.0,0.0,0.0,0.0,0.0,0.0,0.0,0.0,0.0,0.0,0.0,0.0
42755,0.0,0.0,0.0,0.0,0.0,0.0,0.0,0.0,0.0,0.0,0.0,0.0
42756,0.0,0.0,0.0,0.0,0.0,0.0,0.0,0.0,0.0,0.0,0.0,0.0
42772,0.0,0.0,0.0,0.0,0.0,0.0,0.0,0.0,0.0,0.0,0.0,0.0
42879,-483.3877178719267,0.0,0.0,-237.44381234049797,-2858.486267141998,-6783.1599098443985,-20128.731837645173,-21656.73688228987,-3052.1313963383436,-2577.324428219348,-4925.323206733912,-3074.6664676386863
42880,98746.8309957236,0.0,0.0,0.0,0.0,3042.890501403017,29672.792679832317,425135.8583747111,1006848.1104902774,1284015.2554937452,839520.3574471921,538930.2727571987
42883,0.0,0.0,0.0,0.0,0.0,0.0,0.0,0.0,0.0,0.0,0.0,0.0
42884,73107.52524399757,0.0,0.0,0.0,0.0,0.0,0.0,500852.7796101272,908596.9034218192,1708425.6739102006,1132117.188563913,724747.34078753
42885,658114.6358756796,0.0,0.0,0.0,0.0,0.0,0.0,53628.5097328648,265154.0808940008,0.0,0.0,0.0
42895,-90781.11991847306,0.0,0.0,-937.940078006126,-25725.703084795736,-98102.2542212701,-484112.30599713326,-2353351.585399287,-4321952.551782653,-5445362.065988421,0.0,0.0
42896,5875.1124227792025,0.0,0.0,0.0,328.1298090238124,11911.434836216271,37048.33061361313,169652.16415303946,127024.84442332387,-235565.1486234963,63620.66248675436,47376.77070873976
42906,0.0,0.0,0.0,0.0,0.0,0.0,0.0,0.0,0.0,0.0,0.0,0.0
42907,0.0,0.0,0.0,0.0,0.0,0.0,0.0,0.0,0.0,0.0,0.0,0.0
42908,0.0,0.0,0.0,0.0,0.0,0.0,0.0,0.0,0.0,0.0,0.0,0.0
42909,0.0,0.0,0.0,0.0,689.6280306765111,24205.85026855429,51548.7257115948,30168.736592341447,15713.41989274323,7856.707038650289,0.0,0.0
42910,0.0,0.0,0.0,0.0,67.94073340157047,13869.774703573668,36225.889018290676,17931.660080314847,12427.950066315243,4624.03352115606,0.0,0.0
42911,0.0,0.0,0.0,0.0,0.0,0.0,0.0,0.0,0.0,0.0,0.0,0.0
42912,0.0,0.0,0.0,0.0,0.0,0.0,0.0,0.0,0.0,0.0,0.0,0.0
42913,0.0,0.0,0.0,0.0,0.0,0.0,0.0,0.0,0.0,0.0,0.0,0.0
42914,0.0,0.0,0.0,0.0,0.0,0.0,0.0,0.0,0.0,0.0,0.0,0.0
42933,0.0,0.0,0.0,0.0,0.0,0.0,0.0,0.0,0.0,0.0,0.0,0.0
43002,0.0,0.0,0.0,0.0,0.0,0.0,-63077.09530205901,0.0,0.0,0.0,0.0,0.0
43005,0.0,0.0,0.0,0.0,0.0,0.0,0.0,0.0,0.0,0.0,0.0,0.0
43013,0.0,0.0,0.0,0.0,0.0,0.0,0.0,0.0,0.0,0.0,0.0,0.0
43014,0.0,0.0,0.0,0.0,0.0,0.0,0.0,0.0,0.0,0.0,0.0,0.0
43040,0.0,0.0,0.0,0.0,0.0,0.0,0.0,0.0,0.0,0.0,0.0,0.0
43041,0.0,0.0,0.0,0.0,0.0,0.0,0.0,0.0,0.0,0.0,0.0,0.0
43043,137473.52503969893,352402.1378689427,600732.9894503988,684625.5923758168,633126.8929149257,0.0,0.0,0.0,0.0,0.0,0.0,0.0
43044,455586.8203696357,681819.0161183951,937153.9431557171,1016369.9545025788,138121.4271495808,0.0,0.0,0.0,0.0,0.0,0.0,155928.74716435932
43046,521218.3333964804,1517331.395334255,2626893.144241467,4022328.9673008136,3622684.017390496,315752.40092489426,0.0,0.0,0.0,0.0,0.0,0.0
43047,0.0,0.0,0.0,0.0,0.0,0.0,0.0,0.0,0.0,0.0,0.0,0.0
43048,0.0,0.0,0.0,0.0,0.0,0.0,0.0,0.0,0.0,0.0,0.0,0.0
43049,0.0,0.0,0.0,0.0,0.0,0.0,0.0,0.0,0.0,0.0,0.0,0.0
43050,0.0,0.0,-72236.12132774852,-110591.89502599789,-33612.62867156183,0.0,0.0,0.0,0.0,0.0,0.0,0.0
43051,-27467.518584489706,-60689.21354557481,-30157.35546875,-313.154052734375,-8682.6767578125,0.0,0.0,0.0,0.0,0.0,0.0,-8333.280862623127
43052,-477994.10125623643,-726837.4529650211,-1304357.1805322915,-1255890.6076265909,-20686.400436806493,0.0,0.0,0.0,0.0,0.0,0.0,-190142.43471548567
43053,0.0,0.0,0.0,0.0,0.0,0.0,0.0,0.0,0.0,0.0,0.0,0.0
43054,0.0,0.0,0.0,0.0,0.0,0.0,0.0,0.0,0.0,0.0,0.0,0.0
43055,0.0,0.0,0.0,0.0,0.0,0.0,0.0,0.0,0.0,0.0,0.0,0.0
43056,0.0,0.0,0.0,0.0,0.0,0.0,0.0,0.0,0.0,0.0,0.0,0.0
43057,0.0,0.0,0.0,0.0,0.0,0.0,0.0,0.0,0.0,0.0,0.0,0.0
43058,0.0,0.0,0.0,0.0,0.0,0.0,0.0,0.0,0.0,0.0,0.0,0.0
43059,0.0,0.0,0.0,0.0,0.0,0.0,0.0,0.0,0.0,0.0,0.0,0.0
43060,0.0,0.0,0.0,0.0,0.0,0.0,0.0,0.0,0.0,0.0,0.0,0.0
43061,0.0,0.0,0.0,0.0,0.0,0.0,0.0,0.0,0.0,0.0,0.0,0.0
43062,0.0,0.0,0.0,0.0,0.0,0.0,0.0,0.0,0.0,0.0,0.0,0.0
43167,-139950.02462575585,0.0,0.0,-57535.9998267889,-1165462.101734817,-1496186.2119594216,-6038712.19034794,0.0,0.0,-1352946.8189828247,-1953723.430811733,-1075007.657797534
43168,813.0549053307623,0.0,0.0,290.6835942789912,4283.366453129798,7457.240920737386,23476.783663250506,0.0,3681.213896362111,3793.9887438826263,7803.489569580182,4487.9807172082365
43169,397.6431266563013,357.3866102080792,0.0,0.0,19.311231691390276,1857.7418979108334,17360.47307046689,17878.697029457428,8774.301576692611,3069.8277767766267,1033.5575281884521,2604.921768385917
43170,4809.221372574568,119.87624037265778,537.2624023556709,1937.7602627277374,78317.95129403472,116013.91381525993,671817.1255919337,327083.1357923448,106217.88331195712,10317.099799871445,143.35703760385513,40608.192582666874
43171,0.0,0.0,1083.3749341666698,0.0,797.2716077417135,12894.142634898424,119277.48102336377,64852.35530273616,37078.77454841137,4716.242879986763,0.0,1062.6224979758263
43172,0.0,0.0,0.0,0.0,0.0,0.0,0.0,0.0,0.0,0.0,0.0,0.0
43173,122984.46347976383,5935.225435345899,0.0,0.0,0.0,1172.3944949858414,11479.415522451804,14627.598449703073,132445.86084578047,262975.69195667,223774.74214384612,176913.73504812922
43175,0.0,0.0,0.0,0.0,0.0,0.0,0.0,0.0,0.0,0.0,0.0,0.0
43176,0.0,0.0,0.0,0.0,0.0,0.0,0.0,0.0,0.0,0.0,0.0,0.0
43177,60398.701822176576,0.0,0.0,0.0,0.0,0.0,92619.48777275532,948199.6547025628,1539234.6579142138,3075000.659421034,2053439.0016825944,993110.7348677337
43183,0.0,0.0,0.0,0.0,0.0,0.0,7442.836686581373,44675.57562024146,68189.74994023144,121072.30893911608,82332.1790800374,22786.261097762734
43190,0.0,0.0,0.0,0.0,0.0,0.0,0.0,0.0,0.0,0.0,0.0,0.0
43191,0.0,0.0,0.0,14256.392580837011,278545.484236639,322537.50138024986,317187.11292004585,780575.6825594231,189426.776201725,317313.47813712806,123246.38393585384,0.0
43197,54337.943522535264,1954.7970412150025,0.0,55.969309359788895,7393.50755444169,15580.560063526034,9533.184418201447,80980.7853089422,43491.50578737259,339842.7512643337,290728.9123251736,202603.34650570154
43198,0.0,0.0,0.0,0.0,0.0,0.0,0.0,0.0,0.0,0.0,0.0,0.0
43199,0.0,0.0,0.0,0.0,0.0,0.0,0.0,0.0,0.0,0.0,0.0,0.0
43200,0.0,0.0,0.0,0.0,0.0,0.0,0.0,0.0,0.0,0.0,0.0,0.0
43202,0.0,0.0,0.0,0.0,0.0,0.0,0.0,0.0,0.0,0.0,0.0,0.0
43226,0.0,0.0,0.0,0.0,0.0,0.0,0.0,0.0,0.0,0.0,0.0,0.0
43302,0.0,0.0,0.0,0.0,0.0,0.0,0.0,0.0,0.0,0.0,0.0,0.0
43303,0.0,0.0,0.0,0.0,0.0,0.0,0.0,0.0,0.0,0.0,0.0,0.0
43330,0.0,0.0,0.0,0.0,0.0,0.0,0.0,0.0,0.0,0.0,0.0,0.0
43331,0.0,0.0,0.0,0.0,0.0,0.0,0.0,0.0,0.0,0.0,0.0,0.0
43332,0.0,0.0,0.0,0.0,0.0,0.0,0.0,0.0,0.0,0.0,0.0,0.0
43333,2558512.342689773,6716722.403106194,10146241.841005206,14130172.388077162,11870048.62435326,0.0,0.0,0.0,0.0,0.0,0.0,0.0
43337,621348.4581359327,1533214.3307699226,2524718.9537673593,3476162.5547087165,2813259.352433066,0.0,0.0,0.0,0.0,0.0,0.0,0.0
43338,0.0,0.0,0.0,0.0,0.0,0.0,0.0,0.0,0.0,0.0,0.0,0.0
43339,0.0,0.0,0.0,0.0,0.0,0.0,0.0,0.0,0.0,0.0,0.0,0.0
43441,0.0,0.0,-217143.92438223958,-2263870.7043585815,-3884658.6587744877,-2975604.355808586,-11897909.001965553,0.0,-131195.10854786634,-3825706.6228645146,-3191687.25,-1882503.438877456
43442,-514474.122355476,-173383.48752367496,-50137.62344866991,-679372.777885139,-2953771.6408824325,-3080219.4395058155,-14448678.74935086,-16884238.72249648,-1795922.6286117435,-2142032.6732052267,-5148943.350630194,-2528106.159040764
43443,-757.3727614879608,-235.9277237765491,-751.5976481419057,-353.53605031594634,-5898.83206798695,-3307.7694066017866,-13221.35873541236,-11026.540554774925,-2199.2708393894136,-3294.1282673794776,-3685.8886939948425,-2657.9649456245825
43445,0.0,0.0,0.0,-387.21914181113243,-21305.468748241663,-26471.297875747085,-107337.75584308803,-51006.95175361633,-6325.279553472996,0.0,0.0,-466.09927263855934
43446,0.0,0.0,0.0,0.0,0.0,0.0,0.0,0.0,0.0,0.0,0.0,0.0
43447,0.0,0.0,0.0,0.0,0.0,0.0,0.0,0.0,0.0,0.0,0.0,0.0
43448,0.0,0.0,0.0,0.0,0.0,0.0,0.0,0.0,0.0,0.0,0.0,0.0
43449,0.0,0.0,0.0,0.0,0.0,0.0,0.0,0.0,0.0,0.0,0.0,0.0
43450,16438.33470746409,0.0,0.0,0.0,201.32679714658298,2450.492747070035,5664.188347117044,30186.048171512783,66318.23823298793,121497.23966125026,86075.88651860971,57817.92047214368
43451,0.0,0.0,0.0,0.0,0.0,0.0,0.0,0.0,0.0,0.0,0.0,0.0
43452,0.0,0.0,0.0,0.0,0.0,0.0,0.0,0.0,0.0,1158278.8728375435,905529.341965884,524433.7439599931
43471,0.0,0.0,0.0,0.0,0.0,0.0,0.0,0.0,0.0,0.0,0.0,0.0
43472,0.0,0.0,0.0,0.0,0.0,0.0,0.0,0.0,0.0,0.0,0.0,0.0
43473,0.0,0.0,0.0,0.0,0.0,0.0,0.0,0.0,0.0,0.0,0.0,0.0
43474,0.0,0.0,0.0,0.0,0.0,0.0,0.0,0.0,0.0,0.0,0.0,0.0
43476,0.0,0.0,0.0,0.0,0.0,0.0,0.0,0.0,0.0,0.0,0.0,0.0
43477,0.0,0.0,0.0,0.0,0.0,0.0,0.0,0.0,0.0,0.0,0.0,0.0
43578,0.0,0.0,0.0,0.0,0.0,0.0,0.0,0.0,0.0,0.0,0.0,0.0
43579,0.0,0.0,0.0,0.0,0.0,0.0,0.0,0.0,0.0,0.0,0.0,0.0
43580,0.0,0.0,0.0,0.0,0.0,0.0,0.0,0.0,0.0,0.0,0.0,0.0
43581,0.0,0.0,0.0,0.0,0.0,0.0,0.0,0.0,0.0,0.0,0.0,0.0
43582,0.0,0.0,0.0,0.0,0.0,0.0,0.0,0.0,0.0,0.0,0.0,0.0
43586,0.0,0.0,0.0,0.0,0.0,0.0,0.0,0.0,0.0,0.0,0.0,0.0
43608,0.0,0.0,0.0,0.0,0.0,0.0,0.0,0.0,0.0,0.0,0.0,0.0
43609,1865746.309494555,3767516.8349491656,5516131.030071616,4788956.116141051,3958841.8465507627,-1641.8585205078125,-174657.3357617855,0.0,-459135.74516376853,-3325.0414123535156,169800.2252919376,314972.414337337
43611,6203851.1463215165,15327198.902542852,24789814.619116433,31444850.754213586,26952793.27730508,0.0,0.0,0.0,0.0,0.0,0.0,0.0
43612,1805769.3193850778,4454853.561787786,7106504.855896056,9481589.790879589,7927492.372724811,0.0,0.0,0.0,0.0,0.0,0.0,0.0
43613,4078150.5629521627,9977780.527534679,15264595.780002825,20632545.60687849,17269393.769478396,0.0,0.0,0.0,0.0,0.0,0.0,0.0
43614,8240451.068599522,20225517.665136606,33606217.94128379,42584308.11056982,34759496.83474183,0.0,0.0,0.0,0.0,0.0,0.0,0.0
43615,12436746.464706093,31460276.95244001,50112532.62126528,65525702.71790387,54262952.62223044,0.0,0.0,0.0,0.0,0.0,0.0,0.0
43619,215195.5361795202,529858.0969498977,856883.543594785,1113265.7939678729,910044.1364328531,0.0,0.0,0.0,0.0,0.0,0.0,0.0
43620,29194.6822934394,64195.7219260335,115105.22314498201,146157.96149237244,121256.64602898131,0.0,0.0,0.0,0.0,0.0,0.0,0.0
43621,0.0,0.0,0.0,0.0,0.0,0.0,0.0,0.0,0.0,0.0,0.0,0.0
43666,-44856327.03572941,-52028633.359396935,-39779790.80977917,-15451267.490249634,-38286420.99383545,-101859851.76876831,-99412611.70289612,-101044266.1763916,-55120956.22012329,-40303820.16133118,-28283741.04273224,-34213824.14310074
43723,-163095.1110084951,0.0,-4157.449566602707,-112709.25507736206,-3675509.1950953007,-2628598.2450289726,-21192304.719986856,-16674014.576741517,-185740.49999427795,-3138155.8527567387,-8110824.002231896,-3867062.326842129
43724,5877.548344773706,4513.065218055155,13619.607657169923,1657.1639971669065,835.38975552388,8243.733235701919,19587.434746339917,17209.72473889496,14025.127005967312,1561.4260865147226,1061.9274900467135,3208.499792860821
43725,-5816.857825815678,-4380.837249189615,-6248.1421692967415,-1201.825276657939,-5407.622154653072,-13302.933142185211,-30845.093704342842,-25275.459193468094,-6086.430504918098,-15261.534616708755,-16213.744495689869,-14529.303637579083
43727,0.0,-35.148261696100235,-909.458533167839,0.0,-41.952424466609955,-2287.013425268233,-14315.407138355076,-8960.129770712927,-5121.44148054719,-730.8019208908081,0.0,-25.703733265399933
43728,0.0,0.0,0.0,0.0,0.0,0.0,0.0,0.0,0.0,0.0,0.0,0.0
43729,22.75447305291891,0.0,48.69936447334476,1346.9703332157806,2917.669312199112,3751.3876248449087,4686.233735669404,950.8025010116398,1494.005813382566,577.1270339563489,512.1000425592065,791.2095176400617
43730,0.0,0.0,0.0,0.0,0.0,0.0,0.0,0.0,0.0,0.0,0.0,0.0
43731,3520.2588275253074,0.0,0.0,0.0,144.83838125306647,1694.7209483210463,3426.016424103291,25361.92648510891,43506.244124777615,73446.805070078,52277.444279972,31368.15204929514
43732,21062.981832877733,0.0,0.0,0.0,0.0,441.26032992212276,3986.1638750924612,21807.491407004418,44792.39722971246,115759.81079200655,82377.77636668924,58860.17025080696
43734,0.0,0.0,0.0,0.0,0.0,97.7494618780911,13755.252091944218,114098.2054977417,151592.75797367096,464283.21255528927,359302.6007384062,129967.82055457681
43752,13385.689254760742,0.0,0.0,0.0,-165.4799533188343,-249.49982166290283,2010.215241521597,91343.1967228949,16764.949917703867,27257.02586737275,22247.69949245453,43826.8131018877
43753,0.0,0.0,0.0,0.0,0.0,0.0,0.0,0.0,0.0,0.0,0.0,0.0
43754,0.0,0.0,0.0,0.0,0.0,0.0,0.0,0.0,0.0,0.0,0.0,0.0
43755,0.0,0.0,0.0,0.0,0.0,0.0,0.0,0.0,0.0,0.0,0.0,0.0
43757,0.0,0.0,0.0,0.0,0.0,0.0,0.0,0.0,0.0,0.0,0.0,0.0
43769,0.0,0.0,0.0,0.0,0.0,0.0,0.0,0.0,0.0,0.0,0.0,0.0
43773,0.0,0.0,0.0,0.0,0.0,0.0,0.0,0.0,0.0,0.0,0.0,0.0
43860,0.0,0.0,0.0,0.0,0.0,0.0,0.0,0.0,0.0,0.0,0.0,0.0
43861,0.0,0.0,0.0,0.0,0.0,0.0,0.0,0.0,0.0,0.0,0.0,0.0
43899,129979.51695316099,351928.6791321933,1256612.3630928546,1685021.329550825,1791296.557739568,297972.60751459,0.0,0.0,0.0,0.0,0.0,0.0
43900,-38716.3091050107,-24733.85274644196,-42525.8667332232,12699.264288522303,121877.60445870599,0.0,0.0,0.0,0.0,0.0,0.0,-3658.133045244962
43901,-48141.29557803832,-110688.7220992446,-219306.80137055367,-270551.2783516217,-211431.4375192579,0.0,0.0,0.0,0.0,0.0,0.0,0.0
43902,66357.1553780341,199852.41429636907,401652.1835220546,489215.24915631127,384518.19329481747,0.0,0.0,0.0,0.0,0.0,0.0,0.0
43904,30585911.06381339,17008176.60130489,-45220142.88540983,-71087339.75436306,-100405142.79409981,-104944244.1804285,-116805277.3207264,-72722867.9053154,-86937412.62939453,-17351566.79293728,53074550.46519792,32819272.651643276
43905,-2762221.640397668,-2417895.3271829486,-2435948.1923259497,-2289560.4087073207,0.0,-459254.34534168243,-12416820.243045688,-42553963.46194047,-105649506.02729988,-175398405.96638393,-26043602.12369585,-8585290.909860611
43947,-103185537.2511425,-90697619.40302992,-127537820.50347233,-109122550.39332747,-37511008.36302757,-54011521.15526199,-36856260.60731888,-83669196.09623718,-219512834.48765564,-487650424.61576843,-99829185.04507637,-50924715.60914707
44003,-119525.24363747239,-78796.32022814453,5598.83911433816,-3821.990882784128,-566951.7584599257,-779210.9049526453,-4442145.735354677,13104.044824637473,-556236.7818114758,-429580.6911840737,-1506997.0974255651,-1024882.2963428721
44004,2064.2503676023334,766.6480912340339,0.0,88.21468941867352,3204.404561285395,6105.988825481385,0.0,0.0,2056.485753528774,1154.2446292908862,8165.666781251784,5849.0035124220885
44005,-25061.143377795815,-13140.547577306628,-8165987.0,0.0,-13717644.48957276,-28808.476951360703,-64980.77531123161,-49188.85697710514,-23286.400993466377,-33432.58780127764,-43909.879322469234,-47983.46640832722
44008,120.72459334135056,0.0,-5663.852800235152,-4831.204832859337,1385.2512902319431,5449.478309512138,11180.14136427641,4003.9322992265224,1177.4738968610764,-20.310762524604797,-551.2520963847637,184.90814584493637
44009,0.0,0.0,0.0,0.0,0.0,0.0,0.0,0.0,0.0,0.0,0.0,0.0
44010,0.0,0.0,0.0,0.0,0.0,0.0,0.0,0.0,0.0,0.0,0.0,0.0
44011,0.0,0.0,0.0,0.0,0.0,0.0,0.0,0.0,0.0,0.0,0.0,0.0
44012,3202.2148151025467,0.0,0.0,0.0,0.0,58.045238821669045,234.791206075839,907.1893635031593,1285.1409102948382,19982.729575000238,15997.89146865788,11278.362132178154
44013,0.0,0.0,0.0,0.0,0.0,331.55679067224264,1435.3576310873032,31455.31972038746,45588.214124679565,185634.130890131,129585.3038623035,35012.57409149408
44020,0.0,0.0,0.0,0.0,0.0,0.0,-147036.96085615456,0.0,0.0,0.0,0.0,0.0
44021,0.0,0.0,0.0,0.0,0.0,0.0,130252.14531674981,635278.5432713032,456498.86402707547,334662.9157262817,0.0,-130987.5810070564
44030,0.0,0.0,0.0,0.0,0.0,0.0,0.0,0.0,0.0,0.0,0.0,0.0
44032,0.0,0.0,0.0,0.0,0.0,0.0,0.0,0.0,0.0,0.0,0.0,0.0
44033,0.0,0.0,0.0,0.0,0.0,0.0,0.0,0.0,0.0,0.0,0.0,0.0
44034,0.0,0.0,0.0,0.0,5392.409704700112,93255.12489746511,122456.89707113802,224605.0834056735,43358.18566557765,14715.765002846718,0.0,0.0
44035,0.0,0.0,0.0,0.0,0.0,0.0,0.0,0.0,0.0,0.0,0.0,0.0
44036,0.0,0.0,0.0,0.0,0.0,0.0,0.0,0.0,0.0,0.0,0.0,0.0
44037,0.0,0.0,0.0,0.0,0.0,0.0,0.0,0.0,0.0,0.0,0.0,0.0
44038,0.0,0.0,0.0,0.0,0.0,0.0,0.0,0.0,0.0,0.0,0.0,0.0
44055,0.0,0.0,0.0,0.0,0.0,0.0,0.0,0.0,0.0,0.0,0.0,0.0
44142,0.0,0.0,0.0,0.0,0.0,0.0,0.0,0.0,0.0,0.0,0.0,0.0
44143,0.0,0.0,0.0,0.0,0.0,0.0,0.0,0.0,0.0,0.0,0.0,0.0
44146,0.0,0.0,0.0,0.0,0.0,0.0,0.0,0.0,0.0,0.0,0.0,0.0
44164,-25879.435546875,0.0,0.0,-1017874.4509018958,-815974.4840993583,0.0,0.0,0.0,0.0,0.0,0.0,0.0
44183,-14157.542312666774,-35393.15512354672,-78752.11377917975,-90982.36947186477,-69375.74275185727,0.0,0.0,0.0,0.0,0.0,0.0,0.0
44185,0.0,0.0,0.0,0.0,0.0,0.0,0.0,0.0,0.0,0.0,0.0,0.0
44186,15183.18824109435,24389.254728488624,38521.967281470075,36745.88275721483,8065.594638388604,0.0,2715.4622495397925,3752.7773982286453,20070.907734394073,33745.18665547669,9061.13844203204,7589.144022278488
44281,-260911.0256413892,0.0,0.0,0.0,-58873.75571385026,-107151.88359487057,-1503016.8931173533,-1407.5079345703125,-1041847.658184588,-536876.6348832622,0.0,-61207.737498149276
44282,-1032007.9887210131,-558908.2030894756,-3282443.1017326117,-1820575.5523574352,-3815912.5807003975,-5618285.809633255,-36482210.53543782,-26484610.024029493,-13054839.071410656,-10630958.50595355,-18431950.174129605,-8295145.386431575
44283,0.0,0.0,0.0,0.0,0.0,0.0,0.0,0.0,0.0,0.0,0.0,0.0
44284,-142945.65625,0.0,0.0,0.0,0.0,-7622149.204635091,-27443886.30013311,-17910445.219465256,-14616590.865439415,-9030892.869316056,-2600352.513903357,-5531510.435526349
44286,-134650.8114427775,-41493.3735640645,0.0,0.0,-77336.45729461312,-1043618.4278896749,-1832355.0365249515,-1854470.28397429,-569960.8175834417,-97315.37738597393,-153238.9293370247,-316326.6030434072
44287,0.0,0.0,0.0,0.0,0.0,0.0,0.0,0.0,0.0,0.0,0.0,0.0
44289,0.0,0.0,0.0,0.0,0.0,302.7300164587796,1668.235761553049,58303.96938714385,52535.425915539265,252498.61879467964,133916.44134508073,6820.387026645243
44300,3384.2502043023705,0.0,0.0,0.0,0.0,0.0,0.0,82019.71863532066,144240.24708336592,303144.22435846925,236759.39243532717,146279.94812773168
44305,0.0,0.0,0.0,0.0,0.0,0.0,0.0,0.0,0.0,0.0,0.0,0.0
44306,0.0,0.0,0.0,0.0,0.0,0.0,0.0,0.0,0.0,0.0,0.0,0.0
44307,0.0,0.0,0.0,0.0,0.0,-63798.24746015482,0.0,0.0,0.0,0.0,0.0,0.0
44308,0.0,0.0,0.0,-1434.1867117839865,-35616.65197730297,-2023.6927490234375,-44397.56243812665,-27243.26947332546,-43.059064999222755,0.0,0.0,0.0
44309,0.0,0.0,0.0,7659.280724926852,112733.0997791551,213037.49192417413,112225.62611204945,102153.22947603371,391.856790099293,0.0,0.0,0.0
44310,0.0,0.0,0.0,0.0,226821.6180886114,2213563.379515716,3518500.848215093,5266403.201791409,1069353.9087165194,574468.1253414499,0.0,0.0
44311,0.0,0.0,0.0,0.0,0.0,0.0,0.0,0.0,0.0,0.0,0.0,0.0
44315,0.0,0.0,0.0,0.0,0.0,0.0,0.0,0.0,0.0,0.0,0.0,0.0
44316,0.0,0.0,0.0,0.0,0.0,0.0,0.0,0.0,0.0,0.0,0.0,0.0
44318,0.0,0.0,0.0,0.0,0.0,0.0,0.0,0.0,0.0,0.0,0.0,0.0
44320,0.0,0.0,0.0,0.0,0.0,0.0,0.0,0.0,0.0,0.0,0.0,0.0
44321,0.0,0.0,0.0,0.0,0.0,0.0,0.0,0.0,0.0,0.0,0.0,0.0
44322,0.0,0.0,0.0,0.0,0.0,0.0,0.0,0.0,0.0,0.0,0.0,0.0
44329,0.0,0.0,0.0,0.0,0.0,0.0,0.0,0.0,0.0,0.0,0.0,0.0
44346,0.0,0.0,0.0,0.0,0.0,0.0,0.0,0.0,0.0,0.0,0.0,0.0
44348,0.0,0.0,0.0,0.0,0.0,0.0,0.0,0.0,0.0,0.0,0.0,0.0
44426,0.0,0.0,0.0,0.0,0.0,0.0,0.0,0.0,0.0,0.0,0.0,0.0
44427,0.0,0.0,0.0,0.0,0.0,0.0,0.0,0.0,0.0,0.0,0.0,0.0
44428,0.0,0.0,0.0,0.0,0.0,0.0,0.0,0.0,0.0,0.0,0.0,0.0
44429,154677.7876780657,158341.0016289614,27995.943190919235,0.0,0.0,0.0,0.0,0.0,0.0,103723.14745081728,186151.42951720953,170946.6437073797
44434,0.0,0.0,0.0,0.0,0.0,0.0,0.0,0.0,0.0,0.0,0.0,0.0
44469,231862.48612963036,480771.7906720638,1071180.687949874,1264236.604959807,922559.4966076389,0.0,0.0,0.0,0.0,0.0,0.0,0.0
44470,0.0,0.0,0.0,0.0,0.0,0.0,0.0,0.0,0.0,0.0,0.0,0.0
44472,-12399958.699955963,-16034417.890092887,-19117129.057316564,-2280800.5866581686,0.0,-1248727.3652215637,3220.873010367155,4811.91598880291,13941.611498057842,-6281428.882069096,5616.019420206547,-2618637.599263519
44473,-259.19253811985254,-516.750931032002,-825.5147586986423,-863.2691036127508,-363.33177413605154,-133186.59208569862,10688.10394847393,24220.979068398476,16640.803218007088,-3823387.3519309163,2864.8423655331135,-248547.1932196617
44474,-22112740.259336114,-1170733.52734375,-1433234.921875,-17979444.40778154,-532509.6579951942,-6437059.539347574,-13052148.177169085,-16358832.10339737,-23330590.293370724,-16188816.277743101,-7637962.374881506,-2663942.323628187
44515,-185719021.11152077,-163489370.62293243,-190680216.32285118,-147536048.42352295,-86577332.61187744,-172493087.5171814,-167683641.21783447,-211002602.22991943,-298873757.13513184,-558197902.7665405,-169521544.73796082,-131455200.68122101
44516,3770260.7915664017,3611584.282047361,2152067.4179614717,111415.19917740207,83602.40240824223,159671.20995688438,1557065.142496705,1666772.0984524488,2182678.4289449453,1610237.011278391,1921298.66169855,2178493.4605490267
44560,-17273096.400672913,-23045858.671640396,-29309850.068260193,-21443064.788061142,-41098866.6794281,-24592107.06273651,-120877874.50294876,-128234575.62582397,-52122100.78305817,-37291762.08094025,-61611348.352939606,-13198947.95825386
44561,-11678798.02098012,-4459358.757825136,-16755471.977888823,-2655705.8133206367,-6410845.048391342,-12824244.558290482,-69002681.71374369,-57091369.636428595,-28259127.49744606,-25898383.454333305,-21986597.732941866,-15933643.892424464
44563,-535338.1514107212,-244544.5279815197,-7031078.5,-78719.27315123007,-24738.58918133378,-58802.28470778465,-1922860.6847990751,-1771634.7624159306,-1186789.9653010368,-769785.2086388767,-170629.45914261043,-356960.88090728223
44564,-389292.38776285946,-66453.08733648062,0.0,-31014.156755253673,-772187.983044982,-589659.0090146065,-3160848.3446969986,-2284288.8421646953,-283048.3135192394,-564433.7696174383,-1677048.6750329733,-1119864.505339086
44565,-665354.2213236336,-162225.3314823145,-500781.1836620532,0.0,-718488.8592735566,-621961.4042576551,-3474669.3050554506,-3008681.11051232,-245207.9692400396,-1092855.873312071,-1487691.4452798143,-1289286.025292065
44566,-137977.06119043194,-272118.71034885943,-989163.4880002169,-399209.9999829503,-30822.058740496635,-9373.335220456123,-1157310.7630063593,-2923922.9468022287,-704084.02085495,-589389.9490443468,17095.384754024446,-34034.79294756055
44567,13768733.677739605,23101585.47498348,50242572.56585117,43873741.40965812,20833877.066058397,15116728.810792029,31775437.70291376,22052332.009783983,22482375.80399537,10611155.251928926,331369.1898216009,1346854.1232362092
44568,7150707.72027621,1228963.761556929,-4862424.817067876,2393484.236343095,6241173.312087536,8842534.072261333,18860051.481054097,1420785.1067726314,138449.4999408722,92420.37967348099,8070655.549147397,11642356.572527207
44569,110152.51157408953,0.0,83187.463833577,2663276.4392467174,3173541.4666283615,4058043.1498645283,3641262.4537973516,388637.8727242537,0.0,0.0,1013676.4902283214,1952392.1740459166
44570,0.0,0.0,0.0,0.0,0.0,0.0,0.0,0.0,0.0,0.0,0.0,0.0
44571,2715.602736191824,14716.828329462558,9881.18710096553,18902.951426432468,14833.151580153033,5917.33903247444,53081.604674283415,57537.543860467384,50525.35267342441,32008.240820975974,0.0,0.0
44572,0.0,0.0,0.0,0.0,0.0,6448.5098323225975,242.0012629032135,2959.138394355774,1853.596474647522,16414.855941176414,1082.5388345718384,491.98335225880146
44581,0.0,0.0,0.0,0.0,0.0,14816.252684611361,94085.40624988079,426126.0263246894,362467.44129143097,451147.62712246645,227405.18046503793,6724.86250032112
44588,-211179.0685801506,7323.378724813461,0.0,-66.91949570178986,-2473.031505584717,128858.55461490154,-141501.25733184814,-2421676.1149520874,-475516.57063007355,-4063112.4593553543,-3385550.9617643356,-2612012.3245170116
44589,8321.13701511547,0.0,0.0,0.0,0.0,0.0,0.0,0.0,1560.244176223874,30052.10031207651,57804.69421361387,37048.46114624292
44590,0.0,0.0,0.0,18397.950650159735,71229.19406156056,214256.96414854564,98087.5352768004,36357.36987622455,0.0,0.0,0.0,0.0
44591,0.0,0.0,0.0,0.0,5725.245848975494,70465.7874322026,83888.4148625452,75547.62965258723,21601.182140577585,24723.741038747132,0.0,0.0
44592,0.0,0.0,0.0,0.0,0.0,0.0,0.0,0.0,0.0,0.0,0.0,0.0
44593,0.0,0.0,0.0,0.0,0.0,0.0,0.0,0.0,0.0,0.0,0.0,0.0
44594,0.0,0.0,0.0,0.0,0.0,0.0,0.0,0.0,0.0,0.0,0.0,0.0
44595,0.0,0.0,0.0,0.0,0.0,0.0,0.0,0.0,0.0,0.0,0.0,0.0
44598,0.0,0.0,0.0,0.0,0.0,0.0,0.0,0.0,0.0,0.0,0.0,0.0
44599,0.0,0.0,0.0,0.0,0.0,0.0,0.0,0.0,0.0,0.0,0.0,0.0
44600,0.0,0.0,0.0,0.0,0.0,0.0,0.0,0.0,0.0,0.0,0.0,0.0
44601,0.0,0.0,0.0,0.0,0.0,0.0,0.0,0.0,0.0,0.0,0.0,0.0
44602,0.0,0.0,0.0,0.0,0.0,0.0,0.0,0.0,0.0,0.0,0.0,0.0
44603,0.0,0.0,0.0,0.0,0.0,0.0,0.0,0.0,0.0,0.0,0.0,0.0
44604,0.0,0.0,0.0,0.0,0.0,0.0,0.0,0.0,0.0,0.0,0.0,0.0
44605,0.0,0.0,0.0,0.0,0.0,0.0,0.0,0.0,0.0,0.0,0.0,0.0
44606,0.0,0.0,0.0,0.0,0.0,0.0,0.0,0.0,0.0,0.0,0.0,0.0
44636,0.0,0.0,0.0,0.0,0.0,0.0,0.0,0.0,0.0,0.0,0.0,0.0
44640,0.0,0.0,0.0,0.0,0.0,0.0,0.0,0.0,0.0,0.0,0.0,0.0
44712,0.0,0.0,0.0,0.0,0.0,0.0,0.0,0.0,0.0,0.0,0.0,0.0
44713,0.0,0.0,0.0,0.0,0.0,0.0,0.0,0.0,0.0,0.0,0.0,0.0
44714,78691.50483358558,72358.65170286596,15180.899488698691,0.0,0.0,0.0,0.0,0.0,0.0,50088.99129238096,95359.05449575279,85613.38628681749
44755,151724.415671132,309945.21898249164,627185.2132596485,729236.7485353334,545188.0413222658,0.0,0.0,0.0,0.0,0.0,0.0,0.0
44757,0.0,0.0,0.0,0.0,0.0,-153981.15625,-9795592.134829998,-13787400.206922531,-16387502.576900959,-616191.1875,0.0,0.0
44763,-21519346.9375,-6743970.228279125,-5356401.184314162,-1009497.9765625,462206.03613476455,3248498.1959851757,-4309316.182704926,-24283731.420845985,-26911824.472644806,-55097014.69851518,-12332461.63722825,-24645724.97165674
44764,-78605.95995411277,-2625886.4976012707,-3283328.291915387,129188.37246505171,9289.979034457356,-365989.03610338643,-4513466.268458605,-2598575.889969349,-5208612.574849606,-9143839.43226558,-2198728.4948100448,-3610288.381016016
44799,135649.7069451511,0.0,-6916658.525155053,-7381248.484415829,-1960607.285900116,18415.153529405594,127860.35886859894,143207.36869096756,154240.39640295506,91001.5869653225,0.0,9326.939234495163
44800,0.0,0.0,0.0,0.0,0.0,0.0,0.0,0.0,0.0,0.0,0.0,0.0
44801,0.0,0.0,0.0,0.0,0.0,0.0,0.0,0.0,0.0,0.0,0.0,0.0
44802,333810.0046797991,1121589.1907811165,89939.57229840755,1327764.5702581406,1052424.6703341007,40890.896332740784,319444.3006641865,331708.1961541176,464530.4462585449,248438.25632572174,4541.623871922493,19369.628476142883
44845,-339813.69653439894,-58811.287737980485,0.0,0.0,-324734.9930179566,-593002.6579571962,-2162712.0235390663,-1177236.8083790615,-269437.162173748,-545179.5551379621,-1119769.7880609855,-794641.3110732026
44846,0.0,0.0,0.0,0.0,0.0,0.0,0.0,0.0,0.0,0.0,0.0,0.0
44847,0.0,0.0,-1963425.625,0.0,0.0,0.0,0.0,0.0,0.0,0.0,0.0,0.0
44848,751756.7813465428,1115322.4992424287,1205899.6910628807,995901.6152354116,496279.2749489215,727765.6059488403,1354308.1858379636,1223877.8179479083,725479.4751754925,226344.77702575922,0.0,58963.06294554635
44849,4551320.06550419,6353192.989327971,5811335.254265253,4635943.485397891,3560459.6215351373,4985957.671795145,12448229.610484093,4537832.080141291,2107816.495657563,1136921.6650064588,2922925.0587674677,4270480.423029177
44852,2146.5293030433822,2631.8315092623234,2785.6719392172527,624.3699778622249,0.0,251.18755992758088,0.0,0.0,59050.413303243695,52434.245425938396,8549.429217092751,37.60969068296254
44853,0.0,0.0,0.0,0.0,0.0,0.0,0.0,0.0,0.0,0.0,0.0,0.0
44854,1694.5111021359917,4022.6138764184434,5379.230667837663,50715.03709157766,99926.42984276777,114744.06104132207,107559.32114933338,28287.4948626908,69.37539194931742,13.257072613108903,0.0,0.0
44855,0.0,0.0,0.0,0.0,0.0,0.0,0.0,0.0,0.0,0.0,0.0,0.0
44856,0.0,0.0,0.0,0.0,0.0,0.0,0.0,0.0,0.0,0.0,0.0,0.0
44857,0.0,0.0,0.0,0.0,0.0,-280040.2720865235,67581.4381582737,19861.25923848152,-159788.12081825733,-1335044.6646836996,-99779.10431280732,-2385.758056640625
44858,9689.999449312687,0.0,124107.49806070328,374197.9943946004,-607625.926279068,-1509607.8790412545,-7983320.312566757,-38684666.48669791,-26722425.543041706,-32383758.05035758,-6806351.702510953,628304.6060726643
44873,0.0,0.0,0.0,0.0,0.0,0.0,0.0,0.0,0.0,0.0,0.0,0.0
44876,0.0,0.0,0.0,0.0,0.0,0.0,0.0,0.0,0.0,0.0,0.0,0.0
44877,0.0,0.0,0.0,0.0,0.0,0.0,0.0,0.0,0.0,0.0,0.0,0.0
44878,0.0,0.0,0.0,0.0,0.0,0.0,0.0,0.0,0.0,0.0,0.0,0.0
44879,0.0,0.0,0.0,0.0,0.0,0.0,0.0,0.0,0.0,0.0,0.0,0.0
44880,0.0,0.0,0.0,0.0,0.0,0.0,0.0,0.0,0.0,0.0,0.0,0.0
44881,0.0,0.0,0.0,0.0,0.0,0.0,0.0,0.0,0.0,0.0,0.0,0.0
44882,0.0,0.0,0.0,0.0,0.0,0.0,0.0,0.0,0.0,0.0,0.0,0.0
44883,0.0,0.0,0.0,0.0,0.0,0.0,0.0,0.0,0.0,0.0,0.0,0.0
44884,0.0,0.0,0.0,0.0,0.0,0.0,0.0,0.0,0.0,0.0,0.0,0.0
44885,0.0,0.0,0.0,0.0,0.0,13410.110182125354,46377.40545777138,184962.02492265776,52688.377688378096,10964.685013383627,17878.84534689039,0.0
44886,0.0,0.0,0.0,0.0,71504.76350175496,94208.10620454885,87994.47968634032,145401.58500508964,17359.66278640926,0.0,0.0,0.0
44888,0.0,0.0,0.0,0.0,0.0,0.0,0.0,0.0,0.0,0.0,0.0,0.0
44889,0.0,0.0,0.0,0.0,0.0,0.0,0.0,0.0,0.0,0.0,0.0,0.0
44891,0.0,0.0,0.0,0.0,0.0,0.0,0.0,0.0,0.0,0.0,0.0,0.0
44893,0.0,0.0,0.0,0.0,0.0,0.0,0.0,0.0,0.0,0.0,0.0,0.0
45000,0.0,0.0,0.0,0.0,0.0,0.0,0.0,0.0,0.0,0.0,0.0,0.0
45002,0.0,0.0,0.0,0.0,0.0,0.0,0.0,0.0,0.0,0.0,0.0,0.0
45026,821251.5605578125,1908070.7116559744,3101143.1920152307,2910298.346843004,2726406.680677414,0.0,0.0,0.0,0.0,0.0,0.0,0.0
45035,8420098.715545028,20517840.559234202,30886091.324813604,41700138.375356436,34738409.95613673,0.0,0.0,0.0,0.0,0.0,0.0,0.0
45043,160765.15505462885,322181.06020742655,698590.4015905429,839396.4410756198,628430.3923777416,0.0,0.0,0.0,0.0,0.0,0.0,0.0
45044,-2264583.75,-1123839.5,-384092.0,-70316.71875,76.29456493677571,-384735.21875,1370.4316100478172,2800.3476745784283,3707.2291349470615,-12882580.0,-4734830.058525612,-7327765.0
45045,-22359892.185774047,-5487428.47303554,-6364901.060965337,-3977563.0,-230091.6616150015,-2353499.0,-850501.8981744051,-2227471.6321086884,-3433353.3033344746,-6261675.29651463,-1354554.9754828066,-4915053.137653634
45050,0.0,0.0,0.0,0.0,0.0,2886.080766417086,13066.763378486037,20365.990157306194,27049.47363972664,38956.18608362228,5634.162444379181,0.0
45051,-13100112.222786903,-33509230.708738923,-22125553.793366432,-20072792.684755445,-3390641.3517912626,-234580.9217157364,-1080427.9747536182,-5994686.231592178,-18642717.393011093,-18837515.62087488,-4789931.081589937,-6184642.370536804
45080,-11186567.936512955,-21554.126953125,0.0,0.0,-46671.25157612562,-1917731.4638316482,-2627208.946960449,-4539184.8628873825,-2218253.4683203697,-5342214.442817926,-5786971.483211607,-6436883.147402704
45081,0.0,0.0,0.0,0.0,0.0,0.0,0.0,0.0,0.0,0.0,0.0,0.0
45082,14790937.569147289,-3114517.961050838,11117345.11675167,8231312.911819667,-168077.44066667557,-1536499.0594938248,-15712006.236429691,-14040657.293435097,-25391090.777485847,-34691835.04925084,-1185998.2400076985,13853104.470898867
45083,14244865.838989928,16078474.16836299,16503245.814258784,141539.61790198833,99052.58468362316,1457655.1191373542,7519459.7210905105,8348103.988725901,8183439.28916502,10613168.666842282,7878025.690561309,9404253.320737034
45084,286720.01834750175,465339.8766017854,-5794752.205621347,0.0,0.0,-506431.1481255889,256270.62163235247,333482.9131387472,273106.9008562565,396113.6512196064,130908.56558170915,135793.95601201057
45085,-1563954.065264687,-4324672.449974343,0.0,0.0,-8451.138671875,-267756.7294436991,-1570702.645096302,-2310679.238503337,-1832216.2733118534,-1692528.2290712595,0.0,-101076.98312953115
45086,0.0,0.0,0.0,0.0,0.0,0.0,0.0,0.0,0.0,0.0,0.0,0.0
45087,37909.57252445817,104412.18970963918,99243.2657574676,107052.67293369025,106289.22312510014,2983.6161637306213,11213.564685225487,16886.992193698883,34260.84808027744,29297.524411559105,10435.129430800676,8915.913045823574
45120,-626.4921239465475,-3126.326011225581,-11024.777760908008,-2546.5063154548407,-20511.551587834954,-10232.63382896781,-32372.25790643692,-12444.008611917496,-10848.145891904831,-18575.132637560368,-28814.532763034105,-9480.001323595643
45121,528.8446217626333,3046.454677782953,4845.950573597103,1867.431875616312,14337.356861308217,17992.076682269573,46177.27860683203,17060.651473999023,11128.098760604858,17194.655582010746,25560.277274295688,11640.766434967518
45122,-1647.0236712694168,-682.4128350168467,2873.5502120256424,-2602.1122402995825,-64959.749069184065,-165421.42447966337,-423155.4556245804,-271493.9372577667,-93399.13841247559,-135243.07792156935,-288774.677408427,-129318.44975802302
45126,-428553.8197994903,-691958.736682117,-1133072.424615711,-23.78835977613926,-78863.59488487244,-991120.2058238983,-3578248.495011598,-1222382.067609638,-1290803.4292834997,-576279.090772897,-876014.6243985593,-1300183.0688006133
45127,-981405.6904655546,-639459.2177605331,-1089573.0238378495,0.0,-76141.45243310928,-1815209.4605720043,-6512002.900592297,-1815433.595291853,-2389620.7156410217,-1202641.0328040123,-2234207.911187932,-2404097.7549649477
45128,-59798.10655237734,-22340.72998318076,-562.1958832591772,121.96924768388271,-8834.015740394592,-127127.71669197083,-399284.31613630056,-144470.22416758537,-156445.8021183014,-71291.28976291418,-220201.59789288044,-161251.6205058545
45129,-7591.975609820336,-2604.10555582121,-1628.7244635242969,0.0,-676.2955181971192,-3995.4931765198708,-34006.840448483825,-11453.190417394042,-13525.170031994581,-6618.824954196811,-13720.05921586603,-13170.478613980114
45130,0.0,0.0,0.0,0.0,0.0,0.0,0.0,0.0,0.0,0.0,0.0,0.0
45131,2377.531427068636,2725.392120156437,3670.441315850243,37792.445564464666,69533.57858654391,78496.62395315897,75556.64117736556,18566.759363219608,0.0,0.0,122.08963380102068,302.5867459215224
45132,0.0,0.0,0.0,0.0,0.0,0.0,0.0,0.0,0.0,0.0,0.0,0.0
45133,0.0,0.0,0.0,0.0,0.0,0.0,0.0,0.0,0.0,0.0,0.0,0.0
45134,0.0,0.0,0.0,0.0,0.0,0.0,0.0,0.0,0.0,0.0,0.0,0.0
45135,0.0,0.0,0.0,0.0,0.0,0.0,0.0,0.0,0.0,0.0,0.0,0.0
45136,3578.850365974009,3618.177115585655,7454.856048490852,773.1667520590127,0.0,26442.45607669279,0.0,3055.3628554344177,11944.316240668297,148844.96729509532,21427.158170863986,3875.8606356978416
45152,0.0,0.0,0.0,0.0,0.0,0.0,0.0,0.0,0.0,0.0,0.0,0.0
45153,0.0,0.0,0.0,0.0,0.0,0.0,0.0,0.0,0.0,0.0,0.0,0.0
45154,-268022.90625,-130329.99323915225,-249069.296875,-242543.640625,-252420.109375,-251627.515625,-54501.454230085015,-456816.6875,-479482.04797161743,-545902.1875,-383690.65625,-307391.09375
45155,-801929.8357571773,-81689.18030415522,-146817.94454937894,-84292.64472458046,0.0,0.0,-30980.541551351547,-115520.83054487407,-129316.5233310014,-2857764.902533829,-2354008.43068897,-1857741.1762398034
45156,0.0,0.0,0.0,0.0,0.0,0.0,0.0,0.0,0.0,0.0,0.0,0.0
45160,0.0,0.0,0.0,0.0,0.0,0.0,0.0,0.0,0.0,0.0,0.0,0.0
45161,0.0,0.0,0.0,0.0,92696.36112391762,607338.7492725775,1927722.096692592,3407749.565862328,1351658.4970088378,0.0,0.0,0.0
45165,0.0,0.0,0.0,0.0,0.0,0.0,0.0,0.0,0.0,0.0,0.0,0.0
45166,0.0,0.0,0.0,0.0,0.0,0.0,0.0,0.0,0.0,0.0,0.0,0.0
45167,0.0,0.0,0.0,0.0,0.0,0.0,0.0,0.0,0.0,0.0,0.0,0.0
45168,0.0,0.0,0.0,0.0,0.0,0.0,0.0,0.0,0.0,0.0,0.0,0.0
45169,0.0,0.0,0.0,0.0,0.0,0.0,0.0,0.0,0.0,0.0,0.0,0.0
45170,0.0,0.0,0.0,0.0,0.0,0.0,0.0,0.0,0.0,0.0,0.0,0.0
45193,0.0,0.0,0.0,0.0,0.0,0.0,0.0,0.0,0.0,0.0,0.0,0.0
45206,0.0,0.0,0.0,0.0,0.0,0.0,0.0,0.0,0.0,0.0,0.0,0.0
45279,0.0,0.0,0.0,0.0,0.0,0.0,0.0,0.0,0.0,0.0,0.0,0.0
45280,0.0,0.0,0.0,0.0,0.0,0.0,0.0,0.0,0.0,0.0,0.0,0.0
45305,734535.065685004,1675405.389055565,2412762.5082056522,2461619.661742404,1772662.8716129214,-1641.8585205078125,-174657.3357617855,0.0,-459135.74516376853,-3325.0414123535156,-1984.1285095214844,-905.8290710449219
45319,0.0,0.0,0.0,0.0,0.0,0.0,0.0,0.0,0.0,0.0,0.0,0.0
45320,-2113.9487384179956,0.0,0.0,-3005.668031008332,0.0,0.0,0.0,0.0,0.0,0.0,0.0,0.0
45321,8912.633550299332,10501.341913562268,12049.89258185774,1928.3692825364415,514.3573641238618,490.71203644160414,2728.005078405142,4381.648665189743,8885.752258092165,13942.785125106573,2678.8112902557477,6294.324033561163
45322,-7184638.0,-8802028.0,-11423627.0,-7890573.0,-837751.8120311284,-1568371.5,-3690438.9791203737,-7600210.966450214,-13824971.618954062,-37468374.214078724,-8299798.8546547,-9666218.0
45325,-2627549.75,-3238503.25,-4302469.0,-2589015.0,0.0,-446052.5,-2324497.40420565,-8203938.8394382,-8183074.967809081,-14351805.381245926,-3861683.734173827,-3859684.75
45326,-25747177.272297278,-18322575.26938164,-35598838.42723663,-10963992.29246921,686.0981891155243,-1770245.5559993535,-2207305.1036596447,-9850509.080712676,-10578030.47883153,-17591336.806643665,-4127885.7403790206,-12134604.68952167
45327,-8731052.844850957,-3066912.2036055326,-3440934.986578822,-964204.133800149,-2542855.477247119,-5436242.062372923,-32951658.124663115,-40976862.37428379,-68881804.14989233,-66230801.28099179,-10657414.283404708,-6759806.679641366
45355,123254.94499352574,142491.26659863442,101000.20836534724,85.36288462206721,4469.270804643631,20349.211554795504,83878.62456035614,69412.10534256697,73637.87660312653,73706.39973497391,65427.36451108754,75683.60155943036
45356,0.0,0.0,0.0,0.0,31973.468667685986,30148.87637424469,20997.70122909546,70100.36873912811,182216.12575376034,185273.8286305666,0.0,0.0
45386,0.0,0.0,0.0,-514.7559711895883,-146563.85818157718,-114641.15447536111,-255285.58880990744,-146075.71432173252,-83497.75389307737,0.0,0.0,0.0
45387,0.0,0.0,0.0,0.0,-8794.201841740403,-2296.475507701747,-73061.21054379642,-24884.816332891583,-50313.46532584727,-33923.22324202955,0.0,0.0
45388,2078.4546353970654,0.0,0.0,6157.500463400036,6336.632471966557,4000.3590892227367,0.0,3174.348474510014,6117.865343984216,1499.7281034532934,0.0,154.22342339996248
45389,-169401.16013252735,-481399.59160494804,-89323.62960094959,-2444.6886585354805,-447997.3697375655,-1004667.468382597,-3241456.3737843037,-448687.1790046692,-296135.9253053665,-1215537.9242208004,-2421878.2019051164,-1482468.0826946944
45390,-290553.58581775427,-204687.10124465078,0.0,-10467.777267694473,-1407395.575418748,-2546755.5072007775,-5094556.281918496,-1153587.443021953,-998006.8836770654,-2032451.5716446042,-3456155.032722026,-2250518.3000111766
45391,-239154.03655792773,-417218.9854082763,-218489.95627631992,-19886.014046132565,-1152554.4488348365,-2253644.1932504177,-6321998.764522731,-2862872.410086751,-1041835.1546428204,-2659349.6856485903,-4114309.2674034014,-2310781.4245605394
45392,0.0,0.0,0.0,0.0,0.0,0.0,0.0,0.0,0.0,0.0,0.0,0.0
45393,0.0,0.0,0.0,25627.103374080965,8770.561988731963,0.0,60231.20295036597,118169.3226203071,94075.63236739533,0.0,0.0,4352.846773428842
45394,0.0,3831.34135222435,8405.528440840542,25321.77694832161,32656.748633187264,26000.18082105741,7260.1779788751155,140191.70517244004,115061.68792819483,224196.5196512416,96604.9309961535,6032.642572969198
45395,-67505.4345795624,-65543.23209085874,-126697.15053711087,-20970.7219730122,0.0,-396942.2195299808,-995226.1900141835,-1017942.7095936537,-461610.8123756647,-2624387.549995601,-360289.34288164973,-60327.67513949424
45408,0.0,0.0,0.0,0.0,0.0,56922.99979221076,87160.44509410858,521332.0189318359,236117.95989578962,243773.96916089393,81509.42612157762,0.0
45411,0.0,0.0,0.0,0.0,0.0,0.0,0.0,0.0,0.0,0.0,0.0,0.0
45412,-1891017.25,0.0,0.0,-456193.5394986253,-471984.0535550029,-139760.23135542707,0.0,-27108.534386000596,0.0,-6481557.5,0.0,-3365680.25
45419,0.0,0.0,0.0,0.0,0.0,0.0,0.0,0.0,0.0,0.0,0.0,0.0
45420,0.0,0.0,0.0,0.0,0.0,0.0,0.0,0.0,0.0,0.0,0.0,0.0
45421,0.0,0.0,0.0,0.0,0.0,0.0,0.0,0.0,0.0,0.0,0.0,0.0
45422,0.0,0.0,0.0,0.0,-64280.877818925306,13777.857823438942,432547.2989895791,941361.3299500234,-148770.0636588186,0.0,0.0,0.0
45425,0.0,0.0,0.0,0.0,0.0,0.0,0.0,0.0,0.0,0.0,0.0,0.0
45426,0.0,0.0,0.0,0.0,0.0,0.0,0.0,0.0,0.0,0.0,0.0,0.0
45427,0.0,0.0,0.0,0.0,0.0,0.0,0.0,0.0,0.0,0.0,0.0,0.0
45428,0.0,0.0,0.0,0.0,0.0,0.0,0.0,0.0,0.0,0.0,0.0,0.0
45429,0.0,0.0,0.0,0.0,0.0,0.0,0.0,0.0,0.0,0.0,0.0,0.0
45430,0.0,0.0,0.0,0.0,0.0,0.0,0.0,0.0,0.0,0.0,0.0,0.0
45431,0.0,0.0,0.0,0.0,0.0,0.0,0.0,0.0,0.0,0.0,0.0,0.0
45439,0.0,0.0,0.0,0.0,0.0,0.0,0.0,0.0,0.0,0.0,0.0,0.0
45492,0.0,0.0,0.0,0.0,0.0,0.0,0.0,0.0,0.0,0.0,0.0,0.0
45538,0.0,0.0,0.0,0.0,0.0,0.0,0.0,0.0,0.0,0.0,0.0,0.0
45539,89481.29159891978,83251.21394316107,0.0,0.0,0.0,0.0,0.0,0.0,0.0,75085.29540121742,97072.78493130952,88306.66091907024
45540,0.0,0.0,0.0,0.0,0.0,0.0,0.0,0.0,0.0,0.0,0.0,0.0
45577,234385.80327910185,517186.2506492436,1036512.795040153,1229320.826294655,983181.3166965283,854.0231645107269,2222.668928667903,4222.745672790334,3978.8236118420027,3060.1254187248414,795.1799544991227,0.0
45578,0.0,0.0,0.0,0.0,0.0,0.0,0.0,0.0,0.0,0.0,0.0,0.0
45579,-950839.8125,-963136.125,-888267.0,-546842.875,-529598.375,27346.815961038694,12833.22936193645,20340.32901161909,29074.82210020721,-835743.1875,-682180.8125,39197.519257519394
45580,-1494242.0,-1593285.875,-1467985.625,-654139.8125,-199769.078125,-359517.15625,-10271126.154832095,-17829752.687971354,-22149747.40306437,-12317037.0,-3720608.75,-2006187.625
45581,-38575731.99064362,-28457884.0,-17634834.0,-5686060.0,-760501.2649913868,-1261337.5,-2854845.589618236,-8696647.549084902,-8982962.325906157,-16086839.821079403,-3896913.349244058,-9762224.708433524
45582,0.0,0.0,0.0,0.0,0.0,0.0,0.0,0.0,0.0,0.0,0.0,0.0
45583,0.0,0.0,0.0,0.0,-360532.72917672247,-1347914.2441360652,-754209.5608167648,-918161.8702640533,-2122545.34924984,-2585890.7193383574,-798061.4513064325,-3581904.3156568706
45611,-16533697.704203963,-19734686.213516295,-31923197.458101302,-2712070.9627480507,-519695.73939204216,-2685771.423964739,-9759561.897331238,-9130349.127914906,-10073199.801941872,-15141005.240652561,-7881661.698841572,-9482040.085402131
45612,0.0,0.0,0.0,0.0,0.0,0.0,0.0,0.0,0.0,0.0,0.0,0.0
45641,0.0,0.0,-8699.22197663784,-171267.80993759632,-2866519.350571841,-3692042.4157616794,-11750746.510648519,-2008705.594345808,-1503634.202702999,16037.564279437065,-41156.382454037666,0.0
45642,0.0,0.0,0.0,0.0,0.0,-3772.6764772841707,-48887.22541404795,-8042.3878190284595,-18684.85718773119,-15280.567465797532,0.0,0.0
45643,2079.261250006035,8937.218694195151,16696.171126686037,10010.37484348379,10829.563680451363,2470.890467494726,14843.221303634346,3189.6219194233418,9573.130950450897,3424.741114258766,296.63041806966066,195.2096377387643
45644,6133.870703570545,1551.6424243859947,0.0,826.7926826905459,15940.180897954851,17068.08189309761,25814.012134172022,5499.320855796337,5835.464252635837,13168.485064029694,15317.762864530087,13411.592532794923
45646,0.0,0.0,0.0,0.0,0.0,0.0,0.0,0.0,0.0,0.0,0.0,0.0
45647,0.0,0.0,0.0,0.0,0.0,0.0,0.0,0.0,0.0,0.0,0.0,0.0
45648,0.0,0.0,0.0,0.0,0.0,0.0,0.0,0.0,0.0,0.0,0.0,0.0
45649,0.0,0.0,0.0,0.0,0.0,-418006.4214151576,-4026.872877418995,-195366.33321523666,-45199.13694226742,-2777799.852992028,-494057.3898474276,0.0
45665,0.0,0.0,0.0,0.0,0.0,0.0,0.0,0.0,0.0,0.0,0.0,0.0
45666,0.0,0.0,0.0,0.0,0.0,0.0,0.0,0.0,0.0,0.0,0.0,0.0
45667,-192884.93222204316,564.4234461369924,1128.7041551787406,1120.8563154703006,87.29305000673048,1.100155613385141,328.21191125921905,5863.369248418137,11230.019327599555,-3828486.5721933264,13066.324702497572,-3512729.40962334
45673,0.0,0.0,0.0,0.0,0.0,0.0,0.0,0.0,0.0,0.0,0.0,0.0
45674,0.0,0.0,0.0,0.0,0.0,0.0,0.0,0.0,0.0,0.0,0.0,0.0
45675,0.0,0.0,0.0,0.0,0.0,0.0,0.0,0.0,0.0,0.0,0.0,0.0
45676,0.0,0.0,0.0,0.0,0.0,0.0,0.0,0.0,0.0,0.0,0.0,0.0
45678,0.0,0.0,0.0,0.0,0.0,0.0,0.0,0.0,0.0,0.0,0.0,0.0
45681,0.0,0.0,0.0,0.0,0.0,0.0,0.0,0.0,0.0,0.0,0.0,0.0
45682,0.0,0.0,0.0,0.0,0.0,0.0,0.0,0.0,0.0,0.0,0.0,0.0
45683,0.0,0.0,0.0,0.0,0.0,0.0,0.0,0.0,0.0,0.0,0.0,0.0
45790,0.0,0.0,0.0,0.0,0.0,0.0,0.0,0.0,0.0,0.0,0.0,0.0
45791,0.0,0.0,0.0,0.0,0.0,0.0,0.0,0.0,0.0,0.0,0.0,0.0
45792,0.0,0.0,0.0,0.0,0.0,0.0,0.0,0.0,0.0,0.0,0.0,0.0
45818,0.0,0.0,0.0,0.0,0.0,0.0,0.0,0.0,0.0,0.0,0.0,0.0
45827,0.0,0.0,0.0,0.0,0.0,0.0,0.0,0.0,0.0,0.0,0.0,0.0
45828,0.0,0.0,0.0,0.0,0.0,0.0,0.0,0.0,0.0,0.0,0.0,0.0
45829,0.0,0.0,0.0,0.0,0.0,0.0,0.0,0.0,0.0,0.0,0.0,0.0
45830,-6263708.353710346,-3948497.611659825,-1933451.3137097582,-201734.53358634282,0.0,0.0,0.0,0.0,0.0,0.0,0.0,0.0
45858,-36254658.18109965,-41265804.088361025,-35075010.481479764,-22576072.45385301,-15391178.894467115,-16347869.87784028,-16914791.307302475,-24275766.37890625,-46095856.68097305,-56345455.81517029,-20066759.427678585,-21043425.235527992
45859,0.0,0.0,0.0,0.0,0.0,0.0,0.0,0.0,0.0,0.0,0.0,0.0
45860,0.0,0.0,0.0,0.0,0.0,0.0,0.0,0.0,0.0,0.0,0.0,0.0
45886,0.0,0.0,0.0,-7478.0560528934,-474303.1079714,-5883853.0,0.0,-3690583.4051974416,-7504243.1431638,-1112836.9005221128,0.0,0.0
45887,-20008288.162557602,-31008731.328900814,-39578193.62106228,-24080281.598545074,-22861172.59780979,-20462297.25957012,-31572486.604995728,-21127552.34884262,-14202714.477998734,-4608122.426448822,-9036248.757993698,-5363510.75404501
45888,-1886045.2509978972,-3490611.1551166736,-3050073.2667563707,-1318783.2545499783,-1171375.8625761084,-2204368.98089608,-1228383.375,-574250.2760885954,-1310350.7470453978,-86871.7371096611,-623162.0896078348,-1825885.9755325913
45889,-301734.04205057025,-6732763.350087836,-3063821.63107948,0.0,0.0,-3220527.101317644,-8013283.589943334,-4046710.3058615923,-12912463.711371422,-3944355.3509283066,-1024984.9215738177,-25949.143135488033
45890,590.9395096711814,865.0411332107615,301.1535695968196,219.65983104356565,519.5539789638715,1200.8100234256126,2150.9182972349226,227.39455470442772,597.98031985946,78.4414781332016,785.0007873056456,831.6024906202219
45891,0.0,0.0,0.0,0.0,0.0,0.0,0.0,0.0,0.0,0.0,0.0,0.0
45892,0.0,0.0,0.0,0.0,0.0,0.0,0.0,0.0,0.0,0.0,0.0,0.0
45893,0.0,0.0,0.0,0.0,0.0,0.0,0.0,0.0,0.0,0.0,0.0,0.0
45894,0.0,0.0,0.0,0.0,0.0,0.0,0.0,0.0,0.0,0.0,0.0,0.0
45895,0.0,0.0,0.0,0.0,0.0,0.0,0.0,0.0,0.0,0.0,0.0,0.0
45896,4118.9388332515955,4768.175654884428,7785.767215318978,3066.0172725319862,0.0,0.0,29977.526223421097,79147.09125101566,50038.53156363964,179635.9767369628,60496.34116242826,2825.248454347253
45903,0.0,0.0,0.0,0.0,0.0,-123278.18765654415,-124659.0044260025,-1112097.1288988888,-1410734.013521105,0.0,-259701.960628815,0.0
45904,0.0,0.0,0.0,0.0,0.0,0.0,0.0,93913.73566535115,184622.80012777448,408732.9332174659,228885.47215063497,0.0
45908,0.0,0.0,-265410.18201479316,-804866.2979343534,-1253923.4836278856,-758178.6119353771,-84122.49126851559,-4875.57937759161,113616.11689680815,0.0,-16702.789488077164,0.0
45910,0.0,0.0,0.0,0.0,0.0,0.0,0.0,0.0,0.0,0.0,0.0,0.0
45914,0.0,0.0,1.9539834335446358,193.20954103022814,1715.8599185496569,12165.942849126644,5498.962893426418,9714.141778677702,1373.7818717956543,7726.562955088913,0.0,0.0
45915,4233.394493531436,4963.399888354354,9420.274091690779,5233.287811660208,0.0,751.0406233593822,4226.623023033142,66861.99244544655,93783.25108863413,162014.7662192136,93957.71590260044,16797.563826672733
45921,3775.95330267027,420.9928686991334,737.2600580547005,891.3536396510899,441.8361051976681,0.0,56.79063707590103,623.4512893259525,990.005707681179,14910.130876660347,11391.68173314631,9904.964142724872
45923,0.0,0.0,0.0,0.0,0.0,0.0,0.0,0.0,0.0,0.0,0.0,0.0
45924,0.0,0.0,0.0,0.0,0.0,0.0,0.0,0.0,0.0,0.0,0.0,0.0
45925,0.0,0.0,0.0,0.0,0.0,0.0,0.0,0.0,0.0,0.0,0.0,0.0
45926,0.0,0.0,0.0,0.0,0.0,0.0,0.0,0.0,0.0,0.0,0.0,0.0
45927,0.0,0.0,0.0,0.0,0.0,0.0,0.0,0.0,0.0,0.0,0.0,0.0
45928,0.0,0.0,0.0,0.0,0.0,0.0,0.0,0.0,0.0,0.0,0.0,0.0
45929,-83545.05322441459,-74703.80768822879,-293307.306175299,-364584.8911420703,-434096.18830141425,-109016.90182677284,-2463.980713684112,0.0,0.0,-4422.0404098033905,-45933.95413029194,-19327.32744795084
45930,0.0,0.0,0.0,0.0,0.0,0.0,0.0,0.0,0.0,0.0,0.0,0.0
45931,-27248.12157639861,-151527.2697041966,-124829.95832171291,-184692.38108721375,-98551.74726121128,-222685.14688825607,-482634.26166445017,-864405.6663356721,-268200.34312713146,24815.875377357006,28576.294221252203,34698.29903307557
45932,13125.349124414846,23663.938013847917,27209.293372372165,42048.92168075219,34970.89045944065,49897.203334629536,86013.88531200215,125135.01237023622,58065.57831016928,20655.87543998286,13935.56371973455,8596.67144985497
45933,-77.28736135363579,-109.5045502372086,-115.1957756280899,-250.90026049688458,-179.70363456755877,-161.3244573175907,-381.25302378088236,-902.3260900080204,-264.25230637192726,-111.83189184218645,-23.807761132717133,-17.823095470666885
45934,0.0,0.0,0.0,0.0,0.0,0.0,0.0,0.0,0.0,0.0,0.0,0.0
45935,0.0,0.0,0.0,0.0,0.0,0.0,0.0,0.0,0.0,0.0,0.0,0.0
45936,0.0,0.0,0.0,0.0,0.0,0.0,0.0,0.0,0.0,0.0,0.0,0.0
46010,0.0,0.0,0.0,0.0,0.0,0.0,0.0,0.0,0.0,0.0,0.0,0.0
46043,0.0,0.0,0.0,0.0,0.0,0.0,0.0,0.0,0.0,0.0,0.0,0.0
46044,70148.25565853645,176338.3955786908,269663.15929333493,275005.94772458076,224984.57672218792,0.0,0.0,0.0,0.0,0.0,0.0,0.0
46073,-16138.044780927012,-20756.43419520557,-48928.77375873551,-44203.602997272275,-35539.01171875,0.0,0.0,0.0,0.0,0.0,0.0,0.0
46078,0.0,0.0,0.0,0.0,0.0,0.0,0.0,0.0,0.0,0.0,0.0,0.0
46079,0.0,-1801373.9597119913,-1045962.8097648174,0.0,0.0,-195308.5363919735,-412394.2174539566,-699734.1372470856,-1648423.192961216,-2056542.1749957204,-665526.4124056101,-2830979.0448438525
46104,-5.890208721160889,-5.233719348907471,-5.70094108581543,-5.425568103790283,-5.514089584350586,-5.248899936676025,-5.335700511932373,-5.248129844665527,-4.997340202331543,-5.081594944000244,-4.839763164520264,-4.922365188598633
46105,0.0,0.0,0.0,0.0,0.0,0.0,0.0,0.0,0.0,0.0,0.0,0.0
46106,12832.02379447408,14690.62960736081,11781.821673693135,0.0,111.05327915679663,1500.114647384733,10201.11201197654,8454.801425382495,7731.96402605623,10547.861976280808,3286.250097990036,11645.978246344253
46107,0.0,0.0,0.0,0.0,0.0,0.0,0.0,0.0,0.0,0.0,0.0,0.0
46108,0.0,0.0,0.0,0.0,0.0,0.0,0.0,0.0,0.0,0.0,0.0,0.0
46132,0.0,0.0,158910.47050890326,493036.9166178107,2371713.4777041674,6254486.737584114,23403518.752163887,4839066.324253082,14298398.29369831,5728378.8612213135,0.0,0.0
46133,-80449.49214365706,-1564163.8898009378,-504781.5,0.0,-15295.0927734375,-1979973.5,-5003338.611448593,-1329774.6607859135,-3196278.228869736,-1868847.7210012674,-818124.8754221871,0.0
46136,-285609.712457858,-644602.0298258439,-1936357.9612476043,-1933830.828839682,-207654.109375,-1904549.2338671163,-3507702.58976637,-506787.1658959687,-1288151.6462308764,-555481.6521282196,-882350.2060894668,-980656.5100448728
46139,0.0,0.0,0.0,0.0,0.0,0.0,0.0,0.0,0.0,0.0,0.0,0.0
46140,0.0,0.0,0.0,0.0,0.0,0.0,0.0,0.0,0.0,0.0,0.0,0.0
46141,0.0,0.0,0.0,0.0,0.0,0.0,0.0,0.0,0.0,0.0,0.0,0.0
46142,0.0,0.0,0.0,0.0,0.0,0.0,0.0,0.0,0.0,0.0,0.0,0.0
46143,10205.595571227372,9457.125289529562,20655.786172060296,7843.887644831091,0.0,1409.865082288161,4897.285925924778,50488.485962986946,86702.62189722061,436688.251026392,226279.0067063421,46751.5511950627
46157,0.0,0.0,0.0,0.0,-385565.1181042418,-988097.0106909275,-729827.5140761733,-1365428.8560378551,-627353.3235727549,-1448905.2405921295,0.0,0.0
46160,-30186.154950156808,-29518.385446459055,-95148.47554823011,-67003.79914392158,-8462.447037281469,-258566.42614741996,-97189.9762789011,-282621.93482244015,-8073.019774198532,-1612444.5992825031,-248550.1027469933,-5220.046995326877
46161,0.0,0.0,0.0,0.0,0.0,0.0,0.0,0.0,0.0,0.0,0.0,0.0
46162,0.0,0.0,0.0,0.0,0.0,0.0,0.0,0.0,0.0,0.0,0.0,0.0
46168,52.17682708054781,98.6881987862289,174.01126762852073,214.72993044927716,110.85775993019342,0.0,0.0,282.49652430415154,761.038641512394,3979.695868432522,1687.3998332321644,2170.876029804349
46169,-2105031.2531607747,38434.99763084948,160261.8841413781,249372.25598900765,598665.2755362727,652304.8804233968,260503.82629150152,403654.66265928745,64073.948797523975,20564.241030335426,135283.97086286545,-3085570.1176401973
46175,13468.134561598301,48733.62032994628,62250.71414197609,68369.83374536783,30753.900016874075,3578.119697332382,6305.6990621089935,24252.617299169302,18943.52146652341,11767.138615846634,1572.9483450055122,1697.157937437296
46176,0.0,0.0,0.0,0.0,0.0,0.0,0.0,0.0,0.0,0.0,0.0,0.0
46177,0.0,0.0,0.0,0.0,0.0,0.0,0.0,0.0,0.0,0.0,0.0,0.0
46178,0.0,0.0,0.0,0.0,0.0,0.0,0.0,0.0,0.0,0.0,0.0,0.0
46285,0.0,0.0,0.0,0.0,0.0,0.0,0.0,0.0,0.0,0.0,0.0,0.0
46286,165676.73611631303,417475.76146863424,641408.7876709998,639772.0677024461,515927.08590590395,0.0,0.0,0.0,0.0,0.0,0.0,0.0
46287,108848.13868595497,256761.31097026542,392570.7716139229,401716.984268032,303721.84687420353,0.0,0.0,0.0,0.0,0.0,0.0,0.0
46320,0.0,0.0,0.0,0.0,0.0,0.0,0.0,0.0,0.0,0.0,0.0,0.0
46321,0.0,0.0,0.0,0.0,0.0,0.0,0.0,0.0,0.0,0.0,0.0,0.0
46345,2577010.2315999493,8023983.274365583,11754790.72896434,8308512.354294024,5521132.4911415875,270257.9921602905,3586407.8378385305,3746933.381079197,6331321.328008175,7385526.775882006,715926.0403426886,722332.2539626956
46346,0.0,0.0,0.0,0.0,629.3062578961253,0.0,0.0,0.0,0.0,0.0,0.0,0.0
46347,0.0,0.0,0.0,0.0,0.0,0.0,0.0,0.0,0.0,0.0,0.0,0.0
46371,0.0,0.0,0.0,0.0,39444.87819029018,715388.2517187856,2288936.5583798345,521283.8480039239,1722150.752093196,325117.9042363167,697580.7179420441,0.0
46372,-526878.2053833008,-1638622.7008451521,-2303246.75,-283.2635498046875,-5021760.5,-1208694.9184300303,-441875.0888679847,-1100411.522454679,-2349022.028256297,-1551886.4972929955,-1379798.4762073755,-543496.7340563834
46376,-1202250.9682165682,-3749552.428549938,-4027414.388675086,-4107356.558184323,-6195497.210094319,-3539868.780160412,-5353805.145641141,-1325051.3872903287,-2721200.5450665355,-634415.1430921555,-376766.4325914681,-913797.6145511717
46377,0.0,0.0,0.0,0.0,0.0,0.0,0.0,0.0,0.0,0.0,0.0,0.0
46378,0.0,0.0,0.0,0.0,0.0,0.0,0.0,0.0,0.0,0.0,0.0,0.0
46380,21080.673252021894,12229.896996796131,27808.410305807367,13609.347061479464,129.65119274705648,-592841.5120748444,-262152.94879772514,-3036999.4877678156,-1348749.4115620852,-3308807.4863510653,206262.50780933537,153396.19149015844
46381,16381.136912792921,11673.523586638272,31674.666456807405,17222.937764795497,0.0,1179.6397904530168,36616.86816215515,185983.62516337633,228732.7973997593,-2562428.593044918,529680.1840205756,49546.34590472281
46397,19964.81498360634,3521.4615273475647,10903.644835710526,8175.603944540024,21710.651795864105,27416.400523662567,7606.132717132568,95977.53976249695,26190.991676330566,558844.6322784424,283963.251247406,210492.76618504524
46398,0.0,0.0,0.0,0.0,0.0,0.0,0.0,0.0,0.0,0.0,0.0,0.0
46399,0.0,0.0,0.0,0.0,0.0,0.0,0.0,0.0,0.0,0.0,0.0,0.0
46400,1739.219566822052,1985.950628042221,1201.8558614253998,0.0,11156.268320083618,-4184.734267950058,-9835.72104024887,2482.880213737488,-66413.75078964233,-500189.39943122864,-1774.743094444275,1569.2282891273499
46401,13374.97484779358,16958.40010881424,46157.57032775879,21435.68149781227,4477.060755252838,0.0,936.3042755126953,8535.765800476074,23939.12640953064,690289.6051692963,263164.8801765442,233452.98554706573
46402,9251.697346928064,205.4402650182601,916.0848384178244,1422.773707856657,1426.442313334439,1073.4130392635707,65.37793552130461,105.42736661434174,150.66382241249084,24959.165800750256,15452.394176319242,26827.3833039701
46403,2117.2835565954447,2234.349552474916,5336.870595626533,4493.742419950664,0.0,8006.351595431566,3160.722825527191,19069.34921360016,4590.35384786129,58660.55631732941,1251.5034660696983,590.2811489105225
46409,0.0,0.0,0.0,0.0,0.0,0.0,0.0,0.0,0.0,0.0,0.0,0.0
46410,0.0,0.0,0.0,0.0,0.0,0.0,0.0,0.0,0.0,0.0,0.0,0.0
46411,0.0,0.0,0.0,0.0,0.0,0.0,0.0,0.0,0.0,0.0,0.0,0.0
46412,0.0,0.0,0.0,0.0,0.0,0.0,0.0,0.0,0.0,0.0,0.0,0.0
46413,0.0,0.0,0.0,0.0,0.0,0.0,0.0,0.0,0.0,0.0,0.0,0.0
46414,0.0,0.0,0.0,0.0,0.0,0.0,0.0,0.0,0.0,0.0,0.0,0.0
46415,564156.9655092019,666284.0950299749,789987.8195827623,240360.42217714665,0.0,24372.28629015386,237699.0419579856,780238.81760264,614468.5380608803,1397959.6392397583,1079843.720920451,1858845.86268827
46416,-29898.690659757704,-11295.232114307582,-248162.6835390404,-242754.808591336,-310034.95060503297,-184346.97095115483,-7948.48275731504,-123244.6215030551,-212169.74272641912,-645005.4448397905,-592140.6881864667,-729994.5621886402
46423,-2824.7648322694004,-4985.688706142828,0.0,0.0,-1790.9951164647937,-2956.3984571397305,-3241.797140598297,-6113.478295966983,-1538.934606038034,-6017.536926597357,-4828.608432933688,-6696.785704813898
46424,0.0,0.0,0.0,0.0,0.0,0.0,0.0,0.0,0.0,0.0,0.0,0.0
46425,0.0,0.0,0.0,0.0,0.0,0.0,0.0,0.0,0.0,0.0,0.0,0.0
46533,0.0,0.0,0.0,0.0,0.0,0.0,0.0,0.0,0.0,0.0,0.0,0.0
46534,-139563.31429920322,-322129.6775995884,-485159.7127117235,-514233.19071656466,-356015.5777720511,0.0,0.0,0.0,0.0,0.0,0.0,0.0
46565,0.0,0.0,0.0,0.0,-272.0977478027344,0.0,0.0,0.0,0.0,0.0,0.0,0.0
46566,0.0,0.0,0.0,0.0,0.0,0.0,0.0,0.0,0.0,0.0,0.0,0.0
46567,0.0,0.0,0.0,0.0,0.0,0.0,0.0,0.0,0.0,0.0,0.0,0.0
46568,-194766.3279968053,-227623.2387405187,-295608.753894072,-90121.3327700235,-2387.597262352705,-1386.8521189689636,-8279.856283187866,-17907.30625295639,-86955.03975653648,-161227.72519528866,-51715.74279731512,-120528.57792690396
46591,0.0,648649.5567335151,0.0,0.0,2687786.321526915,455828.7784691453,-197987.75934374332,770852.5508320332,659855.2389070988,1385101.4132504463,394799.51274192333,-784726.965588361
46592,8478.041311347857,0.0,0.0,6923.33655782789,149.31673613982275,63.51599563471973,1433.0891775581986,7743.42939081043,5008.672281652689,8675.055266454816,4030.3309686109424,3959.2877052333206
46593,0.0,0.0,0.0,0.0,0.0,0.0,0.0,0.0,0.0,0.0,0.0,0.0
46594,0.0,0.0,0.0,0.0,0.0,0.0,0.0,0.0,0.0,0.0,0.0,0.0
46617,-413681.4773940742,-809650.8794210255,989019.1594975367,842546.9339120984,-682805.5508523583,14683.27196803689,377622.40734761953,-148532.78730392456,831296.1233024597,575522.620595932,343330.7785137892,-22599.579995393753
46618,44.142723981291056,534.6540699731559,4771.623399073258,4532.518978957087,5962.220167409629,3639.196492185816,875.6542280651629,1958.2888104990125,3356.7648230921477,0.0,0.0,0.0
46621,-15050.48476164043,-4389384.584085427,-2887485.25,-69977.03125,-243363.9375,-1743422.8654358648,-4714442.777824217,-1988229.9490553439,-4895839.669163555,-2117849.9573760033,-608386.9280831814,-330295.08088700473
46623,-88778.97523128986,-140252.13702252507,-90302.60322590172,-61873.403261102736,-41545.79164400697,-76980.98971289396,-114864.69991783798,-55911.1690903306,-107090.10964623094,-41953.30714815855,-32820.58797073364,-47689.92491483688
46625,0.0,0.0,0.0,0.0,0.0,0.0,0.0,0.0,0.0,0.0,0.0,0.0
46626,0.0,0.0,0.0,0.0,0.0,0.0,0.0,0.0,0.0,0.0,0.0,0.0
46627,0.0,0.0,0.0,0.0,0.0,7141.7956626191735,1038.218646645546,5386.904442071915,2901.5279428958893,-2071405.3888879865,271.62818816304207,0.0
46643,0.0,0.0,0.0,0.0,0.0,0.0,0.0,0.0,0.0,0.0,0.0,0.0
46644,3233.3754739761353,1638.0338115692139,941.8011810779572,0.0,30.043188631534576,78.92931032180786,492.4229335784912,204.5147819519043,1531.559757232666,41575.95475292206,39640.8964369297,12557.040623664856
46645,0.0,0.0,0.0,0.0,0.0,0.0,0.0,0.0,0.0,0.0,0.0,0.0
46646,0.0,0.0,0.0,0.0,0.0,0.0,0.0,0.0,0.0,0.0,0.0,0.0
46656,23165.207313507795,1522.337748348713,2985.7569795921445,1266.7065767794847,0.0,0.0,137.49032944440842,851.6996404528618,376.4096950292587,47639.648597836494,15626.552741408348,58669.51539438963
46657,0.0,0.0,0.0,0.0,0.0,0.0,0.0,0.0,0.0,0.0,0.0,0.0
46658,0.0,0.0,0.0,0.0,0.0,0.0,0.0,0.0,0.0,0.0,0.0,0.0
46659,-742303.0484323278,-340017.74498836324,0.0,138230.08532407135,404873.82612991333,291974.5770729184,206443.12666016817,53511.52389572561,0.0,0.0,-824215.1935847104,-694239.2800396681
46660,0.0,0.0,0.0,0.0,0.0,0.0,0.0,0.0,0.0,0.0,0.0,0.0
46661,0.0,0.0,66.74027439951897,2261.468396514654,9146.397870123386,8591.908517211676,5947.582792565227,4390.778210282326,0.0,0.0,0.0,0.0
46662,0.0,0.0,0.0,0.0,0.0,0.0,0.0,0.0,0.0,0.0,0.0,0.0
46663,0.0,0.0,0.0,0.0,0.0,0.0,0.0,0.0,0.0,0.0,0.0,0.0
46664,-25576.654213666916,-65452.61833219975,-78201.16138529032,-71701.88427153975,-71936.79808788002,-760.5705696046352,-4228.0836294442415,-17776.494345493615,-10736.790952473879,-518.9712475538254,-1074.059674412012,-81.62211932986975
46665,0.0,0.0,0.0,0.0,0.0,0.0,0.0,0.0,0.0,0.0,0.0,0.0
46666,0.0,0.0,0.0,0.0,0.0,0.0,0.0,0.0,0.0,0.0,0.0,0.0
46667,0.0,0.0,0.0,0.0,0.0,0.0,0.0,0.0,0.0,0.0,0.0,0.0
46668,-18402.289487367496,-21195.425305105746,-3424.9793284442276,0.0,0.0,0.0,0.0,-11660.876063916832,-11011.34930184856,-21004.43875546381,-12369.36679532379,-22554.20899174735
46669,233698.68127562106,-661601.8824690133,-10384.059288077056,-394113.9380219579,166446.13005768508,467367.34062227607,-291179.52491683513,-1492995.6599160433,-698420.200873524,-4254660.994958207,-1075670.115680933,68914.39148837328
46670,0.0,-334784.63516595005,-135892.671875,-36040.40625,-61352.9453125,-912126.9857933396,-465827.5527959559,-408421.60766308126,-212781.234375,-3572.349365234375,-1915778.8984560296,0.0
46671,859805.4660895998,913167.0580509738,1278987.7189214882,991612.2577801002,522630.4797528647,0.0,0.0,494784.8607402146,331637.3368509412,1918230.496777773,875809.2596537471,1708129.0725315958
46672,-54870.201296996325,0.0,-8365.207888789475,-230098.5202797139,-571396.3399274051,-492519.3444651365,-326837.0011537075,-372628.5936051607,-90418.79353070259,-107712.61174082756,-90357.71568149328,-246451.4131749794
46673,-12040.28733408451,-17920.511865463108,-12395.296580892056,0.0,0.0,0.0,0.0,0.0,0.0,0.0,0.0,0.0
46674,0.0,0.0,0.0,-864.8012162779924,-3114.7018501143903,-4439.375150419772,-4909.0690138712525,-6689.087569435127,-1491.0278409039602,-2294.6146181598306,-2825.6242719367146,-9203.875937111676
46675,0.0,0.0,0.0,0.0,0.0,0.0,0.0,0.0,0.0,0.0,0.0,0.0
46676,0.0,0.0,0.0,0.0,0.0,0.0,0.0,0.0,0.0,0.0,0.0,0.0
46677,0.0,0.0,0.0,0.0,0.0,2147.185455478728,11104.573482505977,66575.14407283813,26333.742779973894,23744.845633149147,6212.788041085005,0.0
46678,0.0,0.0,0.0,0.0,0.0,0.0,-8998.047961264849,-117635.89748892188,-39683.01924595237,-38228.133964419365,-2642.179509073496,0.0
46679,0.0,0.0,0.0,0.0,0.0,0.0,0.0,0.0,0.0,0.0,0.0,0.0
46680,0.0,-19460.624746374786,-24329.74738918245,-13204.350318782032,-8502.470429480076,0.0,0.0,0.0,0.0,0.0,0.0,0.0
46681,0.0,0.0,0.0,0.0,0.0,0.0,0.0,0.0,0.0,0.0,0.0,0.0
46682,0.0,0.0,0.0,0.0,0.0,0.0,0.0,0.0,0.0,0.0,0.0,0.0
46683,0.0,0.0,0.0,0.0,0.0,0.0,0.0,0.0,0.0,0.0,0.0,0.0
46684,0.0,0.0,0.0,0.0,0.0,0.0,0.0,0.0,0.0,0.0,0.0,0.0
46725,0.0,0.0,0.0,0.0,0.0,0.0,0.0,0.0,0.0,0.0,0.0,0.0
46726,0.0,0.0,0.0,0.0,0.0,0.0,0.0,0.0,0.0,0.0,0.0,0.0
46727,0.0,0.0,0.0,0.0,0.0,0.0,0.0,0.0,0.0,0.0,0.0,0.0
46728,0.0,0.0,0.0,0.0,0.0,0.0,0.0,0.0,0.0,0.0,0.0,0.0
46758,0.0,0.0,0.0,0.0,0.0,0.0,0.0,0.0,0.0,0.0,0.0,0.0
46760,0.0,0.0,0.0,0.0,0.0,0.0,0.0,0.0,0.0,0.0,0.0,0.0
46787,0.0,0.0,0.0,0.0,0.0,0.0,0.0,0.0,0.0,0.0,0.0,0.0
46793,0.0,0.0,0.0,0.0,0.0,0.0,0.0,-22475.064987018704,-35621.240562960505,-2247.6627810001373,-1702.9448644518852,-496.4695048928261
46795,0.0,0.0,0.0,0.0,0.0,0.0,0.0,0.0,0.0,0.0,0.0,0.0
46796,0.0,0.0,0.0,0.0,0.0,0.0,0.0,0.0,0.0,0.0,0.0,0.0
46826,0.0,0.0,0.0,0.0,0.0,0.0,0.0,0.0,0.0,0.0,0.0,0.0
46827,0.0,0.0,0.0,0.0,0.0,0.0,0.0,0.0,0.0,0.0,0.0,0.0
46849,-47885.9453125,0.0,0.0,0.0,-161574.4016777575,-92481.34450525045,-640177.7031869888,-3196393.4461433887,-2247637.9089283943,-2861640.646024823,-1353138.4624888897,-1363678.6549941897
46850,0.0,0.0,0.0,0.0,-138334.7478093803,-333502.6560473442,-619725.6497254372,-608789.5011534691,-794506.0065951347,-539162.9953663349,-611462.9627366066,-786949.8848159313
46851,0.0,0.0,0.0,0.0,0.0,0.0,0.0,0.0,0.0,0.0,0.0,0.0
46875,-180579.1588011235,-692810.115194235,0.0,0.0,0.0,-181344.796875,-1373824.4737415798,-776194.9274966121,-796439.5984602347,-228296.6459798813,0.0,-13625.321521744132
46876,2536.209308066871,0.0,0.0,0.0,3854.83213803079,3381.4619163302705,0.0,2145.0844946689904,4731.314324548934,706.2093924805522,90.37328402325511,367.54318242147565
46877,0.0,0.0,0.0,0.0,0.0,0.0,0.0,0.0,0.0,0.0,0.0,0.0
46878,-9688.541746145114,-17325.324218494818,-22890.400622378103,-7840.931021485478,-4859.989862782881,-5232.0728628775105,-11393.83566621691,-1578.0701843500137,-5269.256671726704,-1053.3060134649277,-973.2721264883876,-6172.710566487163
46879,-479.2649801000953,-2181.9810300692916,-3024.2446374334395,-1779223.2948202677,-6315583.76836808,-624.5680109262466,-2447.8463015556335,-402.0302278995514,-1414.8891488313675,-489.76437616348267,-73.38377180695534,-278.1296676695347
46880,0.0,0.0,0.0,0.0,0.0,38651.929839134216,266544.7455240786,212891.5109245181,852785.6511963606,832140.7907331586,0.0,0.0
46882,173920.37355923653,-529894.3506407738,-718367.1604369879,-491708.1549535692,1139063.9807118177,1131790.9443216324,1803599.7903311253,1461299.8303084373,1629795.6476092339,1337935.3829665184,17534.34986114502,373929.6924574375
46883,0.0,0.0,0.0,0.0,0.0,0.0,0.0,0.0,0.0,0.0,0.0,0.0
46884,-544326.8188111782,19945.556180000305,49856.98291325569,9512.549218654633,-17836.47885966301,-886331.7887117863,-774554.2499399185,-6742375.837882042,-4637220.712698936,-4296743.580408096,-3267992.5304410458,-1566111.7290439606
46885,0.0,0.0,0.0,0.0,0.0,0.0,0.0,0.0,0.0,0.0,0.0,0.0
46912,-120.5956039428711,-246.7615469098091,-623.1411340236664,-635.0649269521236,-407.50059401988983,-45.54805946350098,-22.27750015258789,-373.42734837532043,-172.83066725730896,-570.4423327445984,-50.0230917930603,-85.28196895122528
46913,0.0,0.0,2688.7506488367217,5378.935550313443,19924.3636784181,13564.217153798789,9380.81616999209,1240.2859838400036,0.0,0.0,0.0,0.0
46914,-363698.6875,0.0,0.0,0.0,0.0,0.0,0.0,0.0,0.0,-137621.3884114623,-109146.1171875,-1026.4617919921875
46915,-134879.72471625498,0.0,0.0,0.0,0.0,0.0,0.0,-40979.007060691714,-1119.3984516859055,-202766.20309915394,-351205.2654295787,-243143.38518302515
46916,0.0,0.0,0.0,0.0,0.0,829.2118985205889,4674.493621418253,14221.668664369732,1919.5362183600664,0.0,0.0,0.0
46917,0.0,0.0,0.0,0.0,0.0,0.0,0.0,0.0,0.0,0.0,0.0,0.0
46918,-1672782.8134268746,0.0,-217354.921875,-487.1745910644531,-592876.625,0.0,0.0,0.0,-407443.21875,-116793.8671875,0.0,-1385783.5
46919,-4320.604255403392,0.0,0.0,0.0,0.0,0.0,0.0,0.0,-3873.0492085620062,-6172.55478977412,-7089.354726266116,-10852.724825448822
46920,0.0,0.0,0.0,0.0,0.0,0.0,0.0,0.0,0.0,0.0,0.0,0.0
46921,0.0,0.0,0.0,0.0,0.0,0.0,0.0,0.0,0.0,0.0,0.0,0.0
46922,0.0,0.0,0.0,0.0,0.0,0.0,0.0,0.0,0.0,0.0,0.0,0.0
46930,298430.7510152422,283485.2739913389,91488.93807880487,0.0,0.0,0.0,0.0,0.0,0.0,61914.274335592985,225601.12137442082,277159.4165690318
46949,0.0,0.0,0.0,0.0,0.0,0.0,0.0,0.0,0.0,0.0,0.0,0.0
46962,0.0,0.0,0.0,0.0,0.0,0.0,0.0,0.0,0.0,0.0,0.0,0.0
47025,0.0,0.0,0.0,0.0,0.0,0.0,0.0,0.0,0.0,0.0,0.0,0.0
47032,0.0,0.0,0.0,0.0,0.0,0.0,0.0,0.0,0.0,0.0,0.0,0.0
47033,0.0,0.0,0.0,0.0,0.0,0.0,0.0,0.0,0.0,0.0,0.0,0.0
47034,226023.25230447948,462940.1429734938,795346.3172658328,823976.1467772648,601916.2654924691,0.0,0.0,0.0,0.0,0.0,0.0,0.0
47060,0.0,0.0,-12037.185370617546,-24642.176188165613,-15455.8515625,0.0,0.0,0.0,0.0,0.0,0.0,0.0
47061,0.0,0.0,0.0,0.0,-2084.3273768505605,0.0,0.0,0.0,0.0,0.0,0.0,0.0
47062,0.0,0.0,0.0,0.0,0.0,0.0,0.0,0.0,0.0,0.0,0.0,0.0
47063,0.0,0.0,0.0,0.0,0.0,0.0,0.0,0.0,0.0,0.0,0.0,0.0
47083,38797.18998371065,51593.602199710906,57162.5238596499,13925.880987621844,2514.0732595603913,1529.0675786063075,21386.11397600174,28155.75784006715,27826.79552665353,22160.701776087284,4667.843481183052,20510.223957300186
47084,22729.030948411673,63310.335994936526,96530.20805476606,103870.2069555819,49059.73564404249,0.0,1311.9982481002808,32318.147621929646,27386.05993565917,33014.46088564396,32887.58586072922,2633.7512689232826
47085,0.0,0.0,0.0,0.0,0.0,0.0,0.0,0.0,0.0,0.0,0.0,0.0
47110,0.0,0.0,0.0,0.0,95801.34407528979,1867485.1976660974,2597598.9480374455,1064029.0840945244,1309364.7129909694,317856.5363640785,0.0,0.0
47111,-98084.99471193552,-114599.2651464194,-65457.04436850548,12998.040639303625,8067.636694550514,-8561.715216636658,-52942.396579265594,-10435.747928142548,-40233.60163807869,-17495.650365829468,-33190.38109982014,-74922.35385015607
47115,0.0,0.0,0.0,0.0,0.0,0.0,0.0,0.0,0.0,0.0,0.0,0.0
47116,0.0,0.0,0.0,0.0,0.0,0.0,0.0,0.0,0.0,0.0,0.0,0.0
47117,0.0,0.0,0.0,0.0,0.0,0.0,0.0,0.0,0.0,0.0,0.0,0.0
47142,0.0,0.0,0.0,0.0,0.0,0.0,0.0,0.0,0.0,0.0,0.0,0.0
47143,0.0,0.0,0.0,0.0,0.0,0.0,0.0,0.0,0.0,0.0,0.0,0.0
47144,0.0,0.0,0.0,0.0,0.0,0.0,-42.93387282884214,-678.8975998370443,-6103.041894109221,-5616.737865254283,-4040.069345600321,-2472.4735763462377
47145,0.0,0.0,0.0,0.0,0.0,0.0,0.0,0.0,0.0,0.0,0.0,0.0
47146,0.0,0.0,0.0,0.0,0.0,0.0,0.0,0.0,0.0,0.0,0.0,0.0
47151,0.0,0.0,0.0,0.0,0.0,0.0,0.0,0.0,0.0,0.0,0.0,0.0
47156,0.0,0.0,0.0,0.0,0.0,0.0,0.0,0.0,0.0,0.0,0.0,0.0
47238,0.0,0.0,0.0,0.0,0.0,0.0,0.0,0.0,0.0,0.0,0.0,0.0
47249,0.0,0.0,0.0,0.0,0.0,0.0,0.0,0.0,0.0,0.0,0.0,0.0
47256,0.0,0.0,0.0,0.0,0.0,0.0,0.0,0.0,0.0,0.0,0.0,0.0
47257,128939.75678712223,48161.08629846701,0.0,0.0,0.0,-6.8079400062561035,0.0,0.0,26222.44589158334,90126.05257213023,156568.99874389498,136762.2590164491
47281,-0.17762401700019836,-1765.0849609375,-33219.07421875,-65000.3125,-78137.7421875,0.0,0.0,0.0,0.0,0.0,0.0,0.0
47282,0.0,0.0,0.0,0.0,0.0,0.0,0.0,0.0,0.0,0.0,0.0,0.0
47283,0.0,0.0,0.0,0.0,0.0,0.0,0.0,0.0,0.0,0.0,0.0,0.0
47284,-2758946.917263612,-3816722.1668818593,-5081862.546959057,-4821215.58561191,0.0,0.0,0.0,0.0,0.0,0.0,0.0,0.0
47303,0.0,0.0,0.0,0.0,-268.16528764367104,-1772.3294364362955,-2638.384346663952,-30221.10016196966,-26005.80665308237,-28690.840843856335,-11320.032871484756,-28203.570056200027
47304,0.0,0.0,0.0,0.0,0.0,0.0,0.0,0.0,0.0,0.0,0.0,0.0
47308,-1047975.8949255943,-1214951.2172760367,-675136.7367646694,0.0,-107776.82037043571,-146161.36988639832,-387429.67961502075,-876307.9656162262,-1597182.0828018188,-646002.9175729752,-696232.8915295601,-805218.7197725773
47309,-149701.6893966794,-176872.92623145878,-68308.05084221065,-1868.6467721015215,-8350.039642393589,-3589.2694153785706,0.0,-2174.7200694084167,-8682.036030292511,-28095.722833156586,-99240.19140946865,-115148.32872992754
47328,28601.58329373598,897968.6516350731,2775995.758548476,2252644.875131801,4005839.3237777054,1890846.79489737,700849.526201576,959053.8789975643,1486481.4055712223,1032511.5319299698,737816.2322223186,25663.501775950193
47329,-4035.2116691553965,-24383.972193106543,-35222.4998087869,-34276.970858330606,-21946.25306635024,-27519.59399707499,-36936.767909653485,-10711.27492595464,-36651.75106639974,-5662.6415797472,-17269.04575639963,-4349.914894504473
47330,0.0,-4684.364739985205,-55997.653354707174,0.0,-43100.55719678383,-30979.47026951611,-14872.596201177686,-8589.03336852789,-23752.19823281467,-15503.556265875697,-24338.054822217673,-9225.60800844431
47334,0.0,0.0,0.0,0.0,0.0,0.0,0.0,0.0,0.0,0.0,0.0,0.0
47335,650.1139695048332,744.1486241817474,1484.6010591126978,548.3506583459675,0.0,4438.810406539589,6591.070776775479,8246.427601486444,6912.4951085448265,21309.266024455428,2138.800608769059,555.3655519336462
47336,1020.0400486290455,1145.5990042686462,1971.7098672240973,0.0,10.370218105614185,11019.584055393934,2720.130196094513,1944.3234136104584,2308.6617126464844,33142.37625336647,373.5711345076561,1621.1334052681923
47337,3642.996248833835,4043.188260309398,7140.506971497089,0.0,37.861737702041864,43936.041038429365,13369.586647078395,5190.011961907148,5659.825944900513,69823.46076114476,1296.0692108273506,5684.921304285526
47338,-495702.52445946634,-48573.57088493556,-117859.90304090828,-18083.83747778088,2190.1708998940885,19249.99843005836,1768.2466329336166,-777.9389252662659,-1310.205932378769,-1563337.6849493384,-2453318.7552470565,-2070121.982798323
47359,0.0,0.0,0.0,0.0,0.0,0.0,0.0,0.0,0.0,0.0,0.0,0.0
47360,0.0,0.0,0.0,0.0,0.0,0.0,0.0,0.0,0.0,0.0,0.0,0.0
47361,0.0,0.0,0.0,0.0,0.0,0.0,0.0,0.0,0.0,0.0,0.0,0.0
47362,0.0,0.0,0.0,0.0,0.0,0.0,0.0,0.0,0.0,0.0,0.0,0.0
47363,0.0,0.0,0.0,0.0,0.0,0.0,0.0,0.0,0.0,0.0,0.0,0.0
47364,0.0,0.0,0.0,0.0,0.0,0.0,0.0,0.0,0.0,0.0,0.0,0.0
47365,0.0,0.0,0.0,0.0,0.0,0.0,0.0,0.0,0.0,0.0,0.0,0.0
47434,0.0,0.0,0.0,0.0,-631.0088200569153,-6341.756444573402,-11103.609182834625,-15253.648277282715,-30347.03260421753,-31073.572666168213,-15649.535525560379,-1683.503695487976
47469,0.0,0.0,0.0,0.0,0.0,0.0,0.0,0.0,0.0,0.0,0.0,0.0
47470,0.0,0.0,0.0,0.0,0.0,0.0,-30938.94416794181,-7138.704483509064,-2069496.046027422,-4351465.59701173,-1563392.375,-212707.859375
47476,0.0,0.0,0.0,0.0,0.0,0.0,0.0,0.0,0.0,-40011.89718791447,0.0,0.0
47478,1115156.248234097,2320970.516705133,3868343.2746881098,4173540.3835335523,2918884.129515685,0.0,100852.1416426003,327046.67689614464,434597.871379504,377712.7797308229,223678.4469395252,2548.0936211520457
47479,1190025.7181926668,2567542.7467162535,3948992.000929728,4484356.525959551,3339543.2595811784,0.0,-3111.2694022655487,-16782.863105997443,0.0,-635182.9171045814,-51.4497184753418,-42.21919250488281
47499,0.0,0.0,0.0,0.0,0.0,0.0,0.0,0.0,0.0,0.0,0.0,0.0
47500,0.0,0.0,0.0,0.0,0.0,0.0,0.0,0.0,0.0,0.0,0.0,0.0
47501,166243.73060457845,469847.35197012767,732088.0248508819,833010.1108488699,595599.4655884396,0.0,0.0,0.0,0.0,0.0,0.0,0.0
47502,-55972.930933736265,-35685.47526770085,-15850.868371590972,-7855.8568558990955,-39801.85946333036,-9784.13843870163,-2190.436851501465,-330.48651361465454,-3369.822901248932,-8144.216482698917,-26783.979486346245,-57196.584506213665
47520,0.0,0.0,0.0,0.0,-325.61417139321566,761.6895794719458,11225.714400291443,58499.55964720249,30522.882276773453,28253.578925728798,-25181.725981235504,-28701.450188159943
47521,0.0,0.0,0.0,0.0,0.0,0.0,0.0,0.0,0.0,0.0,0.0,0.0
47526,-373091.5847263746,-431652.58027268946,-243800.45410126075,-4689.289257120341,-19904.606741189957,-8656.12373650074,0.0,-4290.954387187958,-33358.46149432659,-87920.11530025303,-163374.96807555854,-283930.32064062357
47527,0.0,0.0,0.0,0.0,0.0,0.0,0.0,0.0,0.0,0.0,0.0,0.0
47547,26621.54718852043,380409.92414070666,1569269.0530125275,1459247.6504070833,1896784.5982732996,929212.2041638792,-36025.610823750496,208352.12006926537,620741.1115806699,480260.9091820717,438252.8337152004,0.0
47548,40425.28897446394,769779.9603822976,1769986.0764569119,1692497.5837214906,1695229.275078889,136135.01251820475,507934.2112069279,164775.89317321777,680433.2522351146,629345.468678236,42233.338549137115,0.0
47549,-2271.513894289732,-25568.245829731226,-47819.74912785459,-104354.96714835893,-27990.920309484936,-5828.913844724186,-5421.014482010156,-4366.679418772459,-30013.53610478714,-4294.819659650326,-965.7866103798151,0.0
47553,0.0,0.0,0.0,0.0,0.0,0.0,0.0,0.0,0.0,0.0,0.0,0.0
47554,0.0,0.0,0.0,0.0,0.0,0.0,0.0,0.0,0.0,0.0,0.0,0.0
47555,0.0,0.0,0.0,0.0,0.0,0.0,0.0,0.0,0.0,0.0,0.0,0.0
47556,7854.998684301972,7621.323583804071,6664.590426951647,0.0,-189958.81041231006,-449690.1861051321,-446142.67252635956,-1135084.9558501244,-512119.8849592209,-583437.0925729275,235842.21930727363,73544.57903286815
47561,7306.730167280883,8200.583605041727,12502.662776581943,12484.996800728142,710.7559098210186,29287.517475500703,0.0,0.0,0.0,0.0,13382.551004067063,453.8153058439493
47562,15003.933100916445,3170.463420845568,5341.339478805661,4008.704865142703,230.68782400526106,41.991478994488716,562.750383079052,660.9912732839584,25546.55696082115,96165.58164545894,79750.08947910368,30356.520579218864
47563,0.0,0.0,0.0,0.0,0.0,0.0,0.0,0.0,0.0,0.0,0.0,0.0
47564,0.0,0.0,0.0,0.0,0.0,0.0,0.0,0.0,0.0,0.0,0.0,0.0
47574,0.0,0.0,0.0,0.0,0.0,0.0,0.0,0.0,0.0,0.0,0.0,0.0
47575,0.0,0.0,0.0,0.0,0.0,0.0,0.0,0.0,0.0,0.0,0.0,0.0
47577,-67173.05392489652,-19884.66023783898,0.0,0.0,0.0,0.0,0.0,0.0,-918.5993644408882,-41112.58706383407,-63214.638827683404,-77244.46681702137
47578,0.0,0.0,0.0,0.0,0.0,0.0,1316.0488013969734,23807.488211866235,27235.085527780233,19029.09934705496,4170.953566893935,0.0
47579,0.0,0.0,0.0,0.0,0.0,0.0,0.0,0.0,0.0,0.0,0.0,0.0
47580,-1900565.2794997096,-1448989.5447823405,-1334356.1164283752,-871367.9484785795,-221779.80474072695,-12904.97963309288,167047.50770145655,335.91135290265083,66309.27483332157,-1126553.6402316093,-2312591.589222431,-2313809.646682143
47593,67531.33818857372,66482.05072160065,21444.6722182557,0.0,0.0,0.0,0.0,0.0,0.0,15034.860581874847,50368.361233353615,63984.0058863163
47691,0.0,0.0,0.0,0.0,0.0,0.0,-6469.054488234047,-2674.892578125,0.0,0.0,-23639.95660335687,-2457.5324593372643
47693,3455.296823049779,7258.733147766208,11071.460753328633,12379.320082688238,9047.53942912072,0.0,-69328.09508089721,-403218.1930545494,0.0,0.0,-52.09880065917969,-5.799036502838135
47712,0.0,0.0,0.0,0.0,0.0,0.0,0.0,0.0,0.0,0.0,0.0,0.0
47713,0.0,0.0,0.0,0.0,0.0,0.0,0.0,0.0,0.0,0.0,0.0,0.0
47714,-7236.540096648037,0.0,0.0,0.0,-1659.029853861779,-230.34296369552612,-605.4644374847412,-93.54182863235474,-750.5582947731018,-1954.0462080836296,-2341.980387568474,-6868.02633343637
47730,0.0,0.0,0.0,0.0,0.0,6253.452074127272,27906.022052630782,137074.43295830488,72646.50013750792,128198.31411084533,19512.84968137741,0.0
47731,-34611622.84260225,-46227376.32818341,-35530274.48902798,-3854892.58097291,-49829381.92902827,-148412101.52734601,-208383061.3744583,-215109874.74593353,-422244545.7850342,-290504202.9227009,-23298865.238241196,-49220554.8960619
47732,28347.890720126685,0.0,0.0,27503.713492456358,0.0,589.6883462835103,410.84221056476235,7753.085750038736,11114.729874080047,16018.586940210313,2879.888784304261,10265.454582461156
47733,-30403.025455728173,-34762.73836235702,-31788.448519960046,0.0,-1336.1377910673618,-134.26053601503372,-175.18135786056519,-2194.329300045967,-3655.694639801979,-4762.185401856899,-6684.725104510784,-23342.000924885273
47736,-1045459.133179903,-1172121.0093466192,-671315.4226413965,0.0,-66258.69502938539,0.0,0.0,-27642.045259475708,-89772.42609131336,-91437.78615963459,-462583.5564234257,-794631.6026216447
47737,1297159.9798490405,1471713.47061041,787603.1163466871,0.0,67472.2783228457,21348.651836395264,-480.58802223205566,28233.142112731934,109123.796210289,270096.5237021446,593568.676024735,1002114.9676013589
47738,-889331.8628668785,-1923103.2988696098,-3214245.382648945,-2085598.7781329155,-2406065.46530056,1700923.3211727142,1616462.5431175232,1122435.8574295044,2974713.5125198364,2656547.670791626,-187023.96066474915,-911698.5218582153
47759,-23319.762447863817,-148954.1926846113,-209038.19535410032,-246938.22256996855,-143635.7359698657,-113272.0758103989,-125317.94695922732,-37534.687241092324,-82970.39839233458,-33837.746142566204,0.0,-2197.5190175771713
47760,-45637.805557172745,-55005.23008533567,-32923.239205538295,0.0,-3767.387073904276,-7310.390309905633,-21239.848202474415,-14693.007276341319,-38627.58165296912,-12607.07933267951,-7364.763738118112,-34473.74460653588
47761,-838411.4739981294,-994067.1679917872,-1660476.7770700455,-114031.61370359361,-25219.855969518423,-42265.76106548309,-220538.65483105183,-106449.59310746193,-456379.92389559746,-245128.73309612274,-110509.89924025536,-601727.5602634549
47765,0.0,0.0,0.0,0.0,0.0,0.0,0.0,0.0,0.0,0.0,0.0,0.0
47766,0.0,0.0,0.0,0.0,0.0,0.0,0.0,0.0,0.0,0.0,0.0,0.0
47767,484238.16951852106,16041.55400685314,61912.99977163412,66066.76591669489,63426.05821902957,18254.444050252438,3260.788494348526,5304.5029673576355,70082.57936489582,1256833.92498675,1414212.1443255097,1166365.0652913228
47768,459.23416538722813,663.8643414247781,1024.1093010450713,1006.7644144534133,410.83176439255476,75.5217602699995,257.22924867272377,130.092404961586,5614.707435905933,19527.882449299097,19767.235752873123,6534.781978789717
47769,0.0,0.0,0.0,0.0,0.0,0.0,0.0,0.0,0.0,0.0,0.0,0.0
47770,0.0,0.0,0.0,0.0,0.0,0.0,0.0,0.0,0.0,0.0,0.0,0.0
47771,0.0,0.0,0.0,0.0,0.0,0.0,0.0,0.0,0.0,0.0,0.0,0.0
47780,12092.095556020737,14794.929344534874,95984.30249643326,76423.25024080276,159693.42521989346,21878.106179714203,1764.4515404701233,811.5200185775757,2763.253370285034,2124.622344493866,1697.120445728302,4693.035084247589
47781,379.10398185253143,0.0,997.6988462507725,20938.81335914135,24958.76244851947,31121.52586388588,-225985.0244319439,-552627.4870414734,-772847.4622542858,-701305.0932035446,-10034.069611907005,9929.003225386143
47782,-229.64818954467773,0.0,-2948.9858219623566,-22255.18970799446,-39203.15110146999,-31244.34290409088,-23137.031932115555,-124473.25341129303,-63125.705483436584,-23932.31230354309,-4653.229767084122,-8556.536820173264
47783,0.0,0.0,0.0,0.0,0.0,0.0,0.0,0.0,0.0,0.0,0.0,0.0
47784,0.0,0.0,0.0,0.0,0.0,0.0,0.0,0.0,0.0,0.0,0.0,0.0
47785,0.0,0.0,0.0,0.0,0.0,0.0,0.0,0.0,0.0,0.0,0.0,0.0
47786,0.0,0.0,0.0,0.0,-1221.05803078413,-2284.250868320465,-3285.185131907463,-72262.37365490198,-26542.071756601334,0.0,0.0,0.0
47787,0.0,0.0,0.0,0.0,0.0,0.0,0.0,0.0,0.0,0.0,0.0,0.0
47788,0.0,0.0,0.0,0.0,0.0,0.0,0.0,0.0,0.0,0.0,0.0,0.0
47789,0.0,0.0,0.0,0.0,-607.6021083593369,-348.3636112213135,-1305.1522018909454,-6847.614216566086,-3854.3086309432983,-4414.605450630188,-75.54750490188599,0.0
47790,0.0,0.0,0.0,0.0,0.0,0.0,0.0,0.0,0.0,0.0,0.0,0.0
47791,0.0,0.0,0.0,0.0,0.0,0.0,0.0,0.0,0.0,0.0,0.0,0.0
47792,0.0,0.0,0.0,0.0,0.0,0.0,0.0,0.0,0.0,0.0,0.0,0.0
47812,0.0,0.0,0.0,0.0,0.0,0.0,0.0,0.0,0.0,0.0,0.0,0.0
47814,0.0,0.0,0.0,0.0,0.0,0.0,0.0,0.0,0.0,0.0,0.0,0.0
47890,-4310273.945322037,-3790245.060545206,-3070678.080572009,-233313.45284485817,-263673.1466810703,-305321.0584067106,-479937.0430083275,-838317.2240791321,-1493959.9750967026,-3591010.316350937,-3879348.90580225,-4154883.2429299355
47904,-30001.755428940058,-53713.63080371916,-134718.47306621447,-137063.02175374143,-17679.830078125,0.0,0.0,0.0,0.0,0.0,0.0,-7502.963285237551
47905,0.0,0.0,0.0,0.0,0.0,0.0,0.0,0.0,0.0,0.0,0.0,0.0
47906,-6.8857526779174805,0.0,0.0,0.0,0.0,0.0,-285490.12840771675,-64495.4160836786,-1286448.9291812712,-378.53460693359375,-75.02837371826172,-43.899757385253906
47925,0.0,0.0,0.0,0.0,0.0,0.0,0.0,0.0,0.0,0.0,0.0,0.0
47926,17910.4868433401,22645.372122831643,20670.532863151282,0.0,364.9488727785647,282.9814088344574,2164.060555458069,17.54644536972046,1838.2239212989807,5904.475981831551,3404.3889205753803,16019.172673672438
47939,-98807.6234651953,0.0,0.0,0.0,0.0,-176870.09895063192,-20037.411683615297,-4601813.531804984,-3711907.4726389647,-3924837.557320565,-732107.0207397938,-131217.49714607
47940,-54871163.74622178,-24440894.542143106,844175.5779895782,12981426.61405307,32554580.287830114,4849121.041023493,-19736464.872630954,-2324243.132078886,-9022029.635796547,-5671792.712400436,-19281767.145812035,-95915241.72580099
47941,0.0,0.0,0.0,0.0,0.0,395.8361599142663,3082.070059189573,5815.500924210995,3991.811986774206,5598.224186092615,46.81059563905001,25.04620715044439
47942,0.0,0.0,0.0,0.0,0.0,0.0,0.0,0.0,0.0,0.0,0.0,0.0
47943,-1132534.7781049013,-1817379.752544403,-1747344.3534132838,-1104966.7067905962,-648943.9484997392,-79426.86714825034,-2033.5257015228271,-75264.33750486374,-183877.43102931976,-318774.1621670723,-625866.3177149296,-861162.1683701277
47944,-27961272.84249592,-30449318.285970688,-22217020.394670963,-7225320.798005581,-11632223.74795723,-30787228.03621292,-80780846.53321838,-60373417.24598694,-77508439.591568,-42626491.54449463,-36103074.68067932,-26095007.906957626
47945,-38048.761138633825,-44229.265496054664,-41425.88418446109,0.0,-2093.615343671292,-703.4999237060547,-1014.7224666178226,-1097.1277082562447,-5466.538849800825,-7228.61871785298,-8604.010222686455,-29868.361061345786
47946,-43851.677937306464,-63628.76867723465,-42051.272410444915,0.0,-845.4527260363102,0.0,0.0,0.0,-3962.149343729019,-5887.246641099453,-21621.434545859694,-42009.88448780775
47967,-42920.7413738966,-923541.1597674191,-1644342.238070771,-1866631.4195678234,-1584265.1654673815,-226123.52771162987,-413355.06513237953,-271070.5348544121,-882210.8666363955,-480364.20240068436,-22451.6910238266,0.0
47969,-1458.4738198257983,-18643.849954340607,-51942.246808716096,-49626.806600828655,-40780.78222956881,-9834.83890594542,-5444.222667455673,-3118.4884158968925,-14377.602594822645,-7376.763471126556,-4641.494780950248,0.0
47973,0.0,0.0,0.0,0.0,0.0,0.0,0.0,0.0,0.0,0.0,0.0,0.0
47974,0.0,0.0,0.0,0.0,0.0,0.0,0.0,0.0,0.0,0.0,0.0,0.0
47975,0.0,0.0,0.0,0.0,0.0,0.0,0.0,0.0,0.0,0.0,0.0,0.0
47993,0.0,0.0,0.0,0.0,0.0,0.0,0.0,0.0,0.0,0.0,0.0,0.0
47994,0.0,0.0,0.0,0.0,0.0,0.0,0.0,0.0,0.0,0.0,0.0,0.0
47995,0.0,0.0,0.0,0.0,0.0,0.0,0.0,0.0,0.0,0.0,0.0,0.0
47996,0.0,0.0,0.0,0.0,0.0,0.0,0.0,0.0,0.0,0.0,0.0,0.0
47997,0.0,0.0,0.0,0.0,0.0,0.0,0.0,0.0,0.0,0.0,0.0,0.0
47998,0.0,0.0,0.0,0.0,0.0,0.0,0.0,0.0,0.0,0.0,0.0,0.0
47999,0.0,0.0,0.0,0.0,0.0,0.0,0.0,0.0,0.0,0.0,0.0,0.0
48019,0.0,0.0,0.0,0.0,0.0,0.0,0.0,0.0,0.0,0.0,0.0,0.0
48023,0.0,0.0,0.0,0.0,0.0,-121053.67039543577,-546862.715514549,-1877765.25745368,-2630232.0396969616,-3681995.269837752,-1326731.3407354653,-85838.24425001442
48099,-2643579.1705219746,-2530267.343384266,141343.98768305779,0.0,-131220.33453452587,-421523.1075129509,126447.59259700775,2216545.402431488,2682242.857618332,2517186.132160187,3340201.447008133,-856446.2557079792
48113,-9607.795406197081,-18147.498046875,0.0,-3330.3515625,0.0,0.0,0.0,0.0,0.0,0.0,0.0,0.0
48114,0.0,0.0,0.0,0.0,0.0,0.0,0.0,0.0,0.0,0.0,0.0,0.0
48115,0.0,0.0,0.0,0.0,0.0,0.0,-30303.119336277246,-345680.4040233195,-1515.6634261645377,-27781.220703125,0.0,0.0
48131,0.0,0.0,0.0,0.0,0.0,0.0,0.0,0.0,0.0,0.0,0.0,0.0
48132,1245766.6450018957,2490617.593184476,4725177.2604285935,3012073.3442434045,0.0,0.0,0.0,-728157.2624873817,-1602290.8831160665,-20.797513961791992,-27.38481569290161,20310.088056448847
48133,0.0,0.0,0.0,0.0,0.0,0.0,0.0,0.0,0.0,0.0,0.0,0.0
48134,-28123.59523577988,-30079.602480977774,-14648.619590610266,0.0,-1446.4423364400864,-2117.9901084899902,-5752.508138179779,-2067.870289325714,-5044.223582744598,-4637.41498029232,-6856.711575746536,-25396.617722064257
48147,-3102483.6737393513,581.5530574135482,92.54173000901937,0.0,0.0,0.0,0.0,2287.8795254044235,30748.033648150973,30667.729970157146,25981.13583111763,-1495699.608943466
48148,0.0,0.0,0.0,0.0,0.0,0.0,0.0,0.0,0.0,0.0,0.0,0.0
48170,-1458002.6468530297,-3169592.71825302,-28483.34375,-2848.314697265625,-2294682.340110734,-104999.57304947078,-1037297.9408781081,-832705.3357166648,-3278237.4495022,-1134959.75717628,-125672.9380607605,-655733.6818554401
48171,0.0,0.0,0.0,0.0,0.0,0.0,0.0,0.0,0.0,0.0,0.0,0.0
48174,0.0,0.0,0.0,0.0,179846.05901057273,60460.571826830506,186535.48818540573,274052.94507330656,225323.85013371706,402372.6871239543,155554.12080842257,220039.83243736625
48175,9.789723914116621,114.64150008978322,475.7576506868936,385.50548560358584,1579.4991783127189,766.156222268939,657.2357456758618,70.84952072799206,2.0682444721460342,308.8567395154387,193.48794805444777,0.0
48176,1530.1266716122627,15181.907277822495,26012.57188002765,18068.038443654776,9427.233231186867,37.02772235870361,2335.7497391700745,0.0,1.9030265808105469,201903.1984026432,8668.434418261051,0.0
48194,0.0,0.0,0.0,0.0,60135.286628603935,45475.824139118195,36105.407616615295,56999.69773101807,13033.09466600418,11330.151900291443,0.0,0.0
48195,0.0,0.0,0.0,0.0,0.0,0.0,0.0,0.0,0.0,0.0,0.0,0.0
48196,0.0,0.0,0.0,66258.8309349115,14079.332156349905,0.0,0.0,0.0,0.0,0.0,0.0,0.0
48197,0.0,0.0,0.0,0.0,0.0,0.0,0.0,0.0,0.0,0.0,0.0,0.0
48198,0.0,0.0,0.0,0.0,0.0,0.0,0.0,0.0,0.0,0.0,0.0,0.0
48199,0.0,0.0,0.0,0.0,0.0,0.0,0.0,0.0,0.0,0.0,0.0,0.0
48200,0.0,0.0,0.0,0.0,0.0,0.0,0.0,0.0,0.0,0.0,0.0,0.0
48220,0.0,0.0,0.0,0.0,0.0,0.0,-848000.722555533,0.0,0.0,0.0,0.0,0.0
48316,0.0,0.0,0.0,0.0,0.0,0.0,0.0,0.0,0.0,0.0,0.0,0.0
48317,0.0,0.0,0.0,0.0,0.0,0.0,0.0,0.0,0.0,0.0,0.0,0.0
48318,0.0,0.0,0.0,0.0,0.0,0.0,0.0,0.0,0.0,0.0,0.0,0.0
48319,0.0,0.0,0.0,0.0,0.0,-11871.013671875,111324.48932862282,2400747.0413090736,6865221.692912079,6420264.139463469,3139089.8524739714,674498.4971550034
48331,0.0,0.0,0.0,0.0,0.0,0.0,0.0,0.0,0.0,0.0,0.0,0.0
48332,0.0,0.0,0.0,0.0,0.0,0.0,0.0,0.0,0.0,0.0,0.0,0.0
48333,0.0,0.0,0.0,0.0,0.0,0.0,0.0,0.0,0.0,0.0,0.0,0.0
48334,14042.605998158455,19955.75761847198,23424.299826532602,3910.9950179755688,215.97119729965925,121.90406572818756,2854.6434831619263,2315.402777671814,3245.154354095459,5997.088666677475,1772.6047282218933,11824.26686322689
48346,22512.500149020925,-52436.347804538906,1517.6265359297395,0.0,0.0,0.0,148.63229824975133,-85285.91680080071,-1706918.6200936139,-3366136.231672704,-2598361.748414159,-1989802.11229996
48347,0.0,0.0,0.0,0.0,0.0,0.0,0.0,0.0,0.0,0.0,0.0,0.0
48370,-146452.80957341008,-49321.58203125,0.0,0.0,0.0,-17081.542224920355,-188710.43557303865,-74637.07323456742,-189120.90890470985,-73764.00250586867,-17115.610170841217,-103649.27113167569
48371,-80798.74073204026,-100547.42370554432,-126395.40087129548,-37085.468678768724,-5221.636486805975,-3925.238353073597,-9364.979236900806,-9591.539119362831,-28266.878922641277,-27915.641562640667,-12086.410985589027,-31464.693433091044
48372,1312322.4828638434,-2635183.987782806,-1903877.9155057073,9756097.40983677,12021435.723559946,9679610.765087903,8063001.870367765,3441704.011986494,2696755.854489088,1134341.884010315,1158353.9548945427,4633232.444914222
48374,0.0,0.0,0.0,0.0,0.0,0.0,0.0,0.0,0.0,0.0,0.0,0.0
48376,0.0,0.0,0.0,0.0,0.0,0.0,0.0,0.0,0.0,0.0,0.0,0.0
48377,953.0575484931469,10503.337930485606,38082.34287790954,125411.38135397434,77302.15338766575,2436.071963787079,17029.373093128204,87.66838383674622,133.92431688308716,12540.558534264565,9032.352614820004,0.0
48394,0.0,0.0,0.0,0.0,0.0,0.0,0.0,0.0,0.0,0.0,0.0,0.0
48395,-5112.839145580248,0.0,0.0,0.0,0.0,0.0,0.0,-369.30042619802407,-2587.2708626659587,-22219.856393018854,-13462.13689281512,-16344.5412626756
48396,-73021.1882718727,-84203.40059340745,-113066.29807586595,-54617.66994681582,0.0,-1157.7581491842866,-14271.305127568543,-46216.37669445388,-29933.555155277252,-159473.54222014546,-128049.29587094486,-68534.29944455624
48510,-5264.2786315232515,-10173.821430698037,-15943.460611790419,-17181.297540307045,-15555.765929996967,-39145.95086592436,-44349.8032002449,-65556.89129829407,-2169402.4026436806,-387112.5512354374,-317456.5939759314,-824885.1834515333
48513,0.0,0.0,0.0,0.0,0.0,0.0,0.0,0.0,0.0,0.0,0.0,0.0
48514,0.0,0.0,0.0,0.0,0.0,0.0,0.0,0.0,0.0,0.0,0.0,0.0
48515,0.0,0.0,0.0,0.0,-3673102.232463572,-52311.80355416238,-688614.5399137735,-912383.8314020634,-2477811.693528056,-3115464.93061164,0.0,0.0
48525,0.0,0.0,0.0,0.0,-168826.19703922234,0.0,0.0,0.0,0.0,0.0,0.0,0.0
48526,0.0,0.0,0.0,0.0,-125546.77912216261,0.0,0.0,0.0,0.0,0.0,0.0,0.0
48527,3160782.4358094633,3615982.4412039816,1964082.066614166,0.0,108243.27568647033,61935.048746585846,9872.475768089294,32033.897744894028,530387.1370985508,493269.8219307661,1130638.5021920204,2558527.94382751
48539,-20488667.205119193,-18727883.562588245,-24569547.304378644,-24871294.261063293,-2068729.75390625,-307989.54783320427,-10182234.54707013,-46687552.32239276,-23214020.780085348,-32830625.05215931,-48671181.06452608,-29703332.632314056
48540,0.0,0.0,0.0,0.0,0.0,0.0,0.0,0.0,0.0,0.0,0.0,0.0
48562,-42498.90794838965,-953523.0584502146,-39034.3671875,0.0,0.0,-139392.32066452503,-499671.8006813638,-556797.6313884035,-617314.9375,-408761.7689266801,-34302.401500463486,0.0
48563,0.0,0.0,0.0,0.0,0.0,0.0,0.0,0.0,0.0,0.0,0.0,0.0
48564,100457.22942856699,125572.02405399829,161262.307352636,49095.42884279601,3208.6749962004833,4852.416876714211,10378.643525660038,16223.510921090841,31623.88289991021,23635.02820521593,10879.235098004341,39426.122803121805
48566,0.0,0.0,0.0,0.0,0.0,0.0,0.0,0.0,0.0,0.0,0.0,0.0
48567,0.0,0.0,0.0,0.0,0.0,0.0,0.0,0.0,0.0,0.0,0.0,0.0
48568,-1069834.0572167635,-5994820.668050826,-6107054.783236831,-2443381.5289151818,-974077.8166705221,-202175.41808581352,-1348127.9954776168,-2425828.969325304,-1762967.196785748,-277468.9568542838,0.0,0.0
48571,435.35060796141624,4204.7700046002865,12502.524350970984,11057.607500493526,23764.263527154922,708.1647992134094,5554.769313097,3515.922124862671,17.78786277770996,3183.7203273773193,4116.466512203217,0.0
48572,-1206.5468793064356,-15211.074273943901,-58369.44401405752,-114283.89790081978,-41657.76583838463,0.0,-18214.446613311768,0.0,0.0,-15425.058570027351,-15074.566064298153,0.0
48573,63.19807493686676,651.0838375836611,1911.7031438238919,-2647.8568943738937,-1891.2286368012428,0.0,-1341.390941619873,138.3342251777649,-60.66454553604126,-1579.3250317573547,-1182.6674675643444,0.0
48574,1653.4627772420645,17830.641812622547,45681.865286085755,49299.492057900876,26876.13095101714,0.0,2274.1756794452667,123.62999510765076,100.0310492515564,22216.171076595783,14819.22865331173,0.0
48587,0.0,0.0,0.0,0.0,0.0,0.0,0.0,0.0,0.0,0.0,0.0,0.0
48590,0.0,0.0,0.0,0.0,0.0,0.0,0.0,0.0,0.0,0.0,0.0,0.0
48708,0.0,0.0,0.0,0.0,0.0,0.0,0.0,0.0,0.0,0.0,0.0,0.0
48709,0.0,0.0,0.0,0.0,0.0,0.0,0.0,0.0,0.0,0.0,0.0,0.0
48710,1613288.8651093794,0.0,0.0,0.0,0.0,0.0,0.0,916866.7505933642,3220928.0306039453,7828002.331698224,8853889.906924728,6850978.036459799
48718,0.0,0.0,0.0,0.0,0.0,0.0,0.0,0.0,0.0,0.0,0.0,0.0
48719,0.0,0.0,0.0,0.0,-11477.175151300617,0.0,0.0,0.0,-6842.841020653024,-20250.19759190129,-24021.16855661641,-21220.501920957817
48720,83533.60233788192,85930.6772711575,35760.129942290485,0.0,3339.9975801743567,317.1469216346741,0.0,155.5497283935547,13524.914126634598,10826.176592230797,0.0,0.0
48731,27682.840713888407,10639.245371863246,1373.1531272530556,0.0,-9612240.869071007,-19430.51171875,-14856.50390625,-1040504.9913695157,-587515.981728226,-4457154.971496537,-2983166.6947923005,-2852794.866642192
48732,0.0,0.0,0.0,0.0,0.0,0.0,0.0,0.0,0.0,0.0,0.0,0.0
48738,-5217607.458055735,-3489734.77830711,17805.04227516055,3504076.7333776057,3494218.8746233284,1986554.909305632,-414331.66134369373,-132330.8179883361,-788763.5738601685,338820.39259433746,502013.6872999668,-4320075.699275255
48754,-47252.941252589226,-746663.3498737961,-1009155.8220429793,-920555.375,0.0,-986430.1413412243,-839425.9073309079,-362525.3702994287,-1117620.7221857049,-418519.0005183816,-254136.82522392273,-177868.69505882263
48755,0.0,0.0,0.0,0.0,0.0,0.0,0.0,0.0,0.0,0.0,0.0,0.0
48756,0.0,0.0,0.0,0.0,0.0,0.0,0.0,0.0,0.0,0.0,0.0,0.0
48757,-26864.752443514764,-13018.73278401047,-606.4734520576894,-11568.377620581537,-50584.53307733126,-21082.9484192878,-19416.8845166862,-11439.016630679369,-1523.0490222126245,-371.71373069286346,-1578.9489872455597,-10056.54069980979
48758,0.0,0.0,0.0,0.0,0.0,0.0,0.0,0.0,0.0,0.0,0.0,0.0
48759,0.0,0.0,0.0,0.0,0.0,0.0,0.0,0.0,0.0,0.0,0.0,0.0
48760,0.0,0.0,0.0,0.0,0.0,-111860.47136847675,0.0,0.0,0.0,0.0,0.0,0.0
48761,-2153054.820307553,-9094671.963987209,-4337042.735697329,-2557422.9910719544,-2115696.299061276,-1526235.7807934135,-2251390.0730834603,-3024603.0988785625,-1419746.0813125968,-38736.995590269566,0.0,-14353.04566860199
48762,0.0,0.0,0.0,0.0,0.0,0.0,0.0,0.0,0.0,0.0,0.0,0.0
48763,0.0,0.0,0.0,0.0,0.0,0.0,0.0,0.0,0.0,0.0,0.0,0.0
48764,854.3888273090124,8892.329300746322,26449.825339891016,18600.106640174985,24478.136224746704,0.0,863.6944788694382,0.0,44.48522937297821,11743.668549716473,7914.751710385084,0.0
48765,368.65339410305023,4400.520447254181,0.0,0.0,-120078.46507334709,3806.0355434417725,-21063.502386569977,-1751.2015504837036,-12017.281931877136,-26376.24672436714,5063.993218064308,0.0
48766,0.0,0.0,0.0,0.0,0.0,0.0,0.0,0.0,0.0,0.0,0.0,0.0
48767,0.0,0.0,0.0,0.0,0.0,0.0,-62.080278158187866,-793.7446845769882,-200.416113615036,-1719.9875982999802,-100.57516932487488,0.0
48768,-12643.05750465393,-159719.61537271738,-334817.99652278423,-370653.01262927055,-346247.981200397,-26814.698630303144,-15470.51227235794,-61733.06203866005,-5527.398657798767,-51533.0400185585,-83604.07951140404,0.0
48775,0.0,0.0,0.0,0.0,0.0,0.0,0.0,0.0,0.0,0.0,0.0,0.0
48776,0.0,0.0,0.0,0.0,0.0,0.0,0.0,0.0,0.0,0.0,0.0,0.0
48777,0.0,0.0,0.0,0.0,0.0,0.0,0.0,0.0,0.0,-94882.67777927592,-72168.00099840667,0.0
48778,0.0,12275.39452982205,0.0,0.0,0.0,0.0,0.0,0.0,0.0,71170.4349896824,54011.525102579966,0.0
48779,899595.8492711782,1074579.8322175741,1448555.579343617,675245.852058351,0.0,0.0,90622.88916552067,222046.5103149414,222746.80388069153,971987.1715359688,525246.0526480675,441024.57325303555
48841,31389.111478567123,36686.17114675045,23044.85505849123,0.0,-4954.981741189957,-20493.568251162767,-162482.5376534462,-3787343.391271591,-13175310.885071754,-24446950.530219555,-19644072.057229996,-6812271.1234099865
48842,-654845.6279067993,-701719.4930949211,-320038.5875520706,0.0,-14833.11382484436,-404427.39579343796,-556666.8094964027,-4582560.229045868,-14442265.944540977,-27211713.379413605,-22173891.176272392,-7533468.9715156555
48867,0.0,0.0,0.0,0.0,0.0,0.0,0.0,0.0,0.0,0.0,0.0,0.0
48898,0.0,-2425.431884765625,0.0,0.0,0.0,0.0,0.0,0.0,0.0,0.0,0.0,0.0
48899,40775.99944126513,-0.06536821275949478,-438.589865695154,0.0,0.0,0.0,0.0,95805.1973990202,254252.23233807087,592497.9632472023,552491.6578274025,396543.23607583693
48903,-230655.796875,0.0,0.0,0.0,-1329445.6425631642,-488343.6371109858,287521.5483960435,1083022.58157596,2311983.6634169817,2680858.6432750523,1584795.8015192933,131335.46321520954
48904,-4145.18896484375,-40476.71168601641,0.0,0.0,-29571.766496192664,0.0,0.0,0.0,0.0,0.0,0.0,0.0
48905,-0.07526645064353943,0.0,-0.058825455605983734,-0.055154457688331604,0.0,0.0,0.0,0.0,0.0,0.0,0.0,0.0
48906,0.0,0.0,0.0,0.0,0.0,0.0,0.0,0.0,0.0,0.0,0.0,0.0
48907,3478679.6422172934,-1825835.362090703,1931113.6564210076,0.0,96006.52330265008,0.0,0.0,30217.4337747097,475902.4419603348,467983.5053431988,990206.5314869881,2703686.4938411266
48918,-4118247.3611195087,-4557023.164636932,-5126085.183224734,-3835399.3706479073,0.0,0.0,-142158.94276460633,2713.8526264429092,-3784401.4650739394,107160.65029451251,55943.59107860923,79894.93999922276
48919,0.0,0.0,0.0,0.0,0.0,0.0,0.0,0.0,0.0,0.0,0.0,0.0
48921,0.0,0.0,0.0,0.0,0.0,0.0,0.0,0.0,0.0,0.0,0.0,0.0
48924,452199.4970837012,1248161.4302255102,0.0,0.0,0.0,726036.717061691,801907.9277265146,860187.1873676442,1217538.8866608888,527622.13900581,1275145.8530858904,574058.7328104079
48925,-704126.4481040239,3152376.2372468114,6504425.220071703,8357527.272903174,5109854.802830756,937656.5672649145,-191562.95107537508,809135.8681504726,887708.3567819595,831152.2595257759,3139910.747493267,-362922.1241403818
48926,-14381279.176449776,-17710119.768486023,-11915140.724706411,-2249217.760093212,-4080329.10388422,-6936096.879994273,-13641116.477329373,-6379691.126506329,-4362380.181189537,268628.6179189682,-8058897.321962357,-16022077.010109186
48943,739282.9306770563,14850915.665290982,24140024.06777446,27164011.5292823,16726707.449304588,4165786.223206103,5063420.123554945,4323421.90394938,9028074.716840804,6126986.43083334,968136.2984142303,0.0
48944,0.0,0.0,0.0,0.0,0.0,0.0,0.0,0.0,0.0,0.0,0.0,0.0
48945,-21533.7732572034,-33173.73374816403,-32153.619540020823,-3904469.5779992156,-2130.0383513644338,-340.99009135365486,-3897.51279681921,-5042.626011908054,-4665.937979996204,-4295.578328132629,-420.3766704797745,-10883.17692425847
48946,-44790.30687375367,-22712.977959789336,-999.2461898773909,-15624.043346583843,-74533.27331738919,-23206.64105349034,-21753.930449306965,-11010.439809054136,-1639.5191510915756,-1036.7267254590988,-694.5825725793839,-15811.799094498158
48947,0.0,0.0,0.0,0.0,0.0,0.0,0.0,0.0,0.0,0.0,0.0,0.0
48948,0.0,0.0,0.0,0.0,0.0,0.0,0.0,0.0,0.0,0.0,0.0,0.0
48949,0.0,0.0,0.0,0.0,0.0,0.0,0.0,0.0,0.0,0.0,0.0,0.0
48950,-55347.06967544556,-85925.28210373223,-25399.282879710197,-44750.795085154474,-106056.82746324688,0.0,-48543.40064844489,-53048.703531213105,-16208.924555845559,-2519.96363016963,-4507.9837166666985,-4975.343745589256
48951,-21804.040242999792,-93704.08571895957,-46638.96702117473,-20228.86015278101,-115119.87477232516,-88049.65512537584,-35967.267684318125,-15388.115539044142,0.0,0.0,-931.0989656448364,-566.2443823814392
48953,0.0,0.0,0.0,0.0,0.0,0.0,0.0,0.0,0.0,0.0,0.0,0.0
48954,-18545.369514346123,-197410.8974828869,-530832.3986900672,-424872.3804000877,-534096.5600971207,-31906.90577530861,-29837.003300189972,-12867.575940847397,-626.0694646835327,-74393.72023582458,-116352.21600967646,0.0
48961,0.0,0.0,0.0,0.0,0.0,0.0,0.0,0.0,0.0,0.0,0.0,0.0
48962,982569.2325112224,1166190.2170371115,1598375.37446782,864121.2956585884,0.0,0.0,-311.94002851843834,-613.3174867630005,18122.654398918152,1260599.9526321888,1084570.3509874344,386563.8387246728
49025,-686234.7393853664,-738405.6642417908,-343083.44261050224,0.0,-6467.5934500694275,-433597.0691065788,-631958.7921749353,-309240.3701865673,-844839.6471824646,-957973.9657058716,-730995.3588857651,-646444.7180070877
49029,0.0,0.0,0.0,0.0,57682.46851634979,399582.4291122854,428900.3986656666,289352.18652677536,1093797.135210514,1578273.505783081,1339232.6597075462,851004.6680700779
49049,0.0,0.0,0.0,0.0,0.0,0.0,0.0,0.0,0.0,0.0,0.0,0.0
49081,0.0,-19603.049477566034,0.0,0.0,0.0,0.0,0.0,0.0,0.0,0.0,0.0,0.0
49082,0.0,0.0,0.0,0.0,0.0,0.0,0.0,0.0,0.0,0.0,0.0,0.0
49083,0.0,0.0,0.0,0.0,0.0,0.0,0.0,0.0,0.0,0.0,0.0,0.0
49084,43967.14408250028,-506.364990234375,-125.33695983886719,-170.50160217285156,0.0,0.0,0.0,195803.88739353418,722754.9306574166,1591299.7818821818,1241703.3442406924,919004.5175400041
49085,0.0,0.0,0.0,0.0,-154071.63074477948,0.0,0.0,0.0,0.0,0.0,0.0,0.0
49086,75135.91902175476,30405.143784116488,42219.083909878274,75448.48490459472,174916.21193873882,60852.5609741658,259761.68131753057,332834.0330194235,112753.85235857964,-82438.72263219953,-395.46453857421875,0.0
49087,0.0,0.0,0.0,0.0,0.0,0.0,0.0,0.0,0.0,0.0,0.0,0.0
49088,0.0,0.0,0.0,0.0,0.0,0.0,0.0,0.0,0.0,0.0,0.0,0.0
49089,0.0,0.0,0.0,0.0,0.0,0.0,0.0,0.0,0.0,0.0,0.0,0.0
49090,-11723815.779211022,-7305190.979497399,-6263191.455034204,-2900112.285030339,-7070.601524347439,-30279.85683107376,-201008.4110879898,-1176432.702840805,-2972698.5682036877,-3268669.078075409,-1762042.9717929363,-7468362.434813365
49101,2806897.298859924,1944560.8231037334,686234.011355605,-3097.838623046875,59265.68363404274,50614.536756165326,43312.623751573265,-2271299.223790109,2824329.4242725894,7918815.49806615,4781362.899661422,3484023.532468438
49102,0.0,0.0,0.0,0.0,0.0,0.0,0.0,0.0,0.0,0.0,0.0,0.0
49104,0.0,0.0,0.0,0.0,0.0,0.0,0.0,0.0,0.0,0.0,0.0,0.0
49106,0.0,0.0,0.0,1860833.9829480276,20832.8807615079,120992.00190882012,1045124.1840249198,1219101.6716447305,1707494.4788509551,609144.1231870055,1380610.1709787995,1229221.351728201
49107,0.0,0.0,-516807.875,-584277.8125,-542329.625,0.0,0.0,0.0,0.0,0.0,0.0,0.0
49108,-583384.4961136281,-1526295.1807894465,0.0,-232567.65752473008,-5745.731925565749,-317541.42999367416,-633862.2284040451,-500721.0825699568,-652743.3444217443,-589949.9620455503,-735821.3658955991,-513250.6262027323
49109,44586.51943692565,570727.5772477388,495104.8333321586,985194.9491693359,909628.3561382145,353838.76643401384,197677.0835878849,220344.74371111393,386014.2695429325,727666.0350589752,1034008.0555194616,0.0
49124,-42548.72902280092,-799065.7871467024,-1127764.3679485023,-1211109.1562528126,-1000914.7876198441,-132738.43900505453,-210881.2919973582,-694785.9114975072,-641641.8413103968,-269266.1152226925,-132117.64192295074,0.0
49125,-31690.95159463212,-45863.62214183621,-54943.24293220788,-34870.66819131188,-4787.000648302026,-2790.8620733497664,-1541.9739149659872,-8805.341413885355,-10590.178397163749,-5866.13120341301,-7292.158140331507,-8241.964073807001
49126,-7617791.954318598,-16149150.171213552,-18837577.68203276,-16845470.0,-7100533.995236412,-264065.0822084099,-209500.75868421793,-3249796.8325439095,-2845374.264373243,-1798241.1336931586,-2187622.6358191967,-2184624.161411464
49128,0.0,0.0,0.0,0.0,0.0,0.0,0.0,0.0,0.0,0.0,0.0,0.0
49130,-12141.082706682384,-25619.567462071776,-10714.40736695379,-11509.296544652432,-20002.198894651607,-35672.13925212342,-14464.871587388217,-16109.242937102914,-5048.440626371652,0.0,-2093.936347901821,-4259.987881988287
49131,0.0,0.0,0.0,0.0,0.0,0.0,0.0,0.0,0.0,0.0,0.0,0.0
49134,0.0,-432.0366051471792,-5037.721658491762,-4719.068213297287,-6421.437098417664,-590.0122180879116,-291.139819458127,-573.9164826571941,-36.04272112250328,-647.6544915437698,-2572.5179603677243,-236.95388792455196
49135,84299.65647684783,92987.1950240843,123920.6316452939,47223.02211997844,5260.782798669301,0.0,22976.396977603436,26022.7660099566,929.9542406797409,39345.1243391037,27686.995811879635,34670.558610111475
49141,0.0,0.0,0.0,0.0,0.0,0.0,0.0,0.0,0.0,0.0,0.0,0.0
49142,0.0,0.0,0.0,0.0,0.0,0.0,0.0,0.0,0.0,0.0,0.0,0.0
49143,0.0,0.0,0.0,0.0,0.0,0.0,0.0,0.0,0.0,0.0,0.0,0.0
49144,0.0,0.0,0.0,0.0,0.0,0.0,0.0,0.0,0.0,0.0,0.0,0.0
49145,0.0,0.0,0.0,0.0,0.0,0.0,0.0,0.0,0.0,0.0,0.0,0.0
49147,0.0,0.0,0.0,0.0,0.0,0.0,0.0,0.0,0.0,0.0,0.0,0.0
49148,0.0,0.0,0.0,0.0,0.0,0.0,0.0,0.0,0.0,0.0,0.0,0.0
49150,0.0,0.0,0.0,0.0,0.0,0.0,0.0,-68882.47762221796,-72704.52424349706,-43671.16293946956,0.0,0.0
49151,70940.15373116732,82264.5784547627,105952.18568505347,33219.12555935979,0.0,10786.086946055293,0.0,7569.900057315826,6748.102482318878,1010047.5173262358,448035.78495931625,42764.74891161919
49236,0.0,0.0,0.0,0.0,0.0,0.0,0.0,0.0,0.0,0.0,0.0,0.0
49237,0.0,0.0,0.0,0.0,0.0,0.0,0.0,0.0,0.0,0.0,0.0,0.0
49267,0.0,0.0,0.0,0.0,0.0,0.0,0.0,0.0,0.0,0.0,0.0,0.0
49271,0.0,0.0,0.0,0.0,0.0,0.0,0.0,0.0,0.0,0.0,0.0,0.0
49272,0.0,0.0,0.0,0.0,0.0,0.0,0.0,0.0,0.0,0.0,0.0,0.0
49273,0.0,0.0,0.0,0.0,0.0,0.0,0.0,0.0,0.0,0.0,0.0,0.0
49274,0.0,0.0,0.0,0.0,0.0,0.0,0.0,0.0,0.0,0.0,0.0,0.0
49275,0.0,0.0,0.0,0.0,0.0,0.0,0.0,0.0,0.0,0.0,0.0,0.0
49276,-41914003.77257485,-27830792.0,-21984694.0,0.0,-1216262.1882607117,-704631.5841696262,-162044.1387076378,-1635795.9194788933,-10877316.27228713,-6288212.215633392,-7540832.558367193,-34744958.48938586
49285,435991.53014443815,445996.73717442155,164399.2005673498,0.0,0.0,0.0,431438.3630654551,3679102.5180020034,9465473.963276766,8336923.554780528,3023967.518111229,1843155.1305088997
49286,5784.849607223645,838.9607816222124,320.58576394896954,0.0,0.0,0.0,0.0,451.5758090559393,10657.94202168798,16023.618812319823,6773.808287031949,11014.672905139625
49287,0.0,0.0,0.0,0.0,0.0,0.0,0.0,0.0,0.0,0.0,0.0,0.0
49289,0.0,0.0,0.0,0.0,0.0,0.0,0.0,0.0,0.0,0.0,0.0,0.0
49290,-253970.74766910076,-222668.74144515395,0.0,0.0,0.0,0.0,0.0,0.0,0.0,0.0,0.0,0.0
49292,5099.992565749213,75707.31853106432,0.0,0.0,0.0,13912.33692229446,24780.8684577588,70011.86125840433,0.0,23009.053398683667,93884.19023611397,0.0
49293,3912833.5252691507,9303517.079556674,13788029.59464027,10604751.816140205,4079313.7688290477,211858.68672800064,923218.9634745121,495069.046210289,1817084.2509989738,950796.8761794567,0.0,289466.2083735168
49294,2874189.868248135,2856755.0025937706,3913606.2458786815,542430.9307120293,16939.954348951578,36693.67551654577,362591.92991781235,100827.58860731125,553235.05782938,74805.06623470783,142044.615195781,2210564.0387990475
49307,-701419.42425102,-1054246.237368971,-1332467.920642212,-680981.6279549971,0.0,-3274.2749902009964,-236774.13421645015,-864043.4072323442,-597915.0601219237,-158146.27005887032,-202769.43760299683,-332324.02648448944
49308,0.0,0.0,0.0,0.0,0.0,0.0,0.0,0.0,0.0,0.0,0.0,0.0
49309,0.0,0.0,0.0,0.0,0.0,0.0,0.0,0.0,0.0,0.0,0.0,0.0
49310,0.0,-4837.697879943997,-53653.482828138396,-68335.77805949375,-61035.23034196533,-30315.655861142557,-4079.2606652081013,-12495.421900868416,-17983.98514226079,-8280.95883333683,-19181.829331308603,-2823.496038004756
49312,-3897.5665053036064,-34394.73103068862,-5577.59619140625,0.0,0.0,-11449.152480218327,-5756.646220782772,-3078.652976747602,-915.7847532071173,-620.7422967776656,-337.40098901093006,-2623.1815569400787
49313,0.0,0.0,0.0,0.0,0.0,0.0,0.0,0.0,0.0,0.0,0.0,0.0
49314,0.0,0.0,0.0,0.0,0.0,0.0,0.0,0.0,0.0,0.0,0.0,0.0
49315,0.0,0.0,0.0,0.0,0.0,0.0,0.0,0.0,0.0,0.0,0.0,0.0
49316,0.0,0.0,0.0,0.0,0.0,0.0,0.0,0.0,0.0,0.0,0.0,0.0
49317,0.0,0.0,0.0,0.0,0.0,0.0,0.0,0.0,0.0,0.0,0.0,0.0
49318,0.0,0.0,0.0,0.0,0.0,0.0,0.0,0.0,0.0,0.0,0.0,0.0
49319,0.0,2284.7042207005434,31521.696775445715,49304.219901102595,86035.65042395727,39147.87248436548,37169.00604534522,34632.98685662821,5862.238774910569,12980.137082025409,34814.00350279361,13786.901661505923
49320,251279.37405601144,291891.8902727924,397880.2599854842,206002.30125486106,39843.42475774512,16230.60604384914,217375.64380934834,346535.2535866797,175163.79537779093,161051.86198872328,112663.11330166459,93406.0325807184
49325,0.0,0.0,0.0,0.0,0.0,0.0,0.0,0.0,0.0,0.0,0.0,0.0
49326,-6379534.387131862,-5468669.483986128,-2562239.4043864515,-2498570.0255272863,-2610358.5767036825,-2055836.2675356865,-1169361.1766502634,-848170.0138294399,-1226630.5902203918,-1741719.3856331706,-1855429.0861696005,-3222382.269192338
49327,0.0,0.0,0.0,0.0,0.0,0.0,0.0,0.0,0.0,0.0,0.0,0.0
49328,0.0,0.0,0.0,0.0,0.0,0.0,0.0,0.0,0.0,0.0,0.0,0.0
49329,0.0,0.0,0.0,0.0,0.0,0.0,0.0,0.0,0.0,0.0,0.0,0.0
49330,0.0,0.0,0.0,0.0,0.0,0.0,0.0,0.0,0.0,0.0,0.0,0.0
49331,-993.0713196843863,-812.4108070507646,-390.41588212922215,-0.2900112923234701,-115.31846057903022,-182.27679596096277,-166.63185119628906,-213.84577364847064,-42.364688877016306,-188.67356379143894,-16.322549745440483,-417.82057939469814
49332,0.0,0.0,0.0,0.0,0.0,0.0,0.0,0.0,0.0,0.0,0.0,0.0
49333,-5847.0434901714325,-6799.77000695467,-9390.686662912369,-4726.857521533966,0.0,-8064.158066689968,0.0,-1761.398199081421,-8554.40065574646,-33927.44880247116,-2723.543066740036,-2464.6962633132935
49449,0.0,0.0,0.0,0.0,0.0,0.0,0.0,0.0,0.0,0.0,0.0,0.0
49450,0.0,0.0,0.0,0.0,0.0,0.0,0.0,0.0,0.0,0.0,0.0,0.0
49451,0.0,0.0,0.0,0.0,0.0,0.0,0.0,0.0,0.0,0.0,0.0,0.0
49452,0.0,0.0,0.0,0.0,0.0,0.0,0.0,0.0,0.0,0.0,0.0,0.0
49453,0.0,0.0,0.0,0.0,0.0,0.0,0.0,0.0,0.0,0.0,0.0,0.0
49454,0.0,0.0,0.0,0.0,0.0,0.0,0.0,0.0,0.0,0.0,0.0,0.0
49455,0.0,0.0,0.0,0.0,0.0,0.0,0.0,0.0,0.0,0.0,0.0,0.0
49464,143774.32891295478,44442.440175583586,0.0,-877.6503295898438,753218.6742582535,6242978.886956498,2271919.38003108,292015.7669956088,-2591101.4030705467,271967.6962123662,327528.1462621689,-2125038.236652136
49465,0.0,0.0,0.0,0.0,0.0,0.0,0.0,0.0,0.0,0.0,0.0,0.0
49466,0.0,0.0,0.0,0.0,0.0,0.0,0.0,0.0,0.0,0.0,0.0,0.0
49467,0.0,0.0,0.0,0.0,0.0,0.0,0.0,0.0,0.0,0.0,0.0,0.0
49469,-10153.9443359375,0.0,-82196.90613575932,0.0,-445.8666504379362,-63736.537016554736,-94579.71831586584,-112299.87807871029,-107873.26315353811,-22334.99299866706,-203638.96557103842,-289614.09880703315
49470,0.0,0.0,0.0,0.0,0.0,0.0,0.0,0.0,0.0,0.0,0.0,0.0
49483,0.0,-19741.569863256067,-239561.02372479718,-0.019024385139346123,-1172.6168212890625,0.0,0.0,-99111.3655717806,-236795.3442187719,-104234.98299723864,-99119.74218690395,-62078.65351459384
49484,0.0,0.0,0.0,0.0,0.0,0.0,0.0,0.0,0.0,0.0,0.0,0.0
49485,0.0,0.0,0.0,0.0,0.0,0.0,0.0,0.0,0.0,0.0,0.0,0.0
49486,0.0,0.0,-41976.76716390345,-51680.524843273684,-54420.01833661925,0.0,0.0,0.0,0.0,0.0,0.0,0.0
49487,0.0,0.0,0.0,0.0,0.0,0.0,0.0,0.0,0.0,0.0,0.0,0.0
49488,0.0,0.0,0.0,0.0,0.0,0.0,0.0,0.0,0.0,0.0,0.0,0.0
49490,0.0,0.0,0.0,0.0,0.0,0.0,0.0,0.0,0.0,0.0,0.0,0.0
49491,0.0,0.0,0.0,0.0,0.0,0.0,0.0,0.0,0.0,0.0,0.0,0.0
49492,0.0,0.0,0.0,0.0,0.0,0.0,0.0,0.0,0.0,0.0,0.0,0.0
49493,0.0,0.0,0.0,0.0,0.0,0.0,0.0,0.0,0.0,0.0,0.0,0.0
49494,0.0,0.0,0.0,0.0,0.0,0.0,0.0,0.0,0.0,0.0,0.0,0.0
49495,0.0,5297.681125691161,78723.50427671522,93052.10277063027,99686.29124371707,18351.234033092856,4572.968011438847,1480.395056962967,14116.62760528922,10558.390397399664,22870.764979571104,10593.464710310102
49499,0.0,0.0,0.0,0.0,0.0,0.0,0.0,0.0,0.0,0.0,0.0,0.0
49500,-2646096.2714538574,-3962218.7317199707,-10390182.454817772,-3511665.3176460266,-631768.7784004211,76272.1025390625,100214.86823272705,879014.3799209595,85835.49095153809,18404.311798095703,-84240.54884338379,-147064.58040618896
49501,429209.5578620434,54476.80173355341,647500.2003741562,849019.9173363745,220518.34200921655,150701.40311050415,27673.61208295822,7341.844862699509,87665.67381954193,308212.2257595062,1848.1910898685455,370074.5255725384
49502,0.0,0.0,0.0,0.0,0.0,0.0,0.0,0.0,0.0,0.0,0.0,0.0
49503,-1863779.6599482894,0.0,0.0,0.0,0.0,0.0,0.0,0.0,0.0,0.0,0.0,0.0
49506,-2295236.3187473705,-1886198.6784792272,-785848.6369905323,-41764.872128382325,-48589.78588669002,-28569.16018667817,-16747.47114186734,-15225.438385434449,-19779.90115094185,-43344.40074431896,-79847.88976967335,-112174.20633792877
49507,0.0,0.0,-1874.4557267939672,-1499.0871033053845,-3060.7634094981477,-2094.9111854964867,-2835.4478521943092,-387.44984999112785,-545.0023268908262,-2543.2233133614063,-5767.820164591074,-9314.42982801795
49508,32628.900392886717,22337.459941986133,5771.390702554956,4663.708293611184,6079.520146129653,6112.171417887323,2611.7861553542316,65.8513599280268,271.83452185988426,5992.642107263207,3280.0661779642105,17188.066447138786
49509,0.0,0.0,0.0,397.0925774052739,17146.629904171452,14756.850854914635,14396.616496130824,17624.911849312484,0.0,18364.548075154424,724.9111214876175,0.0
49510,0.0,0.0,0.0,0.0,0.0,0.0,0.0,0.0,0.0,0.0,0.0,0.0
49511,0.0,0.0,0.0,0.0,0.0,0.0,0.0,0.0,0.0,0.0,0.0,0.0
49512,-419443.74677183107,-2775832.159324819,-616758.138216326,-166807.74227315933,-82856.09075203538,-87063.15978360176,-1087470.849896282,-2161056.5973029137,-1134064.219030179,-632382.5247083306,-137636.3590722084,-441917.3067715168
49514,0.0,0.0,0.0,0.0,0.0,0.0,0.0,0.0,0.0,0.0,0.0,0.0
49515,2571.8621800974943,3108.370820638258,4271.606807338423,1825.1744074808666,0.0,1232.3260301724076,24520.5062333541,22987.02956144139,18813.978869540617,5672.140503384173,273.958642388694,203.48048646375537
49516,0.0,0.0,0.0,0.0,0.0,0.0,0.0,0.0,0.0,0.0,0.0,0.0
49517,0.0,0.0,0.0,0.0,0.0,0.0,0.0,0.0,0.0,0.0,0.0,0.0
49518,-2528.536993920803,-2829.0360833257437,-3663.5824642777443,-2036.440710246563,0.0,0.0,0.0,-1451.4070619344711,-1415.7845915555954,-13622.714564234018,-1261.8663791567087,-1014.6656165122986
49632,-935099.4485887885,-1338231.8600099087,-1902062.2800216675,-1916178.3098523617,-1290052.3793456554,-468873.7567484081,-633977.6875400543,-2195316.642416954,-9245319.75028944,-9957961.115006328,-11002779.602861345,-3819657.2858740687
49635,0.0,0.0,0.0,0.0,0.0,0.0,0.0,0.0,0.0,0.0,0.0,0.0
49636,0.0,0.0,0.0,0.0,0.0,0.0,0.0,0.0,0.0,-151281.67211529985,-95960.30378220975,0.0
49637,0.0,0.0,0.0,0.0,0.0,0.0,0.0,0.0,0.0,0.0,0.0,0.0
49638,0.0,0.0,0.0,0.0,0.0,0.0,0.0,0.0,0.0,0.0,0.0,0.0
49639,0.0,0.0,0.0,0.0,0.0,0.0,0.0,0.0,0.0,0.0,0.0,0.0
49640,0.0,0.0,0.0,0.0,0.0,0.0,0.0,0.0,0.0,0.0,0.0,0.0
49641,0.0,0.0,0.0,0.0,0.0,0.0,0.0,0.0,0.0,0.0,0.0,0.0
49642,0.0,0.0,0.0,0.0,0.0,0.0,0.0,0.0,0.0,0.0,0.0,0.0
49645,0.0,0.0,0.0,0.0,0.0,0.0,0.0,0.0,0.0,0.0,0.0,0.0
49646,-84617.18748240173,-79278.56468726695,-52051.06941512227,0.0,0.0,0.0,0.0,0.0,0.0,0.0,0.0,0.0
49654,178181.96989278495,110433.52822024375,19426.660294750705,0.0,-1068.4239501953125,-87.3332690410316,-1185.3826113194227,-9217699.914763927,-2850800.6662582085,-44392.18531867862,-5308375.080676556,-4208672.15164566
49655,0.0,0.0,0.0,0.0,0.0,0.0,0.0,0.0,0.0,0.0,0.0,0.0
49656,0.0,0.0,0.0,0.0,0.0,0.0,0.0,0.0,0.0,0.0,0.0,0.0
49657,0.0,0.0,0.0,0.0,0.0,0.0,0.0,0.0,0.0,0.0,0.0,0.0
49659,0.0,0.0,0.0,0.0,0.0,0.0,0.0,0.0,0.0,0.0,0.0,0.0
49670,-32409.74174053222,-304321.60148815345,0.0,0.0,0.0,0.0,-196864.6726361448,-401430.375,0.0,-237875.6256030202,-66217.28429746628,-6621.0043113827705
49671,3350.614359512925,40081.169512964785,266670.51000614837,248631.40752931312,207378.16143835336,116311.86690932512,26065.10366487503,105147.34132757038,85296.42372250557,29581.932696700096,9098.602707624435,0.0
49672,0.0,0.0,0.0,0.0,0.0,0.0,0.0,0.0,0.0,0.0,0.0,0.0
49673,0.0,0.0,0.0,0.0,0.0,0.0,0.0,0.0,0.0,0.0,0.0,0.0
49674,0.0,0.0,0.0,0.0,0.0,0.0,0.0,0.0,0.0,0.0,0.0,0.0
49675,-7209.85122127831,0.0,-4964.494154930115,-51216.082551095635,-65125.34095236845,-50302.01681637205,-13973.387544065714,-1867.4940175414085,-12535.218191415071,-11414.98931825161,-7269.680894374847,-21517.731244444847
49676,0.0,0.0,0.0,0.0,0.0,0.0,0.0,0.0,0.0,0.0,0.0,0.0
49678,0.0,0.0,0.0,0.0,0.0,0.0,0.0,0.0,0.0,0.0,0.0,0.0
49679,-29597.1242903471,-82499.35152542591,-24797.44708800316,-25452.732150182128,-98717.4631049633,-59463.26727185398,-30909.881724245846,-41139.6945579648,-355.79021394252777,-434.7514660358429,-14849.067896693945,-20404.925329566002
49680,0.0,0.0,0.0,0.0,0.0,0.0,0.0,0.0,0.0,0.0,0.0,0.0
49681,0.0,0.0,0.0,0.0,0.0,0.0,0.0,0.0,0.0,0.0,0.0,0.0
49682,0.0,-5490.312784917653,-83390.99343161471,-146445.1519916989,-80591.37961935997,-15918.728497117758,-1689.1055302023888,-14427.37625002861,-8113.143613517284,-9904.473545849323,-27504.943462505937,-29401.845358639956
49686,-2392553.689538479,-2058985.638154745,-2532920.285407543,-1390354.0482685566,-1289507.1188750267,-820163.749351263,-793426.785358429,-473550.2965364456,-455389.8843860626,-479695.6471338272,-1041284.7051897049,-1632195.1107616425
49687,0.0,266013.51223471854,54694.49321423471,161333.47368116863,97957.20910165645,71295.37864791602,30579.597178712487,15498.113801829517,55892.68089260906,29170.47437170148,47168.54453629255,171162.3092763126
49694,0.0,0.0,0.0,-337748.5755161261,-392147.2205461394,-204985.11108088493,-151450.21463823318,-147141.88634517416,-182130.9781085141,-388969.3453491088,-610893.9442965295,-1204872.9564322364
49695,0.0,0.0,0.0,0.0,-2627.058837890625,-1613.4026858359575,-9497.702595502138,-7219.936153791845,-938.3140086494386,-1483.066915884614,-1093.617265239358,0.0
49701,-2469583.9847307247,0.0,-1693878.6062643323,-228610.06300981343,-315837.546600014,-295130.2645623386,-425719.194403708,-742917.9173484445,-706865.106817469,-309765.5870448947,-118190.92521125078,-802720.3882308006
49702,0.0,0.0,0.0,0.0,0.0,0.0,0.0,0.0,0.0,0.0,0.0,0.0
49703,0.0,0.0,0.0,0.0,0.0,0.0,0.0,0.0,0.0,0.0,0.0,0.0
49704,0.0,0.0,0.0,0.0,0.0,0.0,0.0,0.0,0.0,0.0,0.0,0.0
49706,-1515374.1271625757,-1844679.543345103,-994545.3484008224,0.0,0.0,0.0,0.0,-62.28426048159599,-1038.6369787752628,-4096.314050614834,-203.3322457075119,-518.9750687777996
49707,-0.2155294269323349,0.0,-67817.828125,0.0,-111.03848737291992,-7682.328532141517,-11752.492622816004,-47222.28937445523,-11529.447265625,-23.4052734375,-16937.38202259876,-6533.871508797631
49708,0.0,0.0,0.0,0.0,-13545.112771859393,-142638.92664247565,-177496.73682731204,-259949.67965403572,-210275.7067062594,-211975.52003026195,-131497.19599024951,-679974.2538400516
49709,0.0,0.0,0.0,0.0,0.0,0.0,0.0,0.0,0.0,0.0,0.0,0.0
49710,0.0,0.0,0.0,0.0,0.0,0.0,0.0,0.0,0.0,0.0,0.0,0.0
49711,0.0,0.0,0.0,0.0,0.0,0.0,0.0,0.0,0.0,0.0,0.0,0.0
49712,0.0,0.0,0.0,0.0,0.0,0.0,0.0,0.0,0.0,0.0,0.0,0.0
49714,-18.042253924999386,-188.67198431724682,-349.928468240425,-381.3987824389478,-264.47173717129044,-11.757322618737817,-112.6429626038298,-228.44552547112107,-47.31101542711258,-550.9464306384325,-74.11249098367989,0.0
49715,-38772.16964328289,-44142.824504971504,-54640.925174057484,-17120.536077201366,-148.02759739756584,0.0,-7744.733958721161,-9778.162622451782,-2906.8915281295776,-12973.255941390991,-9465.377074360847,-23586.070048093796
49832,0.0,0.0,0.0,0.0,0.0,0.0,0.0,0.0,0.0,0.0,0.0,0.0
49833,0.0,0.0,0.0,0.0,0.0,0.0,0.0,0.0,0.0,0.0,0.0,0.0
49834,0.0,0.0,0.0,0.0,0.0,0.0,0.0,0.0,0.0,0.0,0.0,0.0
49835,0.0,0.0,0.0,0.0,0.0,0.0,0.0,0.0,0.0,0.0,0.0,0.0
49836,0.0,0.0,0.0,0.0,0.0,0.0,0.0,0.0,0.0,0.0,0.0,0.0
49837,0.0,0.0,0.0,0.0,0.0,0.0,0.0,0.0,0.0,0.0,0.0,0.0
49846,0.0,0.0,0.0,0.0,0.0,0.0,0.0,0.0,0.0,0.0,0.0,0.0
49847,1811605.284109991,2035276.9783613496,2474470.4462734964,-13628.2257190831,-13391.172922223806,-246085.35703969002,-327199.79587841034,42090.30340862274,477962.0911027193,456019.0520582199,-172004.9039993286,1218682.9503367245
49855,-43173913.6116896,-79394363.09841365,-2231314.758480191,-3418671.01982978,-1123980.5,-2693175.25,-1462816.7550817132,-1933.1954768523574,268564.5607825443,-68202749.64163905,-21021301.31656027,-15648695.245743752
49856,0.0,0.0,0.0,0.0,0.0,0.0,0.0,0.0,0.0,0.0,0.0,0.0
49859,0.0,-667438.9420075417,-868134.5818131939,-1035990.5040698946,-18480.47408723831,-4072.5918550491333,-253.28342166543007,-2886.8392319083214,-6365.6861889362335,-3849.582396864891,-5625.802793323994,0.0
49860,3816217.782875847,6574250.448036322,7119630.990943732,3854579.408000391,361698.8805443756,473904.5118463002,1018670.097024437,1547228.3736724295,1560778.0152461752,1133520.9518786073,711500.8900207281,2070331.4807186127
49861,0.0,0.0,0.0,0.0,0.0,0.0,0.0,0.0,0.0,0.0,0.0,0.0
49862,0.0,0.0,0.0,0.0,0.0,0.0,0.0,0.0,0.0,0.0,0.0,0.0
49868,-982304.0125889778,2614141.479441166,-7500932.562851518,3163436.1737526655,2921967.066015601,728886.392980814,-525587.1459116936,1215999.6651945114,738039.861231327,-216828.16678237915,-50097.398688316345,-1104531.911356926
49870,-52318.74866344035,-735492.2575234994,-925980.6875,0.0,0.0,-378312.25202209875,-102672.36649025977,-447529.74576985836,-582139.3960137814,-225934.4831893444,-109286.77717420459,0.0
49871,-73130.2901622802,-746472.1253267527,-742754.875,0.0,0.0,-508726.9110001512,-398480.7328940071,-841947.6681533717,-985593.1323787719,-288744.90507757664,-180717.81474637985,0.0
49872,0.0,0.0,0.0,0.0,0.0,0.0,0.0,0.0,0.0,0.0,0.0,0.0
49873,0.0,0.0,0.0,0.0,0.0,0.0,0.0,0.0,0.0,0.0,0.0,0.0
49875,0.0,0.0,0.0,0.0,0.0,0.0,0.0,0.0,0.0,0.0,0.0,0.0
49876,471315.03677782416,990738.1388822161,1456675.9401755854,1489012.6492897272,645296.1786393207,53128.445819536224,71045.27045886032,191947.24869416654,709412.8122050092,204788.7640056759,277205.03865785897,280862.59616585076
49877,0.0,0.0,0.0,0.0,0.0,0.0,0.0,0.0,0.0,0.0,0.0,0.0
49878,0.0,0.0,0.0,0.0,0.0,0.0,0.0,0.0,0.0,0.0,0.0,0.0
49880,-8236.02996790409,-20360.361641079187,-12046.773655116558,-5283.166803449392,-25344.710114747286,-19454.65925130248,-12368.201415836811,-14899.897736817598,-2435.7942759245634,-272.4583293646574,-4223.139495253563,-7083.786717712879
49881,0.0,0.0,0.0,0.0,0.0,0.0,0.0,0.0,0.0,0.0,0.0,0.0
49882,0.0,-15450.947586145252,-304871.9444117211,-555600.7257819101,-523227.6293978598,-83176.47694784403,-12750.939184188843,-1176.898798108101,0.0,-54506.791069447994,-151235.44890916348,-208913.24291738868
49883,0.0,5501.314044386148,231801.68705165386,484459.5595982969,426468.6467497349,47272.423641979694,35085.98766422272,7345.874957323074,-198.76362526416779,12506.21696639061,107993.77183270454,148534.04974919558
49887,0.0,0.0,0.0,0.0,0.0,0.0,0.0,0.0,0.0,0.0,0.0,0.0
49888,335062.70988245495,335319.4507789593,260560.31464863196,89738.88796363398,0.0,0.0,54781.696492474526,31520.69150878489,0.0,6978.818568229675,0.0,0.0
49896,0.0,-28986.89055792801,-323718.1356667578,-627217.4270646833,-1693918.513402611,-260690.1548167467,-192743.8622379303,-149691.1388361454,-235446.60566550493,-1104172.298461914,-842478.0623493791,-837921.71246773
49897,5561.873714188114,-12621.157642958686,1701.7345253154635,-6547.3304387927055,-20413.467258282006,-11893.205167874694,-21802.54791815579,-10247.769571602345,-102.98024821281433,163.71604025363922,918.6126915514469,4212.331284880638
49904,46209.91616190225,50786.37753554061,56625.79106520489,7130.430415444076,0.0,668.6537227928638,89086.07689063251,138188.12567037344,138120.65012332797,50589.803082838655,4392.0727249234915,24000.101994931698
49908,7415.241686016321,9191.344998426735,8526.085302453488,1438.2364623323083,-3.0011676400899887,260.8478755950928,12171.630510985851,21377.463572263718,15972.977079629898,2602.5901685357094,-9.76244866847992,2575.199751853943
49909,536232.5781167848,594977.5191738168,345945.93347291974,0.0,0.0,119337.83873943985,1334475.5584970713,1009372.8712991476,2405491.907286614,1771495.8517630398,128388.93998211622,287325.08700978756
49910,-1517237.781194379,-591081.375,-642422.543748952,0.0,0.0,-664760.2487453027,-554482.3710809723,-3411577.54438895,-5604939.556655094,-6344243.704763919,-1675791.8472537324,-803877.2105009109
49911,-13646.150401197374,-16347.210089419037,1406.941091902554,0.0,0.0,586.8022272959352,2210.8632956445217,4629.190376073122,-50387.71695354581,-81460.99274033308,545.5174635648727,891.862644046545
49914,-474.15878519415855,-207.25174862146378,0.0,0.0,-73.88529801368713,-0.7156625390052795,-85.80440193414688,-743.4253461360931,-893.0843616127968,-548.7097237706184,-77.78092640638351,-94.82755446434021
49916,0.0,0.0,0.0,0.0,0.0,0.0,0.0,0.0,0.0,0.0,0.0,0.0
49917,-285.46257019788027,-86.29743137955666,0.0,-6.852855037897825,-925.0488588213921,-199.15734735131264,-982.7832368910313,-86.86164355278015,-105.8874759376049,-133.2712313234806,-19.398681312799454,-16.836041152477264
49918,1870.821375201922,2111.5164989675395,2578.6378658191534,691.120927574113,0.0,0.0,13.299072654917836,75.6805610768497,485.5717901736498,3962.554208064452,162.06050470052287,1187.3493729382753
49919,-7639.624136149883,-8357.370149239898,-10815.819697067142,-5271.716615319252,0.0,0.0,-4962.683528780937,-973.9404118061066,-3722.8531471192837,-16127.870752215385,-2695.408444479108,-2929.3624541908503
50036,0.0,0.0,0.0,0.0,0.0,0.0,0.0,0.0,0.0,0.0,0.0,0.0
50037,0.0,0.0,0.0,0.0,0.0,0.0,0.0,0.0,0.0,0.0,0.0,0.0
50050,0.0,0.0,0.0,0.0,0.0,0.0,0.0,0.0,0.0,0.0,0.0,0.0
50051,-15052657.00310123,-12093963.238959417,-7141128.90006464,-583977.9721508548,-31312.902122601867,-246974.94039535522,-68461.2833518982,-1126503.9750807285,-3225306.1696612835,-2201487.0461673737,-2352378.603115797,-10891429.739278197
50057,-1212418.875,-452521.20346158,-127017.08276057243,0.0,0.0,0.0,0.0,0.0,-1206301.5151606873,0.0,0.0,-3152527.403782785
50058,0.0,0.0,0.0,0.0,0.0,0.0,0.0,0.0,-1015.7195434570312,0.0,0.0,0.0
50060,-2501.032901763916,-35280.30645778775,-119198.36305805296,-129904.9577311799,-42400.717750772834,-9932.555514097214,-733.3093764781952,-10451.587656259537,-9578.188002943993,-16078.501959681511,-3978.4143072366714,0.0
50061,-455293.9255816527,-131673.765625,0.0,0.0,-93822.04260791466,-48411.894783221185,-89957.39080630988,-178826.6837145388,-204435.93873374164,-193725.17410957813,-22383.16775456071,-21325.301009610295
50062,0.0,0.0,0.0,0.0,0.0,0.0,0.0,0.0,0.0,0.0,0.0,0.0
50063,0.0,0.0,0.0,-5343204.542287022,-3184673.1051801145,0.0,-1058568.53852918,0.0,-1745751.504462421,0.0,0.0,0.0
50064,-502535.2900015712,-1244327.1384181678,-2792211.9355757907,0.0,0.0,0.0,0.0,0.0,0.0,-354427.9984754473,-1540678.266101092,-1323589.1239994764
50068,-59244749.63645172,-57686287.80087757,-24246212.09893751,-24255847.394393206,-38548608.37323642,-30849686.44155121,-32432998.089416504,-25860776.973213196,-27541856.581954956,-8811241.01145935,-22560282.078918457,-39691711.70921707
50069,1634209.3522071708,2072610.108607483,2228701.2479869714,575237.7512291828,0.0,29387.484423322137,426513.29643875733,539257.579314936,691993.1927694418,82012.60093401372,82151.9132757783,784913.8076034486
50070,0.0,0.0,0.0,0.0,0.0,0.0,0.0,0.0,0.0,0.0,0.0,0.0
50071,0.0,0.0,0.0,0.0,0.0,0.0,0.0,0.0,0.0,0.0,0.0,0.0
50072,0.0,0.0,0.0,0.0,0.0,0.0,0.0,0.0,0.0,0.0,0.0,0.0
50074,-36263.74082348868,-58443.85505987331,-50905.10653466731,-1475.0696145240217,-4966.957933221012,-3501.709332007915,-9500.862403526902,-16169.631238281727,-21350.980327688158,-7828.858963817358,-5223.347491234541,-25289.969561889768
50075,-14747.987136758864,0.0,-2882.3763647042215,-30919.120896682143,-70700.0655614622,-30357.44041030109,-14218.466500967741,-4950.89918243885,-8297.881333231926,-13021.72787284851,-10269.367014467716,-28317.03527495265
50076,0.0,0.0,0.0,0.0,0.0,0.0,0.0,0.0,0.0,0.0,0.0,0.0
50077,0.0,0.0,0.0,0.0,0.0,0.0,0.0,0.0,0.0,0.0,0.0,0.0
50078,0.0,0.0,0.0,0.0,0.0,0.0,0.0,0.0,0.0,0.0,0.0,0.0
50079,0.0,0.0,0.0,0.0,0.0,0.0,0.0,0.0,0.0,0.0,0.0,0.0
50080,0.0,0.0,0.0,0.0,0.0,0.0,0.0,0.0,0.0,0.0,0.0,0.0
50081,-983.7631081249565,-10213.151338680182,-18481.540378147736,-13061.044321153313,-7915.0645487951115,-149.52508145570755,-327.43936939910054,-573.7868853881955,0.0,-1109.3248315900564,-825.9003451094031,0.0
50082,0.0,-1945.866632297635,-68476.96038877964,-150183.32707925886,-120869.83491295204,-18920.553292408586,-5309.421660587192,-5558.149021118879,0.0,-1324.3707315325737,-23705.226082593203,-36205.14300253987
50083,10921.54028815031,-1379.2411398291588,-28489.68563260138,-97996.564029634,-51090.36935636401,-5166.351149201393,219.90864276885986,-263.534467458725,-590.7470288276672,-444.48956394195557,-8860.821398854256,3571.4204217791557
50087,0.0,0.0,0.0,0.0,0.0,0.0,0.0,0.0,0.0,0.0,0.0,0.0
50090,0.0,9906.787979345769,65403.688348237425,75354.54704641551,48769.06380435079,9705.88069280982,60583.79866284132,11396.338630110025,13091.568653941154,6776.163784921169,2417.5538890361786,0.0
50098,0.0,0.0,-212646.92685505678,-189902.04575616727,-719490.719794482,-50433.74077132344,-216535.5058004856,-252325.74045795202,-43622.3451911211,-79338.73953986168,-151232.35364818573,-90484.86563384533
50099,-608573.8746834667,33758.195098645054,-3626.4570868201554,-2405.9131450355053,-7073.256378792226,-6355.632481411099,-25677.295198351145,-33199.16949933767,-12815.998015880585,-2317.4652093052864,4606.792878746986,8411.817368984222
50117,970.1830672770739,1605.1927443519235,1151.3267560750246,0.0,625.5052221119404,0.0,594.2895565330982,2347.5441073179245,1469.3023052215576,28.89405918121338,10.870461463928223,325.0829424858093
50118,1.0142000168561935,0.24106049537658691,0.0,0.1873287856578827,0.9350012838840485,0.021051138639450073,0.7711602002382278,0.17802166938781738,0.3283378481864929,0.6502427756786346,0.20491847395896912,0.2965122163295746
50119,0.0,0.0,0.0,0.0,0.0,0.0,0.0,0.0,0.0,0.0,0.0,0.0
50120,-512.2709211111069,75924.86553442478,299056.15600305796,263662.11199760437,125472.29402399063,2329.328040122986,-46184.47987794876,29237.633056879044,322933.1711189747,306743.15938806534,105691.1703388691,-3647.550388097763
50249,0.0,0.0,0.0,0.0,0.0,0.0,0.0,0.0,0.0,0.0,0.0,0.0
50250,-8519275.328698397,-15860294.14826142,-10084693.140692458,-3073196.145724304,-2450172.3983849585,-806890.6507759094,-33271.028589725494,-635185.1315909624,-1427775.012979269,-695724.4502077103,-1860516.4463663101,-5068818.343785107
50256,14100726.146837624,11948032.80653397,11256337.366313443,0.0,0.0,7716829.986110747,181100.81359484838,6144659.838104896,774002.1882706843,3200964.137959257,4678839.602520078,14573712.514283657
50257,-1370724.75,0.0,0.0,0.0,0.0,0.0,0.0,-252425.1727336347,-191097.65297946148,-3772.886962890625,0.0,0.0
50258,-192637.53255301714,0.0,0.0,0.0,0.0,0.0,-293015.93304245174,0.0,0.0,0.0,0.0,0.0
50259,0.0,0.0,0.0,0.0,0.0,0.0,0.0,0.0,0.0,0.0,0.0,0.0
50260,0.0,0.0,0.0,0.0,0.0,0.0,0.0,0.0,0.0,0.0,0.0,0.0
50261,304240.08778344095,2799488.567565143,7095490.2424766105,4083401.484614537,3298016.9261088,487108.2921579927,211624.62759697437,965788.3564196229,957641.1790158898,1624807.4385926425,193202.53736424446,0.0
50264,0.0,0.0,0.0,0.0,0.0,0.0,-2601670.6774711087,0.0,0.0,0.0,0.0,0.0
50267,0.0,-299350.6423712969,-4913488.412457123,0.0,0.0,-1455.0703125,-401571.65228610486,-993836.4752725102,-4349869.774796009,-749876.3255674541,-2359784.206425667,-6986370.243810058
50268,0.0,32900.14859367907,441837.54490728816,0.0,0.0,487648.6374566443,346997.52550257137,116321.15354270115,303915.71300719306,161324.98226855695,247596.02244731784,394133.84324617684
50269,0.0,0.0,0.0,0.0,0.0,0.0,0.0,0.0,0.0,0.0,0.0,0.0
50270,0.0,0.0,0.0,0.0,0.0,0.0,0.0,0.0,0.0,0.0,0.0,0.0
50271,0.0,0.0,0.0,0.0,0.0,0.0,0.0,0.0,0.0,0.0,0.0,0.0
50272,-82230.29172429442,-212001.25132840127,-289342.9016050175,-273627.2337891385,-121469.01329407655,0.0,-3107.821021646261,-50633.66673159599,-61859.173889011145,-46639.0289607048,-41169.10468292236,-43388.993310540915
50273,0.0,0.0,0.0,0.0,0.0,0.0,0.0,0.0,0.0,0.0,0.0,0.0
50274,0.0,0.0,0.0,0.0,0.0,0.0,0.0,0.0,0.0,0.0,0.0,0.0
50275,-26916.509723871946,-11146.816267743707,-25079.57295154035,-28326.963793668896,-81711.11139761098,-37365.7238429226,-32143.08061157167,-16451.120781630278,-2490.898647919297,-22306.111784368753,-16544.210676431656,-21056.927997410297
50277,0.0,0.0,0.0,0.0,0.0,0.0,0.0,0.0,0.0,0.0,0.0,0.0
50278,0.0,0.0,0.0,0.0,0.0,0.0,0.0,0.0,0.0,0.0,0.0,0.0
50279,0.0,0.0,0.0,0.0,0.0,0.0,0.0,0.0,0.0,0.0,0.0,0.0
50280,-2141.5528791323304,0.0,0.0,-9083.5375447236,-1276.911330562085,-1800.074137263,-77.66479902714491,0.0,0.0,0.0,0.0,-3125.578884214163
50281,113021.64213165641,178632.01942145824,129968.48473456502,172064.12778426707,22735.254890322685,1738.3023958802223,3122.1294187903404,0.0,0.0,0.0,0.0,20070.441763222218
50284,0.0,0.0,0.0,0.0,0.0,0.0,0.0,0.0,0.0,0.0,0.0,0.0
50286,0.0,1956.077293112874,30799.80975575745,163492.9021576345,4058.6621447205544,16188.778927087784,0.0,47.25993621349335,800.3896193504333,0.0,0.0,0.0
50287,0.0,0.0,0.0,0.0,0.0,0.0,0.0,0.0,0.0,0.0,0.0,0.0
50288,0.0,0.0,0.0,0.0,0.0,0.0,0.0,0.0,0.0,0.0,0.0,0.0
50289,0.0,0.0,0.0,0.0,0.0,0.0,0.0,0.0,0.0,0.0,0.0,0.0
50290,0.0,0.0,0.0,0.0,0.0,0.0,0.0,0.0,0.0,0.0,0.0,0.0
50291,0.0,0.0,0.0,0.0,0.0,0.0,0.0,0.0,0.0,0.0,0.0,0.0
50293,0.0,-191.05499936733395,-1968.9121966613457,-5283.263842025772,-1769.014770694077,-2510.51925153099,-992.7044194713235,-488.4466163441539,-1034.0438150689006,-163.72737611085176,-204.80927311629057,0.0
50294,-132.38534384965897,-10776.815155953169,-61226.24711382389,-139851.6407943964,-54468.96111923456,-50872.355034828186,-36211.04514718056,-15003.070960521698,-21353.20582985878,-2577.379627227783,-32687.109128713608,-79.15024137496948
50302,27518.819973230362,88069.75845396519,-103779.0365922451,26043.225480794907,-669826.3742370605,-670374.3331289291,-121248.32835245132,-57262.47054052353,-14468.877255439758,-29283.88657093048,-36096.72038459778,-1652.8260459899902
50303,-59908.92335911095,-78436.08139131218,-3185.862991437316,-167881.18870559335,0.0,-296291.9292857498,-308360.4321285784,-121881.13154819608,-107508.40469405055,-158506.0447909832,-1417.0530341863632,-5755.732541441917
50324,0.0,0.0,0.0,0.0,0.0,0.0,0.0,0.0,0.0,0.0,0.0,0.0
50325,-29612.38036596775,-33664.01492956281,-48916.001475170255,-25859.948563188314,-2143.782231450081,-202.58222538232803,-97511.53063568473,-193440.41922923923,-184454.33248535544,-45484.1054976359,-10800.512213975191,-11664.457121312618
50411,0.0,0.0,0.0,0.0,0.0,0.0,0.0,0.0,0.0,0.0,0.0,0.0
50414,-280666.72553539276,-198927.7841773033,-63709.24988746643,-232190.26603126526,-262987.3152887821,-288433.14674663544,-286883.16471123695,-13938.42223739624,-21252.706216812134,-32396.509379386902,-219205.38855934143,-332365.66490983963
50416,0.0,0.0,-19.578245751559734,-1123.1868133470416,-639.2428966462612,-67.63422887399793,-175.9070617184043,0.0,0.0,0.0,0.0,0.0
50453,0.0,0.0,0.0,0.0,0.0,0.0,0.0,0.0,0.0,0.0,0.0,0.0
50454,-5690048.21151375,-425089.21570222825,38731.82875605486,53086.524191848934,41258.31041651964,-121937.27950966358,-189593.0846426487,-785663.0040611625,-1285170.0921293497,-1795027.4472520351,-544363.5360184908,-3457273.877659619
50458,-1507241.625,-22645830.0,-33608190.48516593,-4244461.5,0.0,0.0,0.0,0.0,0.0,0.0,-9395020.221096471,-4408462.720050633
50459,2201490.1594704688,2632534.3939995617,1526352.3480508178,-383890.86866937205,-48049.69140625,5967367.276915319,3690410.1995038483,2859383.2643289864,3316200.36490706,0.0,1559062.0562837496,4192793.2659914494
50460,1662651.1378228008,411188.90726228803,0.0,0.0,1313346.7546104772,1365433.74848857,386931.31152496574,0.0,778290.6353116211,1607695.4677326113,862686.9983594343,1666843.6608567238
50461,0.0,-277721.40806736425,-466479.08817320317,-376236.9330853224,-47844.6484375,0.0,0.0,0.0,0.0,0.0,0.0,0.0
50462,-223371.09908220172,-288319.3403994888,-131778.9728283547,-44873.31522092223,-462439.66695943475,-769178.0656529963,0.0,0.0,0.0,-79783.8156529041,-61881.47285286337,-64480.89596876502
50463,-116259.56454144418,-58186.88739203289,0.0,0.0,0.0,0.0,-269226.202079352,0.0,-6179.274226652458,-106655.28183475416,-54531.01002458716,-49923.07733233273
50465,0.0,0.0,0.0,0.0,0.0,0.0,0.0,0.0,0.0,0.0,0.0,0.0
50466,0.0,0.0,0.0,0.0,0.0,0.0,0.0,0.0,0.0,0.0,0.0,0.0
50467,0.0,124788.93713662028,4089451.6686754823,18200904.5297547,10216574.867395759,7842521.528269008,2379061.853850186,3633266.419440031,3222782.192612767,4302368.000479937,802920.3253264427,1620663.561537981
50468,-89613.83899775147,0.0,-62896.50053662993,-600623.3125,0.0,0.0,-446100.9567412324,-323546.73870048113,-279219.5350710638,-314230.90019046515,-34277.5937435627,-208158.96249943972
50470,0.0,-28405.295796066523,-365636.5176613331,0.0,0.0,0.0,0.0,-108593.911454916,-264071.9620101731,-49035.25817887485,-231102.28314605355,-499456.35184417665
50472,0.0,59415.20535428077,0.0,0.0,0.0,0.0,0.0,0.0,304464.35725729354,14698.14435660839,272990.28886914253,511719.49606755376
50473,0.0,-16254.28579371795,-262579.8010619711,0.0,0.0,0.0,0.0,0.0,0.0,-47367.58637218736,-139096.51335276663,-263808.5070439242
50474,0.0,0.0,0.0,0.0,0.0,0.0,0.0,0.0,0.0,0.0,0.0,0.0
50475,-47224.78713449091,-72692.9376426693,-86656.51953977533,-21976.838846996427,0.0,-494.34679090976715,-24648.750363186,-40145.16638106853,-68561.52617397532,-24799.595154836774,-518.6492940187454,-6872.342205941677
50476,0.0,0.0,0.0,0.0,0.0,0.0,0.0,0.0,0.0,0.0,0.0,0.0
50477,0.0,0.0,0.0,0.0,0.0,0.0,0.0,0.0,0.0,0.0,0.0,0.0
50478,0.0,0.0,0.0,0.0,0.0,0.0,0.0,0.0,0.0,0.0,0.0,0.0
50479,0.0,0.0,0.0,0.0,0.0,0.0,0.0,0.0,0.0,0.0,0.0,0.0
50480,0.0,0.0,0.0,0.0,0.0,0.0,0.0,0.0,0.0,0.0,0.0,0.0
50481,-9794.815179347992,-85485.92324376106,-97388.45324003696,-65599.6181075573,-64637.7505505085,-69687.49587714672,-30622.964752554893,-17659.56009912491,-31085.204951882362,-20372.167157649994,-15796.262347817421,-7287.475428819656
50483,-3560.8205699920654,-24335.60292649269,-24925.827834248543,-2961.640782594681,-23245.565713644028,-34936.03009843826,-21906.60101622343,-13147.61093044281,-10350.955167144537,0.0,-1922.8365041017532,-5808.422991871834
50484,0.0,0.0,0.0,0.0,0.0,0.0,0.0,0.0,0.0,0.0,0.0,0.0
50485,0.0,0.0,0.0,0.0,0.0,0.0,0.0,0.0,0.0,0.0,0.0,0.0
50488,0.0,0.0,0.0,0.0,0.0,0.0,0.0,0.0,0.0,0.0,0.0,0.0
50489,0.0,0.0,0.0,0.0,0.0,0.0,0.0,0.0,0.0,0.0,0.0,0.0
50490,0.0,0.0,0.0,0.0,0.0,0.0,0.0,0.0,0.0,0.0,0.0,0.0
50492,0.0,0.0,0.0,0.0,0.0,0.0,0.0,0.0,0.0,0.0,0.0,0.0
50493,0.0,0.0,0.0,0.0,0.0,0.0,0.0,0.0,0.0,0.0,0.0,0.0
50495,0.0,0.0,0.0,0.0,0.0,0.0,0.0,0.0,0.0,0.0,0.0,0.0
50496,0.0,0.0,0.0,0.0,0.0,0.0,0.0,0.0,0.0,0.0,0.0,0.0
50497,0.0,0.0,0.0,0.0,0.0,0.0,0.0,0.0,0.0,0.0,0.0,0.0
50498,0.0,-594.5486717391759,-5276.2831644732505,-18500.66840218287,-6059.764371840283,-12476.138898700476,-13292.091949604452,-1157.1309340819716,-3207.1518849357963,-344.2749793231487,-1494.564791917801,0.0
50529,7763241.033107758,7989445.849964142,3476265.6999053955,291774.42182922363,1911502.1292419434,236141.30630493164,905137.6026000977,1989976.802734375,3167443.0137939453,1184196.0297698975,912410.9873199463,3551672.904815674
50530,0.0,0.0,0.0,0.0,0.0,0.0,0.0,0.0,0.0,0.0,0.0,0.0
50531,0.0,0.0,0.0,0.0,0.0,0.0,0.0,0.0,0.0,0.0,0.0,0.0
50618,-280666.72553539276,-198927.7841770649,-63709.24988746643,-232190.26603150368,-262987.3152887821,-288433.14674663544,-286883.16471123695,-13938.422237634659,-21252.70621752739,-32396.509379386902,-219205.388559103,-332365.6649096012
50658,0.0,0.0,0.0,0.0,0.0,0.0,0.0,0.0,0.0,0.0,0.0,0.0
50659,94534.15303821117,100376.36479854584,41862.97554528341,0.0,665.129703829065,15629.518152818084,9031.30053025484,32607.758082032204,29286.384357094765,9121.393375813961,14401.275412172079,54294.75095254183
50662,1717564.6335250437,1300773.2612086982,8792047.818099208,8901807.720474929,5730542.621915363,6715205.377082042,0.0,462631.88508491125,4457042.599508628,0.0,-1.1620513200759888,5419102.954090148
50663,-338101.39571494795,-61400.74018567242,-38840.6015625,0.0,0.0,0.0,-43010.156225734856,-141256.71785478573,-79649.3075131774,-240684.21558727045,-125623.67792563885,-154445.4811964929
50666,-608787.4973625243,-590168.7538656071,-361861.4360141903,-358554.83958144486,-673166.3684931658,-630533.2591958791,-719922.7728752568,-623994.8291760981,-472100.80666940194,-479436.40068046004,-193303.4162850082,-328860.7786985636
50667,0.0,0.0,0.0,0.0,0.0,0.0,0.0,0.0,0.0,0.0,0.0,0.0
50670,-200091.91746400297,0.0,-4806.6455373466015,-339664.61468982697,-992462.9626797177,-519084.78122223914,-550899.1921945959,-261717.8535491526,-48297.97422403097,-219814.78108653426,-8387.895833492279,-156489.4960246086
50671,0.0,-58774.429237212986,-651133.256042758,0.0,0.0,0.0,0.0,-131083.9649137468,-229660.89219873399,-65302.44498343766,-182781.50241836905,-360610.95189219713
50672,0.0,-183124.72546252608,-1863470.056500107,-2488373.0,0.0,141279.7220912911,901007.8249618663,-49514.13730117679,-430957.50697016716,-55418.220557272434,22428.89699393511,136407.6256918311
50673,0.0,0.0,0.0,0.0,0.0,0.0,0.0,0.0,0.0,0.0,0.0,0.0
50674,0.0,0.0,0.0,0.0,0.0,0.0,0.0,0.0,0.0,0.0,0.0,0.0
50675,0.0,0.0,0.0,0.0,0.0,0.0,0.0,0.0,0.0,0.0,0.0,0.0
50676,0.0,0.0,0.0,0.0,0.0,0.0,0.0,0.0,0.0,0.0,0.0,0.0
50678,-3051.198137819767,-7229.688134357333,-9067.856756225228,-1788.2893501669168,-331.64409026503563,-211.64551109075546,-661.2934613227844,-387.5636976957321,-1946.2021980285645,-583.5455318689346,-1104.5136370062828,-1913.726187646389
50681,-314.19074964523315,-6038.515181839466,-10779.042120873928,-728.7524392008781,-2759.107954084873,-10208.881352871656,-3484.0700739622116,-4049.7370077371597,-1529.5441298782825,0.0,-60.412993133068085,-635.8335568904877
50682,0.0,0.0,0.0,0.0,0.0,0.0,0.0,0.0,0.0,0.0,0.0,0.0
50683,0.0,95257.42586459592,94479.16821221262,204720.1374360174,45620.6325469017,0.0,0.0,0.0,1418.148397743702,0.0,0.0,0.0
50684,0.0,0.0,-1047.6034612357616,-15601.0851110816,-157.26841688156128,0.0,0.0,0.0,0.0,0.0,0.0,-129.8150407075882
50685,0.0,0.0,-3622.942736238241,-40917.31086230278,-729.5813744068146,0.0,-61.21100044250488,0.0,0.0,0.0,0.0,-548.7611495256424
50686,0.0,0.0,-425.7881788313389,-45883.542878896,0.0,0.0,0.0,0.0,0.0,0.0,0.0,-2922.7422869205475
50689,-4070.573795348406,-275.2429750561714,-9022.353892490268,-19744.351315133274,-6515.393733412027,-4439.0901902318,-118.73306274414062,-2747.4012233018875,-2040.5116674304008,-268.252135515213,0.0,-3040.074903488159
50690,0.0,0.0,0.0,0.0,0.0,0.0,0.0,0.0,0.0,0.0,0.0,0.0
50692,0.0,0.0,0.0,0.0,0.0,0.0,0.0,0.0,0.0,0.0,0.0,0.0
50694,0.0,0.0,0.0,0.0,0.0,0.0,0.0,0.0,0.0,0.0,0.0,0.0
50695,0.0,1192.851422548294,8464.305963993073,6096.121744155884,2818.7829971313477,3067.2232418060303,12587.607724189758,62.873626708984375,553.3477096557617,4089.2346591949463,1518.8072700500488,0.0
50729,0.0,0.0,0.0,0.0,0.0,0.0,0.0,0.0,0.0,0.0,0.0,0.0
50730,0.0,0.0,0.0,0.0,0.0,0.0,0.0,0.0,0.0,0.0,0.0,0.0
50731,0.0,0.0,0.0,0.0,0.0,0.0,0.0,0.0,0.0,0.0,0.0,0.0
50771,9135848.717393875,11031207.329902649,3942445.036315918,-30331.295243263245,-14806.991791725159,-168607.41786289215,-3217331.0275297165,-6699236.358039856,-12158128.055400848,-19830230.756866455,-8927500.67196083,4159298.9229135513
50857,0.0,0.0,0.0,0.0,0.0,0.0,0.0,0.0,0.0,0.0,0.0,0.0
50858,0.0,0.0,0.0,0.0,0.0,0.0,0.0,0.0,0.0,0.0,0.0,0.0
50859,0.0,0.0,0.0,0.0,0.0,0.0,0.0,0.0,0.0,0.0,0.0,0.0
50860,428490.70964330435,1464972.050044436,10055794.506976277,0.0,2146998.673125986,9219566.31949151,1327187.849775794,3783915.1479990743,0.0,9367387.851154037,6444900.103311971,1497262.5123328269
50861,2897.043290182948,1060.1235565654933,7700.1583541333675,12186.615315012634,13182.950401894748,10963.207334436476,3746.583326626569,355.88979145977646,6078.311196077615,0.0,6229.912800937891,7174.528691083193
50862,0.0,0.0,0.0,0.0,0.0,0.0,0.0,0.0,0.0,0.0,0.0,0.0
50863,-352421.2256583497,-151042.76621585712,-99665.95126832277,-276158.2754001245,-576897.0671071019,0.0,0.0,0.0,-19502.489393538795,-324291.74600117654,-80566.54625099897,-187465.5389869213
50866,1153077.2386894226,2253944.5787503123,3964252.7425187826,2601932.3159913123,2205523.030060202,1746791.083127141,1491607.4637159407,1036068.4949521422,1006887.4249339849,2313756.5074179173,623005.2342588305,848005.173732996
50868,0.0,-1181.8743041828275,-58183.15058623254,-204877.52940919995,-136675.54763958976,-45180.02988824248,-56083.962655216455,-23018.425031393766,-46131.39584541321,-67955.4497680068,-48179.04004830122,-24047.506649181247
50869,0.0,0.0,0.0,0.0,0.0,0.0,0.0,0.0,0.0,0.0,0.0,0.0
50872,-1275502.7012141645,0.0,0.0,-1203285.770876035,-232479.71875,0.0,-60008.3125,-436984.3125,-103400.73212252557,-1262943.756729722,-42877.41230201721,-791131.2629795074
50873,0.0,0.0,0.0,0.0,0.0,0.0,0.0,0.0,0.0,0.0,0.0,0.0
50875,0.0,0.0,0.0,0.0,0.0,0.0,0.0,0.0,0.0,0.0,0.0,0.0
50877,-34268.76329237223,-90312.23506554961,-124620.94476386905,-119265.32597157359,-22163.306588433683,-374.08855241537094,-1582.0038214921951,-13914.1976749897,-26994.157388031483,-7256.343700885773,-5713.720164060593,0.0
50878,-15235.200561881065,-33336.98030745983,-38765.52639389038,-3454.1960730850697,-357.4323759675026,-3471.585771381855,-4434.607065200806,-10500.669767916203,-9248.939023792744,-3262.4337297677994,-3180.195280790329,-6128.229779481888
50882,0.0,0.0,0.0,0.0,0.0,0.0,0.0,0.0,0.0,0.0,0.0,0.0
50883,0.0,0.0,0.0,0.0,0.0,0.0,0.0,0.0,0.0,0.0,0.0,0.0
50884,0.0,0.0,0.0,0.0,0.0,0.0,0.0,0.0,0.0,0.0,0.0,0.0
50885,0.0,0.0,0.0,0.0,0.0,0.0,0.0,0.0,0.0,0.0,0.0,0.0
50886,0.0,0.0,0.0,0.0,0.0,0.0,0.0,0.0,0.0,0.0,0.0,0.0
50887,0.0,0.0,0.0,0.0,0.0,0.0,0.0,0.0,0.0,0.0,0.0,0.0
50926,-962.3485125750303,-3085.491851210594,-2639.5403205901384,-1048.3538553081453,-157.41429137438536,-9.038885697722435,-47.523711159825325,-83.02209532260895,-184.8175072669983,0.0,0.0,-171.3114473670721
50927,0.0,0.0,0.0,0.0,0.0,0.0,0.0,0.0,0.0,0.0,0.0,0.0
50967,62334.59399461746,61115.613520145416,23660.250154972076,8139.210377931595,14998.183783054352,23126.522115707397,20190.463163375854,86210.06995010376,17478.966232299805,283844.74784851074,1132753.6099815369,502069.34876060486
51030,0.0,0.0,0.0,-4542.987978428602,-707514.7316713631,-903089.3951928467,-58995.54823702574,-65977.97996366024,-414047.5222784877,-775589.7665527463,-680615.0043919683,-187912.15240128338
51052,0.0,0.0,0.0,0.0,0.0,0.0,0.0,0.0,0.0,0.0,0.0,0.0
51053,-291258.02896493673,-288179.5283589959,-157750.69492529333,-32737.89654107392,-194663.6305847168,-278760.15828058496,0.0,0.0,-68814.73502736539,-193663.79628640413,-61097.76088798046,-148811.95724213123
51057,-487611.47046878934,-161725.16113388538,-166598.0251774788,-230705.8017975837,-981420.8667730093,-1087360.2787415832,-1082491.1267047971,-643722.1842013597,-103668.3310405463,-731578.8881080672,-263877.2107504904,-290496.4217225313
51059,0.0,0.0,0.0,0.0,0.0,0.0,0.0,0.0,0.0,0.0,0.0,0.0
51060,0.0,0.0,0.0,0.0,0.0,0.0,0.0,0.0,0.0,0.0,0.0,0.0
51062,-950927.2491999269,-753582.33572115,0.0,-61724.01272201538,-513803.771598557,-428256.89513860084,-846521.9560527392,-1526141.917196378,-980514.7001603954,-396513.1893774569,-16645.603987693787,-293524.1960195303
51063,0.0,0.0,0.0,0.0,0.0,0.0,0.0,0.0,0.0,0.0,0.0,0.0
51064,-28620.58128760755,-39652.47264792025,-7597.771307677031,-519.5673236362636,-1643.5415120571852,-6208.814614742994,-7941.663573503494,-21751.71836990118,-12475.896837770939,-5077.055098772049,-5262.015328109264,-6044.574228048325
51065,-22134.540379151702,-44984.44957378507,-54324.2066738382,-21215.292486727238,-67.15643974393606,-439.3021908700466,-4081.509665489197,-12423.398705124855,-11604.771216273308,-6625.530031919479,-412.23454451560974,-910.2123910188675
51066,-47582.84193345904,-20289.058860108256,0.0,-3289.901585623622,-12546.598645471036,-28553.362624064088,-19809.13802576065,-23296.584807395935,-12369.914933979511,-5619.147174298763,-8777.13192898035,-9238.474454522133
51067,-48439.84246146679,-79775.05478966236,-72553.77312735282,0.0,0.0,-19771.82324361801,-18941.208736672997,-42628.49269552529,-52475.0988355279,-4770.8404500335455,-9941.305642664433,-3676.806082189083
51075,0.0,0.0,0.0,0.0,0.0,0.0,0.0,0.0,0.0,0.0,0.0,0.0
51076,0.0,0.0,0.0,0.0,0.0,0.0,0.0,0.0,0.0,0.0,0.0,0.0
51077,0.0,0.0,0.0,0.0,0.0,0.0,0.0,0.0,0.0,0.0,0.0,0.0
51078,0.0,0.0,0.0,0.0,0.0,0.0,0.0,0.0,0.0,0.0,0.0,0.0
51116,-1063.211051300168,-3976.784425750375,-3057.1283993273973,-1028.7581347301602,-158.62493421137333,0.0,-16.03029629588127,-107.292595744133,-411.99984273314476,0.0,-26.81538364291191,-134.64754554629326
51117,0.0,0.0,0.0,0.0,0.0,0.0,0.0,0.0,0.0,0.0,0.0,0.0
51118,1769.2776859402657,13404.24587649107,50281.695096075535,43729.35815867782,15696.06240785122,0.0,83824.19934487343,109553.23912751675,55889.426584005356,27483.823793172836,9301.47612130642,0.0
51240,0.0,0.0,0.0,0.0,0.0,0.0,0.0,0.0,0.0,0.0,0.0,0.0
51241,0.0,0.0,0.0,0.0,0.0,0.0,0.0,0.0,0.0,0.0,0.0,0.0
51242,0.0,0.0,0.0,0.0,0.0,0.0,-331002.8505409658,0.0,0.0,0.0,0.0,0.0
51246,-256916.7323025465,-78765.94797810912,-225679.44969286025,-262281.7326607108,-369852.38620358706,-502735.99243500456,-320665.9582262691,-99909.51414007321,-34303.41916376352,-332949.0726461932,-89609.69579410553,-121563.68296599388
51247,0.0,0.0,0.0,0.0,0.0,0.0,0.0,0.0,0.0,0.0,0.0,0.0
51248,0.0,0.0,0.0,0.0,0.0,0.0,0.0,0.0,0.0,0.0,0.0,0.0
51249,197728.0180542171,66275.53522640467,1756563.2279082239,6636613.726086818,8474108.725241698,2544727.6623527706,3234778.092676282,3191030.487820983,1388725.4261597395,3700844.691810608,315656.40569639206,2383450.185600996
51250,511880.737223804,0.0,29071.178711652756,1107339.1035628766,2678744.315289043,1393446.505071655,1818718.5566126406,756311.7426858544,591009.0556500554,1161047.1928230822,174006.92140173912,682595.5106329918
51251,-430635.8119471669,0.0,0.0,-109271.05640266836,-634065.8269714899,0.0,-4665.779296875,-78232.421875,-10265.05442343466,-213716.69005456567,-11856.038618564606,-128436.30448961258
51254,0.0,0.0,0.0,0.0,0.0,0.0,0.0,0.0,0.0,0.0,0.0,0.0
51255,0.0,0.0,0.0,0.0,0.0,0.0,0.0,0.0,0.0,0.0,0.0,0.0
51256,0.0,0.0,0.0,0.0,0.0,0.0,0.0,0.0,0.0,0.0,0.0,0.0
51258,-266869.3873295784,-385440.2379517555,-578632.3314846158,-126949.17223575711,-74199.28251647949,-142225.66540312767,-156983.9918267727,-264728.1349864006,-254426.6051094532,-247581.49965667725,-69442.38601613045,-87610.07669758797
51261,-18524.763680577278,-30460.492444097996,-38972.92553001642,-52055.72717931867,-61648.37921474874,-83431.86481940746,-38085.90924936533,-13272.374659776688,-35922.36086934805,-38919.34184384346,-32662.90657657385,-24002.83434987068
51263,0.0,0.0,0.0,0.0,0.0,0.0,0.0,0.0,0.0,0.0,0.0,0.0
51264,0.0,0.0,0.0,0.0,0.0,0.0,0.0,0.0,0.0,0.0,0.0,0.0
51265,0.0,0.0,0.0,0.0,0.0,0.0,0.0,0.0,0.0,0.0,0.0,0.0
51302,752761.7662439346,639750.1284866333,254812.78306865692,82312.94025993347,489843.36501693726,296785.06215286255,371889.1827812195,616917.8708839417,1109143.125415802,1088801.3308906555,132532.86535453796,270516.6711387634
51303,17103.10147547722,70540.1442092061,77686.4192045331,22499.81299135089,2872.9063511788845,70.22335821390152,855.9278806447983,1480.076655626297,7220.485926389694,0.0,0.0,4318.783123075962
51304,0.0,0.0,0.0,0.0,39490.72874912387,10386.871992232278,26023.65643985942,27103.39952328056,65128.45196661353,0.0,0.0,67803.25746003073
51305,-7.180180341005325,-127.28405310958624,-588.727427482605,-354.2539498358965,-173.00412307679653,0.0,-1099.1944676935673,-1380.723613023758,-666.265080191195,-290.5543210878968,-48.3037394285202,0.0
51306,0.0,0.0,0.0,0.0,0.0,0.0,0.0,0.0,0.0,0.0,0.0,0.0
51427,0.0,0.0,0.0,0.0,0.0,0.0,0.0,0.0,0.0,0.0,0.0,0.0
51428,0.0,0.0,0.0,0.0,0.0,0.0,0.0,0.0,0.0,0.0,0.0,0.0
51432,-23677.569842994213,-6629.230128087103,-6976.92425531894,-22163.58790382743,-32412.017778232694,-46140.11988627538,-45923.49371238798,-11063.386490073055,-4179.822837015614,-34125.71875919402,-10803.018266111612,-16079.637957781553
51433,0.0,0.0,0.0,0.0,0.0,0.0,0.0,0.0,0.0,0.0,0.0,0.0
51434,0.0,0.0,0.0,0.0,0.0,0.0,0.0,0.0,0.0,0.0,0.0,0.0
51437,177863.93620747328,12003.499576896429,332290.77238342166,872633.2863456011,825960.8086698353,574380.1882779598,215123.61019295454,48936.44805055857,199693.27892673016,287413.2381413579,20236.604383945465,154492.19740343094
51438,2857092.8390584886,1379561.9105835557,68669.51249912381,1549213.6278982759,3927289.698735133,3987835.7772079147,2642105.515092984,2525394.907076277,1107119.0448367894,1512638.449579686,45576.92846465111,1082179.6619074345
51439,0.0,0.0,0.0,0.0,0.0,0.0,0.0,0.0,0.0,0.0,0.0,0.0
51440,0.0,0.0,0.0,0.0,0.0,0.0,0.0,0.0,0.0,0.0,0.0,0.0
51441,0.0,0.0,0.0,0.0,0.0,0.0,0.0,0.0,0.0,0.0,0.0,0.0
51442,0.0,0.0,0.0,0.0,0.0,0.0,0.0,0.0,0.0,0.0,0.0,0.0
51443,0.0,-181407.6721546948,-249727.71956138313,-170942.68058134243,0.0,0.0,0.0,0.0,-256712.12403436005,0.0,0.0,0.0
51445,0.0,-48607.082211241126,-117515.63771875948,-68259.84201271087,-44069.12077611685,-24122.26900547743,-8463.019817262888,-10744.596487939358,-43806.47378101945,-26756.761299163103,-647.2277992069721,0.0
51447,0.0,0.0,0.0,0.0,0.0,0.0,0.0,0.0,0.0,0.0,0.0,0.0
51448,0.0,0.0,0.0,0.0,0.0,0.0,0.0,0.0,0.0,0.0,0.0,0.0
51487,8809.863318920135,25284.16805100441,28162.67748299241,9614.428004264832,1335.7976735830307,303.05075749754906,495.9023381471634,1416.7933869361877,6185.759473562241,0.0,0.0,2026.5357320308685
51488,-294212.37889909744,-638138.9381558299,-703437.4671391845,-205163.13783997297,-14300.564163208008,-26125.444974899292,-24453.706869125366,-20074.25975036621,-74782.21120071411,0.0,0.0,-90416.57599210739
51489,0.0,0.0,0.0,0.0,-1314.4834099411964,0.0,-631.7213916778564,-861.4083676338196,0.0,0.0,0.0,0.0
51490,0.0,0.0,0.0,0.0,0.0,0.0,0.0,0.0,0.0,0.0,0.0,0.0
51513,0.0,0.0,0.0,0.0,0.0,0.0,0.0,0.0,0.0,0.0,0.0,0.0
51514,-748.2121583819389,110.13851875066757,1191.5817502140999,1944.845537006855,1881.78605812788,125.78640133142471,27251.77745360136,40641.76445308328,16467.37766766548,3609.6516360640526,-709.7502492666245,-1688.296048104763
51515,730.2065476477146,6303.875757262111,15716.459642544389,88074.33226837218,122448.55733194947,31100.599660679698,138675.47858816385,270035.970236063,19346.2880410254,7474.274684309959,4536.402158677578,0.0
51516,418.35279804468155,405.54222869873047,148.98434287309647,0.0,0.17437821626663208,154.16447514295578,1552.220837712288,635.536940574646,181.19915628433228,190.56712675094604,193.73035871982574,354.38228940963745
51517,0.0,0.0,0.0,0.0,0.0,0.0,0.0,0.0,0.0,0.0,0.0,0.0
51518,0.0,0.0,0.0,0.0,0.0,0.0,0.0,0.0,0.0,0.0,0.0,0.0
51519,0.0,0.0,0.0,0.0,0.0,0.0,0.0,0.0,0.0,0.0,0.0,0.0
51586,0.0,0.0,0.0,-340997.54789049923,-1627845.6340379715,-4478563.269965008,-5552197.257687658,-3756887.182685405,-266297.80225905776,0.0,0.0,0.0
51609,0.0,0.0,0.0,0.0,0.0,0.0,0.0,0.0,0.0,0.0,0.0,0.0
51610,0.0,0.0,0.0,0.0,0.0,0.0,0.0,0.0,0.0,0.0,0.0,0.0
51611,-147494.2690961361,-37193.22409662604,-116057.68207386136,-60255.02440083027,-82875.80301868916,-112811.55610269308,-99384.98975533247,-77662.30837246776,-32610.106368988752,-203777.5723579526,-51979.014134049416,-70862.03681635857
51612,222946.1911702454,46644.24788480252,0.0,16301.674499928951,142793.9230467677,200524.98805584759,236909.1797615774,192683.55279193074,13889.229171333835,144011.35823458992,74519.92093753815,116873.40051019192
51613,0.0,0.0,0.0,0.0,0.0,0.0,0.0,0.0,0.0,0.0,0.0,0.0
51614,0.0,0.0,0.0,0.0,0.0,0.0,0.0,0.0,0.0,0.0,0.0,0.0
51615,-1550006.2824251652,0.0,-182375.9439510703,-1666641.7819170207,-2090112.1047907546,-876816.4800934494,-985702.6575367898,-311281.20541216433,18207.020380571485,-699427.7372738421,-255258.65332198143,-803316.5416488647
51619,482874.1987171173,360872.165987134,117475.90614140034,-139744.70721566677,-56105.99361562729,150759.77455329895,115740.7975370884,493976.4588291645,-65000.67058849335,11674.233399629593,-1620.1886019706726,-19494.471997261047
51620,0.0,0.0,0.0,0.0,0.0,0.0,0.0,0.0,0.0,0.0,0.0,0.0
51623,0.0,0.0,0.0,0.0,0.0,0.0,0.0,0.0,0.0,0.0,0.0,0.0
51624,0.0,0.0,0.0,0.0,0.0,0.0,0.0,0.0,0.0,0.0,0.0,0.0
51625,0.0,0.0,0.0,0.0,0.0,0.0,0.0,0.0,0.0,0.0,0.0,0.0
51626,0.0,0.0,0.0,0.0,0.0,0.0,0.0,0.0,0.0,0.0,0.0,0.0
51627,0.0,0.0,0.0,0.0,0.0,0.0,0.0,0.0,0.0,0.0,0.0,0.0
51628,0.0,0.0,0.0,0.0,0.0,0.0,0.0,0.0,0.0,0.0,0.0,0.0
51630,-35981.36465087533,-73832.58131670952,-59372.03184205294,-11449.925962042063,-1695.867517158389,-30549.490942299366,-23349.02537187934,-36291.35137179494,-53901.2562751323,-13567.725221078843,-23414.445415396243,-24724.627867385745
51631,0.0,0.0,0.0,0.0,0.0,0.0,0.0,0.0,0.0,0.0,0.0,0.0
51633,0.0,0.0,0.0,0.0,0.0,0.0,0.0,0.0,0.0,0.0,0.0,0.0
51674,-767275.2329660654,-1353250.0935511515,-959887.0248367339,-207501.28295442462,-29477.31239902973,-107849.07268311083,-113987.73073522747,-111292.86110404134,-336071.3438027501,0.0,-294038.76822802424,-344301.6267051101
51675,-14233.554668009281,-30691.696475744247,-29126.27260106802,-4740.9389590620995,-340.19571512937546,-5444.704440712929,-2936.2911796569824,-4403.911539554596,-7624.152370333672,0.0,-100.84187519550323,-7253.610738277435
51676,-27371.139412403107,-80065.43477752805,-61306.899730712175,-3843.6911386847496,-139.36472144722939,-16127.097041487694,-6623.07381439209,-13982.514673113823,-23418.471167206764,0.0,-828.520049571991,-16473.226302027702
51677,-56439.66442286968,-199914.49440264702,-121476.28485822678,-14270.896995425224,-5331.184879183769,-43312.424357295036,-12423.447494387627,-4046.3756172657013,-4882.3787940740585,0.0,-1827.1524510383606,-34279.31938624382
51678,637.6919442266226,2577.1628417745233,2130.7458729743958,114.312396094203,56.8574078977108,295.0953245162964,244.99054956436157,78.17435520887375,0.0,0.0,14.902501344680786,480.0212216973305
51679,23213.42746448517,47046.07937383652,8342.57483625412,1787.627682685852,301.9271774291992,3466.525323867798,7798.112724304199,1350.1010789871216,455.8354067802429,876.766553401947,29357.723388671875,8276.681358098984
51680,-2540.131284534931,-5286.680037736893,-3526.900777578354,-253.32767367362976,-136.36940574645996,-246.41840434074402,-1753.3109149932861,-1513.0358686447144,0.0,-233.50854355096817,-825.2381626963615,-739.4255259037018
51681,0.0,0.0,0.0,0.0,0.0,0.0,8615.215188980103,3144.5876383781433,0.0,0.0,0.0,0.0
51682,0.0,0.0,0.0,0.0,0.0,0.0,0.0,0.0,0.0,0.0,0.0,0.0
51702,0.0,0.0,0.0,0.0,0.0,0.0,0.0,0.0,0.0,0.0,0.0,0.0
51703,1563.6693196296692,937.5953230857849,-2458.5110120773315,-6787.020045757294,-70073.68314695358,-312012.5114326477,-624672.852909565,-859986.520275116,-1046198.3473238945,-1442691.1491189003,-1218948.3134117126,-379240.89035511017
51704,0.0,0.0,0.0,0.0,0.0,0.0,0.0,0.0,0.0,0.0,0.0,0.0
51705,-0.004627227783203125,-0.06642794609069824,-0.11833465099334717,-0.09540796279907227,-0.07348620891571045,0.0,-0.2054579257965088,-0.1659097671508789,0.0,-0.008745670318603516,0.0,0.0
51792,0.0,0.0,0.0,0.0,0.0,0.0,0.0,0.0,0.0,0.0,0.0,0.0
51793,-334789.87849611044,-525695.2377597392,-138332.92039614916,-195959.40429645777,-727843.1837169528,-279734.7833791673,-461819.679552421,-335807.99071956426,-106188.14665843546,-134169.66410635412,-45489.187805473804,-164718.96714615822
51794,0.0,0.0,0.0,0.0,0.0,0.0,0.0,0.0,0.0,0.0,0.0,0.0
51795,-9484.146866500378,10727.322331041098,32732.92885695398,129669.30040667951,7373.651525244117,17734.093936026096,-23695.997888803482,-18227.26789087057,-3969.815114542842,-22524.92473167181,-8320.854219198227,13802.965657889843
51800,-16104.440678685904,-4445.230014055967,-10671.434382542968,-20569.040834583342,-37764.56552556157,-18356.70691666007,-10821.252094343305,-8920.26832895726,-13548.896773323417,-18380.108281120658,-20.538333237171173,-6242.715658664703
51801,0.0,0.0,0.0,0.0,0.0,0.0,0.0,0.0,0.0,0.0,0.0,0.0
51805,0.0,0.0,0.0,0.0,0.0,0.0,0.0,0.0,0.0,0.0,0.0,0.0
51806,0.0,0.0,0.0,0.0,0.0,0.0,0.0,0.0,0.0,0.0,0.0,0.0
51807,0.0,0.0,0.0,0.0,0.0,0.0,0.0,0.0,0.0,0.0,0.0,0.0
51808,0.0,0.0,0.0,0.0,0.0,0.0,0.0,0.0,0.0,0.0,0.0,0.0
51809,0.0,0.0,0.0,0.0,0.0,0.0,0.0,0.0,0.0,0.0,0.0,0.0
51810,0.0,0.0,0.0,0.0,0.0,0.0,0.0,0.0,0.0,0.0,0.0,0.0
51811,0.0,0.0,0.0,0.0,0.0,0.0,0.0,0.0,0.0,0.0,0.0,0.0
51812,0.0,0.0,0.0,0.0,0.0,0.0,0.0,0.0,0.0,0.0,0.0,0.0
51813,0.0,0.0,0.0,0.0,0.0,0.0,0.0,0.0,0.0,0.0,0.0,0.0
51861,-95.66246330738068,-226.76290786266327,-85.69287991523743,-29.75749671459198,0.0,-18.117750644683838,-58.36575198173523,0.0,0.0,-111.45309579372406,-452.6255387067795,-38.367852210998535
51862,203.24841432273388,-24.016502261161804,-65.16126519441605,170.10984480381012,0.0,206.5961331129074,-49.71607720851898,0.0,0.0,-190.29120859503746,-806.3684430718422,248.87818294763565
51863,0.0,0.0,0.0,0.0,0.0,0.0,0.0,0.0,0.0,0.0,0.0,0.0
51864,0.0,0.0,0.0,0.0,0.0,0.0,0.0,0.0,0.0,0.0,0.0,0.0
51871,0.0,0.0,0.0,0.0,0.0,0.0,0.0,0.0,0.0,0.0,0.0,0.0
51872,0.0,0.0,0.0,0.0,0.0,0.0,0.0,0.0,0.0,0.0,0.0,0.0
51873,2261.2953518033028,2153.4329575896263,1744.41007655859,769.2395750880241,1148.507826089859,2645.5308159589767,21530.90162563324,30335.91451072693,13384.076055765152,26511.25177550316,19113.662179231644,1879.183658003807
51874,0.0,0.0,0.0,0.0,0.0,0.0,0.0,0.0,0.0,0.0,0.0,0.0
51875,-1270.5872308015823,-1303.1440026462078,-464.6832992732525,395.67531648278236,3610.0018596351147,-48601.32124769688,-4917.972676992416,-48210.63488340378,-92903.46344852448,-132899.95714855194,-14067.090760469437,-1287.829529762268
51876,0.0,0.0,0.0,0.0,0.0,0.0,0.0,0.0,0.0,0.0,0.0,0.0
51877,0.0,0.0,0.0,0.0,0.0,0.0,0.0,0.0,0.0,0.0,0.0,0.0
51880,0.0,0.0,0.0,0.0,0.0,0.0,0.0,0.0,0.0,0.0,0.0,0.0
51881,0.0,0.0,0.0,0.0,0.0,0.0,0.0,0.0,0.0,0.0,0.0,0.0
51882,0.0,0.0,0.0,0.0,0.0,0.0,0.0,0.0,0.0,0.0,0.0,0.0
51883,0.0,0.0,0.0,0.0,0.0,0.0,0.0,0.0,0.0,0.0,0.0,0.0
51969,0.0,0.0,0.0,0.0,0.0,0.0,0.0,0.0,0.0,0.0,0.0,0.0
51970,0.0,0.0,0.0,0.0,0.0,0.0,0.0,0.0,0.0,0.0,0.0,0.0
51971,-128723.19053956866,-5841.275841534138,-181028.35380499065,-288340.7897643745,-469314.7881923765,-222480.2434527129,-130899.39294184744,-15869.058934621513,-65673.03684234992,-292694.4654542655,-35376.353762596846,-140901.71044385433
51973,306007.8705048263,98513.6090676114,470802.29806652665,963471.7555110306,1455828.5042820498,686824.2878191769,417011.47792619467,41690.6405518204,211150.79310496897,1243378.1405891068,113251.83534540236,692446.7430024892
51974,1141501.1339248419,0.0,188846.66363728046,3008895.454196334,7121227.667824715,3547049.0617625713,6854678.412339002,2970557.755119562,980919.1515071988,5284248.41969949,1083026.056984663,2342654.964211762
51975,0.0,29374.09900058806,432774.38843558356,562071.3936351556,875518.198074963,369848.57853633165,354230.7555317953,458821.80792447925,580587.9805702083,651696.0675248653,193769.3295069933,103341.5269459784
51976,-7656.991279602051,-62977.12672287226,-42786.861611902714,-86010.90816056728,-333747.7346614599,-180682.34470182657,-308144.456715703,-125846.16868370771,-46234.7398622036,-285564.914529562,-67869.78050529957,-96041.25692641735
51977,59708.59330689907,111531.06234940886,682797.5348551571,396075.280395329,733128.3459940851,144913.83376544714,66128.95674315095,-22099.042277812958,202066.54990051687,396330.6298111528,8248.9456127882,114478.35849058628
51983,0.0,0.0,0.0,0.0,0.0,0.0,0.0,0.0,0.0,0.0,0.0,0.0
51984,0.0,0.0,0.0,0.0,0.0,0.0,0.0,0.0,0.0,0.0,0.0,0.0
51991,0.0,0.0,0.0,0.0,0.0,0.0,0.0,0.0,0.0,0.0,0.0,0.0
51992,0.0,0.0,0.0,0.0,0.0,0.0,0.0,0.0,0.0,0.0,0.0,0.0
51993,0.0,0.0,0.0,0.0,0.0,0.0,0.0,0.0,0.0,0.0,0.0,0.0
51994,0.0,0.0,0.0,0.0,0.0,0.0,0.0,0.0,0.0,0.0,0.0,0.0
51995,0.0,0.0,0.0,0.0,0.0,0.0,0.0,0.0,0.0,0.0,0.0,0.0
52045,-9.440042495727539,-160.8447141647339,-212.9054000377655,-76.64587783813477,0.0,-49.732417583465576,-279.697057723999,-106.54744052886963,0.0,-0.7698764801025391,-649.5670601725578,-140.91945385932922
52046,0.0,0.0,0.0,0.0,0.0,0.0,0.0,0.0,0.0,0.0,0.0,0.0
52047,0.0,0.0,0.0,0.0,0.0,0.0,0.0,0.0,0.0,0.0,0.0,0.0
52050,0.0,0.476958267390728,15.749397374689579,87.85259569808841,74.71783299744129,0.10815119743347168,276.76840341091156,356.3253636956215,5.024548709392548,2.2936099767684937,6.6404847502708435,0.8563081622123718
52051,78.2481359243393,585.7125470638275,710.006094455719,1072.3025767803192,2078.402578830719,480.03503918647766,2792.1763894557953,2894.0517268180847,4152.326858997345,1448.2481372356415,179.63668084144592,0.0
52052,0.0,0.0,0.0,0.0,0.0,0.0,0.0,0.0,0.0,0.0,0.0,0.0
52053,-14.470493257045746,-217.04607696831226,-12964.243049323559,-35522.2444756031,-57697.33695709705,-26409.922667980194,-126528.89343965054,-70095.71938711405,-3692.7088028788567,-3316.2507181167603,-20732.9119784832,-17309.972333073616
52054,0.0,0.0,0.0,0.0,0.0,0.0,0.0,0.0,0.0,0.0,0.0,0.0
52060,0.0,0.0,0.0,0.0,0.0,0.0,0.0,0.0,0.0,0.0,0.0,0.0
52061,0.0,0.0,0.0,0.0,0.0,0.0,0.0,0.0,0.0,0.0,0.0,0.0
52113,0.0,0.0,0.0,0.0,0.0,0.0,0.0,0.0,0.0,0.0,0.0,0.0
52117,0.0,0.0,0.0,-23056.752767920494,-39945.69547700882,-79570.92142748833,-188765.54470023513,-129021.73324885964,0.0,0.0,0.0,0.0
52140,0.0,0.0,0.0,0.0,0.0,0.0,0.0,0.0,0.0,0.0,0.0,0.0
52141,0.0,0.0,0.0,0.0,0.0,0.0,0.0,0.0,0.0,0.0,0.0,0.0
52142,-164407.35864591599,-253271.6367982924,-25675.087746590376,-177324.65518313646,-344767.05561846495,-200655.74775874615,-291692.5213353038,0.0,0.0,-25982.91343474388,-21228.92060905695,-86062.36028641462
52146,622377.9959927201,1143945.750718221,1176702.9699250981,978730.0172640979,392453.3184583485,0.0,9892.241073742509,463913.70770088583,569740.3525531068,866744.0118877143,77616.81316196918,64118.57365870476
52147,-10555.821617802605,-8276.640236057807,-4994.968188453,-13009.343808216974,-14638.97913453728,-12145.181093799416,-2900.323552640155,0.0,0.0,-18246.65803522477,-45.85557048022747,-780.1640187036246
52148,-26166.60470879078,-42182.26527836919,-95485.77456849813,-60515.47583013773,-71006.95003312826,-3820.959704488516,-295.72928899526596,-862.9117449820042,-8343.067149817944,-86828.3915604204,-4104.051285982132,-16539.09538513422
52153,0.0,0.0,0.0,0.0,0.0,0.0,0.0,0.0,0.0,0.0,0.0,0.0
52154,-14901.776224136353,-55260.93423652649,24633.678810358047,-8282.829720020294,-7616.633992195129,-25542.401165008545,-5226.734437942505,2787.684015274048,126.68460464477539,12863.274619102478,-593.7842583656311,-1405.0114183425903
52155,611.7943496704102,13468.772624731064,20891.74869143963,1441.7249970436096,2662.7878646850586,2776.620321750641,1266.262911081314,2248.23046875,0.0,6347.2228038311005,222.04991960525513,194.2117214202881
52156,-233.94930124282837,-290.9756317138672,-1333.1294730305672,-108.77464687824249,-1468.4154170751572,-1912.4189517498016,-587.7537260055542,-1793.1651991605759,-41.30790638923645,-4465.053820729256,-383.464994430542,-171.458944439888
52163,0.0,0.0,0.0,0.0,0.0,0.0,0.0,0.0,0.0,0.0,0.0,0.0
52164,105632.57587718964,187292.93337535858,19254.661684036255,0.0,0.0,0.0,0.0,0.0,0.0,0.0,0.0,0.0
52215,0.0,0.0,0.0,0.0,0.0,0.0,0.0,0.0,0.0,0.0,0.0,0.0
52216,0.0,0.0,0.0,0.0,0.0,0.0,0.0,0.0,0.0,0.0,0.0,0.0
52217,0.0,-3.067153722047806,-19.643035173416138,-23.82034480571747,-983.011607259512,0.0,-3873.16739320755,-4413.413553237915,-1.3046793937683105,-0.9942159652709961,-7.4636149406433105,0.0
52218,0.0,0.0,0.0,0.0,0.0,0.0,0.0,0.0,0.0,0.0,0.0,0.0
52219,0.0,0.0,0.0,0.0,0.0,0.0,0.0,0.0,0.0,0.0,0.0,0.0
52220,9207240.931440353,11101114.349428177,3969496.1301879883,-22192.08486557007,191.19199180603027,-143279.3673877716,-3184174.4013519287,-6501445.165092468,-12024936.64831543,-19498421.044815063,-7778167.271366119,4668979.776180267
52221,0.0,0.0,0.0,0.0,0.0,0.0,0.0,0.0,0.0,0.0,0.0,0.0
52222,0.0,0.0,0.0,0.0,0.0,0.0,0.0,0.0,0.0,0.0,0.0,0.0
52223,0.0,0.0,0.0,0.0,0.0,0.0,0.0,0.0,0.0,0.0,0.0,0.0
52224,0.0,0.0,0.0,0.0,0.0,0.0,0.0,0.0,0.0,0.0,0.0,0.0
52225,0.0,0.0,0.0,0.0,0.0,0.0,0.0,0.0,0.0,0.0,0.0,0.0
52226,0.0,0.0,0.0,0.0,0.0,0.0,0.0,0.0,0.0,0.0,0.0,0.0
52302,0.0,0.0,0.0,0.0,0.0,0.0,0.0,0.0,0.0,0.0,0.0,0.0
52303,0.0,0.0,0.0,0.0,0.0,0.0,0.0,0.0,0.0,0.0,0.0,0.0
52304,2848218.081303358,4377307.589753985,294548.6181921959,2562769.326199293,3070756.027893424,3240457.227320552,4448126.1688732505,0.0,0.0,437488.63142061234,250572.16329038143,2331135.5446448326
52308,-76489.62684035301,-206335.45187294483,-660865.6256328821,-1058882.1113966703,-1131995.8461123705,-592604.1489772797,-260278.72841537,-150110.4310274124,-380260.60569405556,-1049676.1052036285,-89656.83730101585,-284635.1018643379
52309,87401.51067131758,3085.6769794523716,25579.804680794477,102509.1788007617,128775.37869215012,159704.9197843969,74180.35550585389,0.0,10601.042917460203,170822.54649582505,19600.095043450594,45608.16340646148
52314,0.0,0.0,0.0,0.0,0.0,0.0,0.0,0.0,0.0,0.0,0.0,0.0
52315,0.0,0.0,0.0,0.0,0.0,0.0,0.0,0.0,0.0,0.0,0.0,0.0
52316,0.0,0.0,0.0,0.0,0.0,0.0,0.0,0.0,0.0,0.0,0.0,0.0
52324,0.0,0.0,0.0,0.0,0.0,0.0,0.0,0.0,0.0,0.0,0.0,0.0
52325,0.0,0.0,0.0,0.0,0.0,0.0,0.0,0.0,0.0,0.0,0.0,0.0
52326,0.0,0.0,0.0,0.0,0.0,0.0,0.0,0.0,0.0,0.0,0.0,0.0
52327,0.0,0.0,0.0,0.0,0.0,0.0,0.0,0.0,0.0,0.0,0.0,0.0
52328,3064.555069088936,14132.34149479866,56254.72321891785,0.0,0.0,778.1846766471863,0.0,0.0,0.0,0.0,0.0,0.0
52380,0.0,0.0,0.0,0.0,0.0,0.0,0.0,0.0,0.0,0.0,0.0,0.0
52381,0.0,0.0,0.0,0.0,0.0,0.0,0.0,0.0,0.0,0.0,0.0,0.0
52382,0.0,0.0,135615.3356206417,356788.6075794697,160175.47335767746,0.0,0.0,0.0,0.0,0.0,0.0,0.0
52457,0.0,0.0,0.0,0.0,-4.8077263832092285,-176.0070436000824,-263.61704736948013,-1197.4814817905426,-5743.8517553806305,-13115.415636494756,0.0,0.0
52458,0.0,0.0,0.0,0.0,0.0,0.0,0.0,0.0,0.0,0.0,0.0,0.0
52459,-67029.58469438553,-97164.3512159586,-97633.94528603554,-149815.667678833,-248605.11920309067,-54506.15027117729,-11328.045566886663,-14881.510722965002,-115790.37330913544,-285989.6241711378,-52184.12851560116,-126052.59495186806
52463,-83889.19678503275,-12220.6975646317,-277772.5462976396,-533987.8475212455,-468235.4803363383,-347899.7163556963,-135067.17700500786,-29897.310871720314,-45367.3661236763,-333491.14615005255,-22793.609528541565,-99117.46782362461
52464,-34363.697492823005,-50046.76637153234,-8663.898187105544,-27623.311863127165,-27814.18637569528,-21832.848410045728,-11942.81685541384,-15324.754385169595,0.0,-1534.4160456042737,-5433.902356281877,-8935.94967770949
52465,-124461.9929625988,-81491.34316265583,-47047.46491205692,-69392.76841211319,-174209.44034266472,-105132.90025639534,-77573.37180817127,-71115.33979701996,-5575.450350761414,-111808.09003007412,-7438.394613742828,-43263.67184829712
52466,-104470.25792121887,-109714.62427687645,-33589.55771058798,-56906.34129631519,-95157.91478466988,-126036.65962910652,-30746.33615744114,0.0,0.0,-24829.66837120056,-23560.548927009106,-62249.81143736839
52470,0.0,0.0,0.0,0.0,0.0,0.0,0.0,0.0,0.0,0.0,0.0,0.0
52471,0.0,0.0,0.0,0.0,0.0,0.0,0.0,0.0,0.0,0.0,0.0,0.0
52472,0.0,0.0,0.0,0.0,0.0,0.0,0.0,0.0,0.0,0.0,0.0,0.0
52473,0.0,0.0,0.0,0.0,0.0,0.0,0.0,0.0,0.0,0.0,0.0,0.0
52481,-27242.513971328735,-35825.77889537811,-27235.09507918358,-1749.507357120514,-11351.317149162292,-23385.78369164467,-12687.927108287811,-1796.7587370872498,0.0,-1279.5323853492737,-7153.0091643333435,-4645.07195186615
52482,0.0,0.0,0.0,0.0,0.0,0.0,0.0,0.0,0.0,0.0,0.0,0.0
52483,0.0,0.0,0.0,0.0,0.0,0.0,0.0,0.0,0.0,0.0,0.0,0.0
52485,0.0,-11320.30469083786,-30293.933285951614,-14858.669342041016,0.0,0.0,0.0,0.0,0.0,0.0,0.0,0.0
52486,8412.744443416595,20831.325919628143,116894.84364080429,14500.881857156754,0.0,4138.656935930252,0.0,0.0,0.0,0.0,0.0,0.0
52538,0.0,0.0,0.0,0.0,0.0,0.0,0.0,0.0,0.0,0.0,0.0,0.0
52539,0.0,0.0,0.0,0.0,0.0,0.0,0.0,0.0,0.0,0.0,0.0,0.0
52540,0.0,0.0,0.0,0.0,0.0,0.0,0.0,0.0,0.0,0.0,0.0,0.0
52541,0.0,0.0,0.0,0.0,0.0,0.0,0.0,0.0,0.0,0.0,0.0,0.0
52594,1677708.9408946037,1015681.6060986519,0.0,-45652.62696170807,532860.3712997437,2687008.5480480194,2556324.392645836,2836674.2024202347,1559447.834511757,400216.4367389679,1495496.5887486935,1781776.4714961052
52596,0.0,0.0,0.0,0.0,0.0,0.0,0.0,0.0,0.0,0.0,0.0,0.0
52615,0.0,0.0,0.0,0.0,0.0,0.0,0.0,0.0,0.0,0.0,0.0,0.0
52616,624800.5116174221,159856.5791106224,226465.4194009304,626406.3632309437,1258253.9535140991,1103577.6016660929,322177.40211331844,0.0,62252.00826919079,850195.9413342476,108251.11621117592,591999.4273371696
52620,-7866.866513222456,-361128.68813611567,-653113.3355273604,-564397.7947698236,-377597.47038930655,-224398.30948857963,-9283.562919974327,-5821.8839828372,-344610.64621040225,-494138.2663677931,-55540.864485263824,-41494.08933264017
52621,-453111.2142031193,-913764.7849243879,-471029.77686429024,-133180.14036381245,-182247.65138185024,-538136.3930107355,-392427.3449642658,-360539.4217685461,-70802.42803120613,-300865.4544684887,-103645.50604987144,-98261.91978955269
52622,-45975.51503252983,-8775.02119550109,-49670.752677708864,-29233.61167731881,-37216.71413111687,-33384.98700016737,0.0,-724.9780552983284,-4372.314206242561,-89349.08761709929,-29404.546903520823,-25580.809168756008
52626,0.0,0.0,0.0,0.0,0.0,0.0,0.0,0.0,0.0,0.0,0.0,0.0
52627,0.0,0.0,0.0,0.0,0.0,0.0,0.0,0.0,0.0,0.0,0.0,0.0
52628,0.0,0.0,0.0,0.0,0.0,0.0,0.0,0.0,0.0,0.0,0.0,0.0
52629,0.0,0.0,0.0,0.0,0.0,0.0,0.0,0.0,0.0,0.0,0.0,0.0
52638,0.0,0.0,0.0,0.0,0.0,0.0,0.0,0.0,0.0,0.0,0.0,0.0
52640,0.0,0.0,0.0,0.0,0.0,0.0,0.0,0.0,0.0,0.0,0.0,0.0
52641,0.0,0.0,0.0,0.0,0.0,0.0,0.0,0.0,0.0,0.0,0.0,0.0
52695,0.0,0.0,0.0,0.0,0.0,0.0,0.0,0.0,0.0,0.0,0.0,0.0
52696,0.0,0.0,0.0,0.0,0.0,0.0,0.0,0.0,0.0,0.0,0.0,0.0
52769,0.0,0.0,0.0,0.0,0.0,0.0,0.0,0.0,0.0,0.0,0.0,0.0
52770,0.0,0.0,0.0,0.0,0.0,0.0,0.0,0.0,0.0,0.0,0.0,0.0
52771,0.0,0.0,0.0,0.0,0.0,0.0,0.0,0.0,0.0,0.0,0.0,0.0
52772,0.0,0.0,0.0,0.0,0.0,0.0,0.0,0.0,0.0,0.0,0.0,0.0
52778,-545042.4305663109,-407640.0177528858,-274582.94036340714,-1005721.0052771568,-704492.6524186134,-1059860.159100294,-314970.95355153084,-39545.19374394417,-9891.833563804626,-918293.7296800613,-167304.39916610718,-452064.8466873169
52779,0.0,0.0,0.0,0.0,0.0,0.0,0.0,0.0,0.0,0.0,0.0,0.0
52780,0.0,0.0,0.0,0.0,0.0,0.0,0.0,0.0,0.0,0.0,0.0,0.0
52784,0.0,0.0,0.0,0.0,0.0,0.0,0.0,0.0,0.0,0.0,0.0,0.0
52789,0.0,0.0,0.0,0.0,0.0,0.0,0.0,0.0,0.0,0.0,0.0,0.0
52790,0.0,0.0,0.0,0.0,0.0,0.0,0.0,0.0,0.0,0.0,0.0,0.0
52791,0.0,0.0,0.0,0.0,0.0,0.0,0.0,0.0,0.0,0.0,0.0,0.0
52792,0.0,0.0,0.0,0.0,0.0,0.0,0.0,0.0,0.0,0.0,0.0,0.0
52801,-6773.787281990051,-7253.613322734833,-12002.739895820618,-4976.508881568909,-7868.168483734131,-16115.253162384033,-5305.363801956177,-490.2255153656006,0.0,-317.023717880249,-4101.045221328735,-756.3691787719727
52805,-42690.04111433029,-60778.02463912964,-171141.81455087662,-22018.08696460724,6769.6871509552,2590.496102333069,272.5200390815735,0.0,0.0,0.0,0.0,0.0
52861,0.0,0.0,0.0,0.0,0.0,0.0,0.0,0.0,0.0,0.0,0.0,0.0
52862,0.0,0.0,0.0,0.0,0.0,0.0,0.0,0.0,0.0,0.0,0.0,0.0
52863,0.0,0.0,0.0,0.0,0.0,0.0,0.0,0.0,0.0,0.0,0.0,0.0
52935,0.0,0.0,0.0,0.0,0.0,0.0,0.0,0.0,0.0,0.0,0.0,0.0
52938,-275679.873521328,-123964.95713496208,-109160.61427497864,-430503.61152911186,-575852.0505731106,-602729.3792761564,-197280.09137928486,-50008.29137957096,-51945.531507492065,-461717.70997071266,-15274.120697498322,-147144.03033161163
52939,0.0,0.0,0.0,0.0,0.0,0.0,0.0,0.0,0.0,0.0,0.0,0.0
52944,-98828.3120212555,-15834.50896692276,-23961.74959373474,-168856.5214085579,-317744.2245192528,-312764.3657474518,-110036.35304069519,-6437.550183296204,-1727.2794947624207,-408137.7355642319,-36249.90837430954,-312548.1058897972
52945,0.0,0.0,0.0,0.0,0.0,0.0,0.0,0.0,0.0,0.0,0.0,0.0
52946,0.0,0.0,0.0,0.0,0.0,0.0,0.0,0.0,0.0,0.0,0.0,0.0
52947,74699.76055079699,1345.7215936034918,389.7093379944563,25108.525908604264,117609.96602123976,40833.20869100094,114942.1705674231,32455.12541076541,25856.454038619995,144265.41464097053,26045.47977526486,83844.7119511962
52948,0.0,0.0,0.0,0.0,0.0,0.0,0.0,0.0,0.0,0.0,0.0,0.0
52953,0.0,0.0,0.0,0.0,0.0,0.0,0.0,0.0,0.0,0.0,0.0,0.0
52967,-15199.167382717133,-14169.828284978867,-11935.854326725006,-7931.9677085876465,-15993.037075996399,-35654.617179870605,-17134.332191467285,-797.8498749732971,0.0,-1156.3097643852234,-14446.935091495514,-2965.158931016922
52968,0.0,0.0,0.0,0.0,0.0,0.0,0.0,0.0,0.0,0.0,0.0,0.0
52969,0.0,0.0,0.0,0.0,0.0,0.0,0.0,0.0,0.0,0.0,0.0,0.0
52970,0.0,0.0,0.0,0.0,0.0,0.0,0.0,0.0,0.0,0.0,0.0,0.0
52971,0.0,0.0,0.0,0.0,0.0,0.0,0.0,0.0,0.0,0.0,0.0,0.0
53028,0.0,0.0,0.0,0.0,0.0,0.0,0.0,0.0,0.0,0.0,0.0,0.0
53029,0.0,0.0,0.0,0.0,0.0,0.0,0.0,0.0,0.0,0.0,0.0,0.0
53030,0.0,0.0,0.0,0.0,0.0,0.0,0.0,0.0,0.0,0.0,0.0,0.0
53101,0.0,0.0,0.0,0.0,0.0,0.0,0.0,0.0,0.0,0.0,0.0,0.0
53102,-44969.548996567726,-20071.6723574996,-26791.83820128441,-55178.45465224981,-85563.42618536949,-59863.29174041748,0.0,0.0,-6866.285507321358,-103699.3823466301,-756.1638427972794,-52505.90016698837
53108,-45115.61788570881,-27456.235073164105,0.0,-102.55507749319077,-13348.978575229645,-7953.129711031914,-29277.669121921062,-42082.144286066294,-6967.919890403748,-29166.5953284204,-15858.793950945139,-21429.710716933012
53110,0.0,0.0,0.0,0.0,0.0,0.0,0.0,0.0,0.0,0.0,0.0,0.0
53111,0.0,0.0,0.0,0.0,0.0,0.0,0.0,0.0,0.0,0.0,0.0,0.0
53113,0.0,0.0,0.0,0.0,0.0,0.0,0.0,0.0,0.0,0.0,0.0,0.0
53114,0.0,0.0,0.0,0.0,0.0,0.0,0.0,0.0,0.0,0.0,0.0,0.0
53115,0.0,0.0,0.0,0.0,0.0,0.0,0.0,0.0,0.0,0.0,0.0,0.0
53116,0.0,0.0,0.0,0.0,0.0,0.0,0.0,0.0,0.0,0.0,0.0,0.0
53117,0.0,0.0,0.0,0.0,0.0,0.0,0.0,0.0,0.0,0.0,0.0,0.0
53118,-13299.179894566536,-24462.94133746624,-9185.806880950928,-7175.619579255581,-13394.799632906914,-22927.004262268543,-10112.492344975471,-7590.681072473526,0.0,-386.98113656044006,-6540.049852192402,-5440.9748376607895
53132,-16572.703869640827,-25755.677608966827,-47777.371532171965,-2950.074528902769,-344.95304876565933,-16112.323007762432,-20612.198076039553,-22652.35741150379,-16886.77864933014,-11412.232843458652,-5787.206359028816,-8157.684404283762
53133,0.0,0.0,0.0,0.0,0.0,0.0,0.0,0.0,0.0,0.0,0.0,0.0
53134,0.0,0.0,0.0,0.0,0.0,0.0,0.0,0.0,0.0,0.0,0.0,0.0
53135,0.0,0.0,0.0,0.0,0.0,0.0,0.0,0.0,0.0,0.0,0.0,0.0
53137,0.0,0.0,0.0,0.0,0.0,0.0,0.0,0.0,0.0,0.0,0.0,0.0
53138,0.0,0.0,0.0,0.0,0.0,0.0,0.0,0.0,0.0,0.0,0.0,0.0
53196,0.0,0.0,0.0,0.0,0.0,0.0,0.0,0.0,0.0,0.0,0.0,0.0
53197,0.0,0.0,0.0,0.0,0.0,0.0,0.0,0.0,0.0,0.0,0.0,0.0
53267,548.9694442376494,0.0,16.32717273919843,208.83490565861575,567.7689365723054,7082.681932374544,10763.987827205798,0.0,0.0,0.0,11756.287659431226,953.6792571255937
53268,0.0,0.0,0.0,0.0,0.0,0.0,0.0,0.0,0.0,0.0,0.0,0.0
53269,0.0,0.0,0.0,0.0,0.0,0.0,0.0,0.0,0.0,0.0,0.0,0.0
53270,-104721.69987371564,-43334.97857475281,-73308.00679153204,-98595.80781406164,-170887.4209884107,-133847.6550076157,-31638.138728797436,0.0,-5641.748883828521,-89782.1564745307,-37048.85977128148,-118333.06777492166
53271,-109103.77489328384,-25350.205171585083,-35657.97583580017,-230484.35079169273,-328531.55895757675,-348379.5823316574,-75384.671002388,-1953.6351420879364,-18967.572229146957,-340486.1289291382,-3001.5728964805603,-264740.21052360535
53278,-2582.1527814865112,-895.9910020828247,0.0,-2127.8177423477173,-13665.116433143616,-7421.94909286499,-11709.104776859283,-8807.761692523956,-1219.206413269043,-35067.336050987244,-2522.537519931793,-8527.949559211731
53279,0.0,0.0,0.0,0.0,0.0,0.0,0.0,0.0,0.0,0.0,0.0,0.0
53280,0.0,0.0,0.0,0.0,0.0,0.0,0.0,0.0,0.0,0.0,0.0,0.0
53281,0.0,0.0,0.0,0.0,0.0,0.0,0.0,0.0,0.0,0.0,0.0,0.0
53282,0.0,0.0,0.0,0.0,0.0,0.0,0.0,0.0,0.0,0.0,0.0,0.0
53283,0.0,0.0,0.0,0.0,0.0,0.0,0.0,0.0,0.0,0.0,0.0,0.0
53284,-98823.46444654465,-111932.80698132515,-85059.18324708939,-159376.97982549667,-105446.37202560902,-132131.96280384064,-33923.3670027256,-30628.041503429413,0.0,-5054.946472406387,-6089.87530374527,-29979.000200271606
53304,0.0,0.0,0.0,0.0,0.0,0.0,0.0,0.0,0.0,0.0,0.0,0.0
53305,0.0,0.0,0.0,0.0,0.0,0.0,0.0,0.0,0.0,0.0,0.0,0.0
53306,-2362.649270057678,-6000.569042012095,-4847.445667028427,-1445.1631321310997,-1858.267242372036,-2668.0781482458115,-3096.869284749031,-246.56773847341537,0.0,-86.23689270019531,-2137.3414898514748,-2568.6512603759766
53309,0.0,0.0,0.0,0.0,0.0,0.0,0.0,0.0,0.0,0.0,0.0,0.0
53310,-60670.84759783745,-212705.83338207006,-450553.7888532132,-100399.27539253235,-64297.836794137955,-108233.93083643913,-120882.37594437599,-135938.6180640459,-12806.255470991135,0.0,-3190.6862673163414,-17139.121616840363
53311,0.0,0.0,0.0,0.0,0.0,0.0,0.0,0.0,0.0,0.0,0.0,0.0
53312,0.0,0.0,0.0,0.0,0.0,0.0,0.0,0.0,0.0,0.0,0.0,0.0
53313,0.0,0.0,0.0,0.0,0.0,0.0,0.0,0.0,0.0,0.0,0.0,0.0
53314,0.0,0.0,0.0,0.0,0.0,0.0,0.0,0.0,0.0,0.0,0.0,0.0
53315,0.0,0.0,0.0,0.0,0.0,0.0,0.0,0.0,0.0,0.0,0.0,0.0
53317,0.0,0.0,0.0,0.0,0.0,0.0,0.0,0.0,0.0,0.0,0.0,0.0
53318,0.0,0.0,0.0,0.0,0.0,0.0,0.0,0.0,0.0,0.0,0.0,0.0
53377,0.0,0.0,0.0,0.0,0.0,0.0,0.0,0.0,0.0,0.0,0.0,0.0
53379,0.0,0.0,0.0,0.0,0.0,0.0,0.0,0.0,0.0,0.0,0.0,0.0
53433,0.0,0.0,0.0,0.0,0.0,0.0,0.0,0.0,0.0,0.0,0.0,0.0
53446,93972.03569754958,66346.08478453755,3244.0748460888863,-319488.6286112666,5702.7613480091095,-769154.0437481403,-2588759.8271355033,-1574795.2801460028,-32602.950658798218,-36235.53104633093,-45330.652730345726,15886.31221139431
53447,270183.10218434036,185235.96647390723,-102373.14114101231,-549278.6022037342,-53572.44888392836,118229.603310287,-391784.22594266385,-260977.78622470796,-123795.36247266456,-1222230.5429088809,-1018816.0123885982,-96609.14040231705
53448,0.0,0.0,0.0,0.0,0.0,0.0,0.0,0.0,0.0,0.0,0.0,0.0
53449,0.0,0.0,0.0,0.0,0.0,0.0,0.0,0.0,0.0,0.0,0.0,0.0
53450,0.0,0.0,0.0,0.0,0.0,0.0,0.0,0.0,0.0,0.0,0.0,0.0
53452,-46135.370895028114,-1835.6109244823456,-10092.8221129179,-80426.54055720568,-203023.63695001602,-208417.68257415295,-37657.46331810951,0.0,-12020.3280210495,-148820.8075659275,0.0,-106987.14562106133
53459,0.0,0.0,0.0,0.0,0.0,0.0,0.0,0.0,0.0,0.0,0.0,0.0
53460,329594.0836801529,53037.37676239014,65322.531772613525,354098.8800878525,1515740.9835014343,749325.2433309555,186698.31123256683,190844.35235643387,80200.73396205902,1759020.1587295532,89034.12908220291,1687534.2594194412
53461,0.0,0.0,0.0,0.0,0.0,0.0,0.0,0.0,0.0,0.0,0.0,0.0
53462,0.0,0.0,0.0,0.0,0.0,0.0,0.0,0.0,0.0,0.0,0.0,0.0
53463,0.0,0.0,0.0,0.0,0.0,0.0,0.0,0.0,0.0,0.0,0.0,0.0
53464,0.0,0.0,0.0,0.0,0.0,0.0,0.0,0.0,0.0,0.0,0.0,0.0
53482,0.0,0.0,0.0,0.0,0.0,0.0,0.0,0.0,0.0,0.0,0.0,0.0
53483,0.0,0.0,0.0,0.0,0.0,0.0,0.0,0.0,0.0,0.0,0.0,0.0
53484,0.0,0.0,0.0,0.0,0.0,0.0,0.0,0.0,0.0,0.0,0.0,0.0
53485,-45639.61103352904,-95713.93886221573,-121986.12394392863,-35872.37710671872,-10718.95858810842,-19304.21146184206,-28553.397429928184,-28338.46314100921,-10043.613150417805,0.0,-873.3269605636597,-31278.122775912285
53486,-50055.03228366375,-115431.68119499832,-114679.53269174695,-5816.373941913247,-7462.087333530188,-31521.606601685286,-16828.595784038305,-26036.405827343464,-9187.809618532658,0.0,-8836.192386627197,-41580.33303761482
53490,-109398.24713793397,-219385.46650108695,-356157.5562642142,-52924.0552880317,-25005.495516180992,-36382.143305420876,-112593.99069565535,-83618.71088469028,-7739.091003656387,0.0,-22725.805354714394,-28076.010317087173
53491,-64534.14147463441,-132687.27994771302,-216945.0569744557,-46305.59617443383,-8572.182959735394,-11640.126297533512,-34286.13699007034,-41043.7647215724,-2342.584314286709,0.0,0.0,-27030.909163177013
53492,-100254.39467144012,-230498.5675760731,-414806.8827480525,-92818.65352235734,-15387.257607877254,-32781.83609610796,-103696.8727556169,-58164.334088385105,-1208.6555395126343,0.0,-1318.5202900767326,-21954.527563929558
53493,-116149.21316504478,-358825.6306695342,-512012.35922855884,-27056.458333432674,-57281.69042855501,-82021.75408434868,-143422.89909684658,-35357.58144122362,0.0,0.0,-5938.203663051128,-49687.70419514179
53494,-7274.336340397596,-16719.530048444867,-18124.76001809165,-4715.162216059864,-7784.9998665452,-7824.767038017511,-9612.326591148973,-40.057371094822884,0.0,-250.04354962706566,-6084.580204039812,-3832.333738774061
53495,0.0,0.0,0.0,0.0,0.0,0.0,0.0,0.0,0.0,0.0,0.0,0.0
53496,0.0,0.0,0.0,0.0,0.0,0.0,0.0,0.0,0.0,0.0,0.0,0.0
53497,0.0,0.0,0.0,0.0,0.0,0.0,0.0,0.0,0.0,0.0,0.0,0.0
53501,0.0,0.0,0.0,0.0,0.0,0.0,0.0,0.0,0.0,0.0,0.0,0.0
53561,-3232018.1748046875,-7202112.17388916,-26998946.971069336,-22574190.76159668,-40861617.181274414,-10466481.600585938,-4228645.988525391,-667443.7866210938,-338734.17541503906,-465715.37579345703,-803081.7749633789,-978206.7608337402
53562,0.0,0.0,0.0,0.0,0.0,0.0,0.0,0.0,0.0,0.0,0.0,0.0
53564,0.0,0.0,0.0,0.0,0.0,0.0,0.0,0.0,0.0,0.0,0.0,0.0
53565,0.0,0.0,0.0,0.0,0.0,0.0,0.0,0.0,0.0,0.0,0.0,0.0
53631,555395.6561856568,322135.05090767145,155304.0115389824,106519.65142713487,164932.48244544864,148364.47715240717,24307.008178055286,0.0,14714.098392739892,196452.89481635392,351451.5987623036,528411.6996329427
53632,342028.22876018286,251582.0512584448,-99242.70236545801,-869683.6934440732,-580770.4581130743,-1497196.6969195604,-4131833.0505707264,-2868601.970807731,-713134.7429162264,-1287227.420495391,-1089587.8003411293,-113679.61114811897
53633,0.0,0.0,0.0,0.0,0.0,0.0,0.0,0.0,0.0,0.0,0.0,0.0
53635,-206587.21811670065,-15262.62413752079,-14017.628073096275,-86576.78950959444,-422796.44369906187,-385978.92419058084,-64816.139657855034,0.0,-22009.81816482544,-224039.10717374086,0.0,-232255.54988789558
53644,0.0,0.0,0.0,0.0,0.0,0.0,0.0,0.0,0.0,0.0,0.0,0.0
53645,-4217.279473681003,-3635.627948384732,-589.9052767045796,-1825.069192212075,-3115.3356406241655,-2293.11397607252,-1298.2751761823893,-1172.5152041055262,0.0,-151.49709662422538,-493.67899749055505,-1296.490920946002
53646,0.0,0.0,0.0,0.0,0.0,0.0,0.0,0.0,0.0,0.0,0.0,0.0
53663,0.0,0.0,0.0,0.0,0.0,0.0,0.0,0.0,0.0,0.0,0.0,0.0
53664,-21802.181442387402,-38724.40063137561,-66724.18007480167,-21966.00722824782,-12227.239825181663,-16586.94411021471,-21786.59748828411,-20129.0759177953,-4046.580592356622,0.0,-933.000196158886,-14569.893402814865
53665,-44588.77592689544,-90529.99332958087,-104591.64173596352,-26081.76613228023,-17239.871714025736,-17777.564045891166,-27559.84389203787,-24047.1436894089,-1522.2498599886894,0.0,-1438.7574820071459,-30741.34229017794
53666,-31394.33735335432,-47847.428446002305,-56740.495214345865,-10006.63717104122,-2042.179738521576,-5981.1102534383535,-25388.300795041025,-19934.223731316626,-19987.249929070473,-6512.745258033276,-914.529369443655,-26783.64821971208
53667,0.0,0.0,0.0,0.0,0.0,0.0,0.0,0.0,0.0,0.0,0.0,0.0
53668,-10049.449997633696,-35402.40270463005,-38373.98401978612,-1555.5169522240758,-4474.96347630024,-12013.48269957304,-7816.198631703854,-7137.399396955967,0.0,0.0,-6280.177810788155,-12330.443469464779
53669,0.0,0.0,0.0,0.0,0.0,0.0,0.0,0.0,0.0,0.0,0.0,0.0
53670,0.0,0.0,0.0,0.0,0.0,0.0,0.0,0.0,0.0,0.0,0.0,0.0
53671,0.0,0.0,0.0,0.0,0.0,0.0,0.0,0.0,0.0,0.0,0.0,0.0
53672,0.0,0.0,0.0,0.0,0.0,0.0,0.0,0.0,0.0,0.0,0.0,0.0
53673,0.0,0.0,0.0,0.0,0.0,0.0,0.0,0.0,0.0,0.0,0.0,0.0
53674,0.0,0.0,0.0,0.0,0.0,0.0,0.0,0.0,0.0,0.0,0.0,0.0
53675,0.0,0.0,0.0,0.0,0.0,0.0,0.0,0.0,0.0,0.0,0.0,0.0
53676,0.0,0.0,0.0,0.0,0.0,0.0,0.0,0.0,0.0,0.0,0.0,0.0
53677,0.0,0.0,0.0,0.0,0.0,0.0,0.0,0.0,0.0,0.0,0.0,0.0
53678,0.0,0.0,0.0,0.0,0.0,0.0,0.0,0.0,0.0,0.0,0.0,0.0
53679,0.0,0.0,0.0,0.0,0.0,0.0,0.0,0.0,0.0,0.0,0.0,0.0
53680,0.0,0.0,0.0,0.0,0.0,0.0,0.0,0.0,0.0,0.0,0.0,0.0
53681,0.0,0.0,0.0,0.0,0.0,0.0,0.0,0.0,0.0,0.0,0.0,0.0
53741,0.0,0.0,0.0,0.0,0.0,0.0,0.0,0.0,0.0,0.0,0.0,0.0
53742,0.0,0.0,0.0,0.0,0.0,0.0,0.0,0.0,0.0,0.0,0.0,0.0
53743,0.0,0.0,0.0,0.0,0.0,0.0,0.0,0.0,0.0,0.0,0.0,0.0
53744,0.0,0.0,0.0,0.0,0.0,0.0,0.0,0.0,0.0,0.0,0.0,0.0
53745,0.0,0.0,0.0,0.0,0.0,0.0,0.0,0.0,0.0,0.0,0.0,0.0
53746,0.0,0.0,0.0,0.0,0.0,0.0,0.0,0.0,0.0,0.0,0.0,0.0
53763,0.0,0.0,0.0,0.0,0.0,0.0,0.0,0.0,0.0,0.0,0.0,0.0
53764,-189288.9204864502,-399306.23473358154,-781756.9972991943,-177697.2912750244,439064.4802017212,-32829.43174743652,-35344.488441467285,-21651.98257446289,-5290.341232299805,-4721.757743835449,-6395.43253326416,-3895.119125366211
53813,897423.8849458694,573717.1021661162,56061.30917352438,-763164.0420169234,-415837.97566759586,-1348832.2197670937,-4107526.0423926115,-2868601.9708076715,-698420.6445235014,-1090774.5256790519,-738136.2015787959,414732.0884848237
53814,0.0,0.0,0.0,0.0,0.0,0.0,0.0,0.0,0.0,0.0,0.0,0.0
53816,829657.8370184898,125306.52901124954,411444.7342710495,766494.8521900177,2202589.887115717,2594154.4344697,230500.83320260048,112973.33094644547,135617.00997829437,2003265.2873065472,348270.3817822933,2444610.06125319
53824,-163842.27332305908,-10462.220169067383,-4399.532604217529,-229917.10782909393,-502050.9570002556,-449340.73098516464,-214623.7371726036,-13069.491826057434,-22869.527114868164,-549987.6502532959,-38953.94572019577,-610529.1361446381
53825,0.0,0.0,0.0,0.0,0.0,0.0,0.0,0.0,0.0,0.0,0.0,0.0
53826,0.0,0.0,0.0,0.0,0.0,0.0,0.0,0.0,0.0,0.0,0.0,0.0
53827,-77822.68479537964,-33351.3275718689,-30400.867847442627,-29546.600353240967,-24565.55425262451,-59190.62117767334,-27886.317901611328,-37024.847621917725,0.0,-1736.4034233093262,-3098.5049896240234,-19324.280784606934
53844,-5672.384211927652,-11508.32180160284,-13740.542521327734,-775.8090218007565,-4518.912072777748,-3725.375748693943,-3377.1027878522873,-4035.0104110240936,0.0,0.0,-2433.3286054730415,-2740.215582549572
53845,0.0,0.0,-166240.61610379815,0.0,0.0,0.0,0.0,0.0,0.0,0.0,0.0,0.0
53847,0.0,0.0,0.0,0.0,0.0,0.0,0.0,0.0,0.0,0.0,0.0,0.0
53849,0.0,0.0,0.0,0.0,0.0,0.0,0.0,0.0,0.0,0.0,0.0,0.0
53850,0.0,0.0,0.0,0.0,0.0,0.0,0.0,0.0,0.0,0.0,0.0,0.0
53852,0.0,0.0,0.0,0.0,0.0,0.0,0.0,0.0,0.0,0.0,0.0,0.0
53853,0.0,0.0,0.0,0.0,0.0,0.0,0.0,0.0,0.0,0.0,0.0,0.0
53854,0.0,0.0,0.0,0.0,0.0,0.0,0.0,0.0,0.0,0.0,0.0,0.0
53855,0.0,0.0,0.0,0.0,0.0,0.0,0.0,0.0,0.0,0.0,0.0,0.0
53856,0.0,0.0,0.0,0.0,0.0,0.0,0.0,0.0,0.0,0.0,0.0,0.0
53857,0.0,0.0,0.0,0.0,0.0,0.0,0.0,0.0,0.0,0.0,0.0,0.0
53858,0.0,0.0,0.0,0.0,0.0,0.0,0.0,0.0,0.0,0.0,0.0,0.0
53859,0.0,0.0,0.0,0.0,0.0,0.0,0.0,0.0,0.0,0.0,0.0,0.0
53860,0.0,0.0,0.0,0.0,0.0,0.0,0.0,0.0,0.0,0.0,0.0,0.0
53862,125969.24960777722,695789.5460587442,1172854.940748036,1883840.0458171964,686700.7676125616,479201.2297818363,1080469.03861323,1639691.5796636194,1734696.5286294147,735388.9298157915,0.0,0.0
53900,-13719.019523620605,-12114.538554906845,-3160.3548245429993,0.0,0.0,-2.2945327758789062,0.0,-1438.5210418701172,-6737.4556312561035,-1220.9193668365479,-641.4285278320312,-4353.270860671997
53926,0.0,0.0,0.0,0.0,0.0,0.0,0.0,0.0,0.0,0.0,0.0,0.0
53927,0.0,0.0,0.0,0.0,0.0,0.0,0.0,0.0,0.0,0.0,0.0,0.0
53928,0.0,0.0,0.0,0.0,0.0,0.0,0.0,0.0,0.0,0.0,0.0,0.0
53929,0.0,0.0,0.0,0.0,0.0,0.0,0.0,0.0,0.0,0.0,0.0,0.0
53930,0.0,0.0,0.0,0.0,0.0,0.0,0.0,0.0,0.0,0.0,0.0,0.0
53932,0.0,0.0,0.0,0.0,0.0,0.0,0.0,0.0,0.0,0.0,0.0,0.0
53949,0.0,0.0,0.0,0.0,0.0,0.0,0.0,0.0,0.0,0.0,0.0,0.0
53987,0.0,0.0,0.0,0.0,0.0,0.0,0.0,0.0,0.0,0.0,0.0,0.0
53998,0.0,0.0,0.0,0.0,0.0,0.0,0.0,0.0,0.0,0.0,0.0,0.0
53999,0.0,0.0,0.0,0.0,0.0,0.0,0.0,0.0,0.0,0.0,0.0,0.0
54002,-114780.29789954424,-20610.207123041153,0.0,-91970.06975662708,-203984.34440678358,-211852.0463733077,-81105.02796399593,-66320.05032765865,-2858.6388812065125,-172407.4379762411,-21746.365199565887,-214181.94575226307
54008,-27465.94262266159,-1946.0695042610168,-16885.26751089096,-14264.689937829971,-58257.25243496895,-34112.762466311455,-10077.23183298111,0.0,-654.881644487381,-32288.610647916794,-13834.855592250824,-30638.820211410522
54009,0.0,0.0,0.0,0.0,0.0,0.0,0.0,0.0,0.0,0.0,0.0,0.0
54010,0.0,0.0,0.0,0.0,0.0,0.0,0.0,0.0,0.0,0.0,0.0,0.0
54011,0.0,0.0,0.0,0.0,0.0,0.0,0.0,0.0,0.0,0.0,0.0,0.0
54028,-32325.85312652588,-73596.20298290253,-79425.59150314331,-5783.486312866211,-26823.28486442566,-19546.50273513794,-28505.38459587097,-37888.99058151245,0.0,0.0,-11765.67651939392,-13422.391862869263
54029,-43374.28434172273,-94976.58083714545,-185366.7134156078,-127569.14011473954,-94092.61442410946,-17298.97113263607,-11133.288265645504,-29055.11524927616,-101130.70939531922,-148053.23583111167,-129305.51621600986,-115623.977232337
54030,-243428.06143148988,-232584.3003379628,-154911.640625,-85161.21882218495,-58930.35138985515,-143744.93788643926,-206745.02218722552,-238693.85642965138,-65277.93289319426,-3272.8946982994676,-4153.548902794719,-162424.9119211249
54031,0.0,-148863.3746021688,-179602.61498513818,0.0,0.0,0.0,0.0,0.0,0.0,0.0,0.0,0.0
54032,0.0,0.0,0.0,0.0,0.0,0.0,0.0,0.0,0.0,0.0,0.0,0.0
54033,-87655.174686566,-224140.44532815646,-197850.75307227857,-106453.68990214355,-17018.637257933617,-21877.725189059973,-41876.31556805968,-69097.30054819584,-71960.83624464273,-16448.90756904334,0.0,-3105.678990840912
54034,0.0,0.0,0.0,0.0,0.0,0.0,0.0,0.0,0.0,0.0,0.0,0.0
54035,-81079.96170902066,-108815.65411701985,-61920.952323153615,-17761.850167110562,-22200.823083147407,-22857.38179899752,-37308.828844964504,-20608.391532108188,0.0,0.0,-33494.370954629034,-26517.452753141522
54036,0.0,0.0,0.0,0.0,0.0,0.0,0.0,0.0,0.0,0.0,0.0,0.0
54037,0.0,0.0,0.0,0.0,0.0,0.0,0.0,0.0,0.0,0.0,0.0,0.0
54038,0.0,0.0,0.0,0.0,0.0,0.0,0.0,0.0,0.0,0.0,0.0,0.0
54040,0.0,0.0,0.0,0.0,0.0,0.0,0.0,0.0,0.0,0.0,0.0,0.0
54041,0.0,0.0,0.0,0.0,0.0,0.0,0.0,0.0,0.0,0.0,0.0,0.0
54042,0.0,0.0,0.0,0.0,0.0,0.0,0.0,0.0,0.0,0.0,0.0,0.0
54045,0.0,0.0,0.0,0.0,0.0,0.0,0.0,0.0,0.0,0.0,0.0,0.0
54046,0.0,0.0,0.0,0.0,0.0,0.0,0.0,0.0,0.0,0.0,0.0,0.0
54047,0.0,0.0,0.0,0.0,0.0,0.0,0.0,0.0,0.0,0.0,0.0,0.0
54048,0.0,0.0,0.0,0.0,0.0,0.0,0.0,0.0,0.0,0.0,0.0,0.0
54049,0.0,0.0,0.0,0.0,0.0,0.0,0.0,0.0,0.0,0.0,0.0,0.0
54050,0.0,0.0,0.0,0.0,0.0,0.0,0.0,0.0,0.0,0.0,0.0,0.0
54051,0.0,0.0,0.0,0.0,0.0,0.0,0.0,0.0,0.0,0.0,0.0,0.0
54054,-37757.08742766219,-389715.0183336353,-767797.8262739228,-1634719.597620009,-1947536.0120502245,-1149673.5766140004,-377093.8554757787,-667560.4153565539,-701260.43369512,-764494.4443258947,-191055.1268904726,0.0
54091,0.0,0.0,0.0,0.0,0.0,0.0,0.0,0.0,0.0,0.0,0.0,0.0
54118,-2349796.8981399536,-9480189.894233704,-10189529.009994507,-21118553.443603516,-16090529.627754211,-1445733.2907905579,-2331636.108154297,-8730815.676513672,-12221194.746963501,-5439828.722146988,-752246.3351039886,-438937.5012245178
54119,0.0,146890.26856708527,518926.9299337864,279528.85531425476,614300.7286229134,153017.92856311798,609127.920699358,763225.9444282055,881751.6020684242,482521.51789700985,0.0,0.0
54123,0.0,0.0,0.0,0.0,0.0,0.0,0.0,0.0,0.0,0.0,0.0,0.0
54124,0.0,0.0,0.0,0.0,0.0,0.0,0.0,0.0,0.0,0.0,0.0,0.0
54125,0.0,0.0,0.0,0.0,0.0,0.0,0.0,0.0,0.0,0.0,0.0,0.0
54126,0.0,0.0,0.0,0.0,0.0,0.0,0.0,0.0,0.0,0.0,0.0,0.0
54143,-189288.9204864502,-399306.23473358154,-781756.9972991943,-177697.2912750244,439064.4802093506,-32829.43174743652,-35344.488441467285,-21651.98257446289,-5290.341232299805,-4721.757736206055,-6395.432525634766,-3895.119125366211
54192,0.0,0.0,0.0,0.0,0.0,0.0,0.0,0.0,0.0,0.0,0.0,0.0
54193,0.0,0.0,0.0,0.0,0.0,0.0,0.0,0.0,0.0,0.0,0.0,0.0
54194,0.0,0.0,0.0,0.0,0.0,0.0,0.0,0.0,0.0,0.0,0.0,0.0
54195,0.0,0.0,0.0,0.0,0.0,0.0,0.0,0.0,0.0,0.0,0.0,0.0
54196,-106454.43997764587,-65568.61688804626,-11833.71634054184,-153720.95960080624,-153969.522793293,-188364.78243267536,0.0,0.0,0.0,-191640.53301906586,-3237.0002834796906,-289081.58131688833
54203,-729781.0337266922,-309691.88546562195,-98720.6010837555,-337469.21922302246,-89227.37377166748,-294124.6511363983,29489.716598510742,7836.474488258362,-301.3141622543335,299167.32820796967,81750.3852443695,240757.60196208954
54204,0.0,0.0,0.0,0.0,0.0,0.0,0.0,0.0,0.0,0.0,0.0,0.0
54205,0.0,0.0,0.0,0.0,0.0,0.0,0.0,0.0,0.0,0.0,0.0,0.0
54219,-882.2704576551914,-6016.378258049488,-8893.911039084196,-4818.614398688078,-1357.5613093972206,-350.3977771997452,-4847.259743750095,-11884.704573661089,-4560.625616803765,-2975.8936522603035,0.0,0.0
54220,0.0,0.0,0.0,0.0,0.0,0.0,0.0,0.0,0.0,0.0,0.0,0.0
54221,-675402.3836547136,-671772.0953996181,-1296229.1184444427,-342220.4727959633,-174890.1451742649,-284042.11269783974,-347046.68011164665,-653713.4188966751,-97022.60849404335,0.0,-22103.07489824295,-762071.8640499115
54224,-3125.451255708933,-74420.62845414877,-114756.55682224035,-98176.06859105825,-59109.15470647812,-6136.977588772774,-33673.74729412794,-74804.27012944221,-123287.38465923071,-107688.71384054422,-28842.028070032597,0.0
54225,0.0,0.0,0.0,0.0,0.0,0.0,0.0,0.0,0.0,0.0,0.0,0.0
54227,-224577.14912983403,-476504.3931058515,-424309.0866557788,-197862.87578433007,-22848.18469631672,-12019.998139441013,-15851.793077230453,-78769.7365232706,-149589.1321361065,-92056.22901684046,0.0,-1641.8695343732834
54228,-40209.18513644673,-54722.274499338586,-42153.90359698329,-12803.163245655596,-11861.28687454015,-10792.526284366846,-17167.727294310927,-18838.807485312223,-11110.85836762935,0.0,0.0,-732.7877820953727
54229,0.0,0.0,0.0,0.0,0.0,0.0,0.0,0.0,0.0,0.0,0.0,0.0
54231,0.0,0.0,0.0,0.0,0.0,0.0,0.0,0.0,0.0,0.0,0.0,0.0
54232,0.0,0.0,0.0,0.0,0.0,0.0,0.0,0.0,0.0,0.0,0.0,0.0
54233,0.0,0.0,0.0,0.0,0.0,0.0,0.0,0.0,0.0,0.0,0.0,0.0
54234,0.0,0.0,0.0,0.0,0.0,0.0,0.0,0.0,0.0,0.0,0.0,0.0
54240,0.0,0.0,0.0,0.0,0.0,0.0,0.0,0.0,0.0,0.0,0.0,0.0
54241,0.0,0.0,0.0,0.0,0.0,0.0,0.0,0.0,0.0,0.0,0.0,0.0
54242,0.0,0.0,0.0,0.0,0.0,0.0,0.0,0.0,0.0,0.0,0.0,0.0
54243,0.0,0.0,0.0,0.0,0.0,0.0,0.0,0.0,0.0,0.0,0.0,0.0
54244,0.0,0.0,0.0,0.0,0.0,0.0,0.0,0.0,0.0,0.0,0.0,0.0
54245,2460.1391466306522,9037.887398924679,17489.260533504188,24863.497507121414,18266.954796537757,2455.9652016460896,5427.870565269142,9089.27693282906,-155451.528789144,-178669.57854456734,2938.500588824041,0.0
54301,-3232018.1748046875,-7202112.17388916,-26998946.971069336,-22574190.761535645,-40861617.181274414,-10466481.600585938,-4228645.988525391,-667443.7866210938,-338734.17541503906,-465715.37579345703,-803081.7749633789,-978206.7608337402
54302,0.0,0.0,0.0,0.0,0.0,0.0,0.0,0.0,0.0,0.0,0.0,0.0
54316,0.0,0.0,0.0,0.0,0.0,0.0,0.0,0.0,0.0,0.0,0.0,0.0
54317,0.0,0.0,0.0,0.0,0.0,0.0,0.0,0.0,0.0,0.0,0.0,0.0
54318,0.0,0.0,0.0,0.0,0.0,0.0,0.0,0.0,0.0,0.0,0.0,0.0
54382,0.0,0.0,0.0,0.0,0.0,0.0,0.0,0.0,0.0,0.0,0.0,0.0
54383,0.0,0.0,0.0,0.0,0.0,0.0,0.0,0.0,0.0,0.0,0.0,0.0
54384,0.0,0.0,0.0,0.0,0.0,0.0,0.0,0.0,0.0,0.0,0.0,0.0
54385,0.0,0.0,0.0,0.0,0.0,0.0,0.0,0.0,0.0,0.0,0.0,0.0
54386,0.0,0.0,0.0,0.0,0.0,0.0,0.0,0.0,0.0,0.0,0.0,0.0
54394,-55601.798372507095,-23241.73355603218,-2430.9078491330147,-15852.020603835583,-22324.076918005943,-40804.91352593899,-6115.306200623512,0.0,0.0,0.0,-627.3672881126404,-8976.856989085674
54395,0.0,0.0,0.0,0.0,0.0,0.0,0.0,0.0,0.0,0.0,0.0,0.0
54396,0.0,0.0,0.0,0.0,0.0,0.0,0.0,0.0,0.0,0.0,0.0,0.0
54397,0.0,0.0,0.0,0.0,0.0,0.0,0.0,0.0,0.0,0.0,0.0,0.0
54399,0.0,0.0,0.0,0.0,0.0,0.0,0.0,0.0,0.0,0.0,0.0,0.0
54412,-5710.043886780739,-28045.67282831669,-16907.255541324615,-4282.518061637878,-7831.493465185165,-3237.006803750992,-17355.23841702938,-67818.94899177551,-9103.328754901886,0.0,-271.88467955589294,-4048.235997915268
54413,0.0,0.0,0.0,0.0,0.0,0.0,0.0,0.0,0.0,0.0,0.0,0.0
54418,0.0,0.0,0.0,0.0,0.0,0.0,0.0,0.0,0.0,0.0,0.0,0.0
54419,-96171.19893860212,-28056.326171875,0.0,-80665.36443867674,-12665.154066815972,-7622.891375869513,-42516.16818216443,-51881.86583381891,-82456.01306392998,-28176.678128913045,0.0,-2801.984415784478
54420,0.0,0.0,0.0,0.0,0.0,0.0,0.0,0.0,0.0,0.0,0.0,0.0
54423,0.0,0.0,0.0,0.0,0.0,0.0,0.0,0.0,0.0,0.0,0.0,0.0
54424,0.0,0.0,0.0,0.0,0.0,0.0,0.0,0.0,0.0,0.0,0.0,0.0
54425,0.0,0.0,0.0,0.0,0.0,0.0,0.0,0.0,0.0,0.0,0.0,0.0
54426,0.0,0.0,0.0,0.0,0.0,0.0,0.0,0.0,0.0,0.0,0.0,0.0
54427,0.0,0.0,0.0,0.0,0.0,0.0,0.0,0.0,0.0,0.0,0.0,0.0
54428,0.0,0.0,0.0,0.0,0.0,0.0,0.0,0.0,0.0,0.0,0.0,0.0
54429,0.0,0.0,0.0,0.0,0.0,0.0,0.0,0.0,0.0,0.0,0.0,0.0
54430,0.0,0.0,0.0,0.0,0.0,0.0,0.0,0.0,0.0,0.0,0.0,0.0
54431,0.0,0.0,0.0,0.0,0.0,0.0,0.0,0.0,0.0,0.0,0.0,0.0
54432,0.0,0.0,0.0,0.0,0.0,0.0,0.0,0.0,0.0,0.0,0.0,0.0
54433,0.0,0.0,0.0,0.0,0.0,0.0,0.0,0.0,0.0,0.0,0.0,0.0
54434,0.0,0.0,0.0,0.0,0.0,0.0,0.0,0.0,0.0,0.0,0.0,0.0
54439,0.0,0.0,0.0,0.0,0.0,0.0,0.0,0.0,0.0,0.0,0.0,0.0
54440,0.0,0.0,0.0,0.0,0.0,0.0,0.0,0.0,0.0,0.0,0.0,0.0
54441,0.0,0.0,0.0,0.0,0.0,0.0,0.0,0.0,0.0,0.0,0.0,0.0
54442,0.0,0.0,0.0,0.0,0.0,0.0,0.0,0.0,0.0,0.0,0.0,0.0
54443,0.0,0.0,0.0,0.0,0.0,0.0,0.0,0.0,0.0,0.0,0.0,0.0
54444,0.0,0.0,0.0,0.0,0.0,0.0,0.0,0.0,0.0,0.0,0.0,0.0
54445,0.0,0.0,0.0,0.0,0.0,0.0,0.0,0.0,0.0,0.0,0.0,0.0
54446,0.0,0.0,0.0,0.0,0.0,0.0,0.0,0.0,0.0,0.0,0.0,0.0
54447,0.0,0.0,0.0,0.0,0.0,0.0,0.0,0.0,0.0,0.0,0.0,0.0
54450,-42369.03989650961,-91785.83834075928,-246217.42140474916,-233944.73648820817,-324854.24107752554,-45258.65492519736,-106656.90211690962,-163686.0958231797,0.0,-3183.089599609375,-26459.876596196555,-432.3009701697156
54452,8431.212364196777,-979617.0792951584,-1139882.699687004,-1202628.5542640686,-3528752.8443365097,-1742852.4012975693,-768564.3834652901,-4984764.357315302,-5176498.032811165,-5605615.5101515055,-4152271.0760750175,-285343.8434112072
54480,-4487695.856231689,-7251737.513183594,-27375920.23223877,-22484986.721740723,-40824423.84136963,-10504902.955413818,-4276594.176879883,-711174.3258666992,-352287.49253845215,-497962.69386291504,-785383.6622314453,-1011777.0253448486
54481,1301155.3640518188,174263.08489608765,497507.7724227905,61620.1831703186,15813.13695526123,0.0,0.0,0.0,0.0,14320.824851989746,0.0,67585.39142990112
54501,-3232018.1748046875,-7202112.17388916,-26998946.971069336,-22574190.761535645,-40861617.18133545,-10466481.600524902,-4228645.988525391,-667443.7866210938,-338734.17541503906,-465715.37579345703,-803081.7749938965,-978206.7608337402
54522,0.0,0.0,0.0,0.0,0.0,0.0,0.0,0.0,0.0,0.0,0.0,0.0
54523,0.0,0.0,0.0,0.0,0.0,0.0,0.0,0.0,0.0,0.0,0.0,0.0
54525,0.0,0.0,0.0,0.0,0.0,0.0,0.0,0.0,0.0,0.0,0.0,0.0
54526,0.0,0.0,0.0,0.0,0.0,0.0,0.0,0.0,0.0,0.0,0.0,0.0
54580,0.0,0.0,0.0,0.0,0.0,0.0,0.0,0.0,0.0,0.0,0.0,0.0
54589,0.0,0.0,0.0,0.0,0.0,0.0,0.0,0.0,0.0,0.0,0.0,0.0
54590,0.0,0.0,0.0,0.0,0.0,0.0,0.0,0.0,0.0,0.0,0.0,0.0
54591,0.0,0.0,0.0,0.0,0.0,0.0,0.0,0.0,0.0,0.0,0.0,0.0
54592,0.0,0.0,0.0,0.0,0.0,0.0,0.0,0.0,0.0,0.0,0.0,0.0
54593,0.0,0.0,0.0,0.0,0.0,0.0,0.0,0.0,0.0,0.0,0.0,0.0
54600,-1060264.9214687347,-425753.667634964,-100806.62103652954,-1582749.2465629578,-1042660.1161842346,-1293146.0118780136,-1011994.9794902802,-636242.9100933075,-186672.30407714844,-240781.48212242126,-190803.6437664032,-782576.7831115723
54601,-100457.80659461021,-32309.91425204277,-788.7860927581787,-132684.64623832703,-103457.24581241608,-149695.47451245785,-139213.58696329594,-2716.496412396431,0.0,-8602.723797678947,-2661.551876306534,-62745.198726415634
54602,-17243.512338131666,-5033.653530061245,-384.80832225084305,-21642.76201170683,-24455.183570325375,-24090.146124839783,-11490.382199972868,0.0,0.0,-719.1654039025307,-434.59352058172226,-4512.7633600234985
54603,0.0,0.0,0.0,0.0,0.0,0.0,0.0,0.0,0.0,0.0,0.0,0.0
54604,0.0,0.0,0.0,0.0,0.0,0.0,0.0,0.0,0.0,0.0,0.0,0.0
54616,-8129.515855312347,-54159.74507331848,-34892.32342368364,-20687.096851050854,-8363.888849079609,0.0,0.0,-14572.808145046234,-21421.18133175373,-24194.98605197668,-32900.06343185902,-9649.463635027409
54617,0.0,0.0,0.0,0.0,0.0,0.0,0.0,0.0,0.0,0.0,0.0,0.0
54618,0.0,0.0,0.0,0.0,0.0,0.0,0.0,0.0,0.0,0.0,0.0,0.0
54623,-2279.642645418644,-13798.325834989548,-15326.94899892807,-19964.446495056152,-35447.8061914444,0.0,0.0,0.0,-25784.01016676426,-27232.368758440018,-35157.64007019997,-15510.864794969559
54624,0.0,0.0,0.0,0.0,0.0,0.0,0.0,0.0,0.0,0.0,0.0,0.0
54625,0.0,0.0,0.0,0.0,0.0,0.0,0.0,0.0,0.0,0.0,0.0,0.0
54626,0.0,0.0,0.0,0.0,0.0,0.0,0.0,0.0,0.0,0.0,0.0,0.0
54627,0.0,0.0,0.0,0.0,0.0,0.0,0.0,0.0,0.0,0.0,0.0,0.0
54628,0.0,0.0,0.0,0.0,0.0,0.0,0.0,0.0,0.0,0.0,0.0,0.0
54629,0.0,0.0,0.0,0.0,0.0,0.0,0.0,0.0,0.0,0.0,0.0,0.0
54630,0.0,0.0,0.0,0.0,0.0,0.0,0.0,0.0,0.0,0.0,0.0,0.0
54631,0.0,0.0,0.0,0.0,0.0,0.0,0.0,0.0,0.0,0.0,0.0,0.0
54632,0.0,0.0,0.0,0.0,0.0,0.0,0.0,0.0,0.0,0.0,0.0,0.0
54633,0.0,0.0,0.0,0.0,0.0,0.0,0.0,0.0,0.0,0.0,0.0,0.0
54634,0.0,0.0,0.0,0.0,0.0,0.0,0.0,0.0,0.0,0.0,0.0,0.0
54635,0.0,0.0,0.0,0.0,0.0,0.0,0.0,0.0,0.0,0.0,0.0,0.0
54640,0.0,0.0,0.0,0.0,0.0,0.0,0.0,0.0,0.0,0.0,0.0,0.0
54641,0.0,0.0,0.0,0.0,0.0,0.0,0.0,0.0,0.0,0.0,0.0,0.0
54642,0.0,0.0,0.0,0.0,0.0,0.0,0.0,0.0,0.0,0.0,0.0,0.0
54643,0.0,0.0,0.0,0.0,0.0,0.0,0.0,0.0,0.0,0.0,0.0,0.0
54644,0.0,0.0,0.0,0.0,0.0,0.0,0.0,0.0,0.0,0.0,0.0,0.0
54645,0.0,0.0,0.0,0.0,0.0,0.0,0.0,0.0,0.0,0.0,0.0,0.0
54646,0.0,0.0,0.0,0.0,0.0,0.0,0.0,0.0,0.0,0.0,0.0,0.0
54647,59878.82318771677,67557.7823328462,0.0,0.0,0.0,0.0,106105.79166718177,134912.7716843465,138610.04907007283,42840.145709374454,0.0,5265.121022745036
54648,-4096.842615761794,-4100.403554908931,-38710.735222652555,-17756.502786949277,-23374.363815560937,-30060.079319830984,-71689.07985051721,-94901.35754501075,-103340.5052982159,-47250.88868342899,0.0,-307.6562913702801
54687,-13719.019523620605,-12114.538551330566,-3160.3548278808594,0.0,0.0,-2.294525146484375,0.0,-1438.5210418701172,-6737.455627441406,-1220.9193725585938,-641.4285278320312,-4353.270858764648
54697,0.0,0.0,0.0,0.0,0.0,0.0,0.0,0.0,0.0,0.0,0.0,0.0
54718,5.07128643989563,1491.5260844230652,7205.352196216583,112.69119882583618,1323.7049255371094,367.6347894668579,1669.1299028396606,6398.865063905716,8453.339561223984,8886.587304115295,3337.491772055626,549.2928410768509
54719,3726.444132208824,-2301.49465072155,-27063.236513018608,-94386.86967992783,-108683.88722229004,0.0,942.8100923299789,1886.072876572609,9247.399405956268,5465.884180366993,9596.914238333702,-50.720445692539215
54720,0.0,0.0,0.0,0.0,0.0,0.0,0.0,0.0,0.0,0.0,0.0,0.0
54722,0.0,0.0,0.0,0.0,0.0,0.0,0.0,0.0,0.0,0.0,0.0,0.0
54723,0.0,0.0,0.0,0.0,0.0,0.0,0.0,0.0,0.0,0.0,0.0,0.0
54724,-1098178.236256361,-5651610.189730406,-11584680.345622063,-1134167.9446611404,-4652728.099246025,-1481592.7485072613,-4660511.772093773,-7872223.238894939,-9896077.390781403,-6682319.842596054,-1861390.502417326,-337670.32357287407
54725,0.0,0.0,0.0,0.0,0.0,0.0,0.0,0.0,0.0,0.0,0.0,0.0
54726,-3701.6522515416145,-631868.3450431228,-1894417.067811206,-313078.3937572241,-1583988.8514063507,-320457.26981928945,-506704.8500789106,-1283983.7272489518,-1472989.5775072984,-1469520.1315577626,-606873.4918529391,0.0
54727,598.812962949276,283905.631642133,1264030.1092880368,418447.4129165709,1692535.4818715453,788997.2260362804,315576.31362366676,1057979.3976908922,1184736.229605317,1289069.0255541205,579126.6717952117,0.0
54728,0.0,112.38107920764014,354.5453578447923,128.96821639779955,399.67774114152417,184.77836138533894,101.35803644091357,253.786292847828,289.36257393751293,302.88656619994435,108.90681926504476,0.0
54729,0.0,0.0,0.0,0.0,0.0,0.0,0.0,0.0,0.0,0.0,0.0,0.0
54730,0.0,0.0,0.0,0.0,0.0,0.0,0.0,0.0,0.0,0.0,0.0,0.0
54742,-189288.9204864502,-399306.23473358154,-781756.9972991943,-177697.2912750244,439064.4802093506,-32829.43174743652,-35344.488441467285,-21651.98257446289,-5290.341232299805,-4721.757736206055,-6395.432525634766,-3895.119125366211
54790,0.0,0.0,0.0,0.0,0.0,0.0,0.0,0.0,0.0,0.0,0.0,0.0
54791,720589.1415748894,454370.23449747264,-15222.588598519564,70589.9041209817,-597302.3814778328,-2800447.810770035,-3155731.8172951937,-1805518.9639018178,305841.18441054225,178597.34962442517,360779.77693757415,565134.3583617806
54793,0.0,0.0,0.0,0.0,0.0,0.0,0.0,0.0,0.0,0.0,0.0,0.0
54794,-137884.83229535818,-6122.334054529667,-6293.300151228905,-73855.11363220215,-214599.16987377405,-219043.41543275118,-51882.6345590055,-853.6350353360176,-14923.834235697985,-135934.7361752987,-37476.14996302128,-212478.9866963625
54803,-45464.185785233974,-18040.190127313137,-220.9888436794281,-62705.09020078182,-47664.573786854744,-52749.869128227234,-61613.09175756574,0.0,0.0,-6065.045896351337,-4165.564320683479,-25631.078954279423
54804,0.0,0.0,0.0,0.0,0.0,0.0,0.0,0.0,0.0,0.0,0.0,0.0
54805,0.0,0.0,0.0,0.0,0.0,0.0,0.0,0.0,0.0,0.0,0.0,0.0
54807,0.0,0.0,0.0,0.0,0.0,0.0,0.0,0.0,0.0,0.0,0.0,0.0
54808,-35240.826677814126,-73756.02659270167,-48810.39428547025,-5162.7843612879515,-3376.1867998838425,-22703.792401224375,-29145.98920816183,-23295.900183826685,-34421.75379124284,0.0,-478.9022135734558,-7484.189434438944
54809,0.0,0.0,0.0,0.0,0.0,0.0,0.0,0.0,0.0,0.0,0.0,0.0
54811,-45908.6766769886,-15157.210778474808,-11297.896736621857,-2458.826819896698,0.0,0.0,-18357.755301475525,-52319.453122377396,-3128.147381544113,-49545.967215538025,-312.5416383743286,-5548.992265701294
54812,-9615.362190485,-3250.6184183359146,-2826.3217072486877,-1043.2637966871262,-127.91140222549438,-1664.0859384536743,-3777.8215487003326,-9129.30259847641,-308.89642357826233,0.0,0.0,-1544.3430851697922
54821,0.0,0.0,0.0,0.0,0.0,0.0,0.0,0.0,0.0,0.0,0.0,0.0
54822,0.0,0.0,0.0,0.0,0.0,0.0,0.0,0.0,0.0,0.0,0.0,0.0
54825,-342.54587507247925,-52501.994626522064,-69118.71185052395,-24334.77196276188,-132836.85670685768,-5377.012517213821,0.0,0.0,-10923.416301965714,-62265.171305179596,-82955.76845955849,-20774.36611711979
54826,-111588.43022298813,-99098.62435698509,-136061.55300474167,-45309.29642057419,-193066.86286354065,-35449.97389793396,-123294.61332035065,-101703.37922906876,-37886.797037124634,-52345.52990913391,-9934.538746356964,-52374.00032997131
54829,0.0,0.0,0.0,0.0,0.0,0.0,0.0,0.0,0.0,0.0,0.0,0.0
54830,0.0,0.0,0.0,0.0,0.0,0.0,0.0,0.0,0.0,0.0,0.0,0.0
54831,0.0,0.0,0.0,0.0,0.0,0.0,0.0,0.0,0.0,0.0,0.0,0.0
54832,0.0,0.0,0.0,0.0,0.0,0.0,0.0,0.0,0.0,0.0,0.0,0.0
54833,0.0,0.0,0.0,0.0,0.0,0.0,0.0,0.0,0.0,0.0,0.0,0.0
54834,0.0,0.0,0.0,0.0,0.0,0.0,0.0,0.0,0.0,0.0,0.0,0.0
54835,0.0,0.0,0.0,0.0,0.0,0.0,0.0,0.0,0.0,0.0,0.0,0.0
54839,0.0,0.0,0.0,0.0,0.0,0.0,0.0,0.0,0.0,0.0,0.0,0.0
54840,0.0,0.0,0.0,0.0,0.0,0.0,0.0,0.0,0.0,0.0,0.0,0.0
54841,0.0,0.0,0.0,0.0,0.0,0.0,0.0,0.0,0.0,0.0,0.0,0.0
54850,0.0,0.0,0.0,0.0,0.0,0.0,0.0,0.0,0.0,0.0,0.0,0.0
54851,0.0,0.0,0.0,0.0,0.0,0.0,0.0,0.0,0.0,0.0,0.0,0.0
54852,0.0,0.0,0.0,0.0,0.0,0.0,0.0,0.0,0.0,0.0,0.0,0.0
54853,0.0,0.0,0.0,0.0,0.0,0.0,0.0,0.0,0.0,0.0,0.0,0.0
54854,0.0,0.0,0.0,0.0,0.0,0.0,0.0,0.0,0.0,0.0,0.0,0.0
54855,0.0,0.0,0.0,0.0,0.0,0.0,0.0,0.0,0.0,0.0,0.0,0.0
54858,-81124.09411287308,-150956.60830038786,-425873.5367882252,-386139.84527665377,-824732.1008772552,-324485.42995444685,-5501.376381590962,-83417.31568598747,-316860.31658136286,-496085.36553414725,0.0,-381259.8588794274
54859,-131563.92444259673,-491851.5085173249,-962030.4798209965,-1185899.048907563,-799180.5851964764,0.0,0.0,0.0,0.0,0.0,-424192.3086296469,-3215.9838636890054
54898,-3186547.81930542,-7077484.775512695,-26878471.515197754,-22423372.45074463,-40808721.794799805,-10504952.22052002,-4276685.651733398,-711174.3258666992,-352287.49252319336,-483713.38610839844,-785509.2863464355,-944277.514175415
54900,-3200266.83883667,-7089599.3140563965,-26881631.869995117,-22423372.45074463,-40808721.794799805,-10504954.515014648,-4276685.651733398,-712612.8469238281,-359024.94818115234,-484934.30545043945,-786150.7148742676,-948630.7850341797
54939,0.0,-1096.6621796004474,-5833.906570583582,-3516.400039345026,-7801.220218792558,-5183.703358128667,-909.8640459924936,-2610.8340046219528,-3630.373585358262,-4051.7175127398223,-3628.540166383609,-656.2816018825397
54940,32625.09410583973,25618.871379181743,62342.20762427896,29394.598951995373,93016.93610437214,69404.91830171645,19264.801471322775,7822.215629123151,12360.262759882957,43996.344284407794,49805.23848911747,40805.21499735117
54942,0.0,0.0,0.0,0.0,0.0,0.0,0.0,0.0,0.0,0.0,0.0,0.0
54943,0.0,0.0,0.0,0.0,0.0,0.0,0.0,0.0,0.0,0.0,0.0,0.0
54955,0.0,0.0,0.0,0.0,0.0,0.0,0.0,0.0,0.0,0.0,0.0,0.0
54994,0.0,0.0,0.0,0.0,0.0,0.0,0.0,0.0,0.0,0.0,0.0,0.0
55002,103441.23974432051,780468.1086859703,-424488.26365345716,-369152.37331676483,238231.76471614838,-113467.56254673004,-207088.74979805946,-46774.251437842846,4356.6735466867685,89737.16041496396,231962.873285532,520708.73185727
55003,0.0,0.0,0.0,0.0,0.0,0.0,0.0,0.0,0.0,0.0,0.0,0.0
55004,-285180.61901807785,-211260.28299760818,-74891.73950719833,-388494.86332321167,-470954.99700546265,-306932.4804189205,-72540.45652627945,-7442.250401258469,-207393.44949030876,-154931.32665729523,-38566.89718770981,-367364.120472908
55012,-60231.7032084465,-48518.44638133049,-27752.84280014038,-8816.22742342949,-34550.59664440155,-62648.4839001894,-120855.95397078991,-59875.53950202465,-12423.3370013237,0.0,0.0,-14900.170266628265
55014,0.0,0.0,0.0,0.0,0.0,0.0,0.0,0.0,0.0,0.0,0.0,0.0
55015,0.0,0.0,0.0,0.0,0.0,0.0,0.0,0.0,0.0,0.0,0.0,0.0
55016,0.0,0.0,0.0,0.0,0.0,0.0,0.0,0.0,0.0,0.0,0.0,0.0
55017,0.0,0.0,0.0,0.0,0.0,0.0,0.0,0.0,0.0,0.0,0.0,0.0
55018,-2283.645893279463,-2738.566048413515,-1455.6178370453417,-2363.8357137069106,-615.4255853444338,-914.5425058826804,-3735.6911925151944,-6670.191865988076,-1813.996560715139,-2421.291807964444,0.0,-63.52831159904599
55019,0.0,0.0,0.0,0.0,0.0,0.0,0.0,0.0,0.0,0.0,0.0,0.0
55020,0.0,0.0,0.0,0.0,0.0,0.0,0.0,0.0,0.0,0.0,0.0,0.0
55021,-5369.15985250473,-1479.0953497886658,-1164.880615234375,-2104.887469291687,-532.2668242454529,-341.7297043800354,-494.0183000564575,-2830.400944709778,-698.6193881034851,-5177.885715484619,-1030.1041917800903,-2213.9475009441376
55022,-46.13459396362305,-264.56126594543457,-229.0083885192871,-93.81570720672607,-332.57068252563477,-29.111366271972656,0.0,0.0,-16.964061737060547,-408.53759384155273,-111.75446701049805,-307.40958976745605
55023,-5172.657846927643,-5417.240895748138,-41.23105573654175,-71.2908582687378,-2879.409972190857,-2811.318368911743,-1860.3110556602478,-230.0518798828125,0.0,0.0,-301.7730932235718,-3049.925377368927
55024,-5152.123794078827,-16321.315358638763,-4734.696731090546,-6035.844908714294,-2740.9942650794983,0.0,-9868.575721263885,-4412.341354846954,-2433.430618286133,-9119.600151062012,0.0,0.0
55025,134039.599609375,897560.862030983,100556.71445465088,165825.54933547974,-83941.72527885437,-65628.03144454956,602651.9601287842,46568.272830963135,42203.63599586487,483887.5063076019,-286.46759033203125,3475.462942123413
55028,-49758.35264146328,-163970.438057065,-138678.8611739874,-119352.97180229425,-24170.208871603012,-36253.80982816219,-131601.7437517643,-96550.66188383102,-20007.88095331192,0.0,0.0,-12585.477165818214
55029,0.0,0.0,0.0,0.0,0.0,0.0,0.0,0.0,0.0,0.0,0.0,0.0
55032,0.0,0.0,0.0,0.0,0.0,0.0,0.0,0.0,0.0,0.0,0.0,0.0
55033,0.0,0.0,0.0,0.0,0.0,0.0,0.0,0.0,0.0,0.0,0.0,0.0
55036,0.0,0.0,0.0,0.0,0.0,0.0,0.0,0.0,0.0,0.0,0.0,0.0
55037,0.0,0.0,0.0,0.0,0.0,0.0,0.0,0.0,0.0,0.0,0.0,0.0
55038,0.0,-92367.30396801233,-130135.73030513525,-122635.9672190547,-100650.64992845058,-6664.717774391174,-2734.623117208481,-34876.35748338699,-110411.12945282459,-177252.9676090181,-171455.55643999577,0.0
55039,0.0,0.0,0.0,0.0,0.0,0.0,0.0,0.0,0.0,0.0,0.0,0.0
55040,0.0,0.0,0.0,0.0,0.0,0.0,0.0,0.0,0.0,0.0,0.0,0.0
55041,0.0,0.0,0.0,0.0,0.0,0.0,0.0,0.0,0.0,0.0,0.0,0.0
55042,0.0,0.0,0.0,0.0,0.0,0.0,0.0,0.0,0.0,0.0,0.0,0.0
55043,0.0,0.0,0.0,0.0,0.0,0.0,0.0,0.0,0.0,0.0,0.0,0.0
55044,0.0,0.0,0.0,0.0,0.0,0.0,0.0,0.0,0.0,0.0,0.0,0.0
55045,0.0,0.0,0.0,0.0,0.0,0.0,0.0,0.0,0.0,0.0,0.0,0.0
55046,0.0,0.0,0.0,0.0,0.0,0.0,0.0,0.0,0.0,0.0,0.0,0.0
55047,0.0,0.0,0.0,0.0,0.0,0.0,0.0,0.0,0.0,0.0,0.0,0.0
55048,0.0,0.0,0.0,0.0,0.0,0.0,0.0,0.0,0.0,0.0,0.0,0.0
55050,0.0,0.0,0.0,0.0,0.0,0.0,0.0,0.0,0.0,0.0,0.0,0.0
55052,0.0,0.0,0.0,0.0,0.0,0.0,0.0,0.0,0.0,0.0,0.0,0.0
55053,0.0,0.0,0.0,0.0,0.0,0.0,0.0,0.0,0.0,0.0,0.0,0.0
55054,0.0,0.0,0.0,0.0,0.0,0.0,0.0,0.0,0.0,0.0,0.0,0.0
55067,0.0,0.0,0.0,0.0,0.0,0.0,0.0,0.0,0.0,0.0,0.0,0.0
55068,0.0,0.0,0.0,0.0,0.0,0.0,0.0,0.0,0.0,0.0,0.0,0.0
55069,0.0,0.0,0.0,0.0,0.0,0.0,0.0,0.0,0.0,0.0,0.0,0.0
55070,0.0,0.0,0.0,0.0,0.0,0.0,0.0,0.0,0.0,0.0,0.0,0.0
55071,0.0,0.0,0.0,0.0,0.0,0.0,0.0,0.0,0.0,0.0,0.0,0.0
55072,0.0,0.0,0.0,0.0,0.0,0.0,0.0,0.0,0.0,0.0,0.0,0.0
55075,-20856.9470151501,-17217.4246365726,-43043.26428231597,-48673.48545631021,-69143.18739647046,-34852.1789482981,-6552.107487841044,-35750.4468342748,-46448.88978407858,0.0,0.0,-10979.243335185573
55113,-3186540.4921875,-7077474.428283691,-26878412.459838867,-22423366.53857422,-40808610.70440674,-10504902.955413818,-4276594.176879883,-711174.3258666992,-352287.49252319336,-483641.8690185547,-785383.6622314453,-944191.6339111328
55118,-31751.335960388184,-112512.85983276367,-117315.10107421875,-150818.3108215332,-52895.38650512695,38472.914489746094,48039.66320800781,45169.0602722168,20290.772750854492,19218.929695129395,-16931.060108184814,-29575.975803375244
55159,-47027.56954099238,-266438.2270683497,-349468.7663548663,-21903.524253211915,-189743.74877506495,-49412.54580340162,-83436.14918779396,-221965.93942799047,-255511.84137769416,-273868.04009341635,-99045.57277895045,0.0
55160,0.0,0.0,0.0,0.0,0.0,0.0,0.0,0.0,0.0,0.0,0.0,0.0
55161,0.0,0.0,0.0,0.0,0.0,0.0,0.0,0.0,0.0,0.0,0.0,0.0
55162,0.0,0.0,0.0,0.0,0.0,0.0,0.0,0.0,0.0,0.0,0.0,0.0
55209,-43791.301453471184,-39234.579499185085,-37813.026505470276,-40179.882429122925,-7451.043048143387,0.0,0.0,0.0,0.0,0.0,-3677.582738995552,-9600.027503669262
55211,-52121.45097783208,-61752.087175413966,-92654.48101194203,-84059.72514811158,-47447.00505018234,-117019.18500962853,-72372.02533611655,0.0,0.0,0.0,-193.5907985419035,-34851.28230769932
55219,0.0,0.0,0.0,0.0,0.0,0.0,0.0,0.0,0.0,0.0,0.0,0.0
55220,-177605.1704736948,-56341.30310046673,-5883.457802653313,-154659.72347795963,-159864.22756409645,-188592.59099075198,-81914.64246970415,-25931.31908160448,0.0,-11719.346087932587,-30641.35888648033,-120313.9401794076
55227,-8573.347531557083,-25361.826604008675,-9111.57886993885,-6440.73891800642,-9431.203974962234,-16075.883013427258,-50535.98614388704,-47650.87011858821,-7774.422981500626,0.0,0.0,-4545.615949571133
55228,0.0,0.0,0.0,0.0,0.0,0.0,0.0,0.0,0.0,0.0,0.0,0.0
55229,-26250.88718408346,-174544.52735763788,-58247.00262725353,-84011.72839564085,-11055.224034160376,0.0,0.0,-27769.342233121395,-20656.97721338272,-98860.82818758488,-23828.82768547535,-1938.7324826717377
55230,0.0,0.0,0.0,0.0,0.0,0.0,0.0,0.0,0.0,0.0,0.0,0.0
55231,-14259.230539560318,-59774.24352134764,-35057.60054334998,-47497.844910502434,-6131.126283943653,-700.0774617791176,-31887.593195855618,-23490.186301380396,-9957.005655735731,-17034.29680559039,0.0,0.0
55232,0.0,0.0,0.0,0.0,0.0,0.0,0.0,0.0,0.0,0.0,0.0,0.0
55233,0.0,0.0,0.0,0.0,0.0,0.0,0.0,0.0,0.0,0.0,0.0,0.0
55234,292357.4774107933,351972.2522842884,1624762.0349795818,1078733.514023304,105585.26990914345,164049.35797166824,660066.9823367596,897062.1020817757,257607.51095938683,202580.04682731628,-145.85500478744507,32767.575323581696
55236,-73969.86657422036,-68356.58348348737,-151343.93342894316,-125901.68035411835,-30317.065811634064,-6402.849861979485,-29078.632518351078,-32570.728655219078,-24790.10309779644,-37927.309683561325,0.0,0.0
55237,0.0,0.0,0.0,0.0,0.0,0.0,0.0,0.0,0.0,0.0,0.0,0.0
55238,0.0,0.0,0.0,0.0,0.0,0.0,0.0,0.0,0.0,0.0,0.0,0.0
55241,-42574.739861130714,-79326.07328140736,-37342.53898739815,-136930.01260733604,-13729.340679168701,-9154.769514083862,-9700.503174066544,-15905.614030599594,-59046.4059009552,-14935.627627849579,-20777.348669052124,-33632.71961069107
55243,0.0,0.0,0.0,0.0,0.0,0.0,0.0,0.0,0.0,0.0,0.0,0.0
55244,0.0,0.0,0.0,0.0,0.0,0.0,0.0,0.0,0.0,0.0,0.0,0.0
55245,0.0,0.0,0.0,0.0,0.0,0.0,0.0,0.0,0.0,0.0,0.0,0.0
55247,0.0,0.0,0.0,0.0,0.0,0.0,0.0,0.0,0.0,0.0,0.0,0.0
55249,0.0,0.0,0.0,0.0,0.0,0.0,0.0,0.0,0.0,0.0,0.0,0.0
55250,0.0,0.0,0.0,0.0,0.0,0.0,0.0,0.0,0.0,0.0,0.0,0.0
55251,0.0,0.0,0.0,0.0,0.0,0.0,0.0,0.0,0.0,0.0,0.0,0.0
55252,0.0,0.0,0.0,0.0,0.0,0.0,0.0,0.0,0.0,0.0,0.0,0.0
55253,0.0,0.0,0.0,0.0,0.0,0.0,0.0,0.0,0.0,0.0,0.0,0.0
55254,0.0,0.0,0.0,0.0,0.0,0.0,0.0,0.0,0.0,0.0,0.0,0.0
55273,0.0,0.0,0.0,0.0,0.0,0.0,0.0,0.0,0.0,0.0,0.0,0.0
55274,0.0,0.0,0.0,0.0,0.0,0.0,0.0,0.0,0.0,0.0,0.0,0.0
55275,0.0,0.0,0.0,0.0,0.0,0.0,0.0,0.0,0.0,0.0,0.0,0.0
55276,0.0,0.0,0.0,0.0,0.0,0.0,0.0,0.0,0.0,0.0,0.0,0.0
55277,0.0,0.0,0.0,0.0,0.0,0.0,0.0,0.0,0.0,0.0,0.0,0.0
55278,0.0,0.0,0.0,0.0,0.0,0.0,0.0,0.0,0.0,-53590.76580540743,-49411.631779578514,0.0
55317,0.0,0.0,0.0,0.0,0.0,0.0,0.0,0.0,0.0,0.0,0.0,0.0
55364,198575.8632093817,1028932.2008679807,2251814.638769537,1079433.31662333,2221902.8802898526,915366.0766677409,411257.2489661649,1084212.6639553085,1224629.184384521,1287291.2971620671,568631.9133872315,0.0
55365,-7042027.968012571,-12555613.14043212,-20183165.602856874,-14850400.38725406,-27968991.320006788,-20263050.4219988,-29179298.152876258,-18853337.234847665,-20575392.7906197,-9472760.082856774,-948626.9032476544,-50508.07538151741
55366,0.0,0.0,0.0,0.0,0.0,0.0,0.0,0.0,0.0,0.0,0.0,0.0
55367,0.0,8524.856893062592,56965.32162332535,28000.49064207077,113398.53073883057,27222.488880872726,0.0,0.0,0.0,0.0,0.0,0.0
55423,0.0,-2802967.19293995,-195114.39348280802,-917740.5978526808,-460657.03125,-1709090.43463308,0.0,-551261.2742358092,-18556.701507471502,-368533.24720863625,-50398.79296875,-1556048.0728661055
55424,0.0,0.0,0.0,0.0,0.0,0.0,0.0,0.0,0.0,0.0,0.0,0.0
55425,-221119.066100657,-95187.53769129515,-76459.25606572628,-150584.77579158545,-20927.206814169884,-187408.42657089233,-81886.07285779715,-249781.3304760456,-234341.78141272068,0.0,0.0,0.0
55426,-20637.71868479252,-21116.78856277466,-24813.418709158897,-119972.83634531498,-140636.85239875317,-14816.686411201954,0.0,0.0,-68460.39972895384,-99596.78591191769,-78040.39828383923,-83487.69643449783
55431,-98774.66328334808,-296844.93520593643,-76641.35048484802,-547570.7029600143,-238789.22495794296,-191121.7619202137,-694942.5599792004,-842995.5300451517,-219926.61738193035,-79938.79546093941,0.0,-115337.93510198593
55432,0.0,0.0,0.0,0.0,0.0,0.0,0.0,0.0,0.0,0.0,0.0,0.0
55433,0.0,0.0,0.0,0.0,0.0,0.0,0.0,0.0,0.0,0.0,0.0,0.0
55434,0.0,0.0,0.0,0.0,0.0,0.0,0.0,0.0,0.0,0.0,0.0,0.0
55435,668759.3340726048,2215543.2658665627,4189520.082195375,2248491.282812856,146319.72169435024,260798.25116330385,349627.70407766104,977006.3855919242,373038.959733963,267970.15853863955,0.0,0.0
55436,-101502.78544569016,-66754.89582821727,-85671.03671383858,-114338.36736172438,-13146.707511126995,-8161.39007973671,-2089.7565525770187,-25751.138904571533,-39296.34431731701,-22586.28581726551,0.0,0.0
55437,-79309.76328340173,-135286.64436978102,-126541.08594489098,-156444.5692681074,-16922.74952363968,-8665.660175561905,-18636.480724215508,-41683.63031709194,-181830.0351268053,-24298.921378016472,0.0,0.0
55438,-11859.330692902207,-36553.42966905236,-48892.01430135965,-40490.3126770854,-9670.557464390993,-1308.2065814137459,-3777.7378361821175,-16599.35159689188,-60239.107251137495,-6252.58597406745,0.0,0.0
55439,0.0,0.0,0.0,0.0,0.0,0.0,0.0,0.0,0.0,0.0,0.0,0.0
55440,0.0,0.0,0.0,0.0,0.0,0.0,0.0,0.0,0.0,0.0,0.0,0.0
55441,0.0,0.0,0.0,0.0,0.0,0.0,0.0,0.0,0.0,0.0,0.0,0.0
55442,0.0,0.0,0.0,0.0,0.0,0.0,0.0,0.0,0.0,0.0,0.0,0.0
55443,0.0,0.0,0.0,0.0,0.0,0.0,0.0,0.0,0.0,0.0,0.0,0.0
55444,0.0,0.0,0.0,0.0,0.0,0.0,0.0,0.0,0.0,0.0,0.0,0.0
55463,0.0,0.0,0.0,0.0,0.0,0.0,0.0,0.0,0.0,0.0,0.0,0.0
55464,0.0,0.0,0.0,0.0,0.0,0.0,0.0,0.0,0.0,0.0,0.0,0.0
55465,0.0,0.0,0.0,0.0,0.0,0.0,0.0,0.0,0.0,0.0,0.0,0.0
55466,0.0,0.0,0.0,0.0,0.0,0.0,0.0,0.0,0.0,0.0,0.0,0.0
55467,0.0,0.0,0.0,0.0,0.0,0.0,0.0,0.0,0.0,0.0,0.0,0.0
55469,-657623.098438682,-1007857.0427502692,-1977247.2348937988,-2116730.1466217637,-178162.953125,0.0,-153970.26912689023,0.0,0.0,0.0,0.0,-4212.529995843768
55483,-2184834.989227295,-3320243.9741744995,-20001356.87375641,-8835550.357826233,-28800181.562835693,-9028666.368370056,-3952322.289085388,-710623.5434150696,-352137.7014846802,-496248.7756729126,-725825.6481933594,-983323.7424201965
55557,0.0,-2517.4338770508766,-2832.651108458638,-1008.9422254115343,-8416.367025747895,-4325.8150933384895,-7935.203354850411,-3844.6969518065453,-4599.11074436456,-4612.305641651154,972.0720739141107,0.0
55559,0.0,0.0,0.0,0.0,0.0,0.0,0.0,0.0,0.0,0.0,0.0,0.0
55609,0.0,-299332.9962299913,0.0,0.0,0.0,0.0,0.0,0.0,0.0,0.0,0.0,0.0
55610,0.0,0.0,0.0,0.0,0.0,0.0,0.0,0.0,0.0,0.0,0.0,0.0
55614,0.0,-7321.1218931884505,-66060.23626384325,-124191.32002302073,-61041.15414786339,-138386.53983096406,-103087.82758580707,-109365.86860582512,-137782.34375,0.0,-132300.82782597188,-73889.93221049686
55616,0.0,0.0,0.0,0.0,0.0,0.0,0.0,0.0,0.0,0.0,0.0,0.0
55621,-1581.1603586673737,-108165.19458544254,-9417.210646867752,-748631.9210648537,-299192.383179605,0.0,0.0,-127689.67407137156,-155985.2335704565,-367916.2800760567,-122579.16786849499,-32131.07968044281
55622,231464.2671804428,410709.08353972435,1713434.4989253283,466005.7989490032,169823.78134322166,657340.1132125258,720858.8261541128,1713842.0073898137,366941.8330731392,0.0,0.0,15018.500441789627
55623,1730014.7970446944,7433557.757575244,16380078.106987968,6475320.444903906,381126.258628726,635625.0066868067,1383228.9340963364,3107329.9063149095,1847694.0531160831,2538811.5386957824,0.0,137069.10752931237
55625,-135697.71549378335,-68842.60680091381,-85424.28727668524,-11429.99024373293,-64485.10343706608,-56069.888240128756,-15943.247670769691,-30797.04853141308,-7273.967574596405,0.0,0.0,-44026.69051235914
55626,0.0,0.0,0.0,0.0,0.0,0.0,0.0,0.0,0.0,0.0,0.0,0.0
55627,0.0,0.0,0.0,0.0,0.0,0.0,0.0,0.0,0.0,0.0,0.0,0.0
55628,0.0,0.0,0.0,0.0,0.0,0.0,0.0,0.0,0.0,0.0,0.0,0.0
55630,0.0,0.0,0.0,0.0,0.0,0.0,0.0,0.0,0.0,0.0,0.0,0.0
55631,0.0,0.0,0.0,0.0,0.0,0.0,0.0,0.0,0.0,0.0,0.0,0.0
55649,0.0,0.0,0.0,0.0,0.0,0.0,0.0,0.0,0.0,0.0,0.0,0.0
55650,0.0,0.0,0.0,0.0,0.0,0.0,0.0,0.0,0.0,0.0,0.0,0.0
55653,0.0,0.0,0.0,0.0,0.0,0.0,0.0,0.0,0.0,0.0,0.0,0.0
55654,0.0,0.0,0.0,0.0,0.0,0.0,0.0,0.0,0.0,0.0,0.0,0.0
55655,0.0,0.0,0.0,0.0,0.0,0.0,0.0,0.0,0.0,0.0,0.0,0.0
55657,0.0,0.0,0.0,0.0,0.0,0.0,0.0,0.0,0.0,0.0,0.0,0.0
55671,-2302860.8670043945,-3931468.153980255,-7374443.473007202,-13649414.847831726,-12024242.278526306,-1476236.5870399475,-324271.88779067993,0.0,0.0,-1409.668125152588,-59512.63500785828,-28453.2829246521
55723,-2305642.0837020874,-9151284.40794754,-9726313.897735596,-19740150.986133575,-14742153.229818344,-1371470.409992218,-2214539.0003652573,-8315018.762269974,-11359423.553729057,-4882063.422281742,-584883.1623258591,-411901.0638217926
55746,-4601.891467690468,-5953708.613707006,-24955064.60996318,-15329861.137275457,-28019075.920585275,-5863967.034834862,-2274605.5389884114,-8890104.038767278,-13283832.641211689,-14175790.044011444,-13242873.615589231,-2275950.299958557
55747,0.0,0.0,0.0,0.0,0.0,0.0,0.0,0.0,0.0,0.0,0.0,0.0
55748,0.0,0.0,0.0,0.0,0.0,-2553.2759935487993,0.0,0.0,0.0,0.0,0.0,0.0
55749,-1916.650918243453,-1810.6273803990334,-2409.348021090729,-2232.2057071393356,-2774.556226647459,0.0,-1808.3991907982854,-769.0030518141575,0.0,-71.08751948666759,-844.5099831247935,0.0
55750,0.0,0.0,0.0,0.0,0.0,0.0,0.0,0.0,0.0,0.0,0.0,0.0
55799,0.0,0.0,0.0,0.0,0.0,0.0,0.0,0.0,0.0,0.0,0.0,0.0
55804,-3280065.633237846,-5743118.574364383,-3558513.5100648366,-3733060.462958131,-1260230.614636667,-2839034.8265979886,-3138050.545857344,-799653.1563918702,0.0,-144633.02720916644,-848962.0153232962,-1799231.3414555565
55805,0.0,0.0,0.0,0.0,0.0,0.0,0.0,0.0,0.0,0.0,0.0,0.0
55806,0.0,0.0,0.0,0.0,0.0,0.0,0.0,0.0,0.0,0.0,0.0,0.0
55807,0.0,0.0,0.0,0.0,0.0,0.0,0.0,0.0,0.0,0.0,0.0,0.0
55811,-142780.45715141296,-270424.13142585754,-203619.37154841423,-1760299.3236613274,-770080.53061831,-142581.74951899052,-417015.28626680374,-969901.0508055091,-494619.554633677,-628893.8968089223,-143410.60011839867,-115457.9727962017
55812,125993.1145119667,268563.48463106155,1788414.8902648091,476687.2459503412,-26583.556740760803,684699.3630533218,1101605.7061332464,2841866.1708144546,1160695.6013183594,309700.4243082404,-4693.340700984001,-2069.09334731102
55814,115315.28265720606,1519192.1110687405,5510441.9556781575,1508089.5747478157,386441.079972744,61105.92232108116,761311.8623558879,1395260.6855794191,1150463.3138465881,1013101.7195049971,0.0,41631.87907332182
55815,0.0,0.0,0.0,0.0,0.0,0.0,0.0,0.0,0.0,0.0,0.0,0.0
55816,0.0,0.0,0.0,0.0,0.0,0.0,0.0,0.0,0.0,0.0,0.0,0.0
55817,0.0,0.0,0.0,0.0,0.0,0.0,0.0,0.0,0.0,0.0,0.0,0.0
55818,0.0,0.0,0.0,0.0,0.0,0.0,0.0,0.0,0.0,0.0,0.0,0.0
55822,0.0,0.0,0.0,0.0,0.0,0.0,0.0,0.0,0.0,0.0,0.0,0.0
55823,0.0,0.0,0.0,0.0,0.0,0.0,0.0,0.0,0.0,0.0,0.0,0.0
55824,0.0,0.0,0.0,0.0,0.0,0.0,0.0,0.0,0.0,0.0,0.0,0.0
55839,0.0,0.0,0.0,0.0,0.0,0.0,0.0,0.0,0.0,0.0,0.0,0.0
55840,0.0,0.0,0.0,0.0,0.0,0.0,0.0,0.0,0.0,0.0,0.0,0.0
55844,0.0,0.0,0.0,0.0,0.0,0.0,0.0,0.0,0.0,0.0,0.0,0.0
55845,0.0,0.0,0.0,0.0,0.0,0.0,0.0,0.0,0.0,0.0,0.0,0.0
55846,0.0,0.0,0.0,0.0,0.0,0.0,0.0,0.0,0.0,0.0,0.0,0.0
55847,0.0,0.0,0.0,0.0,0.0,0.0,0.0,0.0,0.0,0.0,0.0,0.0
55848,0.0,0.0,0.0,0.0,0.0,0.0,0.0,0.0,0.0,0.0,0.0,0.0
55850,0.0,0.0,0.0,0.0,0.0,0.0,0.0,0.0,0.0,0.0,0.0,0.0
55851,0.0,0.0,0.0,0.0,0.0,0.0,0.0,0.0,0.0,0.0,0.0,0.0
55852,-150295.39316680282,0.0,-914.1925048828125,-2035867.5311550573,-52743.89453125,0.0,-467957.5619455725,0.0,0.0,0.0,0.0,-97037.02878399193
55918,-44154.81443786621,-328905.48628616333,-463215.11225891113,-1378402.4574661255,-1348376.3979358673,-74262.88079738617,-117097.10778999329,-415796.9142436981,-861771.1932344437,-557765.299864769,-167363.17277812958,-27036.43740463257
55944,0.0,-2020563.3755370677,-3938468.0386151653,-3115132.8786411993,-2712720.6017169952,-785885.0482183741,-846325.8100501336,-1469404.625,-47201.90234375,0.0,0.0,0.0
55945,0.0,0.0,0.0,0.0,0.0,0.0,0.0,0.0,0.0,0.0,0.0,0.0
55975,-210306.52162194252,-526961.9685763121,-1046507.7241210341,-1001191.2543383241,-640174.488407433,-32163.21387130022,-35093.22816798091,-20215.17769780755,-5005.604138255119,-3715.9966179430485,-5101.96242082119,-21550.853974938393
55998,0.0,0.0,0.0,0.0,0.0,0.0,0.0,0.0,0.0,0.0,0.0,0.0
55999,0.0,0.0,0.0,0.0,0.0,0.0,0.0,0.0,0.0,0.0,0.0,0.0
56000,0.0,0.0,0.0,0.0,0.0,0.0,0.0,0.0,0.0,0.0,0.0,0.0
56001,-147918.71389997005,-107385.95060682297,-28304.181421279907,-49042.72107172012,-27418.66129541397,-12761.958011806011,-133519.76918566227,-352315.2968504131,-232040.9613454342,-244654.71973139048,-40998.30673837662,-126846.02796339989
56002,0.0,0.0,0.0,0.0,0.0,0.0,0.0,0.0,0.0,0.0,0.0,0.0
56003,-26988.031129077077,-78869.79292452335,-76365.05292320251,-240686.3662937507,-93581.04043908045,-7103.998386979103,-74509.54115612805,-113511.35686892271,-70890.9513772428,-44708.18463425338,0.0,-3053.5185745358467
56004,-322636.5652529001,-931901.9116079211,-580134.8396448493,-2637650.483388841,-981961.5261674523,0.0,0.0,-377977.28744512796,-86934.89788520336,-836723.0264524221,-497822.08199214935,-275951.1509730816
56006,0.0,0.0,0.0,0.0,0.0,0.0,0.0,0.0,0.0,0.0,0.0,0.0
56008,0.0,0.0,0.0,0.0,0.0,0.0,0.0,0.0,0.0,0.0,0.0,0.0
56009,-4606.300105363131,-48170.37238540873,-160097.62008305173,-22028.98481652513,-37866.402497157454,-21267.12032033503,-28810.621739834547,-50420.6415816471,-12432.537282183766,0.0,-4003.4430637061596,-15676.991542205215
56010,0.0,0.0,0.0,0.0,0.0,0.0,0.0,0.0,0.0,0.0,0.0,0.0
56011,0.0,0.0,0.0,0.0,0.0,0.0,0.0,0.0,0.0,0.0,0.0,0.0
56013,0.0,0.0,0.0,0.0,0.0,0.0,0.0,0.0,0.0,0.0,0.0,0.0
56014,0.0,0.0,0.0,0.0,0.0,0.0,0.0,0.0,0.0,0.0,0.0,0.0
56015,0.0,0.0,0.0,0.0,0.0,0.0,0.0,0.0,0.0,0.0,0.0,0.0
56031,0.0,0.0,0.0,0.0,0.0,0.0,0.0,0.0,0.0,0.0,0.0,0.0
56032,0.0,0.0,0.0,0.0,0.0,0.0,0.0,0.0,0.0,0.0,0.0,0.0
56033,0.0,0.0,0.0,0.0,0.0,0.0,0.0,0.0,0.0,0.0,0.0,0.0
56034,0.0,0.0,0.0,0.0,0.0,0.0,0.0,0.0,0.0,0.0,0.0,0.0
56035,0.0,0.0,0.0,0.0,0.0,0.0,0.0,0.0,0.0,0.0,0.0,0.0
56036,0.0,0.0,0.0,0.0,0.0,0.0,0.0,0.0,0.0,0.0,0.0,0.0
56041,0.0,0.0,0.0,0.0,0.0,0.0,0.0,0.0,0.0,0.0,0.0,0.0
56042,0.0,0.0,0.0,0.0,0.0,0.0,0.0,0.0,0.0,0.0,0.0,0.0
56043,0.0,0.0,0.0,0.0,0.0,0.0,0.0,0.0,0.0,0.0,0.0,0.0
56044,0.0,0.0,0.0,0.0,0.0,0.0,0.0,0.0,0.0,0.0,0.0,0.0
56045,0.0,0.0,0.0,0.0,0.0,0.0,0.0,0.0,0.0,0.0,0.0,0.0
56046,-3634.523193359375,-250377.453125,-386172.9375,-30929.25390625,0.0,0.0,-0.5218932628631592,0.0,0.0,0.0,0.0,-784.6777566934616
56137,-2009216.549899727,-1999078.683344055,-589758.5202828571,-772297.2167461216,-3342396.5679596085,-2500527.5050562657,-1474601.0,0.0,-559991.3626439553,-161106.12741453107,-1222833.25,0.0
56139,-187808.38705444336,-392990.52824401855,-772733.762512207,-174693.5669555664,457009.5529785156,-6197.945739746094,-25314.422561645508,-21651.98257446289,-5290.341232299805,-4721.757736206055,-6395.432525634766,-3895.119125366211
56168,21213.506534576416,127655.73384571075,265027.17891693115,824523.1401576996,1079753.617304802,0.0,0.0,0.0,0.0,-171.44475603103638,-628.2531266212463,19521.164479732513
56185,-18149.706707954407,-20239.524556338787,-41370.667908132076,-41829.993565768,-22367.11770737171,-8633.916370540857,-800.9322427362204,0.0,0.0,0.0,0.0,-111.16194915026426
56192,-665771.1905028224,-708542.0936258435,-1137141.3959904313,-275087.2730137408,-361567.2182330191,-311370.186136812,-96007.52646774054,-4139.272460117936,-46472.70975461602,-111203.18350204825,-77960.91396732628,-338222.7524430454
56193,0.0,0.0,0.0,0.0,0.0,0.0,0.0,0.0,0.0,0.0,0.0,0.0
56194,0.0,0.0,0.0,0.0,0.0,0.0,0.0,0.0,0.0,0.0,0.0,0.0
56195,-2941.021233856678,-51923.60925382376,-27952.73849758506,-116519.11438432336,-88178.15308597684,0.0,-5401.186502546072,-50242.31876625121,-26426.431768596172,-93071.45832693577,-24466.09067812562,-13077.004009395838
56197,-297344.36057913303,-475080.91694259644,-481196.2641122341,-544740.3289062977,-174187.35625433922,-398262.74249219894,-647663.1710488796,-757827.9445699453,-162254.47287464142,-17576.254144906998,0.0,-332640.58387851715
56198,-178188.79109811783,-377034.3627233505,-967454.121837616,-4329068.824874043,-1098203.9738332033,-416481.34569597244,-730428.1632347107,-1624898.5129623413,-716144.263217926,-571626.0792040825,-842873.4946444035,-399467.6153316498
56199,-16471.336038589478,-106836.19614827633,-176051.75016760826,-501586.7024714947,-177893.64924937487,-390063.0788104832,-867932.0099206865,-1415742.346042633,-218918.96720400453,0.0,0.0,-60259.62154316902
56200,-405340.33272218704,-672260.9843217134,-275588.4307973385,-522614.2486901283,-547174.1428322792,-1005032.2827764153,-1881290.441545248,-2516985.170251265,-903839.9336536229,-706466.5539855063,-6806.590439915657,-243699.23880916834
56201,0.0,0.0,0.0,0.0,0.0,0.0,0.0,0.0,0.0,0.0,0.0,0.0
56202,0.0,0.0,0.0,0.0,0.0,0.0,0.0,0.0,0.0,0.0,0.0,0.0
56203,0.0,0.0,0.0,0.0,0.0,0.0,0.0,0.0,0.0,0.0,0.0,0.0
56204,0.0,0.0,0.0,0.0,0.0,0.0,0.0,0.0,0.0,0.0,0.0,0.0
56205,0.0,0.0,0.0,0.0,0.0,0.0,0.0,0.0,0.0,0.0,0.0,0.0
56224,0.0,0.0,0.0,0.0,0.0,0.0,0.0,0.0,0.0,0.0,0.0,0.0
56225,0.0,0.0,0.0,0.0,0.0,0.0,0.0,0.0,0.0,0.0,0.0,0.0
56226,0.0,0.0,0.0,0.0,0.0,0.0,0.0,0.0,0.0,0.0,0.0,0.0
56227,0.0,0.0,0.0,0.0,0.0,0.0,0.0,0.0,0.0,0.0,0.0,0.0
56228,0.0,0.0,0.0,0.0,0.0,0.0,0.0,0.0,0.0,0.0,0.0,0.0
56229,0.0,0.0,0.0,0.0,0.0,0.0,0.0,0.0,0.0,0.0,0.0,0.0
56230,0.0,0.0,0.0,0.0,0.0,0.0,0.0,0.0,0.0,0.0,0.0,0.0
56231,0.0,0.0,0.0,0.0,0.0,0.0,0.0,0.0,0.0,0.0,0.0,0.0
56232,-31509.26953125,0.0,0.0,0.0,0.0,0.0,0.0,0.0,0.0,0.0,0.0,-58985.41264033457
56233,-322781.09375,0.0,0.0,0.0,0.0,0.0,0.0,0.0,0.0,0.0,0.0,-23868.568359375
56323,-802716.1858077385,-57451.0234375,-266977.8657486038,-294765.1488607619,-204543.625,-652587.4780676924,-1025480.0131094735,0.0,-136382.6554885828,-75241.61495865369,-238463.28125,0.0
56324,0.0,0.0,0.0,0.0,0.0,0.0,0.0,0.0,0.0,0.0,0.0,0.0
56377,0.0,0.0,0.0,0.0,0.0,0.0,0.0,0.0,0.0,0.0,0.0,0.0
56378,0.0,0.0,0.0,0.0,0.0,0.0,0.0,0.0,0.0,0.0,0.0,0.0
56379,-118455.70565390587,-49386.23744827509,-89665.99015295506,-400530.1863284111,-223328.43148124218,0.0,0.0,-104100.35815376043,-31635.55416661501,-289590.3051559925,-51213.20542907715,-32816.747025847435
56380,-17435.77961218357,-35735.267961621284,-30152.65131545067,-160995.90707027912,-13793.57782137394,0.0,0.0,-32085.70973199606,-4839.126620650291,-80288.10070097446,-26938.10911631584,-21896.23259317875
56385,-64366.33056747913,-140156.00894337893,-95086.216316998,-85827.17176938057,-90296.13055413961,-143109.71467712522,-376212.3348258883,-508637.3259405643,-297957.5087542683,-276963.5086995289,0.0,0.0
56386,-113751.9896517098,-290475.54021957517,-184853.10134494305,-244281.30557522178,-130624.26388975978,-194180.2926054895,-562238.5417032987,-594452.8665329143,-454926.60035371035,-342463.1537055969,0.0,-11720.400633215904
56387,-64754.800590872765,-144114.44132614136,-72110.39168852568,-239216.05691199005,-173277.40271282196,-161923.40743650496,-366434.4693251997,-444721.42263421416,-226693.29787874967,-56360.67767587304,0.0,-8433.701754838228
56388,180990.16324201226,568523.0409079194,267327.5586001724,458373.2502153814,552601.8212280422,505906.6047228426,1189649.682775095,1454438.463904405,943987.0958239362,310687.18940175325,0.0,50429.325400054455
56389,-207245.6065645218,-89504.07848668098,-576358.2915580273,-1163365.9645473957,-410510.6344296932,-17735.21358716488,-990156.0069662929,-2495714.0328402817,-2241853.3735387623,-1783059.4492967725,-703909.7786523104,0.0
56390,-131361.40390956402,-102659.5059890747,-320550.11184972525,-651584.2655892372,-318245.6302215457,-275292.5096345544,-598053.5571360141,-933686.1940461397,-609403.4562158883,-266398.49517425895,0.0,0.0
56391,9994.300589770079,23051.651000499725,83694.31133687496,50123.94079899788,43932.05891400576,64186.56443460286,130291.01208505034,219953.2439019233,134464.05783387274,75443.11272320151,0.0,0.0
56392,-33981.99918151647,-113162.13194140792,-191939.1902870834,-32768.268058240414,-71293.34402780235,-272788.57130837813,-329967.13491197675,-204682.359375,-103849.88549329713,0.0,-5507.940590623766,-38446.27129149437
56393,322860.4313392639,76124.79576921463,372186.9375214577,460554.1119379997,-252532.25518846512,-165005.89837408066,1350881.6667556763,2523193.646571398,1289420.8574852943,1145351.4409239292,-368724.19213199615,-5282.10610294342
56394,0.0,0.0,0.0,0.0,0.0,0.0,0.0,-101138.42308705114,0.0,0.0,0.0,0.0
56395,-50949.8997335881,-99240.87079120427,-326955.884878885,-22533.20161086321,-22832.348729535937,-233601.40549197048,-308536.72452374734,-509852.8125,-137138.06387674809,0.0,0.0,-21868.75690409541
56396,-1599.3529758434743,-7199.357980723493,-29488.596154857427,-2899.827123223804,-1138.1972416713834,-12203.374104715884,-17277.51978061814,-38056.985952888615,-17859.622432991862,-911.720940703759,0.0,0.0
56397,0.0,0.0,0.0,0.0,0.0,0.0,0.0,0.0,0.0,0.0,0.0,0.0
56399,0.0,0.0,0.0,0.0,0.0,0.0,0.0,0.0,0.0,0.0,0.0,0.0
56401,0.0,0.0,0.0,0.0,0.0,0.0,0.0,0.0,0.0,0.0,0.0,0.0
56417,0.0,0.0,0.0,0.0,0.0,0.0,0.0,0.0,0.0,0.0,0.0,0.0
56418,0.0,0.0,0.0,0.0,0.0,0.0,0.0,0.0,0.0,0.0,0.0,0.0
56419,0.0,0.0,0.0,0.0,0.0,0.0,0.0,0.0,0.0,0.0,0.0,0.0
56420,0.0,0.0,0.0,0.0,0.0,0.0,0.0,0.0,0.0,0.0,0.0,0.0
56421,0.0,0.0,0.0,0.0,0.0,0.0,0.0,0.0,0.0,0.0,0.0,0.0
56423,0.0,0.0,0.0,0.0,0.0,0.0,0.0,0.0,0.0,0.0,0.0,0.0
56425,-204981.5625,0.0,0.0,0.0,0.0,0.0,0.0,0.0,0.0,0.0,0.0,0.0
56515,-196989.89282866567,-289607.78119146824,-2319302.50337591,-75915.53550948203,-325996.7505412176,-17424.29122811556,-34333.64630162716,-26742.07515500486,-20486.133161962032,-7012.959165900946,-19323.181744672358,-247604.51677663252
56516,0.0,0.0,0.0,0.0,0.0,0.0,0.0,0.0,0.0,0.0,0.0,0.0
56569,0.0,0.0,0.0,0.0,0.0,0.0,0.0,0.0,0.0,0.0,0.0,0.0
56570,-6613.201341658831,-15730.066734403372,-23140.067612558603,-94546.5418426916,-44673.76223727316,0.0,0.0,-1720.4603445082903,-14004.728464618325,-62893.084986805916,-38949.75777339935,-30866.81521227956
56571,-203969.14482945204,-142624.871407032,-149177.2692337036,-310135.586928308,-316752.0155720711,-176164.5727647543,-306991.3376445174,-323582.1699795723,-53350.73088926077,0.0,0.0,-83863.01160943508
56572,-51643.90365564823,-18597.51745915413,-37786.08874440193,-74830.48917132616,-43163.06276512146,-89549.67313873768,-142642.09411233664,-225891.7465160489,-26273.074033498764,0.0,0.0,-26704.7878960371
56573,0.0,-291.8329977989197,-11622.859379291534,-77235.33742761612,-69854.59029340744,-2477.406244158745,0.0,-290.55492663383484,0.0,-32734.468900680542,-4779.044444680214,-6110.1381541490555
56583,-54109.604129344225,-91918.95281600952,-326918.2798130214,-51539.38089179993,-30243.024451196194,-445843.8074632734,-646706.7522650734,-1195967.30697418,-624499.6239841022,-275530.1801555082,0.0,0.0
56584,-110609.4857249856,-226369.56766696274,-576624.0032000244,-43813.94302204251,-36882.79590070248,-428866.6517406702,-552069.340994738,-1190534.4266086146,-597272.0317377448,-236291.67726896703,0.0,0.0
56585,-34743.71253768355,-102574.83900932223,-265960.9307508543,-10085.406464897096,-10923.777303948998,-174378.0931798853,-246866.03709289432,-446956.4320490174,-214065.23950859625,-15715.523152396083,0.0,0.0
56587,0.0,0.0,0.0,0.0,0.0,0.0,0.0,0.0,0.0,0.0,0.0,0.0
56589,0.0,0.0,0.0,0.0,0.0,0.0,0.0,0.0,0.0,0.0,0.0,0.0
56590,0.0,0.0,0.0,0.0,0.0,0.0,0.0,0.0,0.0,0.0,0.0,0.0
56591,0.0,0.0,0.0,0.0,0.0,0.0,0.0,0.0,0.0,0.0,0.0,0.0
56592,0.0,0.0,0.0,0.0,0.0,0.0,0.0,0.0,0.0,0.0,0.0,0.0
56593,0.0,0.0,0.0,0.0,0.0,0.0,0.0,0.0,0.0,0.0,0.0,0.0
56594,0.0,0.0,0.0,0.0,0.0,0.0,0.0,0.0,0.0,0.0,0.0,0.0
56610,0.0,0.0,0.0,0.0,0.0,0.0,0.0,0.0,0.0,0.0,0.0,0.0
56611,0.0,0.0,0.0,0.0,0.0,0.0,0.0,0.0,0.0,0.0,0.0,0.0
56612,0.0,0.0,0.0,0.0,0.0,0.0,0.0,0.0,0.0,0.0,0.0,0.0
56613,0.0,0.0,0.0,0.0,0.0,0.0,0.0,0.0,0.0,0.0,0.0,0.0
56615,-931404.6825338919,0.0,0.0,0.0,0.0,0.0,0.0,0.0,0.0,0.0,0.0,0.0
56704,-294504.6335637197,-2003002.728241913,-3011407.25,-692778.8031480536,-1345248.0081026293,0.0,-105841.18795999885,-383700.9734838605,-1023467.0328832865,-638808.6286738217,-5452.677205353975,-8312.238203436136
56705,0.0,0.0,0.0,0.0,0.0,0.0,0.0,0.0,0.0,0.0,0.0,0.0
56757,-239791.1529791355,-409624.0124256611,-49492.4898891449,-159916.57326221466,-195919.4846792221,-43850.28536939621,-70643.5228509903,-74048.73239803314,-84229.87560856342,-48208.56131505966,-2924.43660736084,-106411.84841430187
56758,0.0,0.0,0.0,0.0,0.0,0.0,0.0,0.0,0.0,0.0,0.0,0.0
56759,-8438.916902154684,-17302.571562469006,-28365.389377713203,-109223.16032774746,-49041.45904362202,-10229.438813358545,-16688.31664967537,-34401.334312051535,-11267.014802098274,-21776.32387816906,0.0,-1108.2397869229317
56760,-9650.623837560415,-16280.111872971058,-23794.32686430216,-21591.71514761448,-33347.88008570671,0.0,0.0,-4538.731683135033,-817.2665503025055,-7222.746232509613,-4263.407983660698,-147.90097284317017
56761,-322438.21246910095,-200110.9435043335,-411625.3003115654,-183690.7979142666,-114475.41676521301,-58631.00412106514,-405506.9694492817,-657926.6389261484,-152194.71326708794,-589520.842726469,-44299.97568297386,-31690.85239839554
56762,244041.78573036194,370370.5003154278,565362.0828566551,429885.30462288857,270293.1929554939,198487.7447359562,336704.05896520615,887366.8187038898,265937.44003534317,571207.8830688,479575.59958076477,6546.068421840668
56763,-9715.565272271633,-88792.2467008233,-132249.27054524422,-164595.70075702667,-98694.16194427013,0.0,-43776.69190299511,-130614.81456118822,-136529.90995550156,-281447.6590464115,-214063.89006090164,0.0
56769,21947.445803642273,62586.40343284607,468290.18255233765,103936.40077972412,402857.8779654503,10139.671566486359,1174866.7857534885,2721107.709849119,1665910.1916036606,1382793.200048685,414025.8484983444,26126.798602581024
56770,8899.089544534683,90363.53226929903,359290.41609573364,11612.074678838253,6110.697104752064,0.0,5817.381767004728,651816.6830833703,444068.4770780206,281229.6899807155,646660.445302844,0.0
56771,-5306.549568593502,-79391.69189208746,-167967.90184736252,-9193.985498726368,-30892.308363437653,0.0,-3015.1323906332254,-116622.9659307003,-262441.4050714746,-231304.3820264861,-359175.4572881758,-21057.504469037056
56772,-44912.70018965006,-121460.48591980338,-327150.6481144056,-19788.285447522998,-36133.3789049685,-171407.94947089255,-400941.0415137671,-371021.2980709672,-339754.5661528725,-199616.63777302206,0.0,0.0
56773,0.0,0.0,0.0,0.0,0.0,0.0,0.0,0.0,0.0,0.0,0.0,0.0
56774,0.0,0.0,0.0,0.0,0.0,0.0,0.0,0.0,0.0,0.0,0.0,0.0
56775,0.0,0.0,0.0,0.0,0.0,0.0,0.0,0.0,0.0,0.0,0.0,0.0
56777,0.0,0.0,0.0,0.0,0.0,0.0,0.0,0.0,0.0,0.0,0.0,0.0
56779,0.0,0.0,0.0,0.0,0.0,0.0,0.0,0.0,0.0,0.0,0.0,0.0
56780,0.0,0.0,0.0,0.0,0.0,0.0,0.0,0.0,0.0,0.0,0.0,0.0
56781,0.0,0.0,0.0,0.0,0.0,0.0,0.0,0.0,0.0,0.0,0.0,0.0
56782,0.0,0.0,0.0,0.0,0.0,0.0,0.0,0.0,0.0,0.0,0.0,0.0
56793,0.0,0.0,0.0,0.0,0.0,0.0,0.0,0.0,0.0,0.0,0.0,0.0
56794,0.0,0.0,0.0,0.0,0.0,0.0,0.0,0.0,0.0,0.0,0.0,0.0
56795,0.0,0.0,0.0,0.0,0.0,0.0,0.0,0.0,0.0,0.0,0.0,0.0
56796,0.0,0.0,0.0,0.0,0.0,0.0,0.0,0.0,0.0,0.0,0.0,0.0
56797,0.0,0.0,0.0,0.0,0.0,0.0,0.0,0.0,0.0,0.0,0.0,0.0
56800,0.0,0.0,0.0,0.0,0.0,0.0,0.0,0.0,0.0,0.0,0.0,0.0
56801,0.0,0.0,0.0,0.0,0.0,0.0,0.0,0.0,0.0,0.0,0.0,0.0
56802,0.0,0.0,0.0,0.0,0.0,0.0,0.0,0.0,0.0,0.0,0.0,0.0
56803,0.0,0.0,0.0,0.0,0.0,0.0,0.0,0.0,0.0,0.0,0.0,0.0
56805,0.0,0.0,0.0,0.0,0.0,0.0,0.0,0.0,0.0,0.0,0.0,0.0
56806,0.0,0.0,0.0,0.0,0.0,0.0,0.0,0.0,0.0,0.0,0.0,0.0
56807,-22365.8359375,0.0,0.0,0.0,0.0,0.0,0.0,0.0,0.0,0.0,0.0,0.0
56808,-95071.44479529932,-4043.000244140625,0.0,0.0,0.0,0.0,0.0,0.0,0.0,0.0,0.0,0.0
56896,-208697.59572970867,-701723.078275118,-175673.6823770348,-621613.5652848482,-285589.8589633554,-26972.979121685028,-397900.51716685295,-1141840.161009103,-1638051.985003084,-1788817.094006002,-587300.4661599398,-190574.3598870188
56897,0.0,-5827.549725532532,-19454.091331630945,-23132.405359983444,-66886.52118396759,-52144.257779985666,-30610.855269283056,-1450.268568560481,0.0,0.0,0.0,0.0
56936,-31095.62993848324,-72560.18279004097,-96460.36433792114,-287240.17175483704,-191465.14206409454,0.0,0.0,0.0,0.0,0.0,0.0,-7519.548031508923
56949,0.0,0.0,0.0,0.0,0.0,0.0,0.0,0.0,0.0,0.0,0.0,0.0
56950,29574.814686775208,30598.73019003868,62763.8117454052,25991.706016898155,26420.716198921204,200504.8405522108,378156.89228898287,405423.4766317606,159916.4555592537,83881.45414352417,2717.059123635292,213.922865152359
56951,0.0,0.0,0.0,67111.8751014471,0.0,0.0,0.0,0.0,272.4615128338337,0.0,49886.96574965119,0.0
56952,38923.330688238144,60223.66412901878,92909.93600308895,6170.110800921917,77090.73672813177,289713.31840869784,232490.93366014957,633071.4491459727,148599.7567459345,0.0,0.0,76055.1567542553
56953,19688.552008092403,66602.76780509949,121475.99090510607,58825.288171350956,64640.99504375458,0.0,0.0,235325.82212609053,218958.1886085868,233336.95227745175,266077.77161711454,4846.844888865948
56954,128705.36489129066,100812.51773774624,379846.4542310238,35284.227607011795,110565.88797986507,0.0,7283.803234100342,487028.2018418461,409902.3540789187,331875.4530130029,464652.4426071644,9007.295236766338
56955,-17763.097149670124,-28454.787666916847,-173142.9274570048,-39208.45596778393,-47375.95918172598,0.0,-798.0107243955135,-91807.60712233186,-187896.6132518053,-80455.59581267834,-227826.44932234287,-231.84413903951645
56956,3354.3653125166893,53254.5333404541,180828.89216896892,18786.794034719467,6353.694474101067,0.0,0.0,224217.42308147252,273111.8821926415,99821.70697203279,231704.39064884186,2511.3323343396187
56957,-33960.29211747646,-191545.42583543062,-245653.59643650055,-1458.2181153297424,-15151.373876452446,0.0,-1012.7687413096428,-153713.73977053165,-442440.7424252033,-178492.31067228317,-461150.74809217453,-9671.772083997726
56958,-57122.116570711136,-232960.1280707717,-318167.91393971443,-9060.588383078575,-11074.679912984371,-57205.9540861845,-172634.31263655424,-330945.6097663045,-265379.47258099914,-21097.579513967037,0.0,-4373.856525838375
56959,-86954.22462508082,-200976.79296052456,-450301.0606189668,-54541.28490361571,-27948.755006879568,-105574.72691327333,-245676.90442316234,-340324.0232371092,-192207.63969531655,-18648.033377110958,0.0,0.0
56960,-46942.62578582764,-139911.57788431644,-450189.55279845,-49439.485268712044,-38157.03622227907,-100692.0905457139,-208849.9944717884,-335830.1301859319,-267936.8138870597,-107045.75231260061,0.0,0.0
56961,0.0,0.0,0.0,0.0,0.0,0.0,0.0,0.0,0.0,0.0,0.0,0.0
56962,0.0,0.0,-90585.39900571108,0.0,0.0,0.0,0.0,0.0,0.0,0.0,0.0,0.0
56963,0.0,0.0,0.0,0.0,0.0,0.0,0.0,0.0,0.0,0.0,0.0,0.0
56964,75626.7685097903,3142796.799573384,3920196.9040250606,3358307.2939451467,1674372.3963196836,2018935.7898908746,1611872.4427741596,0.0,2182576.3222241774,2200845.536781132,0.0,30741.708916701376
56965,-67389.89738607407,-263539.7842627317,-430762.61060420424,-360545.23375431076,-85147.58612650633,0.0,-7360.985496252775,-363566.5634365557,-285368.40462783724,-373558.4801284075,-307263.6909944415,-21931.99602934718
56966,-12363.98405753076,-172391.51572093368,-273616.1791457832,-233279.11101699062,-42669.611944414675,-116735.04942376167,-162474.1478615841,-234630.53125,-210680.98500467744,-71384.55586228147,0.0,0.0
56967,2047524.055923503,3563469.7673972994,5219228.442595832,3389128.278502861,1222763.575105587,3233076.351304289,2894743.763848623,3320042.7827984514,1275007.6831935346,0.0,24338.689673528075,575533.2292517126
56970,0.0,0.0,0.0,0.0,0.0,0.0,0.0,0.0,0.0,0.0,0.0,0.0
56971,0.0,0.0,0.0,0.0,0.0,0.0,0.0,0.0,0.0,0.0,0.0,0.0
56972,0.0,0.0,0.0,0.0,0.0,0.0,0.0,0.0,0.0,0.0,0.0,0.0
56973,0.0,0.0,0.0,0.0,0.0,0.0,0.0,0.0,0.0,0.0,0.0,0.0
56974,0.0,0.0,0.0,0.0,0.0,0.0,0.0,0.0,0.0,0.0,0.0,0.0
56975,0.0,0.0,0.0,0.0,0.0,0.0,0.0,0.0,0.0,0.0,0.0,0.0
56976,0.0,0.0,0.0,0.0,0.0,0.0,0.0,0.0,0.0,0.0,0.0,0.0
56977,0.0,0.0,0.0,0.0,0.0,0.0,0.0,0.0,0.0,0.0,0.0,0.0
56978,0.0,0.0,0.0,0.0,0.0,0.0,0.0,0.0,0.0,0.0,0.0,0.0
56980,0.0,0.0,0.0,0.0,0.0,0.0,0.0,0.0,0.0,0.0,0.0,0.0
56981,109576.0554006137,176040.04720135778,333676.382317747,188382.79508775473,118209.655167575,78689.19705462642,84753.90622655582,117319.46280160779,23494.53921290743,0.0,7444.29385812534,47204.55297344737
56982,0.0,0.0,0.0,0.0,0.0,0.0,0.0,0.0,0.0,0.0,0.0,0.0
56983,0.0,0.0,0.0,0.0,0.0,0.0,0.0,0.0,0.0,0.0,0.0,0.0
56984,0.0,0.0,0.0,0.0,0.0,0.0,0.0,0.0,0.0,0.0,0.0,0.0
56985,0.0,0.0,0.0,0.0,0.0,0.0,0.0,0.0,0.0,0.0,0.0,0.0
56986,0.0,0.0,0.0,0.0,0.0,0.0,0.0,0.0,0.0,0.0,0.0,0.0
56987,0.0,0.0,0.0,0.0,0.0,0.0,0.0,0.0,0.0,0.0,0.0,0.0
56988,0.0,0.0,0.0,0.0,0.0,0.0,0.0,0.0,0.0,0.0,0.0,0.0
56989,0.0,0.0,0.0,0.0,0.0,0.0,0.0,0.0,0.0,0.0,0.0,0.0
56990,0.0,0.0,0.0,0.0,0.0,0.0,0.0,0.0,0.0,0.0,0.0,0.0
56991,0.0,0.0,0.0,0.0,0.0,0.0,0.0,0.0,0.0,0.0,0.0,0.0
56992,0.0,0.0,0.0,0.0,0.0,0.0,0.0,0.0,0.0,0.0,0.0,0.0
56993,0.0,0.0,0.0,0.0,0.0,0.0,0.0,0.0,0.0,0.0,0.0,0.0
56994,0.0,0.0,0.0,0.0,0.0,0.0,0.0,0.0,0.0,0.0,0.0,0.0
57000,0.0,0.0,0.0,0.0,0.0,0.0,0.0,0.0,0.0,0.0,0.0,0.0
57001,0.0,0.0,0.0,0.0,0.0,0.0,0.0,0.0,0.0,0.0,0.0,0.0
57002,0.0,0.0,0.0,0.0,0.0,0.0,0.0,0.0,0.0,0.0,0.0,0.0
57006,0.0,0.0,0.0,0.0,0.0,0.0,0.0,0.0,0.0,0.0,0.0,0.0
57009,0.0,0.0,0.0,0.0,0.0,0.0,0.0,0.0,0.0,0.0,0.0,0.0
57010,0.0,0.0,0.0,0.0,0.0,0.0,0.0,0.0,0.0,0.0,0.0,0.0
57011,0.0,0.0,0.0,0.0,0.0,0.0,0.0,0.0,0.0,0.0,0.0,0.0
57012,0.0,0.0,0.0,0.0,0.0,0.0,0.0,0.0,0.0,0.0,0.0,0.0
57013,0.0,0.0,0.0,0.0,0.0,0.0,0.0,0.0,0.0,0.0,0.0,0.0
57014,-362305.46427577734,-676819.6405670643,-3905232.649559295,0.0,0.0,0.0,0.0,0.0,0.0,0.0,0.0,0.0
57101,-504270.4635130316,-1008406.7060929388,-1346443.8342963606,-149553.47004973888,-398110.700463444,-26911.945972681046,-7500.995862841606,-99829.76189631224,-148457.57454949617,-42576.19532388449,-42789.75881874561,-367772.73118561506
57103,261764.82985448837,380360.6254168749,556343.9355719984,717256.7681907117,1275300.7241608202,1098007.3390027434,766830.7777033448,36113.85352909565,0.0,0.0,0.0,11109.625163033605
57155,0.0,0.0,0.0,0.0,0.0,0.0,0.0,0.0,0.0,0.0,0.0,0.0
57156,0.0,0.0,0.0,0.0,0.0,0.0,0.0,0.0,0.0,0.0,0.0,0.0
57157,43567.01152498275,1270513.3671905398,1483389.6025109068,421654.98262470216,523830.6472879052,0.0,80616.83736276627,1252777.1195847169,1330504.4138657637,1415158.6096798107,1549212.7888093442,120146.49222511798
57158,0.0,0.0,0.0,0.0,0.0,0.0,0.0,0.0,0.0,0.0,0.0,0.0
57159,-78066.42372515798,-156519.7208584696,-531802.2435871735,-68294.23402187228,-10993.629159972072,-88209.36348236352,-131204.30229454488,-214820.3086950723,-188472.00312413275,-10640.126129433513,-1333.2404551655054,-22761.2074303627
57160,0.0,0.0,0.0,0.0,0.0,0.0,0.0,0.0,0.0,0.0,0.0,0.0
57161,492073.16279548407,2932259.39653489,4995800.606480926,1804701.592504466,406800.6374117136,0.0,56944.7421374172,1252459.9173313603,1412413.4919304252,1564004.0118888319,2598893.7186962366,155758.7113813758
57162,-43817.41439974308,-574431.3603601754,-909110.5625,-543822.6326426826,-66189.69048914313,0.0,-8809.162660449743,-247033.69543912727,-279646.58273515105,-382846.5307868123,-526198.3120376766,-19081.153986930847
57163,0.0,0.0,0.0,0.0,0.0,0.0,0.0,0.0,0.0,0.0,0.0,0.0
57164,0.0,2070461.9999620467,3792033.2400148623,3567947.981091503,563221.7834478356,0.0,15638.867464186624,1917021.0699052997,2053009.4564959072,2021059.9053148865,2508135.920993112,193584.59659546614
57165,6511827.909944244,12317949.440864816,14689202.847066276,9338206.271516932,3716526.8337626383,8397351.260461316,8198760.731937295,4630866.955564184,4001384.4680141974,0.0,15499.162411257625,2117266.18171601
57166,2680267.7594084293,5961708.735704288,9409090.629876107,9362909.527032087,1300264.7862418443,4073415.476931881,5058841.873342181,7231073.7466705935,6698303.98177341,1643776.5829875171,0.0,0.0
57167,0.0,0.0,0.0,0.0,0.0,0.0,0.0,0.0,0.0,0.0,0.0,0.0
57168,0.0,0.0,0.0,0.0,0.0,0.0,0.0,0.0,0.0,0.0,0.0,0.0
57169,-59103.74796873331,-52521.31110614538,-89562.65582805872,-73906.66834312677,0.0,0.0,-2414.733900859952,-59681.206431657076,-86700.20019340515,-118097.46132847667,-86934.37444916368,-1511.7668063640594
57170,-11046.272683084011,-19066.177801847458,-31234.71332281828,-22242.44742023945,-6153.936135053635,0.0,-204.31253984570503,-26245.65827985108,-27804.910067260265,-49858.88311462104,-36950.66722488403,-282.8601690530777
57171,0.0,0.0,0.0,0.0,0.0,0.0,0.0,0.0,0.0,0.0,0.0,0.0
57172,0.0,0.0,0.0,0.0,0.0,0.0,0.0,0.0,0.0,0.0,0.0,0.0
57173,0.0,0.0,0.0,0.0,0.0,0.0,0.0,0.0,0.0,0.0,0.0,0.0
57174,0.0,0.0,0.0,0.0,0.0,0.0,0.0,0.0,0.0,0.0,0.0,0.0
57175,0.0,0.0,0.0,0.0,0.0,0.0,0.0,0.0,0.0,0.0,0.0,0.0
57177,0.0,0.0,0.0,0.0,0.0,0.0,0.0,0.0,0.0,0.0,0.0,0.0
57179,-51323.520595520735,-56656.6261792779,-305938.90171709657,-289331.6228161156,-137745.26844586432,-171425.4870125875,-153099.62185147777,-290112.38090787083,-271372.8280903939,-19235.486480306834,0.0,-4023.1159337610006
57180,6970.975512936711,21316.824699759483,42445.484388150275,33265.65746124089,10571.438189014792,6093.630358312279,10649.19243398495,17614.921640049666,17739.902218550444,4929.102592954412,0.0,0.0
57181,21028.491207644343,51400.00666715205,108235.12821184844,91423.2738788575,27224.450729973614,16416.378265257925,28673.70587759465,46965.78916513175,48100.505991185084,13633.316164139658,0.0,0.0
57182,20202.113201618195,33034.06404709816,67915.10195322335,42265.73431390524,21692.58380028233,15985.40859606117,17280.07169125788,26507.102364591323,12793.247996279038,0.0,7.174172230064869,4286.101217634976
57183,0.0,0.0,0.0,0.0,0.0,0.0,0.0,0.0,0.0,0.0,0.0,0.0
57184,0.0,0.0,0.0,0.0,0.0,0.0,0.0,0.0,0.0,0.0,0.0,0.0
57185,0.0,0.0,0.0,0.0,0.0,0.0,0.0,0.0,0.0,0.0,0.0,0.0
57190,0.0,0.0,0.0,0.0,0.0,0.0,0.0,0.0,0.0,0.0,0.0,0.0
57191,0.0,0.0,0.0,0.0,0.0,0.0,0.0,0.0,0.0,0.0,0.0,0.0
57192,0.0,0.0,0.0,0.0,0.0,0.0,0.0,0.0,0.0,0.0,0.0,0.0
57193,0.0,0.0,0.0,0.0,0.0,0.0,0.0,0.0,0.0,0.0,0.0,0.0
57196,0.0,0.0,0.0,0.0,0.0,0.0,0.0,0.0,0.0,0.0,0.0,0.0
57197,0.0,0.0,0.0,0.0,0.0,0.0,0.0,0.0,0.0,0.0,0.0,0.0
57199,0.0,0.0,0.0,0.0,0.0,0.0,0.0,0.0,0.0,0.0,0.0,0.0
57200,0.0,0.0,0.0,0.0,0.0,0.0,0.0,0.0,0.0,0.0,0.0,0.0
57201,0.0,0.0,0.0,0.0,0.0,0.0,0.0,0.0,0.0,0.0,0.0,0.0
57202,0.0,0.0,0.0,0.0,0.0,0.0,0.0,0.0,0.0,0.0,0.0,0.0
57203,0.0,0.0,0.0,0.0,0.0,0.0,0.0,0.0,0.0,0.0,0.0,0.0
57204,-68190.90943565965,-313464.6124277264,0.0,0.0,0.0,0.0,0.0,0.0,0.0,0.0,0.0,0.0
57290,-2255.4696071222425,-7937.075318619609,-19150.616079917178,-7752.619093418121,-4055.423045657575,-499.1644414663315,0.0,-1013.0116154551506,-4165.348740085959,-3330.2919810563326,0.0,-51.12317248433828
57291,0.0,0.0,0.0,0.0,0.0,0.0,0.0,0.0,0.0,0.0,0.0,0.0
57292,0.0,-83980.38172149658,-345036.3052816391,-378885.37903404236,-903050.0759592056,-758887.3375439644,-386475.7580924034,0.0,0.0,0.0,0.0,0.0
57345,0.0,0.0,0.0,0.0,0.0,0.0,0.0,0.0,0.0,0.0,0.0,0.0
57347,0.0,0.0,0.0,0.0,0.0,0.0,0.0,0.0,0.0,0.0,0.0,0.0
57348,0.0,0.0,0.0,0.0,0.0,0.0,0.0,0.0,0.0,0.0,0.0,0.0
57349,0.0,0.0,0.0,0.0,0.0,0.0,0.0,0.0,0.0,0.0,0.0,0.0
57350,0.0,0.0,0.0,0.0,0.0,0.0,0.0,0.0,0.0,0.0,0.0,0.0
57352,715.6927960515022,14030.692795217037,17997.420918587595,9267.383311644197,5873.224008515477,1649.8038164451718,3898.1039388254285,5437.653605508618,5960.27569449041,1308.1607326287776,0.0,0.0
57354,2539.87720143795,4905.58417275548,12550.19334334135,7979.580249994993,5426.521950349212,5083.901343539357,4474.54276920855,8340.003435179591,2912.3232158236206,0.0,137.82845470309258,1012.9451529532671
57355,3760.1279082000256,4550.662741586566,17875.113535523415,12340.675063930452,8026.815465267748,6631.3221478220075,6913.378466300666,9764.287627199665,5048.053393417969,0.0,201.21872863173485,836.6954641118646
57356,1458.7194233387127,2539.4690280342475,6505.582694795914,4457.16712574556,3588.5801752302796,2107.5962415576214,1580.4694434328703,2304.0253134161176,525.0265822560177,0.0,135.127059582941,618.8699102601095
57357,0.0,0.0,0.0,0.0,0.0,0.0,0.0,0.0,0.0,0.0,0.0,0.0
57358,0.0,0.0,0.0,0.0,0.0,0.0,0.0,0.0,0.0,0.0,0.0,0.0
57359,0.0,0.0,0.0,0.0,0.0,0.0,0.0,0.0,0.0,0.0,0.0,0.0
57360,0.0,0.0,0.0,0.0,0.0,0.0,0.0,0.0,0.0,0.0,0.0,0.0
57361,0.0,0.0,0.0,0.0,0.0,0.0,0.0,0.0,0.0,0.0,0.0,0.0
57362,0.0,0.0,0.0,0.0,0.0,0.0,0.0,0.0,0.0,0.0,0.0,0.0
57363,0.0,0.0,0.0,0.0,0.0,0.0,0.0,0.0,0.0,0.0,0.0,0.0
57367,0.0,0.0,0.0,0.0,0.0,0.0,0.0,0.0,0.0,0.0,0.0,0.0
57368,0.0,0.0,0.0,0.0,0.0,0.0,0.0,0.0,0.0,0.0,0.0,0.0
57369,0.0,0.0,0.0,0.0,0.0,0.0,0.0,0.0,0.0,0.0,0.0,0.0
57370,0.0,0.0,0.0,0.0,0.0,0.0,0.0,0.0,0.0,0.0,0.0,0.0
57371,0.0,0.0,0.0,0.0,0.0,0.0,0.0,0.0,0.0,0.0,0.0,0.0
57373,0.0,0.0,0.0,0.0,0.0,0.0,0.0,0.0,0.0,0.0,0.0,0.0
57374,0.0,0.0,0.0,0.0,0.0,0.0,0.0,0.0,0.0,0.0,0.0,0.0
57375,0.0,0.0,0.0,0.0,0.0,0.0,0.0,0.0,0.0,0.0,0.0,0.0
57376,0.0,0.0,0.0,0.0,0.0,0.0,0.0,0.0,0.0,0.0,0.0,0.0
57377,0.0,-29178.765985250473,-1773426.5940350816,0.0,0.0,0.0,0.0,0.0,0.0,0.0,0.0,0.0
57462,-826.9500879272819,-732.5042061880231,1146.8635655995458,58.54409980773926,-228.05982853472233,122.25674772262573,-0.24176150560379028,-262.5892853140831,1117.6218584477901,591.0895550251007,0.0,-10.977093763649464
57463,0.0,0.0,0.0,0.0,0.0,0.0,0.0,0.0,0.0,0.0,0.0,0.0
57516,0.0,0.0,0.0,0.0,0.0,0.0,0.0,0.0,0.0,0.0,0.0,0.0
57518,-32698.700635015965,-79226.77448701859,-82020.30089060962,-64420.04367184639,-11588.986088395119,-47997.847990736365,-79281.34040161967,-132202.72727892548,-85494.09670364857,-41833.29902909696,0.0,0.0
57519,0.0,0.0,0.0,0.0,0.0,0.0,0.0,0.0,0.0,0.0,0.0,0.0
57520,-251662.34989383072,-362841.3770606192,-20028.939453125,-18355.98228996992,-15473.345716170967,-252302.24746631458,-214342.00449709594,-345130.33468922786,-16201.190906223841,0.0,-206.63027489557862,-3679.3454710394144
57521,0.0,0.0,0.0,0.0,0.0,0.0,0.0,0.0,0.0,0.0,0.0,0.0
57522,0.0,0.0,0.0,0.0,0.0,0.0,0.0,0.0,0.0,0.0,0.0,0.0
57524,-41535.755308032036,-186455.5312178433,-194883.5044566095,-145259.6492766738,-43127.2937296927,-32542.84502209723,-115937.82901920378,-188232.65751858056,-210661.78183792904,-49002.70481385663,0.0,0.0
57525,0.0,0.0,0.0,0.0,0.0,0.0,0.0,0.0,0.0,0.0,0.0,0.0
57529,0.0,0.0,0.0,0.0,0.0,0.0,0.0,0.0,0.0,0.0,0.0,0.0
57530,0.0,0.0,0.0,0.0,0.0,0.0,0.0,0.0,0.0,0.0,0.0,0.0
57531,0.0,0.0,0.0,0.0,0.0,0.0,0.0,0.0,0.0,0.0,0.0,0.0
57532,0.0,0.0,0.0,0.0,0.0,0.0,0.0,0.0,0.0,0.0,0.0,0.0
57533,0.0,0.0,0.0,0.0,0.0,0.0,0.0,0.0,0.0,0.0,0.0,0.0
57534,0.0,0.0,0.0,0.0,0.0,0.0,0.0,0.0,0.0,0.0,0.0,0.0
57535,0.0,0.0,0.0,0.0,0.0,0.0,0.0,0.0,0.0,0.0,0.0,0.0
57536,0.0,0.0,0.0,0.0,0.0,0.0,0.0,0.0,0.0,0.0,0.0,0.0
57538,0.0,-85676.13393878937,-225613.7099454701,0.0,0.0,0.0,0.0,0.0,0.0,0.0,0.0,0.0
57622,34874413.9367218,31004890.51999855,10130803.328102112,2685510.037042618,3851136.812597275,10488366.652682304,13688372.695289612,16205245.422540665,9488243.537071705,-1944140.0379929543,-1085215.7064199448,12045248.8717556
57623,-107588.41611772776,-190444.98935851455,-300326.5747205317,-383941.3002012968,-669962.9188909531,-520724.82933950424,-299200.5395537615,0.0,0.0,0.0,0.0,-11975.95069399476
57676,0.0,0.0,0.0,0.0,0.0,0.0,0.0,0.0,0.0,0.0,0.0,0.0
57677,0.0,0.0,0.0,0.0,0.0,0.0,0.0,0.0,0.0,0.0,0.0,0.0
57678,0.0,0.0,-8515.310546875,0.0,0.0,0.0,0.0,0.0,0.0,0.0,0.0,0.0
57679,-15095.318359375,0.0,0.0,-84751.19185711443,-142572.4971007374,-14341.24609375,0.0,0.0,-55063.95981085091,0.0,-9307.928846411407,-44385.214898299426
57680,0.0,0.0,0.0,0.0,0.0,0.0,0.0,0.0,0.0,0.0,0.0,0.0
57681,0.0,0.0,0.0,0.0,0.0,0.0,0.0,0.0,0.0,0.0,0.0,0.0
57682,0.0,0.0,0.0,0.0,0.0,0.0,0.0,0.0,0.0,0.0,0.0,0.0
57683,-17178.96583557129,-79965.77351936698,-78220.70411840081,-21368.161858826876,-10906.557045862079,-44892.19802301377,-48981.57748494297,-67616.15987161547,-20914.79402633384,0.0,-3311.4926210194826,-4988.066667497158
57684,0.0,0.0,0.0,0.0,0.0,0.0,0.0,0.0,0.0,0.0,0.0,0.0
57685,0.0,0.0,0.0,0.0,0.0,0.0,0.0,0.0,0.0,0.0,0.0,0.0
57686,0.0,0.0,0.0,0.0,0.0,0.0,0.0,0.0,0.0,0.0,0.0,0.0
57687,0.0,0.0,0.0,0.0,0.0,0.0,0.0,0.0,0.0,0.0,0.0,0.0
57688,0.0,0.0,0.0,0.0,0.0,0.0,0.0,0.0,0.0,0.0,0.0,0.0
57689,0.0,0.0,0.0,0.0,0.0,0.0,0.0,0.0,0.0,0.0,0.0,0.0
57690,0.0,0.0,0.0,0.0,0.0,0.0,0.0,0.0,0.0,0.0,0.0,0.0
57691,0.0,0.0,0.0,0.0,0.0,0.0,0.0,0.0,0.0,0.0,0.0,0.0
57692,0.0,0.0,0.0,0.0,0.0,0.0,0.0,0.0,0.0,0.0,0.0,0.0
57693,0.0,0.0,0.0,0.0,0.0,0.0,0.0,0.0,0.0,0.0,0.0,0.0
57694,0.0,0.0,0.0,0.0,0.0,0.0,0.0,0.0,0.0,0.0,0.0,0.0
57696,-84582.07562558353,-269685.6905576885,0.0,0.0,0.0,0.0,0.0,0.0,0.0,0.0,0.0,0.0
57720,0.0,-2320.8080291748047,-22205.09669494629,-53789.714752197266,-23448.522979736328,-1579.6166725158691,-3169.969352722168,-1548.142219543457,0.0,0.0,-19950.224729537964,0.0
57721,-31744.157466888428,-110177.99814987183,-95040.76737213135,-96720.64521026611,-29396.037197113037,40052.53116607666,51218.51279258728,46991.11486816406,20464.423654556274,19399.10285949707,3079.292791366577,-29575.975801467896
57777,0.0,0.0,0.0,0.0,0.0,0.0,0.0,0.0,0.0,0.0,0.0,0.0
57778,-249.49813394993544,-355.65230229124427,-435.57068195194006,-234.0594421327114,-45.77714018523693,-1.6508147716522217,-5.23776051402092,-125.89313805103302,-120.34972059726715,-224.99273465573788,0.0,-30.89069562405348
57779,0.0,0.0,0.0,0.0,0.0,0.0,0.0,0.0,0.0,0.0,0.0,0.0
57833,0.0,0.0,0.0,0.0,0.0,0.0,0.0,0.0,0.0,0.0,0.0,0.0
57834,0.0,0.0,0.0,0.0,0.0,0.0,0.0,0.0,0.0,0.0,0.0,0.0
57835,0.0,0.0,0.0,0.0,0.0,0.0,0.0,0.0,0.0,0.0,0.0,0.0
57836,0.0,0.0,0.0,0.0,0.0,0.0,0.0,0.0,0.0,0.0,0.0,0.0
57837,0.0,0.0,0.0,0.0,0.0,0.0,0.0,0.0,0.0,0.0,0.0,0.0
57838,0.0,0.0,0.0,0.0,0.0,0.0,0.0,0.0,0.0,0.0,0.0,0.0
57840,0.0,0.0,0.0,0.0,0.0,0.0,0.0,0.0,0.0,0.0,0.0,0.0
57841,0.0,0.0,0.0,0.0,0.0,0.0,0.0,0.0,0.0,0.0,0.0,0.0
57842,0.0,0.0,0.0,0.0,0.0,0.0,0.0,0.0,0.0,0.0,0.0,0.0
57843,0.0,0.0,0.0,0.0,0.0,0.0,0.0,0.0,0.0,0.0,0.0,0.0
57844,0.0,0.0,0.0,0.0,0.0,0.0,0.0,0.0,0.0,0.0,0.0,0.0
57845,0.0,0.0,0.0,0.0,0.0,0.0,0.0,0.0,0.0,0.0,0.0,0.0
57846,0.0,0.0,0.0,0.0,0.0,0.0,0.0,0.0,0.0,0.0,0.0,0.0
57847,-787518.7373227775,-1890847.0455284715,-2791824.7096373886,0.0,0.0,0.0,0.0,0.0,0.0,0.0,0.0,0.0
57928,0.0,0.0,0.0,0.0,0.0,0.0,0.0,0.0,0.0,0.0,0.0,0.0
57929,346073.13025099784,444292.2719783783,614521.102856636,905624.2799953818,1875684.148255244,1552743.2389481962,1164866.7674907,71466.82868868858,0.0,0.0,0.0,8199.656673192978
57983,0.0,0.0,0.0,0.0,0.0,0.0,0.0,0.0,0.0,0.0,0.0,0.0
57984,0.0,0.0,0.0,0.0,0.0,0.0,0.0,0.0,0.0,0.0,0.0,0.0
57985,0.0,0.0,0.0,0.0,0.0,0.0,0.0,0.0,0.0,0.0,0.0,0.0
57986,0.0,0.0,0.0,0.0,0.0,0.0,0.0,0.0,0.0,0.0,0.0,0.0
57987,0.0,0.0,0.0,0.0,0.0,0.0,0.0,0.0,0.0,0.0,0.0,0.0
57988,0.0,0.0,0.0,0.0,0.0,0.0,0.0,0.0,0.0,0.0,0.0,0.0
57989,0.0,0.0,0.0,0.0,0.0,0.0,0.0,0.0,0.0,0.0,0.0,0.0
57990,0.0,0.0,0.0,0.0,0.0,0.0,0.0,0.0,0.0,0.0,0.0,0.0
57991,0.0,0.0,0.0,0.0,0.0,0.0,0.0,0.0,0.0,0.0,0.0,0.0
57992,0.0,0.0,0.0,0.0,0.0,0.0,0.0,0.0,0.0,0.0,0.0,0.0
57993,0.0,0.0,0.0,0.0,0.0,0.0,0.0,0.0,0.0,0.0,0.0,0.0
57994,0.0,0.0,0.0,0.0,0.0,0.0,0.0,0.0,0.0,0.0,0.0,0.0
57995,0.0,0.0,0.0,0.0,0.0,0.0,0.0,0.0,0.0,0.0,0.0,0.0
57996,-85780.74359301664,-165194.17413070798,-562758.3446200266,0.0,0.0,0.0,0.0,0.0,0.0,0.0,0.0,0.0
58075,693101.4149553627,719483.2981212065,478080.29613259435,110323.29017359018,109309.34308934212,198582.94951552153,218661.8344066143,1091943.980003804,992856.200366199,675996.5122781396,57510.021901115775,515718.59553816915
58076,0.0,0.0,0.0,0.0,0.0,0.0,0.0,0.0,0.0,0.0,0.0,0.0
58077,0.0,0.0,0.0,0.0,0.0,0.0,0.0,0.0,0.0,0.0,0.0,0.0
58130,0.0,0.0,0.0,0.0,0.0,0.0,0.0,0.0,0.0,0.0,0.0,0.0
58131,0.0,0.0,0.0,0.0,0.0,0.0,0.0,0.0,0.0,0.0,0.0,0.0
58132,0.0,0.0,0.0,0.0,0.0,0.0,0.0,0.0,0.0,0.0,0.0,0.0
58133,0.0,0.0,0.0,0.0,0.0,0.0,0.0,0.0,0.0,0.0,0.0,0.0
58134,0.0,0.0,0.0,0.0,0.0,0.0,0.0,0.0,0.0,0.0,0.0,0.0
58135,0.0,0.0,0.0,0.0,0.0,0.0,0.0,0.0,0.0,0.0,0.0,0.0
58136,0.0,0.0,0.0,0.0,0.0,0.0,0.0,0.0,0.0,0.0,0.0,0.0
58137,0.0,0.0,0.0,0.0,0.0,0.0,0.0,0.0,0.0,0.0,0.0,0.0
58138,0.0,0.0,0.0,0.0,0.0,0.0,0.0,0.0,0.0,0.0,0.0,0.0
58139,0.0,0.0,0.0,0.0,0.0,0.0,0.0,0.0,0.0,0.0,0.0,0.0
58140,0.0,0.0,0.0,0.0,0.0,0.0,0.0,0.0,0.0,0.0,0.0,0.0
58141,0.0,0.0,0.0,0.0,0.0,0.0,0.0,0.0,0.0,0.0,0.0,0.0
58142,0.0,0.0,0.0,0.0,0.0,0.0,0.0,0.0,0.0,0.0,0.0,0.0
58144,0.0,0.0,0.0,0.0,0.0,0.0,0.0,0.0,0.0,0.0,0.0,0.0
58145,0.0,0.0,0.0,0.0,0.0,0.0,0.0,0.0,0.0,0.0,0.0,0.0
58148,0.0,0.0,0.0,0.0,0.0,0.0,0.0,0.0,0.0,0.0,0.0,0.0
58150,0.0,0.0,0.0,0.0,0.0,0.0,0.0,0.0,0.0,0.0,0.0,0.0
58151,-447473.1507515982,-39749.25189246982,-25706.132198520005,-2349390.162671239,-1113572.959199139,0.0,0.0,0.0,0.0,0.0,0.0,0.0
58152,-451204.61148804426,0.0,-49620.015625,-66.14549255371094,0.0,-168871.01902311575,0.0,0.0,0.0,0.0,0.0,0.0
58175,-40686.37911605835,-127505.26693344116,-151648.870677948,-178680.96851730347,-77231.57181930542,-9763.990025520325,-2629.888207435608,0.0,-5392.584318161011,-335.04883575439453,-11433.840277194977,-43899.37126016617
58176,8942.221647262573,17327.268781661987,56608.10330581665,81960.32330513,47835.53462409973,49816.52119064331,53848.400999069214,46991.11486816406,25857.007972240448,19734.151694774628,14513.133069038391,14323.395458459854
58230,92.86018171161413,102.95066394656897,28.440007623285055,17.391444265842438,49.413884326815605,27.942540049552917,0.18465286493301392,27.586068212985992,13.147038072347641,0.5371617674827576,58.164576947689056,106.88578793406487
58231,-10652.077525556087,-13818.808840990067,-13680.267070412636,-30039.11932516098,-52834.13853418827,-40149.63507306576,-32021.615464940667,-5556.437770277262,0.0,0.0,0.0,-46.109981536865234
58284,0.0,0.0,0.0,0.0,0.0,0.0,0.0,0.0,0.0,0.0,0.0,0.0
58285,0.0,0.0,0.0,0.0,0.0,0.0,0.0,0.0,0.0,0.0,0.0,0.0
58286,2277.333275746554,23126.75904087629,38191.283384481445,47303.75053198519,20511.57898974535,0.0,0.0,0.0,0.0,0.0,0.0,0.0
58287,0.0,0.0,0.0,0.0,0.0,0.0,0.0,0.0,0.0,0.0,0.0,0.0
58288,-43384.45910388231,-64455.95122441219,-69852.17485156923,-32528.47172862885,-52534.46560125938,-934.4207763671875,0.0,0.0,-294290.0,-330550.375,-422165.1853969882,-67634.38952026202
58289,-316822.4626882076,-637223.7897564173,-856905.1081514414,-295800.28125,-67759.80595201626,-155.91403299197555,-584156.3825489692,0.0,0.0,0.0,-78250.7421875,-14216.630567049608
58290,0.0,0.0,0.0,0.0,0.0,0.0,0.0,-92324.3359375,-65761.5703125,-49954.89453125,0.0,0.0
58291,0.0,0.0,0.0,0.0,0.0,0.0,0.0,0.0,0.0,0.0,0.0,0.0
58292,0.0,0.0,0.0,0.0,0.0,0.0,0.0,0.0,0.0,0.0,0.0,0.0
58293,0.0,0.0,0.0,0.0,0.0,0.0,0.0,0.0,0.0,0.0,0.0,0.0
58294,0.0,0.0,0.0,0.0,0.0,0.0,0.0,0.0,0.0,0.0,0.0,0.0
58295,0.0,0.0,0.0,0.0,0.0,0.0,0.0,0.0,0.0,0.0,0.0,0.0
58298,0.0,0.0,0.0,0.0,0.0,0.0,0.0,0.0,0.0,0.0,0.0,0.0
58299,0.0,0.0,0.0,0.0,0.0,0.0,0.0,0.0,0.0,0.0,0.0,0.0
58300,0.0,0.0,0.0,0.0,0.0,0.0,0.0,0.0,0.0,0.0,0.0,0.0
58301,0.0,0.0,0.0,0.0,0.0,0.0,0.0,0.0,0.0,0.0,0.0,0.0
58302,0.0,0.0,0.0,0.0,0.0,0.0,0.0,0.0,0.0,0.0,0.0,0.0
58303,0.0,0.0,0.0,0.0,0.0,0.0,0.0,0.0,0.0,0.0,0.0,0.0
58304,0.0,0.0,0.0,0.0,0.0,0.0,0.0,0.0,0.0,0.0,0.0,0.0
58307,0.0,0.0,0.0,0.0,0.0,0.0,0.0,0.0,0.0,0.0,0.0,0.0
58308,-20168.32562564779,-5613.6298828125,-24444.27381403558,-603273.011710423,0.0,-1267560.038936397,-64254.94471679069,0.0,0.0,0.0,0.0,0.0
58384,-6518738.672770292,-8039366.028303906,-5358120.521492839,-2386834.3185977936,-3223511.7929187715,-1513209.7598861754,-462056.1912435591,-1721201.5434714258,-911115.5772074461,2511.699080348015,-479973.8362931013,-3350930.1927123666
58385,-118457.02275164425,-143846.01052252203,-84534.27694758028,-11953.240705490112,-87208.90362018347,-16648.68182706833,-231.85272908210754,-63954.46482890844,-21894.391811847687,0.0,-6248.988201528788,-71919.69959799945
58386,-31347.62522250414,-41910.95468041301,-52479.855979681015,-105608.35333395004,-141528.63627815247,-103239.68084648252,-77116.58565819263,-5924.005222484469,0.0,0.0,0.0,-688.6147623062134
58441,0.0,0.0,0.0,0.0,0.0,0.0,0.0,0.0,0.0,0.0,0.0,0.0
58442,0.0,0.0,0.0,0.0,0.0,0.0,0.0,0.0,0.0,0.0,0.0,0.0
58443,-3746.7302402853966,-103665.00160186738,-166915.35897075757,-329130.6050988198,-194012.52545552608,-68467.69734112453,-105243.65283843875,-444781.21875,0.0,0.0,0.0,-9944.751613381319
58445,-4037.6646852493286,-343763.3837977797,-417081.1241041124,-881188.8910612464,-559443.5047552139,-132909.85394828767,-677396.0399147794,-1684359.8085266855,-124115.171875,-7012.2421875,-32076.26985955611,-6391.902433816344
58446,0.0,0.0,0.0,0.0,0.0,0.0,0.0,0.0,0.0,0.0,0.0,0.0
58459,0.0,0.0,0.0,0.0,0.0,0.0,0.0,0.0,0.0,0.0,0.0,0.0
58460,0.0,0.0,0.0,0.0,0.0,0.0,0.0,0.0,0.0,0.0,0.0,0.0
58463,0.0,0.0,0.0,0.0,0.0,0.0,0.0,0.0,0.0,0.0,0.0,0.0
58464,-493757.61513638496,-1341620.5256597996,-3545662.837507561,-21811.798828125,0.0,-154707.390625,-120496.2484665201,0.0,0.0,0.0,0.0,0.0
58539,866.6593803018332,2460.8435342907906,692.2419749498367,1507.6244776248932,1691.0490219891071,0.0,0.0,0.0,0.0,0.0,0.0,13.822098791599274
58540,0.0,0.0,0.0,0.0,0.0,0.0,0.0,0.0,0.0,0.0,0.0,0.0
58596,0.0,0.0,0.0,0.0,0.0,0.0,0.0,0.0,0.0,0.0,0.0,0.0
58597,0.0,0.0,0.0,0.0,0.0,0.0,0.0,0.0,-374250.6663099248,-454243.2100481894,-331718.0160973971,0.0
58598,-124066.25316739082,-1228662.2095701098,-1856206.5197440386,-1519955.1442320347,-839804.3114424944,-1777884.5345489383,-2491883.0849342644,-2870723.5664955378,-1822839.7432934344,-188103.46170574427,0.0,-240839.9369136393
58600,-21705.692330777645,-87021.61022922397,-78568.40640823543,-30281.804975181818,-20732.40215319395,-6674.861596107483,-68846.37735427916,-75352.96860568225,-102372.60936191678,-23485.079189032316,0.0,0.0
58601,0.0,0.0,0.0,0.0,0.0,0.0,0.0,0.0,0.0,0.0,0.0,0.0
58612,0.0,0.0,0.0,0.0,0.0,0.0,0.0,0.0,0.0,0.0,0.0,0.0
58613,0.0,0.0,0.0,0.0,0.0,0.0,0.0,0.0,0.0,0.0,0.0,0.0
58614,0.0,0.0,0.0,0.0,0.0,0.0,0.0,0.0,0.0,0.0,0.0,0.0
58618,0.0,0.0,0.0,0.0,0.0,0.0,0.0,0.0,0.0,0.0,0.0,0.0
58619,0.0,0.0,0.0,0.0,0.0,0.0,0.0,0.0,0.0,0.0,0.0,0.0
58620,0.0,0.0,0.0,0.0,0.0,0.0,0.0,0.0,0.0,0.0,0.0,0.0
58621,0.0,0.0,0.0,0.0,0.0,0.0,0.0,0.0,0.0,0.0,0.0,0.0
58622,-722498.5481629237,-1335122.6298967674,-54729.046875,0.0,0.0,0.0,0.0,0.0,0.0,0.0,0.0,0.0
58697,-237362.9771904871,-659330.65811266,-329976.7646894604,-333916.3322054744,-300261.97090256214,684.2354535907507,0.0,280.193683385849,200.3789359331131,429.16240152716637,35.43558615446091,-3553.525892883539
58698,0.0,0.0,0.0,0.0,0.0,0.0,0.0,0.0,0.0,0.0,0.0,0.0
58754,0.0,0.0,0.0,0.0,0.0,0.0,0.0,0.0,0.0,0.0,0.0,0.0
58755,-4288.115164734423,-73975.04530903324,-94389.79854430258,-99497.56586163491,-70968.12203056179,-137528.33100556117,-164483.03843144327,-179347.73701150436,-88480.80021322705,0.0,0.0,-20290.51740946248
58756,-11366.00122308731,-304928.29367017746,-455763.30820834637,-532395.7630279362,-307451.18766766787,-662664.9697765112,-822606.6363088638,-932358.8350029439,-501043.23139873147,0.0,0.0,-69916.98678010702
58760,-244188.28512489796,-111647.74750703573,-134027.68140161037,-65449.016868531704,-293.982590675354,-7813.119209766388,-73223.21722063422,-42937.30314421654,-141158.6963930428,-88191.23811301589,0.0,-2916.853816792369
58761,0.0,0.0,0.0,0.0,0.0,0.0,0.0,0.0,0.0,0.0,0.0,0.0
58762,0.0,0.0,0.0,0.0,0.0,0.0,0.0,0.0,0.0,0.0,0.0,0.0
58763,0.0,0.0,0.0,0.0,0.0,0.0,0.0,0.0,0.0,0.0,0.0,0.0
58764,0.0,0.0,0.0,0.0,0.0,0.0,0.0,0.0,0.0,0.0,0.0,0.0
58776,0.0,0.0,0.0,0.0,0.0,0.0,0.0,0.0,0.0,0.0,0.0,0.0
58777,0.0,0.0,0.0,0.0,0.0,0.0,0.0,0.0,0.0,0.0,0.0,0.0
58778,0.0,0.0,0.0,0.0,0.0,0.0,0.0,0.0,0.0,0.0,0.0,0.0
58779,0.0,0.0,0.0,0.0,0.0,0.0,0.0,0.0,0.0,0.0,0.0,0.0
58783,0.0,0.0,0.0,0.0,0.0,0.0,0.0,0.0,0.0,0.0,0.0,0.0
58784,0.0,0.0,0.0,0.0,0.0,0.0,0.0,0.0,0.0,0.0,0.0,0.0
58785,0.0,0.0,0.0,0.0,0.0,0.0,0.0,0.0,0.0,0.0,0.0,0.0
58787,0.0,0.0,0.0,0.0,0.0,0.0,0.0,0.0,0.0,0.0,0.0,0.0
58788,0.0,0.0,0.0,0.0,0.0,0.0,0.0,0.0,0.0,0.0,0.0,0.0
58863,-6300080.65863049,-94139.62289458513,-6288149.298324496,-2985253.11931175,-5953044.885507241,-3061677.11660333,-1136481.5561448634,-753311.162903145,-2003933.7827995718,-913237.25,-2431000.40739996,-4339554.368727908
58864,13789.484567195177,24617.311301656067,35851.56361955404,37548.80763620138,25982.911859437823,12199.121197909117,0.0,0.0,0.0,0.0,0.0,978.954484090209
58921,0.0,0.0,0.0,0.0,0.0,0.0,0.0,0.0,0.0,0.0,0.0,0.0
58922,46842.01079761982,515578.7393439114,777014.0307351947,1270104.8152379394,1460692.0997897685,2274732.484325245,2758453.274728529,3046847.90430481,1054358.1376940012,0.0,0.0,103387.73005697131
58927,-4070.5147742033005,-114720.64446735382,-223457.95971107483,-105540.0346057415,-251266.6260099411,0.0,0.0,-9409.635043740273,-155786.42301511765,-333248.15681540966,-194384.64936208725,-47164.820853710175
58928,0.0,0.0,0.0,0.0,0.0,0.0,0.0,0.0,0.0,0.0,0.0,0.0
58929,0.0,0.0,0.0,0.0,0.0,0.0,0.0,0.0,0.0,0.0,0.0,0.0
58932,0.0,0.0,0.0,0.0,0.0,0.0,0.0,0.0,0.0,0.0,0.0,0.0
58933,0.0,0.0,0.0,0.0,0.0,0.0,0.0,0.0,0.0,0.0,0.0,0.0
58934,0.0,0.0,0.0,0.0,0.0,0.0,0.0,0.0,0.0,0.0,0.0,0.0
58946,0.0,0.0,0.0,0.0,0.0,0.0,0.0,0.0,0.0,0.0,0.0,0.0
58947,0.0,0.0,0.0,0.0,0.0,0.0,0.0,0.0,0.0,0.0,0.0,0.0
58948,0.0,0.0,0.0,0.0,0.0,0.0,0.0,0.0,0.0,0.0,0.0,0.0
58949,0.0,0.0,0.0,0.0,0.0,0.0,0.0,0.0,0.0,0.0,0.0,0.0
58953,0.0,0.0,0.0,0.0,0.0,0.0,0.0,0.0,0.0,0.0,0.0,0.0
58954,0.0,0.0,0.0,0.0,0.0,0.0,0.0,0.0,0.0,0.0,0.0,0.0
58955,0.0,0.0,0.0,0.0,0.0,0.0,0.0,0.0,0.0,0.0,0.0,0.0
58956,0.0,0.0,0.0,0.0,0.0,0.0,0.0,0.0,0.0,0.0,0.0,0.0
58957,0.0,0.0,0.0,0.0,0.0,0.0,0.0,0.0,0.0,0.0,0.0,0.0
58958,-274887.90625,-929031.628988063,-1267104.4328951146,0.0,0.0,0.0,0.0,0.0,0.0,0.0,0.0,0.0
59031,0.0,0.0,0.0,0.0,0.0,0.0,0.0,0.0,0.0,0.0,0.0,0.0
59032,0.0,0.0,0.0,0.0,0.0,0.0,0.0,0.0,0.0,0.0,0.0,0.0
59089,0.0,0.0,0.0,0.0,0.0,0.0,0.0,0.0,0.0,0.0,0.0,0.0
59090,0.0,0.0,0.0,0.0,0.0,0.0,0.0,0.0,0.0,0.0,0.0,0.0
59091,3166.233528614044,-96799.27892768383,-158675.1487777233,-794208.9890486002,37874.85863697529,-189070.87158548832,-311373.72581008077,-425682.18072506785,-818909.6439005286,-146659.13502269983,517.3478522151709,22512.007158041
59096,-58941.44223827124,-116457.75200903416,-64920.04724562168,-23747.30538904667,-13315.948109030724,0.0,-16656.768304109573,-7.337403297424316,-66306.73438155651,-120090.05467915535,-9095.341561317444,-53300.22858121991
59097,0.0,0.0,0.0,0.0,0.0,0.0,0.0,0.0,0.0,0.0,0.0,0.0
59098,0.0,0.0,0.0,0.0,0.0,0.0,0.0,0.0,0.0,0.0,0.0,0.0
59103,0.0,0.0,0.0,0.0,0.0,0.0,0.0,0.0,0.0,0.0,0.0,0.0
59104,0.0,0.0,0.0,0.0,0.0,0.0,0.0,0.0,0.0,0.0,0.0,0.0
59105,0.0,0.0,0.0,0.0,0.0,0.0,0.0,0.0,0.0,0.0,0.0,0.0
59106,0.0,0.0,0.0,0.0,0.0,0.0,0.0,0.0,0.0,0.0,0.0,0.0
59117,0.0,0.0,0.0,0.0,0.0,0.0,0.0,0.0,0.0,0.0,0.0,0.0
59118,0.0,0.0,0.0,0.0,0.0,0.0,0.0,0.0,0.0,0.0,0.0,0.0
59119,0.0,0.0,0.0,0.0,0.0,0.0,0.0,0.0,0.0,0.0,0.0,0.0
59125,0.0,0.0,0.0,0.0,0.0,0.0,0.0,0.0,0.0,0.0,0.0,0.0
59126,0.0,0.0,0.0,0.0,0.0,0.0,0.0,0.0,0.0,0.0,0.0,0.0
59127,0.0,0.0,0.0,0.0,0.0,0.0,0.0,0.0,0.0,0.0,0.0,0.0
59128,-281392.21541802585,-692806.8856466617,-1016554.5200027525,-0.17183592915534973,-0.17185787856578827,0.0,0.0,0.0,0.0,0.0,0.0,0.0
59201,-142549.44702464528,-413800.2448347891,-141633.912387155,-107483.47979313135,-70746.64936121926,-2194.7042085789144,0.0,-66062.68735028803,-117165.94266136363,-115544.58372340351,0.0,-797.1756100133061
59202,-442789.66443657875,-855854.780109942,-1014890.543726027,-888146.0157371759,-588761.5357728451,-76508.10460321605,-9389.58299599588,0.0,0.0,0.0,0.0,0.0
59249,387328.9050414562,416520.2331292629,1050143.342347622,577191.7942289114,731851.1426119804,0.0,0.0,0.0,0.0,0.0,11110.511276002973,29451.345907211304
59259,0.0,0.0,0.0,0.0,0.0,0.0,0.0,0.0,0.0,0.0,0.0,0.0
59260,-35612.97396564484,-707692.9790551364,-651784.5845125914,-1672548.5915689766,-1186397.3720294833,-1875061.2386782542,-2041472.1611903235,0.0,-1202242.5405862741,0.0,0.0,-313053.707368508
59261,-87742.46102333069,-1157946.782169342,-1081884.0585746765,-3013289.357521057,-1427174.438590765,-3637368.776389122,-4139786.0573916435,-4939979.883764148,-3535315.135164976,-161587.70546346903,-181.92103588581085,-400330.81537389755
59266,-62577.3666703701,-299386.8121724129,-74397.39417266846,-10321.736910104752,-230.2830353975296,0.0,0.0,0.0,0.0,0.0,0.0,0.0
59267,-3556.8334525227547,-14865.905048966408,-6652.375766277313,-2767.94598788023,-535.7639871239662,0.0,0.0,0.0,0.0,0.0,0.0,0.0
59268,0.0,0.0,0.0,0.0,0.0,0.0,0.0,0.0,0.0,0.0,0.0,0.0
59269,0.0,0.0,0.0,0.0,0.0,0.0,0.0,0.0,0.0,0.0,0.0,0.0
59275,0.0,0.0,0.0,0.0,0.0,0.0,0.0,0.0,0.0,0.0,0.0,0.0
59277,0.0,0.0,0.0,0.0,0.0,0.0,0.0,0.0,0.0,0.0,0.0,0.0
59278,0.0,0.0,0.0,0.0,0.0,0.0,0.0,0.0,0.0,0.0,0.0,0.0
59290,0.0,0.0,0.0,0.0,0.0,0.0,0.0,0.0,0.0,0.0,0.0,0.0
59291,0.0,0.0,0.0,0.0,0.0,0.0,0.0,0.0,0.0,0.0,0.0,0.0
59292,0.0,0.0,0.0,0.0,0.0,0.0,0.0,0.0,0.0,0.0,0.0,0.0
59299,0.0,0.0,0.0,0.0,0.0,0.0,0.0,0.0,0.0,0.0,0.0,0.0
59300,0.0,0.0,0.0,0.0,0.0,0.0,0.0,0.0,0.0,0.0,0.0,0.0
59301,0.0,0.0,0.0,0.0,0.0,0.0,0.0,0.0,0.0,0.0,0.0,0.0
59302,0.0,0.0,0.0,0.0,0.0,0.0,0.0,0.0,0.0,0.0,0.0,0.0
59304,-374211.3401532173,-1268317.4879232943,-1377045.3891298473,-82515.171875,0.0,-287267.27284821635,0.0,0.0,0.0,0.0,0.0,0.0
59305,-46597.03140755813,-43840.59375,0.0,0.0,0.0,0.0,0.0,0.0,0.0,0.0,0.0,0.0
59376,12836515.599522948,12470021.62226379,2294872.9843275547,1729544.0141370296,804317.6893041134,475793.30485892296,89253.93240070343,0.0,0.0,969.9725227952003,523849.22200775146,4374241.36136198
59377,0.0,0.0,0.0,0.0,0.0,0.0,0.0,0.0,0.0,0.0,0.0,0.0
59434,0.0,0.0,0.0,0.0,0.0,0.0,0.0,0.0,0.0,0.0,0.0,0.0
59435,-13317.740901947021,-107773.7662691474,-112555.80036640167,-121558.26966255903,-190837.19836072624,-209428.1772589907,-251724.0197148621,-249176.28810340166,-64560.99271567166,0.0,-10965.697633456439,-71391.71011589095
59436,93161.29614257812,603129.5488328934,391162.5827932358,1117890.5533498526,-140331.13372814655,-345122.3379711509,-895954.9297187924,-1401430.8331924677,-1593753.2145915926,-1449810.640105307,-283896.0220834315,91406.05974805355
59437,1146221.9705238342,9059357.227719784,3814942.9818782806,17309093.295533657,6588613.995765209,805853.3512136936,939500.0617758036,1218227.0208874345,481372.64339995384,0.0,0.0,712599.8477287292
59444,-17330.785246789455,-70372.18253141642,-21578.77508533001,-2542.650070309639,0.0,0.0,0.0,0.0,0.0,0.0,0.0,0.0
59445,-31617.141282469034,-120547.99221166968,-35937.5585975647,-4306.470259547234,0.0,0.0,0.0,0.0,0.0,0.0,0.0,0.0
59446,0.0,0.0,0.0,0.0,0.0,0.0,0.0,0.0,0.0,0.0,0.0,0.0
59447,0.0,0.0,0.0,0.0,0.0,0.0,0.0,0.0,0.0,0.0,0.0,0.0
59471,0.0,0.0,0.0,0.0,0.0,0.0,0.0,0.0,0.0,0.0,0.0,0.0
59472,0.0,0.0,0.0,0.0,0.0,0.0,0.0,0.0,0.0,0.0,0.0,0.0
59473,0.0,0.0,0.0,0.0,0.0,0.0,0.0,0.0,0.0,0.0,0.0,0.0
59481,0.0,0.0,0.0,0.0,0.0,0.0,0.0,0.0,0.0,0.0,0.0,0.0
59482,0.0,0.0,0.0,0.0,0.0,0.0,0.0,0.0,0.0,0.0,0.0,0.0
59483,0.0,0.0,0.0,0.0,0.0,0.0,0.0,0.0,0.0,0.0,0.0,0.0
59485,0.0,0.0,0.0,0.0,-126.88381958007812,0.0,0.0,0.0,0.0,0.0,0.0,0.0
59486,-248983.28242471814,-929952.4464102015,-1740368.5551767647,-1681786.9657995421,0.0,-100842.109375,0.0,0.0,0.0,0.0,-32147.478737649508,-111791.01891230047
59555,0.0,0.0,0.0,0.0,0.0,0.0,0.0,0.0,0.0,0.0,0.0,0.0
59556,0.0,0.0,0.0,0.0,0.0,0.0,0.0,0.0,0.0,0.0,0.0,0.0
59612,0.0,0.0,0.0,0.0,0.0,0.0,0.0,0.0,0.0,0.0,0.0,0.0
59613,0.0,0.0,0.0,0.0,0.0,0.0,0.0,0.0,0.0,0.0,0.0,0.0
59614,0.0,0.0,0.0,0.0,0.0,0.0,0.0,0.0,0.0,0.0,0.0,0.0
59615,0.0,0.0,0.0,0.0,0.0,0.0,0.0,0.0,0.0,0.0,0.0,0.0
59625,-5762.579404592514,-23782.370418190956,-9671.327491998672,0.0,0.0,0.0,0.0,0.0,0.0,0.0,0.0,0.0
59626,0.0,0.0,0.0,0.0,0.0,0.0,0.0,0.0,0.0,0.0,0.0,0.0
59627,0.0,0.0,0.0,0.0,0.0,0.0,0.0,0.0,0.0,0.0,0.0,0.0
59628,0.0,0.0,0.0,0.0,0.0,0.0,0.0,0.0,0.0,0.0,0.0,0.0
59654,0.0,0.0,0.0,0.0,0.0,0.0,0.0,0.0,0.0,0.0,0.0,0.0
59655,0.0,0.0,0.0,0.0,0.0,0.0,0.0,0.0,0.0,0.0,0.0,0.0
59656,0.0,0.0,0.0,0.0,0.0,0.0,0.0,0.0,0.0,0.0,0.0,0.0
59657,0.0,0.0,0.0,0.0,0.0,0.0,0.0,0.0,0.0,0.0,0.0,0.0
59658,0.0,0.0,0.0,0.0,0.0,0.0,0.0,0.0,0.0,0.0,0.0,0.0
59666,0.0,0.0,0.0,0.0,0.0,0.0,0.0,0.0,0.0,0.0,0.0,0.0
59667,0.0,0.0,0.0,0.0,0.0,0.0,0.0,0.0,0.0,0.0,0.0,0.0
59668,0.0,0.0,0.0,0.0,0.0,0.0,0.0,0.0,0.0,0.0,0.0,0.0
59669,0.0,0.0,0.0,0.0,0.0,0.0,0.0,0.0,0.0,0.0,0.0,0.0
59670,0.0,0.0,0.0,0.0,0.0,0.0,0.0,0.0,0.0,0.0,0.0,0.0
59671,0.0,0.0,0.0,0.0,0.0,0.0,0.0,0.0,0.0,0.0,0.0,0.0
59673,-1032459.792180121,-54417.54296875,-2095444.0148422457,0.0,0.0,0.0,0.0,0.0,0.0,0.0,-108112.243765519,-283695.80527305976
59674,-189594.2152747236,0.0,0.0,0.0,0.0,0.0,0.0,0.0,0.0,0.0,0.0,-21429.962890625
59740,-942.1630890071392,-1886.0079644843936,-787.7158746123314,-745.3098352402449,-1247.8498436510563,-375.16156720370054,-161.85839378461242,-763.3816335126758,-850.915763668716,-984.2287331018597,-105.91363723576069,-2.799604080617428
59741,0.0,0.0,0.0,0.0,0.0,0.0,0.0,0.0,0.0,0.0,0.0,0.0
59796,0.0,0.0,0.0,0.0,0.0,0.0,0.0,0.0,0.0,0.0,0.0,0.0
59797,0.0,0.0,0.0,0.0,0.0,0.0,0.0,0.0,0.0,0.0,0.0,0.0
59798,-39211.905821323395,-200071.11552631855,-387526.0593981743,-384141.87276640534,-343049.4956738353,-516031.9504737705,-599262.3636749536,-624152.4852610826,-287245.64900443703,0.0,-7468.164421774447,-135904.06621211767
59809,-9573.10832643509,-36175.18348193169,-11819.539512395859,0.0,0.0,0.0,0.0,0.0,0.0,0.0,0.0,-84.08952495455742
59810,0.0,0.0,0.0,0.0,0.0,0.0,0.0,0.0,0.0,0.0,0.0,0.0
59811,0.0,0.0,0.0,0.0,0.0,0.0,0.0,0.0,0.0,0.0,0.0,0.0
59812,0.0,0.0,0.0,0.0,0.0,0.0,0.0,0.0,0.0,0.0,0.0,0.0
59840,0.0,0.0,0.0,0.0,0.0,0.0,0.0,0.0,0.0,0.0,0.0,0.0
59841,0.0,0.0,0.0,0.0,0.0,0.0,0.0,0.0,0.0,0.0,0.0,0.0
59842,0.0,0.0,0.0,0.0,0.0,0.0,0.0,0.0,0.0,0.0,0.0,0.0
59843,0.0,0.0,0.0,0.0,0.0,0.0,0.0,0.0,0.0,0.0,0.0,0.0
59844,0.0,0.0,0.0,0.0,0.0,0.0,0.0,0.0,0.0,0.0,0.0,0.0
59853,0.0,0.0,0.0,0.0,0.0,0.0,0.0,0.0,0.0,0.0,0.0,0.0
59855,0.0,0.0,0.0,0.0,0.0,0.0,0.0,0.0,0.0,0.0,0.0,0.0
59856,0.0,0.0,0.0,0.0,0.0,0.0,0.0,0.0,0.0,0.0,0.0,0.0
59857,0.0,0.0,0.0,0.0,0.0,0.0,0.0,0.0,0.0,0.0,0.0,0.0
59858,0.0,0.0,0.0,0.0,0.0,0.0,0.0,0.0,0.0,0.0,0.0,0.0
59859,0.0,0.0,0.0,0.0,0.0,0.0,0.0,0.0,0.0,0.0,0.0,0.0
59861,-3371747.665766284,0.0,0.0,0.0,0.0,0.0,0.0,0.0,0.0,0.0,-499817.9921875,-2390968.416948132
59926,-5668.82691757381,-4683.125725287944,-597.803295314312,-341.72613018751144,-277.4812553226948,-380.23033656179905,-390.4375754967332,-1181.075611717999,-1162.5955660529435,-720.666352327913,-190.70578321814537,-2704.2969220876694
59927,0.0,0.0,0.0,0.0,0.0,0.0,0.0,0.0,0.0,0.0,0.0,0.0
59979,0.0,0.0,0.0,0.0,0.0,0.0,0.0,0.0,0.0,0.0,0.0,0.0
59980,0.0,0.0,0.0,0.0,0.0,0.0,0.0,0.0,0.0,0.0,0.0,0.0
59981,0.0,0.0,0.0,0.0,0.0,0.0,0.0,0.0,0.0,0.0,0.0,0.0
59982,45161.34670042992,90548.54614776373,297322.4618662596,273626.52946561575,30202.374021723866,242930.27938713133,337277.3080920726,377261.9366878122,487231.3865330145,92078.08753611892,0.0,46800.81069505587
59993,-726938.4341392517,-698626.442943573,-776223.2332992554,-530240.3966803551,-1092.2900109291077,0.0,0.0,0.0,0.0,0.0,-2448.6528062820435,-1032604.1266486049
59994,0.0,0.0,0.0,0.0,0.0,0.0,0.0,0.0,0.0,0.0,0.0,0.0
59996,0.0,0.0,0.0,0.0,0.0,0.0,0.0,0.0,0.0,0.0,0.0,0.0
59997,0.0,0.0,0.0,0.0,0.0,0.0,0.0,0.0,0.0,0.0,0.0,0.0
60028,0.0,0.0,0.0,0.0,0.0,0.0,0.0,0.0,0.0,0.0,0.0,0.0
60029,0.0,0.0,0.0,0.0,0.0,0.0,0.0,0.0,0.0,0.0,0.0,0.0
60039,0.0,0.0,0.0,0.0,0.0,0.0,0.0,0.0,0.0,0.0,0.0,0.0
60040,0.0,0.0,0.0,0.0,0.0,0.0,0.0,0.0,0.0,0.0,0.0,0.0
60041,0.0,0.0,0.0,0.0,0.0,0.0,0.0,0.0,0.0,0.0,0.0,0.0
60042,0.0,0.0,0.0,0.0,0.0,0.0,0.0,0.0,0.0,0.0,0.0,0.0
60044,-275273.2904041037,-133155.734375,-354865.0620280672,0.0,0.0,0.0,0.0,0.0,0.0,-19223.205306984135,-148177.51017190004,-265258.19467034563
60045,-98089.411604736,-395741.8328717351,-735314.0622028485,0.0,0.0,0.0,0.0,0.0,0.0,0.0,0.0,0.0
60108,-306499.1432494372,-289541.2243336141,-93292.95270875096,-89606.09489560127,-185558.23257640004,-193947.3907021284,-29699.08484455943,-98359.77477164567,-153477.89447055757,-273178.0462946668,-90251.68653923273,-59743.06288981438
60109,0.0,0.0,0.0,0.0,0.0,0.0,0.0,0.0,0.0,0.0,0.0,0.0
60159,0.0,0.0,0.0,0.0,0.0,0.0,0.0,0.0,0.0,0.0,0.0,0.0
60160,0.0,0.0,0.0,0.0,0.0,0.0,0.0,0.0,0.0,0.0,0.0,0.0
60161,0.0,0.0,0.0,0.0,0.0,0.0,0.0,0.0,0.0,0.0,0.0,0.0
60162,83925.35186576843,179171.30890512466,615970.2210981846,555575.2456426024,60604.84893679619,482971.8634413779,675164.0096402764,719314.9920847267,974620.1076396853,184748.54352997988,0.0,85786.79703015089
60172,-51049.00531721115,-27489.321861624718,-27545.884627580643,-5124.409736692905,-7163.029519915581,0.0,0.0,0.0,0.0,0.0,0.0,0.0
60173,0.0,0.0,0.0,0.0,0.0,0.0,0.0,0.0,0.0,0.0,0.0,0.0
60195,0.0,0.0,0.0,0.0,0.0,0.0,0.0,0.0,0.0,0.0,0.0,0.0
60208,0.0,0.0,0.0,0.0,0.0,0.0,0.0,0.0,0.0,0.0,0.0,0.0
60209,0.0,0.0,0.0,0.0,0.0,0.0,0.0,0.0,0.0,0.0,0.0,0.0
60210,0.0,0.0,0.0,0.0,0.0,0.0,0.0,0.0,0.0,0.0,0.0,0.0
60221,0.0,0.0,0.0,0.0,0.0,0.0,0.0,0.0,0.0,0.0,0.0,0.0
60222,0.0,0.0,0.0,0.0,0.0,0.0,0.0,0.0,0.0,0.0,0.0,0.0
60224,0.0,0.0,0.0,0.0,0.0,0.0,0.0,0.0,0.0,0.0,0.0,0.0
60227,0.0,0.0,0.0,0.0,0.0,0.0,0.0,0.0,0.0,0.0,0.0,0.0
60228,-161754.7873532474,-16439.400390625,0.0,0.0,0.0,0.0,0.0,0.0,0.0,0.0,0.0,0.0
60229,-47894.49334435165,-87627.80975838006,-106196.05329634994,-328769.48150115926,0.0,0.0,0.0,0.0,0.0,0.0,0.0,0.0
60290,-2144117.0680493414,-2233909.832863927,-1503720.2978572845,-1431517.5290142298,-1487253.9036092758,-1783652.5314649343,-293094.1110060811,-975707.6057370007,-6296.108974203467,0.0,-377346.6288084984,-194797.42141473293
60292,0.0,0.0,0.0,0.0,0.0,0.0,0.0,0.0,0.0,0.0,0.0,0.0
60342,0.0,0.0,0.0,0.0,0.0,0.0,0.0,0.0,0.0,0.0,0.0,0.0
60343,-26048.26784181595,-42806.372109651566,-160249.27982148528,-93843.84903358668,0.0,-8693.367481023073,-101221.86106164753,-165606.63346372917,-258204.3201893121,-60.4434928894043,-106367.76652929606,-49887.330285675824
60353,0.0,-21173.261286735535,-34776.88722848892,-12998.518499851227,-38333.52896809578,-13247.511302828789,0.0,0.0,0.0,0.0,0.0,0.0
60354,0.0,0.0,0.0,0.0,0.0,0.0,0.0,0.0,0.0,0.0,0.0,0.0
60355,0.0,0.0,0.0,0.0,0.0,0.0,0.0,0.0,0.0,0.0,0.0,0.0
60381,0.0,0.0,0.0,0.0,0.0,0.0,0.0,0.0,0.0,0.0,0.0,0.0
60403,0.0,0.0,0.0,0.0,0.0,0.0,0.0,0.0,0.0,0.0,0.0,0.0
60404,0.0,0.0,0.0,0.0,0.0,0.0,0.0,0.0,0.0,0.0,0.0,0.0
60405,468.4328439682722,4453.828650012612,3704.6174675673246,0.0,220.6750404238701,378.2394137829542,2995.0368139259517,9208.476232558489,12067.438773598522,3776.9735452383757,0.0,0.0
60406,0.0,0.0,132.83774782717228,0.0,0.0,133.04187996685505,50.97505214065313,555.8407293111086,1297.7921609580517,453.4431611895561,1.448263019323349,0.0
60407,0.0,0.0,0.0,0.0,0.0,0.0,0.0,0.0,0.0,0.0,0.0,0.0
60408,0.0,0.0,0.0,0.0,0.0,0.0,0.0,0.0,0.0,0.0,0.0,0.0
60409,0.0,0.0,0.0,0.0,0.0,0.0,0.0,0.0,0.0,0.0,0.0,0.0
60410,0.0,0.0,0.0,0.0,0.0,0.0,0.0,0.0,0.0,0.0,0.0,0.0
60471,-13027943.006204635,-15528211.0,-6407787.051798485,-2945227.528052166,-3673416.9145577475,-2991284.836112939,-1397878.8904666044,-4169813.2888439223,-2326590.5859440863,-1840719.894767167,-638593.3409475982,-4170445.9414281845
60472,0.0,0.0,0.0,0.0,0.0,0.0,0.0,0.0,0.0,0.0,0.0,0.0
60480,-3202.335217177868,-15378.85300719738,-12533.228420615196,-9499.163115143776,-4805.818237483501,-29.123088121414185,0.0,0.0,0.0,0.0,0.0,-1545.2672593593597
60519,0.0,0.0,0.0,0.0,0.0,0.0,0.0,0.0,0.0,0.0,0.0,0.0
60520,-28815.979022979736,1715263.155971527,1456269.1126937866,7674075.306699753,4485304.03565979,-263747.8161830902,-103728.5095500946,-0.026580810546875,-0.03646087646484375,828.1775875091553,13631.861508369446,-282134.9676914215
60521,145581.3161303699,185138.8615744114,406749.871329546,390589.76475049555,-9516.75457945466,-17643.88962443173,-19417.025844223797,-19785.72073788941,-12844.109184052795,0.0,14022.991871841252,354332.92737836763
60531,-132262.48275828362,-84601.56993103027,-105959.59167861938,-57310.8154681921,0.0,0.0,0.0,0.0,0.0,0.0,0.0,-67042.33266595006
60532,0.0,0.0,0.0,0.0,0.0,0.0,0.0,0.0,0.0,0.0,0.0,0.0
60581,0.0,0.0,0.0,0.0,0.0,0.0,0.0,0.0,0.0,0.0,0.0,0.0
60582,0.0,0.0,0.0,0.0,0.0,0.0,0.0,0.0,0.0,0.0,0.0,0.0
60584,0.0,0.0,0.0,0.0,0.0,0.0,0.0,0.0,0.0,0.0,0.0,0.0
60588,335688.07049942017,-3116415.1211857796,-3826191.4152156115,-3293841.6646393538,-1452497.6470451355,701342.9791734219,71208.2820892334,0.0,-2129.353553891182,-2317.570810198784,-208940.50541210175,105645.44445246458
60645,-197567.19195824116,-163660.47832842544,-80360.0971400328,-32674.302000008523,-112354.194138024,-200119.80418913625,-43686.545635953546,-112371.24020843953,-14170.985953629017,0.0,0.0,-122549.10215268284
60646,0.0,0.0,0.0,0.0,0.0,0.0,0.0,0.0,0.0,0.0,0.0,0.0
60691,0.0,0.0,0.0,0.0,0.0,0.0,0.0,0.0,0.0,0.0,0.0,0.0
60692,0.0,0.0,0.0,0.0,0.0,0.0,0.0,0.0,0.0,0.0,0.0,0.0
60693,-15327.601197004318,-535973.5858435631,-1655.8919937610626,-457877.3277090788,-12879.49776905775,-23046.748421132565,-25512.247813344,-28897.8970040828,-14961.643975779414,0.0,-46613.49876648188,-459573.7028491795
60703,26594.228255808353,21917.52270704508,7690.618732333183,18699.11199131608,-1555.5849511921406,0.0,0.0,0.0,0.0,0.0,0.0,37065.928251642734
60704,0.0,0.0,0.0,0.0,0.0,0.0,0.0,0.0,0.0,0.0,0.0,0.0
60755,0.0,0.0,0.0,0.0,0.0,0.0,0.0,0.0,0.0,0.0,0.0,0.0
60756,0.0,0.0,0.0,0.0,0.0,0.0,0.0,0.0,0.0,0.0,0.0,0.0
60757,0.0,0.0,0.0,0.0,0.0,0.0,0.0,0.0,0.0,0.0,0.0,0.0
60758,0.0,0.0,0.0,0.0,0.0,0.0,0.0,0.0,0.0,0.0,0.0,0.0
60759,0.0,0.0,0.0,0.0,0.0,0.0,0.0,0.0,0.0,0.0,0.0,0.0
60783,0.0,0.0,0.0,0.0,0.0,0.0,0.0,0.0,0.0,0.0,0.0,0.0
60819,-1621449.212409854,-2571892.853620475,-513439.2472148761,-199874.1125644371,-487656.3386814743,-315377.43923855945,-74449.24416068941,-505553.36322264373,-62228.462477419525,0.0,0.0,-555748.4710135311
60820,-9702748.403055668,-18342890.183701277,-5363574.316961527,-3571968.901479721,-4231993.978404999,-2039545.4399592876,-800410.75988096,-1900879.9407466054,-261551.72509154677,8647.140024363995,-534259.2724821568,-2745802.6554603577
60821,0.0,0.0,0.0,0.0,0.0,0.0,0.0,0.0,0.0,0.0,0.0,0.0
60822,0.0,0.0,0.0,0.0,0.0,0.0,0.0,0.0,0.0,0.0,0.0,0.0
60865,790.114993095398,-1780.8973979949951,151496.64261245728,81034.23238229752,123534.19803190231,67963.94901144505,0.0,0.0,0.0,39.17018175125122,52.49962043762207,639.7214336395264
60866,0.0,0.0,0.0,0.0,0.0,0.0,0.0,0.0,0.0,0.0,0.0,0.0
60867,-2838380.1752586365,-3895011.9671182632,-4122009.174935341,-4567637.961803198,-773452.0383374691,-93058.85325348377,-102624.4425008297,-122243.11064505577,-62766.67914056778,0.0,-255696.35649299622,-1663484.6164751053
60876,-384302.6879415512,-475531.6458334923,-249519.62108564377,-1042518.7973184586,-222256.5458034277,0.0,0.0,0.0,0.0,0.0,0.0,-191870.47065156698
60877,0.0,0.0,0.0,0.0,0.0,0.0,0.0,0.0,0.0,0.0,0.0,0.0
60878,0.0,0.0,0.0,0.0,0.0,0.0,0.0,0.0,0.0,0.0,0.0,0.0
60879,0.0,0.0,0.0,0.0,0.0,0.0,0.0,0.0,0.0,0.0,0.0,0.0
60880,0.0,0.0,0.0,0.0,0.0,0.0,0.0,0.0,0.0,0.0,0.0,0.0
60933,717521.660969615,262807.523250103,1439181.1092681885,2483336.8283941746,1942192.9864253998,840034.3057860732,1507343.1084154844,1692564.3794028163,2407809.695710063,2282732.608872652,237277.34758931398,50867.684574604034
60934,105695.98270854354,15887.823745727539,0.0,0.0,77760.29157960415,96427.71841095388,190886.2064565271,138869.07889539003,117311.1608440429,19337.253618367016,0.0,80.2163348197937
60935,0.0,0.0,0.0,0.0,0.0,0.0,0.0,0.0,0.0,0.0,0.0,0.0
60936,0.0,0.0,0.0,0.0,0.0,0.0,0.0,0.0,0.0,0.0,0.0,0.0
60939,0.0,0.0,0.0,0.0,0.0,0.0,0.0,0.0,0.0,0.0,0.0,0.0
60941,0.0,0.0,0.0,0.0,0.0,0.0,0.0,0.0,0.0,0.0,0.0,0.0
60996,40125.9380402118,57995.710456468165,7763.618850082159,12439.086530566216,1646.5410564988852,-300.7292073369026,-54.34683038294315,-549.237583771348,-79.87273570150137,3533.0716792568564,2482.8497761785984,12362.964071631432
60997,0.0,0.0,0.0,0.0,0.0,0.0,0.0,0.0,0.0,0.0,0.0,0.0
61040,0.0,0.0,0.0,0.0,0.0,0.0,0.0,0.0,0.0,0.0,0.0,0.0
61041,-698263.5625,-1288454.2685562256,0.0,0.0,-17331.429925069213,0.0,0.0,0.0,0.0,0.0,-31890.77331367694,-329365.0933819199
61050,-38620.58355534077,-48717.61191302538,-19539.36415553093,-20485.06067237258,0.0,0.0,0.0,0.0,0.0,0.0,-65.31365470588207,-24684.921264201403
61051,0.0,61414.40360449441,87883.81632979959,406627.49819589034,250907.09134117886,103644.79223556817,0.0,0.0,0.0,0.0,0.0,0.0
61052,0.0,0.0,0.0,0.0,0.0,0.0,0.0,0.0,0.0,0.0,0.0,0.0
61053,0.0,0.0,0.0,0.0,0.0,0.0,0.0,0.0,0.0,0.0,0.0,0.0
61054,0.0,0.0,0.0,0.0,0.0,0.0,0.0,0.0,0.0,0.0,0.0,0.0
61070,0.0,0.0,0.0,0.0,0.0,0.0,0.0,0.0,0.0,0.0,0.0,0.0
61087,0.0,0.0,0.0,0.0,0.0,0.0,0.0,0.0,0.0,0.0,0.0,0.0
61113,38088.762616842985,2531.9214082956314,13290.937598586082,40844.57041788101,50939.15938849002,26813.98785766214,109784.32402597368,115153.66908073425,87439.59744633734,37715.02162294835,13134.76713231206,0.0
61114,-276.6007325872779,-1285.0944947302341,-1296.0734195392579,-1081.1335033811629,-355.40584068000317,-86.83362674992532,-905.9247539099306,-877.5500212162733,-1689.4282674221322,-878.2748464727774,0.0,0.0
61115,-89.92872831225395,-234.58417317643762,-203.12500484660268,-188.645418247208,-8.320739101618528,-21.330698234960437,-230.7584944749251,-200.7833222746849,-349.8501386628486,-113.57413390278816,0.0,0.0
61117,0.0,0.0,0.0,0.0,0.0,0.0,0.0,0.0,0.0,0.0,0.0,0.0
61119,0.0,0.0,0.0,0.0,0.0,0.0,0.0,0.0,0.0,0.0,0.0,0.0
61120,0.0,0.0,0.0,0.0,0.0,0.0,0.0,0.0,0.0,0.0,0.0,0.0
61122,0.0,0.0,0.0,0.0,0.0,0.0,0.0,0.0,0.0,0.0,0.0,0.0
61123,0.0,0.0,0.0,0.0,0.0,0.0,0.0,0.0,0.0,0.0,0.0,0.0
61124,0.0,0.0,0.0,0.0,0.0,0.0,0.0,0.0,0.0,0.0,0.0,0.0
61178,-1624918.3060498387,-686854.0541595444,-992.14203363657,-231968.66699445248,-158935.35796505213,-908902.7052277178,-306825.6143387109,-1368274.5729767978,-233243.4340552166,-635806.914473325,-339058.0723140836,-1776558.3264343143
61180,0.0,0.0,0.0,0.0,0.0,0.0,0.0,0.0,0.0,0.0,0.0,0.0
61205,45176.26725065708,145370.52760970592,184373.24007081985,94630.92596364021,122290.71605300903,32092.66874241829,0.0,0.0,0.0,0.0,0.0,28033.53400683403
61223,0.0,0.0,0.0,0.0,0.0,0.0,0.0,0.0,0.0,0.0,0.0,0.0
61224,-262310.83053696156,16233.504184126854,1938299.1497712135,962447.4407185316,647455.3232755065,490824.3671028018,0.0,0.0,0.0,165.59873935580254,1017.5070607662201,-163310.67481899261
61225,-8468.7353515625,0.0,0.0,0.0,-3509.1177820125595,-17291.6528343237,-25167.189103285084,-33834.339270910015,-40372.979839612206,-8367.09966127295,-9931.204839040875,-121848.73887171922
61235,255114.22971504927,306276.6327216029,120826.39729619026,261817.93877467513,34628.79881578684,0.0,0.0,0.0,0.0,0.0,0.0,0.0
61236,0.0,0.0,0.0,0.0,0.0,0.0,0.0,0.0,0.0,0.0,0.0,0.0
61237,-37.6831551194191,-220.0458033978939,-33.842993795871735,-31.833519838750362,0.0,0.0,0.0,0.0,0.0,0.0,0.0,0.0
61238,0.0,0.0,0.0,0.0,0.0,0.0,0.0,0.0,0.0,0.0,0.0,0.0
61239,0.0,0.0,0.0,0.0,0.0,0.0,0.0,0.0,0.0,0.0,0.0,0.0
61240,0.0,0.0,0.0,0.0,0.0,0.0,0.0,0.0,0.0,0.0,0.0,0.0
61241,0.0,0.0,0.0,0.0,0.0,0.0,0.0,0.0,0.0,0.0,0.0,0.0
61242,0.0,0.0,0.0,0.0,0.0,0.0,0.0,0.0,0.0,0.0,0.0,0.0
61304,26025.33299919963,103.83975994586945,10674.10619699955,126992.78653536737,108191.2978240326,56783.26359131932,124217.69536225125,128871.44634918123,107906.26465979964,115033.10869825631,15667.043524742126,0.0
61305,213.8965221643448,1098.1041719131172,1097.9089075350203,883.0223370962776,259.0801901353989,41.188015145249665,567.4428928135894,663.3443402196281,1391.617712510808,799.3138517604675,58.09074701694772,0.0
61306,-507.3629397749901,-948.3403468579054,-674.7548508644104,-682.7728461772203,-25.031716659665108,-99.8139239102602,-732.0497168451548,-807.7943403273821,-1395.970223788172,-123.55962970852852,0.0,0.0
61307,0.0,0.0,0.0,0.0,0.0,0.0,0.0,0.0,0.0,0.0,0.0,0.0
61308,0.0,0.0,0.0,0.0,0.0,0.0,0.0,0.0,0.0,0.0,0.0,0.0
61309,0.0,0.0,0.0,0.0,0.0,0.0,0.0,0.0,0.0,0.0,0.0,0.0
61310,0.0,0.0,0.0,0.0,0.0,0.0,0.0,0.0,0.0,0.0,0.0,0.0
61311,0.0,0.0,0.0,0.0,0.0,0.0,0.0,0.0,0.0,0.0,0.0,0.0
61314,0.0,0.0,0.0,0.0,0.0,0.0,0.0,0.0,0.0,0.0,0.0,0.0
61369,842693.5999935865,645323.8112209439,88276.83658730984,327105.7771476209,288015.3468667418,340469.96201093495,96023.69618286192,500670.94965132326,565524.8216275424,187722.15147575364,219227.8865160942,653825.7144305706
61370,-3.848151074780617,7753.003045270918,21554.59041005955,24926.908638839843,26828.995417976592,14981.904138766957,725.0556306970102,0.0,0.0,0.0,0.0,0.0
61413,0.0,0.0,0.0,0.0,0.0,0.0,0.0,0.0,0.0,0.0,0.0,0.0
61414,-4975825.86116612,-4346466.342840016,-5172230.685805321,-809884.0094246268,-26143.884494185448,0.0,0.0,0.0,0.0,-19780.08371153474,-332632.30862113833,-3000470.7669591904
61423,376079.37486231327,372058.7290328741,95908.24392580986,114672.64708697796,-47284.65156292915,0.0,0.0,0.0,0.0,0.0,0.0,23972.185371398926
61424,639.4995817695744,1880.355784561485,571.102691302076,4457.670127122663,290.17216137284413,0.0,0.0,0.0,0.0,0.0,0.0,0.0
61425,-9399.596003979445,-41923.6261125505,-4655.823160707951,-23420.892386600375,0.0,0.0,0.0,0.0,0.0,0.0,0.0,0.0
61426,0.0,0.0,0.0,0.0,0.0,0.0,0.0,0.0,0.0,0.0,0.0,0.0
61452,0.0,0.0,0.0,0.0,0.0,0.0,0.0,0.0,0.0,0.0,0.0,0.0
61493,185997.395424366,115.16990351676941,31075.190281152725,486233.96742621064,209462.7090383768,308929.0255346,464769.1057360098,445648.28157057613,419065.1688364409,151313.13002187014,25786.78249180317,5898.412338733673
61494,-75.50012801028788,-276.2943522960413,-341.1712718459312,-249.1880878712982,-45.76692041766364,-7.122576834517531,-76.22814341145568,-160.19254062522668,-355.50726255081827,-184.77057720860466,-8.077300637029111,0.0
61495,-459.79097709059715,-1683.7265606299043,-1451.9614291489124,-1109.062479622662,-175.03984390199184,0.0,-67.55346037447453,-966.389390796423,-2862.5333596095443,-1696.4384130463004,-551.1994166225195,-53.529229298233986
61496,-55.29277450591326,-185.50587766617537,-179.90575536713004,-142.0804509036243,-26.109525091946125,0.0,-0.07647119089961052,-95.97791323810816,-369.55546877905726,-196.78513150662184,-164.06897297501564,-44.31240289658308
61498,0.0,0.0,0.0,0.0,0.0,0.0,0.0,0.0,0.0,0.0,0.0,0.0
61499,0.0,0.0,0.0,0.0,0.0,0.0,0.0,0.0,0.0,0.0,0.0,0.0
61501,0.0,0.0,0.0,0.0,0.0,0.0,0.0,0.0,0.0,0.0,0.0,0.0
61505,0.0,0.0,0.0,0.0,0.0,0.0,0.0,0.0,0.0,0.0,0.0,0.0
61506,0.0,0.0,0.0,0.0,0.0,0.0,0.0,0.0,0.0,0.0,0.0,0.0
61559,-9279717.914020538,-16079056.653763294,-3153158.527821541,-2091767.9117174149,-1353233.7702720165,-693604.099068284,-592584.1969418526,-783032.2308593988,0.0,-6922.569531559944,-436970.32211732864,-7008371.22459507
61560,0.0,0.0,0.0,0.0,0.0,0.0,0.0,0.0,0.0,0.0,0.0,0.0
61603,0.0,0.0,0.0,0.0,0.0,0.0,0.0,0.0,0.0,0.0,0.0,0.0
61604,0.0,0.0,0.0,0.0,-15100.512998502236,0.0,0.0,0.0,0.0,0.0,0.0,-45740.67578125
61614,449669.70354659855,326737.09426030517,204368.5630031824,162444.89319252968,0.0,0.0,0.0,0.0,0.0,0.0,0.0,187749.21962033212
61616,0.0,0.0,0.0,0.0,0.0,0.0,0.0,0.0,0.0,0.0,0.0,0.0
61617,0.0,0.0,0.0,0.0,0.0,0.0,0.0,0.0,0.0,0.0,0.0,0.0
61618,0.0,0.0,0.0,0.0,0.0,0.0,0.0,0.0,0.0,0.0,0.0,0.0
61686,0.0,0.0,0.0,0.0,0.0,0.0,0.0,0.0,0.0,0.0,0.0,0.0
61687,-170.53327593626454,-527.6746909960639,-556.7707246479113,-407.446644963813,-87.30515879113227,-10.419380681822076,-95.22454392677173,-310.81766482256353,-725.8170151815284,-431.08971695404034,-46.5910522385966,0.0
61688,-229.38247249647975,-637.601794090122,-699.9130886308849,-599.6501317545772,-88.67961064353585,-34.51577843353152,-265.13581996411085,-401.20688693225384,-816.0172228328884,-382.555835198611,0.0,-7.2487959787249565
61689,161.7320180758834,506.5499097108841,468.85482051968575,357.84075044468045,52.508968234062195,12.422787517309189,108.18338625878096,276.17779918015003,637.2731118705124,386.99395510554314,29.696068681776524,0.0
61690,0.0,0.0,0.0,0.0,0.0,0.0,0.0,0.0,0.0,0.0,0.0,0.0
61691,0.0,0.0,0.0,0.0,0.0,0.0,0.0,0.0,0.0,0.0,0.0,0.0
61692,0.0,0.0,0.0,0.0,0.0,0.0,0.0,0.0,0.0,0.0,0.0,0.0
61693,0.0,0.0,0.0,0.0,0.0,0.0,0.0,0.0,0.0,0.0,0.0,0.0
61698,0.0,0.0,0.0,0.0,0.0,0.0,0.0,0.0,0.0,0.0,0.0,0.0
61702,0.0,0.0,0.0,0.0,0.0,0.0,0.0,0.0,0.0,0.0,0.0,0.0
61750,0.0,0.0,0.0,0.0,0.0,0.0,0.0,0.0,0.0,0.0,0.0,0.0
61751,-3832.63893026812,-5100.680813058978,-3357.0972600053065,-3003.877480331692,-1670.8465533712879,-1563.124797566561,-359.86487962771207,0.0,0.0,0.0,0.0,-2785.0458576262463
61752,0.0,0.0,0.0,0.0,0.0,0.0,0.0,0.0,0.0,0.0,0.0,0.0
61795,0.0,0.0,0.0,0.0,0.0,0.0,0.0,0.0,0.0,0.0,0.0,0.0
61796,0.0,0.0,0.0,-73235.9453125,0.0,0.0,0.0,0.0,0.0,0.0,0.0,-348.2594299316406
61805,527300.2276521921,414994.0882489085,122120.99713230133,352584.7438863516,43097.46806639433,0.0,0.0,0.0,0.0,0.0,0.0,0.0
61806,0.0,0.0,0.0,0.0,0.0,0.0,0.0,0.0,0.0,0.0,0.0,0.0
61807,0.0,0.0,0.0,0.0,0.0,0.0,0.0,0.0,0.0,0.0,0.0,0.0
61808,0.0,0.0,0.0,0.0,0.0,0.0,0.0,0.0,0.0,0.0,0.0,0.0
61809,0.0,0.0,0.0,0.0,0.0,0.0,0.0,0.0,0.0,0.0,0.0,0.0
61826,0.0,0.0,0.0,0.0,0.0,0.0,0.0,0.0,0.0,0.0,0.0,0.0
61837,0.0,0.0,0.0,0.0,0.0,0.0,0.0,0.0,0.0,0.0,0.0,0.0
61879,0.0,0.0,0.0,0.0,0.0,0.0,0.0,0.0,0.0,0.0,0.0,0.0
61880,0.0,0.0,0.0,0.0,0.0,0.0,0.0,0.0,0.0,0.0,0.0,0.0
61881,0.0,0.0,0.0,0.0,0.0,0.0,0.0,0.0,0.0,0.0,0.0,0.0
61882,0.0,469.88160320278257,2076.685388388112,3271.984901195392,687.9909577872604,250.09981606714427,229.66841834783554,1076.3024629522115,4972.633351161145,4334.65373786632,4137.795635404065,1414.0335089778528
61883,-183.99584843218327,-698.8334784060717,-241.5511245727539,-140.71047896146774,-66.94658544659615,0.0,-148.8973511904478,-534.0487172305584,-1758.995909228921,-451.8083329498768,0.0,0.0
61885,0.0,0.0,0.0,0.0,0.0,0.0,0.0,0.0,0.0,0.0,0.0,0.0
61886,0.0,0.0,0.0,0.0,0.0,0.0,0.0,0.0,0.0,0.0,0.0,0.0
61890,0.0,0.0,0.0,0.0,0.0,0.0,0.0,0.0,0.0,0.0,0.0,0.0
61892,0.0,0.0,0.0,0.0,0.0,0.0,0.0,0.0,0.0,0.0,0.0,0.0
61937,0.0,-219.65926697850227,-48.885272204875946,-185.6678863465786,-33.21867322921753,0.0,0.0,0.0,0.0,0.0,0.0,0.0
61938,0.0,0.0,0.0,0.0,0.0,0.0,0.0,0.0,0.0,0.0,0.0,0.0
61939,0.0,0.0,0.0,0.0,0.0,0.0,0.0,0.0,0.0,0.0,0.0,0.0
61940,0.0,0.0,0.0,0.0,0.0,0.0,0.0,0.0,0.0,0.0,0.0,0.0
61941,4801.35168671608,8965.01425999403,2634.296313136816,2371.9389478862286,193.4905864596367,0.0,0.0,0.0,0.0,0.0,0.0,1012.2697844207287
61943,0.0,0.0,0.0,0.0,0.0,0.0,0.0,0.0,0.0,0.0,0.0,0.0
61986,0.0,0.0,0.0,0.0,0.0,0.0,0.0,0.0,0.0,0.0,0.0,0.0
61987,-260.5028381347656,-131.17593383789062,-673.1885375976562,-7810.037109375,0.0,0.0,0.0,0.0,0.0,0.0,-1671.5556922941469,-15048.521484375
61996,434652.6111725271,274774.7292627394,39135.12057876587,219970.2152016759,34092.07052016258,0.0,0.0,0.0,0.0,0.0,0.0,0.0
61997,0.0,0.0,0.0,0.0,0.0,0.0,0.0,0.0,0.0,0.0,0.0,0.0
62071,0.0,0.0,0.0,0.0,0.0,0.0,0.0,0.0,0.0,0.0,0.0,0.0
62073,0.0,0.0,0.0,0.0,0.0,0.0,0.0,0.0,0.0,0.0,0.0,0.0
62074,0.0,0.0,0.0,0.0,0.0,0.0,0.0,0.0,0.0,0.0,0.0,0.0
62080,0.0,0.0,0.0,0.0,0.0,0.0,0.0,0.0,0.0,0.0,0.0,0.0
62125,0.0,0.0,0.0,0.0,0.0,0.0,0.0,0.0,0.0,0.0,0.0,0.0
62126,0.0,0.0,0.0,0.0,0.0,0.0,0.0,0.0,0.0,0.0,0.0,0.0
62127,0.0,0.0,0.0,0.0,0.0,0.0,0.0,0.0,0.0,0.0,0.0,0.0
62128,0.0,0.0,0.0,0.0,0.0,0.0,0.0,0.0,0.0,0.0,0.0,0.0
62170,0.0,0.0,0.0,0.0,0.0,0.0,0.0,0.0,0.0,0.0,0.0,0.0
62171,0.0,0.0,0.0,-69606.046875,0.0,0.0,0.0,0.0,0.0,0.0,-31031.383550778963,-656740.6102409995
62179,890231.8796626925,268038.134125039,-59267.55971288681,331668.9981608391,-36993.39901518822,0.0,0.0,0.0,0.0,0.0,-9515.313055798411,-104897.17814800143
62180,0.0,0.0,0.0,0.0,0.0,0.0,0.0,0.0,0.0,0.0,0.0,0.0
62198,0.0,0.0,0.0,0.0,0.0,0.0,0.0,0.0,0.0,0.0,0.0,0.0
62210,0.0,0.0,0.0,0.0,0.0,0.0,0.0,0.0,0.0,0.0,0.0,0.0
62254,397360.09926689416,288311.72766923904,1009114.8371429443,1366360.622723341,944248.5333857536,391366.93547046185,529444.1640738845,753589.8977418542,637085.5957612395,1226525.7051298618,327698.3871175051,77937.40118217468
62255,0.0,0.0,0.0,0.0,0.0,0.0,0.0,0.0,0.0,0.0,0.0,0.0
62258,0.0,0.0,0.0,0.0,0.0,0.0,0.0,0.0,0.0,0.0,0.0,0.0
62259,0.0,0.0,0.0,0.0,0.0,0.0,0.0,0.0,0.0,0.0,0.0,0.0
62260,0.0,0.0,0.0,0.0,0.0,0.0,0.0,0.0,0.0,0.0,0.0,0.0
62262,0.0,0.0,0.0,0.0,0.0,0.0,0.0,0.0,0.0,0.0,0.0,0.0
62263,0.0,0.0,0.0,0.0,0.0,0.0,0.0,0.0,0.0,0.0,0.0,0.0
62303,1278.6808315515518,18081.458857536316,13702.331463634968,16054.023581624031,436.3145990371704,0.0,0.0,0.0,0.0,0.0,0.0,4617.630706697702
62304,0.0,0.0,0.0,0.0,0.0,0.0,0.0,0.0,0.0,0.0,0.0,0.0
62305,0.0,0.0,0.0,0.0,0.0,0.0,0.0,0.0,0.0,0.0,0.0,0.0
62306,0.0,0.0,0.0,0.0,0.0,0.0,0.0,0.0,0.0,0.0,0.0,0.0
62348,0.0,0.0,0.0,0.0,0.0,0.0,0.0,0.0,0.0,0.0,0.0,0.0
62349,-2148536.0958951605,0.0,-1675712.2025552988,-937109.0329594016,27972.458517998457,0.0,0.0,0.0,0.0,-167.16801472753286,-73274.99293549359,-951200.5252058506
62357,3467501.9418562576,2414654.542763196,327344.13192021847,1617260.688447833,0.0,0.0,0.0,0.0,0.0,0.0,0.0,0.0
62434,0.0,0.0,0.0,0.0,0.0,0.0,0.0,0.0,0.0,0.0,0.0,0.0
62437,0.0,0.0,0.0,0.0,0.0,0.0,0.0,0.0,0.0,0.0,0.0,0.0
62439,0.0,0.0,0.0,0.0,0.0,0.0,0.0,0.0,0.0,0.0,0.0,0.0
62441,0.0,0.0,0.0,0.0,0.0,0.0,0.0,0.0,0.0,0.0,0.0,0.0
62442,0.0,0.0,0.0,0.0,0.0,0.0,0.0,0.0,0.0,0.0,0.0,0.0
62483,0.0,0.0,0.0,0.0,0.0,0.0,0.0,0.0,0.0,0.0,0.0,0.0
62484,0.0,0.0,0.0,0.0,0.0,0.0,0.0,0.0,0.0,0.0,0.0,0.0
62525,0.0,0.0,0.0,0.0,0.0,0.0,0.0,0.0,0.0,0.0,0.0,0.0
62526,0.0,0.0,0.0,0.0,0.0,0.0,0.0,0.0,0.0,0.0,0.0,0.0
62533,-759088.0311207175,-785539.2478420734,-76566.47205066681,-103887.54001197219,0.0,0.0,0.0,0.0,0.0,0.0,-58107.935397043824,-163065.54948949814
62534,0.0,0.0,0.0,0.0,0.0,0.0,0.0,0.0,0.0,0.0,0.0,0.0
62565,0.0,0.0,0.0,0.0,0.0,0.0,0.0,0.0,0.0,0.0,0.0,0.0
62611,0.0,0.0,0.0,0.0,0.0,0.0,0.0,0.0,0.0,0.0,0.0,0.0
62612,0.0,0.0,0.0,0.0,0.0,0.0,0.0,0.0,0.0,0.0,0.0,0.0
62614,0.0,0.0,0.0,0.0,0.0,0.0,0.0,0.0,0.0,0.0,0.0,0.0
62616,0.0,0.0,0.0,0.0,0.0,0.0,0.0,0.0,0.0,0.0,0.0,0.0
62617,0.0,0.0,0.0,0.0,0.0,0.0,0.0,0.0,0.0,0.0,0.0,0.0
62618,0.0,0.0,0.0,0.0,0.0,0.0,0.0,0.0,0.0,0.0,0.0,0.0
62619,0.0,0.0,0.0,0.0,0.0,0.0,0.0,0.0,0.0,0.0,0.0,0.0
62620,0.0,0.0,0.0,0.0,0.0,0.0,0.0,0.0,0.0,0.0,0.0,0.0
62658,0.0,0.0,0.0,0.0,0.0,0.0,0.0,0.0,0.0,0.0,0.0,0.0
62659,0.0,-53613.6013314724,-35701.411105155945,-89315.19999694824,-6941.727168798447,0.0,0.0,0.0,0.0,0.0,0.0,0.0
62660,0.0,0.0,0.0,0.0,0.0,0.0,0.0,0.0,0.0,0.0,0.0,0.0
62699,0.0,0.0,0.0,0.0,0.0,0.0,0.0,0.0,0.0,0.0,0.0,0.0
62700,0.0,0.0,0.0,0.0,0.0,0.0,0.0,0.0,0.0,0.0,0.0,0.0
62701,0.0,0.0,0.0,0.0,0.0,0.0,0.0,0.0,0.0,0.0,0.0,0.0
62702,0.0,0.0,0.0,0.0,0.0,0.0,0.0,0.0,0.0,0.0,0.0,0.0
62709,-427283.14424854517,-474725.3714430267,-82717.2732744515,-327324.66924338415,-37021.39038040489,0.0,0.0,0.0,0.0,0.0,0.0,0.0
62710,0.0,0.0,0.0,0.0,0.0,0.0,0.0,0.0,0.0,0.0,0.0,0.0
62711,0.0,0.0,0.0,0.0,0.0,0.0,0.0,0.0,0.0,0.0,0.0,0.0
62788,-2159649.846746467,-31092.808831214905,-310331.5738248825,-1051119.6404281855,-1112970.7773367167,-633359.1619529575,-184972.25866527855,-43192.49977785349,-124278.42660453916,-862498.2418763041,-947880.5480768159,-208278.0858860016
62789,0.0,0.0,0.0,0.0,0.0,0.0,0.0,0.0,0.0,0.0,0.0,0.0
62790,0.0,0.0,0.0,0.0,0.0,0.0,0.0,0.0,0.0,0.0,0.0,0.0
62794,0.0,0.0,0.0,0.0,0.0,0.0,0.0,0.0,0.0,0.0,0.0,0.0
62795,0.0,0.0,0.0,0.0,0.0,0.0,0.0,0.0,0.0,0.0,0.0,0.0
62797,0.0,0.0,0.0,0.0,0.0,0.0,0.0,0.0,0.0,0.0,0.0,0.0
62834,0.0,0.0,0.0,0.0,0.0,0.0,0.0,0.0,0.0,0.0,0.0,0.0
62835,0.0,0.0,0.0,0.0,0.0,0.0,0.0,0.0,0.0,0.0,0.0,0.0
62836,0.0,0.0,0.0,0.0,0.0,0.0,0.0,0.0,0.0,0.0,0.0,0.0
62837,0.0,0.0,0.0,0.0,0.0,0.0,0.0,0.0,0.0,0.0,0.0,0.0
62874,12460.752138815355,24954.449699480785,34979.73281765077,46791.76198897604,175361.172018677,42684.43022907153,1397.4209524281323,0.0,0.0,0.0,0.0,0.0
62875,2092387.64738667,3117381.09350121,6411930.199354351,471304.06817245483,1600627.278202176,450315.91977870464,76914.15189254284,0.0,2.2363452315330505,1263.7762961387634,66748.10580658913,821904.3742445707
62876,0.0,0.0,0.0,0.0,0.0,0.0,0.0,0.0,0.0,0.0,0.0,0.0
62877,0.0,0.0,0.0,0.0,0.0,0.0,0.0,0.0,0.0,0.0,0.0,0.0
62879,0.0,0.0,0.0,0.0,0.0,0.0,0.0,0.0,0.0,0.0,0.0,0.0
62880,-632788.612595953,-667397.5908022206,-142403.2288737297,-316231.73249273,-1637.0721129775047,0.0,0.0,0.0,0.0,0.0,-28679.359720069915,-85698.54548832774
62881,-124049.73989913985,-131669.34908655565,-18105.828545600176,-39978.28257508576,0.0,0.0,0.0,0.0,0.0,0.0,-11350.10067498684,-30398.405944434926
62882,0.0,0.0,0.0,0.0,0.0,0.0,0.0,0.0,0.0,0.0,0.0,0.0
62960,395486.4779461324,123279.5853586793,257335.62627267838,250669.76348263025,122159.032489717,52068.8681127727,142309.5413480401,161260.59859710932,162769.94673711061,30189.256888329983,0.0,725.3893876075745
62961,0.0,0.0,0.0,0.0,0.0,0.0,0.0,0.0,0.0,0.0,0.0,0.0
62962,0.0,0.0,0.0,0.0,0.0,0.0,0.0,0.0,0.0,0.0,0.0,0.0
62966,0.0,0.0,0.0,0.0,0.0,0.0,0.0,0.0,0.0,0.0,0.0,0.0
62967,0.0,0.0,0.0,0.0,0.0,0.0,0.0,0.0,0.0,0.0,0.0,0.0
63006,0.0,-99.54307812452316,-25.318424820899963,-377.16419661045074,0.0,0.0,0.0,0.0,0.0,0.0,0.0,0.0
63007,0.0,0.0,0.0,0.0,0.0,0.0,0.0,0.0,0.0,0.0,0.0,0.0
63008,0.0,0.0,0.0,0.0,0.0,0.0,0.0,0.0,0.0,0.0,0.0,0.0
63044,480537.29297307134,-4288.421851456165,211313.22513848543,-101915.9116435051,-310165.94596761465,92414.5636048317,25895.14134043455,0.0,0.0,10.185417234897614,16323.705993622541,243863.4601149559
63045,0.0,0.0,0.0,0.0,0.0,0.0,0.0,0.0,0.0,0.0,0.0,0.0
63046,0.0,0.0,0.0,0.0,0.0,0.0,0.0,0.0,0.0,0.0,0.0,0.0
63047,0.0,0.0,0.0,0.0,0.0,0.0,0.0,0.0,0.0,0.0,0.0,0.0
63048,0.0,0.0,0.0,0.0,0.0,0.0,0.0,0.0,0.0,0.0,0.0,0.0
63049,0.0,0.0,0.0,0.0,0.0,0.0,0.0,0.0,0.0,0.0,0.0,0.0
63050,0.0,0.0,0.0,0.0,0.0,0.0,0.0,0.0,0.0,0.0,0.0,0.0
63063,0.0,0.0,0.0,0.0,0.0,0.0,0.0,0.0,0.0,0.0,0.0,0.0
63128,0.0,0.0,0.0,0.0,0.0,0.0,0.0,0.0,0.0,0.0,0.0,0.0
63129,0.0,0.0,0.0,0.0,0.0,0.0,0.0,0.0,0.0,0.0,0.0,0.0
63133,0.0,0.0,0.0,0.0,0.0,0.0,0.0,0.0,0.0,0.0,0.0,0.0
63134,0.0,0.0,0.0,0.0,0.0,0.0,0.0,0.0,0.0,0.0,0.0,0.0
63135,0.0,0.0,0.0,0.0,0.0,0.0,0.0,0.0,0.0,0.0,0.0,0.0
63136,0.0,0.0,0.0,0.0,0.0,0.0,0.0,0.0,0.0,0.0,0.0,0.0
63173,1499.287064731121,8897.465194106102,2497.8312794566154,6969.422155380249,0.0,0.0,0.0,0.0,0.0,0.0,0.0,1161.750764966011
63174,0.0,0.0,0.0,0.0,0.0,0.0,0.0,0.0,0.0,0.0,0.0,0.0
63209,-416669.4936749935,-414307.04816913605,-164077.40597856045,57031.77277648449,143114.78506869078,19946.728283762932,0.0,0.0,2.5741023123264313,21.90133398771286,-8773.022999823093,-221298.83556175232
63210,0.0,0.0,0.0,0.0,0.0,0.0,0.0,0.0,0.0,0.0,0.0,0.0
63211,0.0,0.0,0.0,0.0,0.0,0.0,0.0,0.0,0.0,0.0,0.0,0.0
63212,0.0,0.0,0.0,0.0,0.0,0.0,0.0,0.0,0.0,0.0,0.0,0.0
63229,0.0,0.0,0.0,0.0,0.0,0.0,0.0,0.0,0.0,0.0,0.0,0.0
63290,0.0,0.0,0.0,0.0,0.0,0.0,0.0,0.0,0.0,0.0,0.0,0.0
63291,0.0,0.0,0.0,0.0,0.0,0.0,0.0,0.0,0.0,0.0,0.0,0.0
63294,0.0,0.0,0.0,0.0,0.0,0.0,0.0,0.0,0.0,0.0,0.0,0.0
63295,0.0,0.0,0.0,0.0,0.0,0.0,0.0,0.0,0.0,0.0,0.0,0.0
63296,0.0,0.0,0.0,0.0,0.0,0.0,0.0,0.0,0.0,0.0,0.0,0.0
63297,0.0,0.0,0.0,0.0,0.0,0.0,0.0,0.0,0.0,0.0,0.0,0.0
63298,0.0,0.0,0.0,0.0,0.0,0.0,0.0,0.0,0.0,0.0,0.0,0.0
63316,-5657611.555362701,-2928190.0333595276,-5785390.042917252,-9329767.771408081,-4899280.458238602,-1994226.628528595,-780255.982624054,3370.1308212280273,95940.2889289856,-48947.663513183594,-839000.995962143,-2016534.842760086
63335,33634.42228269577,-593739.8374238014,-302759.647084713,-631794.2103013992,-26633.534477710724,0.0,0.0,0.0,0.0,0.0,0.0,22979.15720796585
63336,0.0,0.0,0.0,0.0,0.0,0.0,0.0,0.0,0.0,0.0,0.0,0.0
63371,0.0,0.0,0.0,0.0,0.0,0.0,0.0,0.0,0.0,0.0,0.0,0.0
63372,0.0,0.0,0.0,0.0,0.0,0.0,0.0,0.0,0.0,0.0,0.0,0.0
63373,0.0,0.0,0.0,0.0,0.0,0.0,0.0,0.0,0.0,0.0,0.0,0.0
63452,0.0,0.0,0.0,0.0,0.0,0.0,0.0,0.0,0.0,0.0,0.0,0.0
63453,0.0,0.0,0.0,0.0,0.0,0.0,0.0,0.0,0.0,0.0,0.0,0.0
63478,-16195194.310699463,-55830258.41837311,-62288007.829078674,-72956139.44215393,-40190923.09941864,-58888.22213745117,-525027.8488464355,-1169603.5692329407,-1549728.429031372,-963643.6706161499,-2797063.3228416443,-4464875.346328735
63497,-17314.47358763218,-273390.21437591314,-88704.62285760045,-173027.8261781931,-5555.3956933021545,0.0,0.0,0.0,0.0,0.0,0.0,0.0
63499,0.0,0.0,0.0,0.0,0.0,0.0,0.0,0.0,0.0,0.0,0.0,0.0
63534,0.0,0.0,0.0,0.0,0.0,0.0,0.0,0.0,0.0,0.0,0.0,0.0
63535,0.0,0.0,0.0,0.0,0.0,0.0,0.0,0.0,0.0,0.0,0.0,0.0
63614,302200.8053649217,124539.56556305289,466162.0331542492,480528.74542337656,229944.65572488308,14255.065290898085,0.0,4582.751370593905,98337.1263385266,410170.3844118118,597860.7130195647,157893.3707230091
63615,0.0,0.0,0.0,0.0,0.0,0.0,0.0,0.0,0.0,0.0,0.0,0.0
63620,0.0,0.0,0.0,0.0,0.0,0.0,0.0,0.0,0.0,0.0,0.0,0.0
63660,-1857.6512457728386,-72527.65391889215,-28921.647259950638,-61235.84793049097,-1892.6044169664383,0.0,0.0,0.0,0.0,0.0,0.0,0.0
63662,0.0,0.0,0.0,0.0,0.0,0.0,0.0,0.0,0.0,0.0,0.0,0.0
63671,188.42485469579697,14911.982965230942,-916831.8080618978,-483725.98012930155,17657.59176516533,11273.965907335281,0.0,0.0,0.0,11.864252209663391,108.36242781579494,276.13262647390366
63696,0.0,0.0,0.0,1102.566205650568,0.0,0.0,0.0,0.0,0.0,0.0,877.1398195251822,0.0
63697,0.0,0.0,0.0,0.0,0.0,0.0,0.0,0.0,0.0,0.0,0.0,0.0
63743,0.0,0.0,0.0,0.0,0.0,0.0,0.0,0.0,0.0,0.0,0.0,0.0
63744,0.0,0.0,0.0,0.0,0.0,0.0,0.0,0.0,0.0,0.0,0.0,0.0
63775,0.0,0.0,0.0,0.0,0.0,0.0,0.0,0.0,0.0,0.0,0.0,0.0
63776,0.0,0.0,0.0,0.0,0.0,0.0,0.0,0.0,0.0,0.0,0.0,0.0
63786,-898669.5383971194,-3400266.006475333,-10483500.155940372,-5442436.286142744,0.0,0.0,0.0,0.0,0.0,0.0,0.0,0.0
63821,-64.5254277586937,-818.708093136549,-1245.1466990113258,-881.8287947177887,-54.572484850883484,0.0,0.0,0.0,0.0,0.0,0.0,0.0
63822,0.0,0.0,0.0,0.0,0.0,0.0,0.0,0.0,0.0,0.0,0.0,0.0
63823,0.0,0.0,0.0,0.0,0.0,0.0,0.0,0.0,0.0,0.0,0.0,0.0
63856,13718.627199109644,37330.54159715772,15035.931494556367,0.0,0.0,0.0,0.0,0.0,0.0,171.93789963424206,3259.55228215456,17003.0831162706
63857,0.0,0.0,0.0,0.0,0.0,0.0,0.0,0.0,0.0,0.0,0.0,0.0
63903,0.0,0.0,0.0,0.0,0.0,0.0,0.0,0.0,0.0,0.0,0.0,0.0
63904,0.0,0.0,0.0,0.0,0.0,0.0,0.0,0.0,0.0,0.0,0.0,0.0
63936,0.0,0.0,0.0,0.0,0.0,0.0,0.0,0.0,0.0,0.0,0.0,0.0
63937,0.0,0.0,0.0,0.0,0.0,0.0,0.0,0.0,0.0,0.0,0.0,0.0
63981,1802.840251326561,12656.156483605504,16727.77743035555,11344.003526329994,1109.9150992631912,0.0,0.0,0.0,0.0,0.0,0.0,0.0
63982,-184.7666723653674,-1581.1871619448066,-643.5456805601716,-557.3729172386229,-72.8788502663374,0.0,0.0,0.0,0.0,0.0,0.0,0.0
63983,-750932.803009063,-1001210.8690148592,794610.8363863826,1603432.544957459,1383433.3508403897,80630.2069440782,69.9166717082262,0.0,-0.5081263482570648,6625.2991616129875,-47767.83287753165,-959085.8883101046
63984,0.0,0.0,0.0,0.0,4568.957316922053,0.0,0.0,0.0,0.0,0.0,0.0,0.0
63992,-917454.7404834032,-1502020.9244077206,1436216.24601686,1735788.1934915483,1157628.4699707627,55131.1646758914,69.91667169332504,0.0,-0.5081263184547424,6553.592945575714,-48595.193269610405,-960406.2798276544
64015,-406186.22931087017,-551978.8021202534,-114849.61335492134,0.0,0.0,0.0,0.0,0.0,0.0,0.0,-152326.26516026258,-528287.5661761537
64016,0.0,0.0,0.0,0.0,0.0,0.0,0.0,0.0,0.0,0.0,0.0,0.0
64026,0.0,0.0,0.0,0.0,0.0,0.0,0.0,0.0,0.0,0.0,0.0,0.0
64094,0.0,0.0,0.0,0.0,0.0,0.0,0.0,0.0,0.0,0.0,0.0,0.0
64095,0.0,0.0,0.0,0.0,0.0,0.0,0.0,0.0,0.0,0.0,0.0,0.0
64105,0.0,-1789547.4040483022,0.0,0.0,-547486.6811277159,0.0,0.0,0.0,0.0,-76607.67578125,-2578.8115234375,0.0
64106,-6724071.5,-3669423.0,-972545.0625,-1134399.375,-2572801.576678368,-1131555.2757768035,0.0,0.0,0.0,-12883.912108602002,-1043409.6752473228,-3583914.8265863545
64109,-721893.4277214184,-1104918.1344844252,-1947478.84375,-1418305.84673661,-72236.546875,-563082.5636597797,0.0,0.0,0.0,-69.55259535461664,-29869.44241345115,-413018.95826329663
64138,-24256.1711525321,-127219.73294213414,-173875.62051349878,-231376.62420797348,-14893.570040345192,0.0,0.0,0.0,0.0,0.0,0.0,0.0
64139,0.0,0.0,0.0,0.0,0.0,0.0,0.0,0.0,0.0,0.0,0.0,0.0
64168,257607.76460409164,1070215.9031045437,571273.5297053754,39958.2062767148,6386.209030926228,453.60916344821453,0.0,0.0,0.0,74.55963596701622,121503.39768818021,333093.40459370613
64169,0.0,0.0,0.0,0.0,0.0,0.0,0.0,0.0,0.0,0.0,0.0,0.0
64170,0.0,0.0,0.0,0.0,0.0,0.0,0.0,0.0,0.0,0.0,0.0,0.0
64173,0.0,0.0,0.0,0.0,0.0,0.0,0.0,0.0,0.0,0.0,0.0,0.0
64220,0.0,0.0,0.0,0.0,0.0,0.0,0.0,0.0,0.0,0.0,0.0,0.0
64247,0.0,0.0,0.0,0.0,0.0,0.0,0.0,0.0,0.0,0.0,0.0,0.0
64248,0.0,0.0,0.0,0.0,0.0,0.0,0.0,0.0,0.0,0.0,0.0,0.0
64257,0.0,-1347561.2470327318,-1628042.1687418837,-767678.9538242742,-178955.60308180004,-10020.325128406286,0.0,0.0,0.0,-40061.54484756943,-75224.77081850916,0.0
64258,0.0,0.0,0.0,0.0,0.0,0.0,0.0,0.0,0.0,0.0,0.0,0.0
64261,-3757258.745723672,-2846047.3039345145,-2676609.8569864333,-1748737.2163845152,-866375.1908930838,-50102.39785592258,0.0,0.0,0.0,-4988.750401034951,-112892.84713846445,-747316.5612589419
64292,0.0,0.0,0.0,0.0,0.0,0.0,0.0,0.0,0.0,0.0,0.0,0.0
64320,14839.25913104415,36805.05931002647,42357.63946036622,11114.81061770767,10412.619531404227,0.0,0.0,0.0,0.0,0.0,1658.1077654734254,7447.784413173795
64321,0.0,0.0,0.0,0.0,0.0,0.0,0.0,0.0,0.0,0.0,0.0,0.0
64376,0.0,0.0,0.0,0.0,0.0,0.0,0.0,0.0,0.0,0.0,0.0,0.0
64398,0.0,0.0,0.0,0.0,0.0,0.0,0.0,0.0,0.0,0.0,0.0,0.0
64399,0.0,0.0,0.0,0.0,0.0,0.0,0.0,0.0,0.0,0.0,0.0,0.0
64400,0.0,0.0,0.0,0.0,0.0,0.0,0.0,0.0,0.0,0.0,0.0,0.0
64442,-2648.3698969185352,-21066.048267498612,-71770.74036374874,-47671.45343220234,-1605.5318522676826,-62.118527963757515,0.0,0.0,0.0,0.0,0.0,0.0
64443,0.0,0.0,0.0,0.0,0.0,0.0,0.0,0.0,0.0,0.0,0.0,0.0
64470,2683.302768856287,131241.6243674159,159400.11698113382,102458.01473198831,71384.65376002528,0.0,0.0,0.0,0.0,0.0,0.0,0.0
64471,0.0,0.0,0.0,0.0,0.0,0.0,0.0,0.0,0.0,0.0,0.0,0.0
64475,0.0,0.0,0.0,0.0,0.0,0.0,0.0,0.0,0.0,0.0,0.0,0.0
64547,0.0,0.0,0.0,0.0,0.0,0.0,0.0,0.0,0.0,0.0,0.0,0.0
64548,0.0,0.0,0.0,0.0,0.0,0.0,0.0,0.0,0.0,0.0,0.0,0.0
64567,-5336730.624261647,-3260542.5894621313,-5486455.531972647,-3900432.857089162,-2659078.9413493276,-582844.3876294494,-155299.47328865528,0.0,0.0,-360059.07651534677,-1503023.7218997777,-1330070.6040872037
64591,0.0,0.0,0.0,0.0,0.0,0.0,0.0,-71.30228751525283,-29.442029770463705,-482.15271709812805,-398.4693819116801,-4.457005405798554
64592,0.0,0.0,0.0,0.0,0.0,0.0,0.0,0.0,0.0,0.0,0.0,0.0
64617,11576.930299341679,99733.06891603768,93786.99469283223,59548.96000611037,39003.894434548914,3817.908337984234,1821.2882254831493,0.0,0.0,0.0,377.4354466572404,9029.665329992771
64618,0.0,0.0,0.0,0.0,0.0,0.0,0.0,0.0,0.0,0.0,0.0,0.0
64619,0.0,0.0,0.0,0.0,0.0,0.0,0.0,0.0,0.0,0.0,0.0,0.0
64694,0.0,0.0,0.0,0.0,0.0,0.0,0.0,0.0,0.0,0.0,0.0,0.0
64695,0.0,0.0,0.0,0.0,0.0,0.0,0.0,0.0,0.0,0.0,0.0,0.0
64702,-569407.2808540314,-1321897.1467805821,-985319.2418442685,-551591.6775498549,-178570.82017591083,0.0,0.0,0.0,0.0,0.0,0.0,0.0
64737,0.0,622.7777580618858,7848.424370136112,9427.855835206807,69.89549420028925,0.0,469.24329325556755,0.0,0.0,0.0,0.0,0.0
64738,0.0,0.0,0.0,0.0,0.0,0.0,0.0,0.0,0.0,0.0,0.0,0.0
64762,0.0,0.0,0.0,0.0,0.0,0.0,0.0,0.0,0.0,0.0,0.0,0.0
64763,163.8285260722041,5784.934870325029,10231.98177729547,6370.678120620549,4934.483716065064,0.0,0.0,0.0,0.0,0.0,0.0,0.0
64764,0.0,0.0,0.0,0.0,0.0,0.0,0.0,0.0,0.0,0.0,0.0,0.0
64839,0.0,0.0,0.0,0.0,0.0,0.0,0.0,0.0,0.0,0.0,0.0,0.0
64840,0.0,0.0,0.0,0.0,0.0,0.0,0.0,0.0,0.0,0.0,0.0,0.0
64849,0.0,0.0,0.0,0.0,0.0,0.0,0.0,0.0,0.0,0.0,0.0,0.0
64850,-157427.93982394226,-284728.8416578118,-386653.87920417264,-481505.4001319073,-53226.841818820685,0.0,0.0,0.0,0.0,0.0,0.0,-12284.731324650347
64881,0.0,0.0,0.0,0.0,0.0,0.0,0.0,0.0,0.0,0.0,0.0,0.0
64882,1559038.9299244452,493968.49093825556,22735.933626429876,15316.110823692987,2446.5789141455316,0.0,3514.618204064842,32035.275187225838,537465.302859348,1656055.6536630408,2994087.0307632964,2377642.4829486813
64904,0.0,0.0,116.11091110855341,1289.5769618600607,5807.886525364593,1620.4433089066297,2593.8531637322158,1632.2312466064468,0.0,0.0,0.0,0.0
64905,-105213.75978708267,-593746.1651214361,-603122.003878355,-198250.30033564568,18714.47549572587,0.0,0.0,0.0,0.0,0.0,0.0,-45002.44206029177
64906,0.0,0.0,0.0,0.0,0.0,0.0,0.0,0.0,0.0,0.0,0.0,0.0
64919,0.0,0.0,0.0,0.0,0.0,0.0,0.0,0.0,0.0,0.0,0.0,0.0
64931,0.0,0.0,0.0,0.0,0.0,0.0,0.0,0.0,0.0,0.0,0.0,0.0
64932,0.0,0.0,0.0,0.0,0.0,0.0,0.0,0.0,0.0,0.0,0.0,0.0
64933,0.0,0.0,0.0,0.0,0.0,0.0,0.0,0.0,0.0,0.0,0.0,0.0
64934,0.0,0.0,0.0,0.0,0.0,0.0,0.0,0.0,0.0,0.0,0.0,0.0
64935,0.0,0.0,0.0,0.0,0.0,0.0,0.0,0.0,0.0,0.0,0.0,0.0
64936,0.0,0.0,0.0,0.0,0.0,0.0,0.0,0.0,0.0,0.0,0.0,0.0
64937,0.0,0.0,0.0,0.0,0.0,0.0,0.0,0.0,0.0,0.0,0.0,0.0
64938,0.0,0.0,0.0,0.0,0.0,0.0,0.0,0.0,0.0,0.0,0.0,0.0
64980,0.0,0.0,0.0,0.0,0.0,0.0,0.0,0.0,0.0,0.0,0.0,0.0
64981,0.0,0.0,0.0,0.0,0.0,0.0,0.0,0.0,0.0,0.0,0.0,0.0
65020,-7590822.19713974,-2008080.9025669098,-6456589.710071564,-2867305.03054142,-157252.3148612976,-136497.45031166077,-14045.94723892212,111275.36686325073,289410.8800239563,1859826.9101734161,697227.3580436707,-4627920.534608841
65022,0.0,0.0,0.0,0.0,0.0,0.0,0.0,0.0,75303.82130633108,123206.33484389819,148782.3713673018,65434.76853409689
65043,6791.480613589287,23990.59129321575,15333.588684290648,0.0,0.0,0.0,0.0,0.0,0.0,0.0,393.98589956760406,9019.268544256687
65044,0.0,0.0,0.0,0.0,0.0,0.0,0.0,0.0,0.0,0.0,0.0,0.0
65045,0.0,0.0,0.0,0.0,0.0,0.0,0.0,0.0,0.0,0.0,0.0,0.0
65055,0.0,0.0,0.0,0.0,0.0,0.0,0.0,0.0,0.0,0.0,0.0,0.0
65065,0.0,0.0,0.0,0.0,0.0,0.0,0.0,0.0,0.0,0.0,0.0,0.0
65066,0.0,0.0,0.0,0.0,0.0,0.0,0.0,0.0,0.0,0.0,0.0,0.0
65067,0.0,0.0,0.0,0.0,0.0,0.0,0.0,0.0,0.0,0.0,0.0,0.0
65068,0.0,0.0,0.0,0.0,0.0,0.0,0.0,0.0,0.0,0.0,0.0,0.0
65069,0.0,0.0,0.0,0.0,0.0,0.0,0.0,0.0,0.0,0.0,0.0,0.0
65070,0.0,0.0,0.0,0.0,0.0,0.0,0.0,0.0,0.0,0.0,0.0,0.0
65071,0.0,0.0,0.0,0.0,0.0,0.0,0.0,0.0,0.0,0.0,0.0,0.0
65072,0.0,0.0,0.0,0.0,0.0,0.0,0.0,0.0,0.0,0.0,0.0,0.0
65073,0.0,0.0,0.0,0.0,0.0,0.0,0.0,0.0,0.0,0.0,0.0,0.0
65074,0.0,0.0,0.0,0.0,0.0,0.0,0.0,0.0,0.0,0.0,0.0,0.0
65111,0.0,0.0,0.0,0.0,0.0,0.0,0.0,0.0,0.0,0.0,0.0,0.0
65112,0.0,0.0,0.0,0.0,0.0,0.0,0.0,0.0,0.0,0.0,0.0,0.0
65152,0.0,0.0,0.0,0.0,0.0,0.0,0.0,0.0,0.0,0.0,0.0,0.0
65153,213591.10421198327,0.0,0.0,0.0,0.0,0.0,0.0,25934.71251005819,405452.3157020472,844846.3252481855,1280754.8517595623,1110362.202975614
65172,12304.254761079326,7111.007894408423,0.0,0.0,0.0,0.0,0.0,0.0,4883.34822682105,1975.324372023344,19543.284189499915,22279.666185721755
65173,-627637.0857962966,-516775.2675744295,-149825.3063685,98179.36866641045,33875.642610542476,13911.292576774955,0.0,0.0,0.0,-9988.527629338205,-277266.1969560385,-952894.9298840463
65174,154396.66666394472,67662.97880278528,77529.29464367032,36809.16510769725,17700.711572162807,2529.8451746478677,0.0,0.0,15196.285489439964,80808.76876598597,163201.22513373196,178465.20284551382
65191,0.0,0.0,0.0,0.0,0.0,0.0,0.0,0.0,0.0,0.0,0.0,0.0
65192,0.0,0.0,0.0,0.0,0.0,0.0,0.0,0.0,0.0,0.0,0.0,0.0
65193,0.0,0.0,0.0,0.0,0.0,0.0,0.0,0.0,0.0,0.0,0.0,0.0
65194,0.0,0.0,0.0,0.0,0.0,0.0,0.0,0.0,0.0,0.0,0.0,0.0
65199,0.0,0.0,0.0,0.0,0.0,0.0,0.0,0.0,0.0,0.0,0.0,0.0
65201,0.0,0.0,0.0,0.0,0.0,0.0,0.0,0.0,0.0,0.0,0.0,0.0
65229,0.0,0.0,0.0,0.0,0.0,0.0,0.0,0.0,0.0,0.0,0.0,0.0
65230,0.0,0.0,0.0,0.0,0.0,0.0,0.0,0.0,0.0,0.0,0.0,0.0
65231,0.0,0.0,0.0,0.0,0.0,0.0,0.0,0.0,0.0,0.0,0.0,0.0
65269,-1108.768138166517,-468.51219238340855,-10424.952231932431,-4763.330724239349,-3530.681338943541,-221.07202125899494,0.0,0.0,0.0,0.0,0.0,0.0
65270,0.0,0.0,0.0,0.0,0.0,0.0,0.0,0.0,0.0,0.0,0.0,0.0
65288,255432.4045350179,42907.312602341175,-1029491.2161610797,-535070.9409706295,-580797.865786572,-13620.951048120856,-140116.559544079,-678806.2578275725,-1577386.992297355,-934679.1487220749,-1185616.556820415,207354.4915546365
65289,0.0,0.0,0.0,0.0,0.0,0.0,0.0,0.0,0.0,0.0,0.0,0.0
65290,596573.6004134715,238941.58334358782,252017.687115483,131218.70990841836,58655.70588891208,1909.5658703707159,0.0,0.0,48200.69588857889,232547.35399200022,479771.20042282343,618960.4362355024
65307,0.0,0.0,0.0,0.0,0.0,0.0,0.0,0.0,0.0,0.0,0.0,0.0
65308,0.0,0.0,0.0,0.0,0.0,0.0,0.0,0.0,0.0,0.0,0.0,0.0
65309,0.0,0.0,0.0,0.0,0.0,0.0,0.0,0.0,0.0,0.0,0.0,0.0
65314,0.0,0.0,0.0,0.0,0.0,0.0,0.0,0.0,0.0,0.0,0.0,0.0
65315,0.0,0.0,0.0,0.0,0.0,0.0,0.0,0.0,0.0,0.0,0.0,0.0
65342,0.0,0.0,0.0,0.0,0.0,0.0,0.0,0.0,0.0,0.0,0.0,0.0
65343,0.0,0.0,0.0,0.0,0.0,0.0,0.0,0.0,0.0,0.0,0.0,0.0
65344,0.0,0.0,0.0,0.0,0.0,0.0,0.0,0.0,0.0,0.0,0.0,0.0
65345,0.0,0.0,0.0,0.0,0.0,0.0,0.0,0.0,0.0,0.0,0.0,0.0
65372,18486944.02522278,4699413.426567078,10618214.310813904,2620352.367284775,524473.3464279175,62456.40267562866,-40201.62405395508,-3147.6184616088867,-79684.70833587646,-497019.19704818726,9225280.629213333,21747601.53481865
65382,0.0,0.0,0.0,0.0,0.0,66.10944297909737,0.0,0.0,0.0,0.0,0.0,0.0
65383,1195789.244967699,0.0,0.0,0.0,0.0,0.0,0.0,0.0,162567.06859254092,0.0,1627461.7765439004,1983567.390289843
65392,0.0,0.0,0.0,0.0,0.0,0.0,0.0,0.0,-24132.974236270995,71887.04536883812,0.0,0.0
65394,278319.99783355,152619.5819364749,0.0,0.0,0.0,0.0,0.0,0.0,1852.3423876278102,38417.232194388285,249227.51831119508,246755.026952805
65397,304898.25460667943,33400.23656872893,27930.351350335404,21343.44217805937,27332.87478268915,990.1452863365412,0.0,9851.165010997094,141903.6165288668,82415.48273292147,559720.9374917466,476636.7207514299
65398,95804.68846274773,234423.01498958422,147300.68153994868,117062.35411044606,110785.23074022896,17772.693798211403,22468.92083620373,76037.60535005422,387978.7006741329,597276.024775622,989600.712347392,376528.2841301871
65399,14768.09811579017,0.0,0.0,0.0,0.0,0.0,1232.6854698527604,23713.061787554994,9048.139095078688,131210.8608333224,224534.32349211932,142178.29718924314
65400,0.0,0.0,0.0,0.0,0.0,0.0,0.0,0.0,0.0,0.0,0.0,0.0
65402,0.0,0.0,0.0,0.0,0.0,0.0,0.0,0.0,0.0,0.0,0.0,0.0
65411,0.0,0.0,0.0,0.0,0.0,0.0,0.0,0.0,0.0,0.0,0.0,0.0
65412,0.0,0.0,0.0,0.0,0.0,0.0,0.0,0.0,0.0,0.0,0.0,0.0
65413,0.0,0.0,0.0,0.0,0.0,0.0,0.0,0.0,0.0,0.0,0.0,0.0
65414,0.0,0.0,0.0,0.0,0.0,0.0,0.0,0.0,0.0,0.0,0.0,0.0
65415,0.0,0.0,0.0,0.0,0.0,0.0,0.0,0.0,0.0,0.0,0.0,0.0
65416,0.0,0.0,0.0,0.0,0.0,0.0,0.0,0.0,0.0,0.0,0.0,0.0
65417,0.0,0.0,0.0,0.0,0.0,0.0,0.0,0.0,0.0,0.0,0.0,0.0
65418,0.0,0.0,0.0,0.0,0.0,0.0,0.0,0.0,0.0,0.0,0.0,0.0
65419,0.0,0.0,0.0,0.0,0.0,0.0,0.0,0.0,0.0,0.0,0.0,0.0
65420,0.0,0.0,0.0,0.0,0.0,0.0,0.0,0.0,0.0,0.0,0.0,0.0
65421,0.0,0.0,0.0,0.0,0.0,0.0,0.0,0.0,0.0,0.0,0.0,0.0
65424,0.0,0.0,0.0,0.0,0.0,0.0,0.0,0.0,0.0,0.0,0.0,0.0
65425,0.0,0.0,0.0,0.0,0.0,0.0,0.0,0.0,0.0,0.0,0.0,0.0
65426,0.0,0.0,0.0,0.0,0.0,0.0,0.0,0.0,0.0,0.0,0.0,0.0
65435,-2484048.0229728483,683056.3804975562,-5455172.183088675,1401477.1183282286,-1469047.2644657567,-858226.3853798583,-1089138.712107852,-5026641.373016149,-6428874.724359237,-14401982.049820624,-10988788.895777516,455877.472702384
65453,0.0,0.0,0.0,0.0,0.0,0.0,0.0,0.0,0.0,0.0,0.0,0.0
65454,0.0,0.0,0.0,0.0,0.0,0.0,0.0,0.0,0.0,0.0,0.0,0.0
65481,-31733786.385543823,-68199867.92758179,-76921260.5058136,-88754778.78665161,-47932470.32396698,-3354247.2615127563,-1761838.0092773438,-1166233.4384155273,-999580.7366638184,3310764.8099136353,3490307.4894485474,-2810950.765312195
65482,0.0,0.0,0.0,0.0,0.0,0.0,0.0,0.0,0.0,0.0,0.0,0.0
65483,0.0,0.0,0.0,0.0,0.0,0.0,0.0,0.0,0.0,0.0,0.0,0.0
65490,0.0,0.0,0.0,0.0,0.0,0.0,0.0,0.0,0.0,0.0,0.0,0.0
65491,0.0,0.0,0.0,0.0,0.0,0.0,0.0,0.0,0.0,0.0,0.0,0.0
65492,332850.08714309335,51541.30191505328,0.0,0.0,0.0,0.0,0.0,0.0,4664.588878493756,66283.11432881281,290205.246333994,379172.5530824922
65493,454471.93412243575,52743.18377371691,0.0,0.0,0.0,0.0,0.0,0.0,14896.794573899359,109045.26485501416,378760.2906085402,458579.60702849925
65496,2024098.0594429113,398141.46578401246,0.0,0.0,0.0,0.0,0.0,2724.985881537199,183859.9146285206,399515.78355455026,1853344.6037046332,2250583.6130736927
65497,47952.427129497286,0.0,0.0,0.0,0.0,0.0,0.0,1715.8689441652386,19462.57284979988,34418.12865555426,81739.81015579123,74190.48510622792
65498,1272779.3989503824,647440.9808210992,382796.8135061184,227233.9113615679,66637.78100042092,0.0,0.0,1502.034991923516,128218.74639496068,359763.7411798672,964699.9654301587,945712.0557506871
65499,0.0,0.0,0.0,0.0,0.0,0.0,0.0,0.0,0.0,0.0,0.0,0.0
65500,0.0,0.0,0.0,0.0,0.0,0.0,0.0,0.0,0.0,0.0,0.0,0.0
65501,0.0,0.0,0.0,0.0,0.0,0.0,0.0,0.0,0.0,0.0,0.0,0.0
65502,0.0,0.0,0.0,0.0,0.0,0.0,0.0,0.0,0.0,0.0,0.0,0.0
65503,0.0,0.0,0.0,0.0,0.0,0.0,0.0,0.0,0.0,0.0,0.0,0.0
65504,0.0,0.0,0.0,0.0,0.0,0.0,0.0,0.0,0.0,0.0,0.0,0.0
65510,0.0,0.0,0.0,0.0,0.0,0.0,0.0,0.0,0.0,0.0,0.0,0.0
65511,0.0,0.0,0.0,0.0,0.0,0.0,0.0,0.0,0.0,0.0,0.0,0.0
65512,0.0,0.0,0.0,0.0,0.0,0.0,0.0,0.0,0.0,0.0,0.0,0.0
65513,0.0,0.0,0.0,0.0,0.0,0.0,0.0,0.0,0.0,0.0,0.0,0.0
65515,0.0,0.0,0.0,0.0,0.0,0.0,0.0,0.0,0.0,0.0,0.0,0.0
65517,0.0,0.0,0.0,0.0,0.0,0.0,0.0,0.0,0.0,0.0,0.0,0.0
65518,0.0,0.0,0.0,0.0,0.0,0.0,0.0,0.0,0.0,0.0,0.0,0.0
65526,15152871.76653655,827445.816614911,1423484.4179815045,737535.2258216403,294330.2086414993,-270132.82460157573,0.0,-56322.430191129446,-822635.8189598322,-7016140.380069047,-3760220.6482379436,4624768.99246484
65544,0.0,0.0,0.0,0.0,0.0,0.0,0.0,0.0,0.0,0.0,0.0,0.0
65546,4646470.739808828,2510933.2144497633,828309.6219853163,0.0,0.0,0.0,0.0,0.0,0.0,518165.61093583703,1731153.6848442554,4211840.832250714
65574,-277351.8538066745,-23918.82639157772,-7140.5140969753265,0.0,0.0,0.0,0.0,0.0,0.0,-20949.571079030633,-147458.65889245272,-438294.1299277991
65575,0.0,0.0,0.0,0.0,0.0,0.0,0.0,0.0,0.0,0.0,0.0,0.0
65576,0.0,0.0,0.0,0.0,0.0,0.0,0.0,0.0,0.0,0.0,0.0,0.0
65577,-347065.59137386084,-11294.737745761871,0.0,0.0,0.0,0.0,0.0,0.0,-17740.71409058571,-273608.16165059805,-556176.5452876687,-834301.9342621416
65578,0.0,0.0,0.0,0.0,0.0,0.0,0.0,0.0,0.0,0.0,0.0,0.0
65579,0.0,0.0,0.0,0.0,0.0,0.0,0.0,0.0,0.0,0.0,0.0,0.0
65580,0.0,0.0,0.0,0.0,0.0,0.0,0.0,0.0,0.0,0.0,0.0,0.0
65581,20776.00691979751,19982.134488277137,162246.60107525066,95332.59636569396,55882.31048838608,1616.1399330347776,0.0,0.0,0.0,0.0,0.0,0.0
65582,0.0,0.0,0.0,0.0,0.0,0.0,0.0,0.0,0.0,0.0,0.0,0.0
65583,0.0,0.0,0.0,0.0,0.0,0.0,0.0,0.0,0.0,0.0,0.0,0.0
65584,0.0,0.0,0.0,0.0,0.0,0.0,0.0,0.0,0.0,0.0,0.0,0.0
65585,0.0,0.0,0.0,0.0,0.0,0.0,0.0,0.0,0.0,0.0,0.0,0.0
65586,0.0,0.0,0.0,0.0,0.0,0.0,0.0,0.0,0.0,0.0,0.0,0.0
65590,0.0,0.0,0.0,0.0,0.0,0.0,0.0,0.0,0.0,0.0,0.0,0.0
65591,0.0,0.0,0.0,0.0,0.0,0.0,0.0,0.0,0.0,0.0,0.0,0.0
65592,0.0,0.0,0.0,0.0,0.0,0.0,0.0,0.0,0.0,0.0,0.0,0.0
65593,0.0,0.0,0.0,0.0,0.0,0.0,0.0,0.0,0.0,0.0,0.0,0.0
65594,0.0,0.0,0.0,0.0,0.0,0.0,0.0,0.0,0.0,0.0,0.0,0.0
65595,0.0,0.0,0.0,0.0,0.0,0.0,0.0,0.0,0.0,0.0,0.0,0.0
65596,1419483.0561836213,359095.2046299316,0.0,0.0,0.0,0.0,0.0,0.0,62893.08209973574,439255.3982618954,995558.752791807,1006318.9504113719
65621,0.0,0.0,0.0,0.0,0.0,0.0,0.0,0.0,0.0,0.0,0.0,0.0
65622,1237.5383487590589,5616.816821898508,4498.844252531097,1952.0039979609428,25.417750586988404,0.0,0.0,0.0,607.3117090603337,3799.5447749802843,5687.151870322297,2932.641442692606
65623,-6472.125886447728,-4565.42741484195,-105.58355621807277,0.0,0.0,0.0,0.0,0.0,0.0,-741.5748943425715,-4151.114356063306,-4560.42455207929
65625,0.0,0.0,0.0,0.0,0.0,0.0,0.0,0.0,0.0,-63252.9484808445,-54610.109375,0.0
65647,-606018.5507888794,-355705.88490235806,-322319.5620006323,-100988.00916874409,-75520.08296102285,0.0,0.0,0.0,-4380.656097859144,-48735.58415919542,-185872.86869710684,-301192.77630212903
65654,-102307.42815931141,-11694.63118249178,-9133.653872102499,0.0,0.0,0.0,0.0,0.0,0.0,-9325.156204298139,-42738.95962470025,-132687.61426404864
65655,0.0,0.0,0.0,0.0,0.0,0.0,0.0,0.0,0.0,0.0,0.0,0.0
65656,0.0,0.0,0.0,0.0,0.0,0.0,0.0,0.0,0.0,0.0,0.0,0.0
65657,0.0,0.0,0.0,0.0,0.0,0.0,0.0,0.0,0.0,0.0,0.0,0.0
65658,0.0,0.0,0.0,0.0,0.0,0.0,0.0,0.0,0.0,0.0,0.0,0.0
65659,0.0,0.0,0.0,0.0,0.0,0.0,0.0,0.0,0.0,0.0,0.0,0.0
65660,0.0,0.0,0.0,0.0,0.0,0.0,0.0,0.0,0.0,0.0,0.0,0.0
65661,0.0,0.0,0.0,0.0,0.0,0.0,0.0,0.0,0.0,0.0,0.0,0.0
65662,0.0,0.0,0.0,0.0,0.0,0.0,0.0,0.0,0.0,0.0,0.0,0.0
65686,0.0,0.0,0.0,0.0,0.0,0.0,0.0,0.0,0.0,0.0,0.0,0.0
65687,0.0,0.0,0.0,0.0,0.0,0.0,0.0,0.0,0.0,0.0,0.0,0.0
65688,-64089.917221173644,-57021.306988470256,-9973.460491068661,0.0,0.0,0.0,0.0,0.0,0.0,-3818.688745595515,-17307.579571023583,-41309.84360066056
65689,-100938.27720464021,-73432.88220316172,-20679.54294193536,0.0,0.0,0.0,0.0,0.0,0.0,-2461.5701588839293,-20306.798737935722,-55054.48971956968
65690,-7251.000969726592,-13990.99522343278,-11210.509644022211,-2325.981656106189,-76.01054614037275,0.0,0.0,0.0,0.0,0.0,0.0,-272.20118084177375
65691,0.0,0.0,0.0,0.0,0.0,0.0,0.0,0.0,0.0,0.0,0.0,0.0
65698,0.0,0.0,0.0,0.0,0.0,0.0,0.0,0.0,0.0,0.0,0.0,0.0
65715,0.0,0.0,0.0,0.0,0.0,0.0,0.0,0.0,0.0,0.0,0.0,0.0
65722,-1246135.4401845932,-57210.52736735344,-177764.43938040733,0.0,0.0,0.0,0.0,0.0,0.0,-114871.88038349152,-902719.6060944796,-1656376.9300028086
65723,0.0,0.0,0.0,0.0,0.0,0.0,0.0,0.0,0.0,0.0,0.0,0.0
65724,0.0,0.0,0.0,0.0,0.0,0.0,0.0,0.0,0.0,0.0,0.0,0.0
65725,0.0,0.0,0.0,0.0,0.0,0.0,0.0,0.0,0.0,0.0,0.0,0.0
65726,0.0,0.0,0.0,0.0,0.0,0.0,0.0,0.0,0.0,0.0,0.0,0.0
65727,860699.392569691,0.0,0.0,0.0,0.0,0.0,0.0,0.0,100372.273968786,757150.2934578024,934651.2008125186,923046.3271755651
65728,15270356.81409209,3213177.090856049,370409.2769450508,3159036.253883183,74578.73062580451,-153079.078125,-1089138.712107852,-5068709.1261843145,-6821775.851941586,-19385225.75480094,-9986136.0,7653560.698369965
65729,0.0,0.0,0.0,0.0,0.0,0.0,0.0,0.0,0.0,0.0,0.0,0.0
65750,0.0,0.0,0.0,0.0,0.0,0.0,0.0,0.0,0.0,0.0,0.0,0.0
65751,-2459.1657964566257,-2023.5962666287087,-543.9998979639495,0.0,0.0,0.0,0.0,0.0,0.0,-63.74274789355695,-613.3790635957848,-1429.7738402425312
65752,-68968.36145569384,-44659.03986313939,-18943.292148806155,-1247.4634784571826,0.0,0.0,0.0,0.0,0.0,0.0,-10052.092952020466,-34709.086023911834
65753,-236113.83094038814,-107772.70546912402,-79827.87965322286,-2375.5717568844557,0.0,0.0,0.0,0.0,0.0,0.0,-46170.510136052966,-108398.18970100582
65755,0.0,0.0,0.0,0.0,0.0,0.0,0.0,0.0,0.0,0.0,0.0,0.0
65786,0.0,0.0,0.0,0.0,0.0,0.0,0.0,0.0,0.0,0.0,0.0,0.0
65787,0.0,0.0,0.0,0.0,0.0,0.0,0.0,0.0,0.0,0.0,0.0,0.0
65788,0.0,0.0,0.0,0.0,0.0,0.0,0.0,0.0,0.0,0.0,0.0,0.0
65789,755572.8596039191,236677.65749700647,0.0,0.0,0.0,0.0,0.0,0.0,21278.86967998743,164764.12332625687,446126.40954105556,441783.9295212496
65810,0.0,0.0,0.0,0.0,0.0,0.0,0.0,0.0,0.0,0.0,0.0,0.0
65811,-13039.628808026202,-3749.4138930016197,-3230.754254756961,0.0,0.0,0.0,0.0,0.0,0.0,-1030.938135124743,-4808.310284333304,-7015.237063610926
65812,-80006.270194754,-48747.28351519257,-35951.907678209245,0.0,0.0,0.0,0.0,0.0,0.0,-4886.204264625907,-23577.88174998015,-46877.95510086417
65813,-43248.50241698697,-32051.14654181339,-12201.253859093413,0.0,0.0,0.0,0.0,0.0,0.0,-4518.04531660676,-19938.10329040885,-30999.17264200747
65816,0.0,0.0,0.0,0.0,0.0,0.0,0.0,0.0,0.0,0.0,0.0,0.0
65838,0.0,0.0,0.0,0.0,0.0,0.0,0.0,0.0,0.0,0.0,0.0,0.0
65849,0.0,0.0,0.0,0.0,0.0,0.0,0.0,0.0,0.0,0.0,0.0,0.0
65850,0.0,0.0,0.0,0.0,0.0,0.0,0.0,0.0,0.0,0.0,0.0,0.0
65870,109479.88869239856,69422.36390683055,130442.06600128114,80631.6041849032,10594.541796207428,0.0,0.0,0.0,0.0,0.0,0.0,6755.319132581353
65871,-23468.342080004513,-20337.444617454894,-10764.169994561002,0.0,0.0,0.0,0.0,0.0,0.0,-1557.1209068074822,-6579.920890863985,-13636.196010846645
65872,-18120.2520583421,-15368.267787218094,-5430.407988414168,0.0,0.0,0.0,0.0,0.0,0.0,-1930.7141695171595,-8296.543514810503,-12485.060772180557
65873,-91.77915215864778,-79.15553505998105,-34.46086400747299,0.0,0.0,0.0,0.0,0.0,0.0,-8.981678828597069,-24.274084348231554,-51.18849319964647
65874,8786.384476490319,7561.330280739814,3962.9726223498583,0.0,0.0,0.0,0.0,0.0,0.0,601.4952633678913,1638.9262658506632,4307.279696539044
65875,0.0,0.0,0.0,0.0,0.0,0.0,0.0,0.0,0.0,0.0,0.0,0.0
65876,0.0,0.0,0.0,0.0,0.0,0.0,0.0,0.0,0.0,0.0,0.0,0.0
65887,0.0,0.0,0.0,0.0,0.0,0.0,0.0,0.0,0.0,0.0,0.0,0.0
65888,0.0,0.0,0.0,0.0,0.0,0.0,0.0,0.0,0.0,0.0,0.0,0.0
65896,0.0,0.0,0.0,0.0,0.0,0.0,0.0,0.0,0.0,0.0,0.0,0.0
65897,0.0,0.0,0.0,0.0,0.0,0.0,0.0,0.0,0.0,0.0,0.0,0.0
65909,0.0,0.0,0.0,0.0,0.0,0.0,0.0,0.0,0.0,0.0,0.0,0.0
65910,0.0,0.0,0.0,0.0,0.0,0.0,0.0,0.0,0.0,0.0,0.0,0.0
65930,0.0,0.0,0.0,0.0,0.0,0.0,0.0,0.0,0.0,0.0,0.0,0.0
65931,-505742.8596906662,-497148.5186930895,-356432.38286185265,-9371.911075353622,-87.25966954231262,0.0,0.0,0.0,0.0,-17419.309286117554,-132457.99035930634,-313124.57096481323
65933,-173656.3685286641,-140871.2936734259,-124863.95582595468,-3072.797541677952,-105.25152948498726,0.0,0.0,0.0,0.0,-20341.079432964325,-63269.38139843941,-184018.28678038716
65934,0.0,0.0,0.0,0.0,0.0,0.0,0.0,0.0,0.0,0.0,0.0,0.0
65944,0.0,0.0,0.0,0.0,0.0,0.0,0.0,0.0,0.0,0.0,0.0,0.0
65955,0.0,0.0,0.0,0.0,0.0,0.0,0.0,0.0,0.0,0.0,0.0,0.0
65967,-2328092.1837802976,-1208337.8014080822,-44766.75246195495,0.0,0.0,0.0,0.0,0.0,0.0,-163902.74193629622,-570614.265460074,-2258683.373655796
65968,0.0,0.0,0.0,0.0,0.0,0.0,0.0,0.0,0.0,0.0,0.0,0.0
65977,466546.70820544846,152477.57698574848,0.0,0.0,0.0,0.0,0.0,0.0,1374.0019897818565,47995.24154597521,123750.48362770677,301370.25985106826
65978,0.0,0.0,0.0,0.0,0.0,0.0,0.0,0.0,0.0,0.0,0.0,0.0
65983,0.0,0.0,0.0,0.0,0.0,0.0,0.0,0.0,0.0,0.0,0.0,0.0
65984,0.0,0.0,0.0,0.0,0.0,0.0,0.0,0.0,0.0,0.0,0.0,0.0
65985,0.0,0.0,0.0,0.0,0.0,0.0,0.0,0.0,0.0,0.0,0.0,0.0
65986,0.0,0.0,0.0,0.0,0.0,0.0,0.0,0.0,0.0,0.0,0.0,0.0
65987,0.0,0.0,0.0,0.0,0.0,0.0,0.0,0.0,0.0,0.0,0.0,0.0
65988,-29249.81114000082,-36908.829999338835,-26646.68867862597,0.0,0.0,0.0,0.0,0.0,0.0,0.0,-8624.420035518706,-23903.72579457611
65991,-103122.98337316513,-66026.7499306947,-62549.53946107626,0.0,0.0,0.0,0.0,0.0,0.0,-4328.342911437154,-19625.820653036237,-70532.84857577085
65992,84389.80257046223,75957.12499201298,84223.56604900956,5224.45038446784,146.90366315841675,0.0,0.0,0.0,0.0,0.0,21257.58533513546,84792.20297443867
65993,-7247.192134082317,-9451.058334320784,-7887.184679731727,-295.786122828722,0.0,0.0,0.0,0.0,0.0,0.0,-204.3642502427101,-3315.0821993350983
65994,-1554.5126818716526,-1634.3613326996565,-1381.028045490384,-17.70640967786312,0.0,0.0,0.0,0.0,0.0,0.0,-371.4152421057224,-1469.8693787157536
65995,-42.28243067860603,-29.936734944581985,-25.74622069299221,-0.525663360953331,0.0,0.0,0.0,0.0,0.0,0.0,-4.2307766526937485,-17.995725959539413
65996,0.0,0.0,0.0,0.0,0.0,0.0,0.0,0.0,0.0,0.0,0.0,0.0
66015,0.0,0.0,0.0,0.0,0.0,0.0,0.0,0.0,0.0,0.0,0.0,0.0
66016,0.0,0.0,0.0,0.0,0.0,0.0,0.0,0.0,0.0,0.0,0.0,0.0
66026,0.0,0.0,0.0,0.0,0.0,0.0,0.0,0.0,0.0,0.0,0.0,0.0
66027,-1246911.26901347,-172067.75,-175785.1579167,-239686.62198035978,-49885.21042716876,0.0,0.0,0.0,0.0,0.0,0.0,-246337.400524267
66028,684875.4057718515,378075.31553747505,152977.22984215617,0.0,0.0,0.0,0.0,0.0,0.0,14781.183652892709,92952.72951988876,273238.00847932696
66029,0.0,0.0,0.0,0.0,0.0,0.0,0.0,0.0,0.0,0.0,0.0,0.0
66030,0.0,0.0,0.0,0.0,0.0,0.0,0.0,0.0,0.0,0.0,0.0,0.0
66031,0.0,0.0,0.0,0.0,0.0,0.0,0.0,0.0,0.0,0.0,0.0,0.0
66032,0.0,0.0,0.0,0.0,0.0,0.0,0.0,0.0,0.0,0.0,0.0,0.0
66035,0.0,0.0,0.0,0.0,0.0,0.0,0.0,0.0,0.0,0.0,0.0,0.0
66036,0.0,0.0,0.0,0.0,0.0,0.0,0.0,0.0,0.0,0.0,0.0,0.0
66037,0.0,0.0,0.0,0.0,0.0,0.0,0.0,0.0,0.0,0.0,0.0,0.0
66041,3182665.705405563,1321498.4594471306,480959.9473852366,25645.276179164648,0.0,0.0,0.0,0.0,0.0,72649.1033615768,466410.01924431324,1501083.400683403
66042,0.0,0.0,0.0,0.0,0.0,0.0,0.0,0.0,0.0,0.0,0.0,0.0
66043,-1134.6282782405615,-1769.9869999438524,-1390.308695718646,-79.42192625254393,0.0,0.0,0.0,0.0,0.0,0.0,-226.10428726673126,-1063.9309000819921
66050,-21065.9428114295,-16553.522086441517,-15562.933242380619,-1109.836252272129,0.0,0.0,0.0,0.0,0.0,0.0,-1937.0269134789705,-15805.676367849112
66051,0.0,0.0,0.0,0.0,0.0,0.0,0.0,0.0,0.0,0.0,0.0,0.0
66063,0.0,0.0,0.0,0.0,0.0,0.0,0.0,0.0,0.0,0.0,0.0,0.0
66070,-566665.125,0.0,0.0,0.0,0.0,0.0,0.0,0.0,0.0,-176905.4273220913,-523137.96875,-387812.59375
66071,0.0,0.0,0.0,0.0,0.0,0.0,0.0,0.0,0.0,0.0,0.0,0.0
66073,-2266678.25,0.0,0.0,0.0,0.0,0.0,0.0,0.0,0.0,-827414.9375975579,-2326761.4025562108,-2645183.25
66074,-1798486.625,0.0,0.0,0.0,0.0,0.0,0.0,0.0,0.0,-1254826.4939926434,-3195049.85727391,-4999107.5
66075,0.0,0.0,0.0,0.0,0.0,0.0,0.0,0.0,0.0,0.0,0.0,0.0
66076,0.0,0.0,0.0,0.0,0.0,0.0,0.0,0.0,0.0,0.0,0.0,0.0
66077,-288778.5483125057,-74939.86739581823,-64425.08894780278,-70337.48118481785,-11596.089046023786,0.0,0.0,0.0,0.0,-5465.420660808682,-5268.155034869909,-267476.1253384799
66078,0.0,-37074.50300875306,-3832.938061475754,0.0,0.0,0.0,0.0,0.0,0.0,-21246.2081098482,-18505.21683806181,-403882.1786446199
66079,-245715.1487163473,0.0,0.0,0.0,0.0,0.0,0.0,0.0,0.0,0.0,0.0,0.0
66080,-172485.328125,-30611.3178385105,-2808.4389184713364,0.0,0.0,0.0,0.0,0.0,0.0,-10135.815244019032,-14818.439764171839,-218829.4425869435
66081,0.0,0.0,0.0,0.0,0.0,0.0,0.0,0.0,0.0,0.0,0.0,0.0
66082,0.0,0.0,0.0,0.0,0.0,0.0,0.0,0.0,0.0,0.0,0.0,0.0
66083,0.0,0.0,0.0,0.0,0.0,0.0,0.0,0.0,0.0,0.0,0.0,0.0
66084,0.0,0.0,0.0,0.0,0.0,0.0,0.0,0.0,0.0,0.0,0.0,0.0
66085,0.0,0.0,0.0,0.0,0.0,0.0,0.0,0.0,0.0,0.0,0.0,0.0
66086,0.0,0.0,0.0,0.0,0.0,0.0,0.0,0.0,0.0,0.0,0.0,0.0
66087,0.0,0.0,0.0,0.0,0.0,0.0,0.0,0.0,0.0,0.0,0.0,0.0
66088,221.83370349742472,118.7052720040083,96.56757892854512,6.227693319320679,0.0,0.0,0.0,0.0,0.0,0.0,53.18805725686252,137.99889245256782
66089,-1406.0116294026375,-4766.517957895994,-5000.341469138861,-790.7659024745226,-85.99926227331161,0.0,0.0,0.0,0.0,0.0,0.0,0.0
66095,-64251.711205124855,-54627.40838742256,-41209.09873518348,-2072.1139982044697,0.0,0.0,0.0,0.0,0.0,0.0,-6155.141646891832,-38794.977997750044
66096,-2844.653743285686,-5954.500019652769,-6260.864650672302,-1974.443062757142,0.0,0.0,0.0,0.0,0.0,0.0,0.0,-1015.643526269123
66097,0.0,0.0,0.0,0.0,0.0,0.0,0.0,0.0,0.0,0.0,0.0,0.0
66108,-1421830.1756435744,-525595.1448997743,-6882.889891894301,0.0,0.0,0.0,0.0,0.0,0.0,-352460.50212349836,-1234163.0009437911,-1627640.8138139248
66119,0.0,-845348.3623626588,0.0,0.0,0.0,0.0,0.0,0.0,-263287.1512005938,0.0,0.0,0.0
66120,-1358962.75,0.0,0.0,0.0,0.0,0.0,0.0,0.0,0.0,0.0,0.0,-139631.53125
66121,0.0,0.0,0.0,0.0,0.0,0.0,0.0,0.0,0.0,0.0,0.0,0.0
66122,-12992.79515555501,-30288.45352414623,-30596.633733633906,-2757.6484436187893,0.0,0.0,0.0,0.0,0.0,0.0,0.0,-1234.1314846351743
66123,-18482.280618607998,-18285.58581200242,-16535.075712919235,-1815.6740846037865,0.0,0.0,0.0,0.0,0.0,0.0,-838.5584494769573,-8288.620274543762
66129,-175954.43760848045,-178216.27267968655,-172516.86215794086,-28682.4385689497,0.0,0.0,0.0,0.0,0.0,0.0,-1329.176364004612,-56318.02195996046
66130,-2930.5945654027164,-2714.20555908978,-1710.8964613964781,-137.57159659918398,0.0,0.0,0.0,0.0,0.0,0.0,-1158.6480570342392,-4043.829622419551
66131,0.0,0.0,0.0,0.0,0.0,0.0,0.0,0.0,0.0,0.0,0.0,0.0
66132,0.0,0.0,0.0,0.0,0.0,0.0,0.0,0.0,0.0,0.0,0.0,0.0
66145,0.0,0.0,0.0,0.0,0.0,0.0,0.0,0.0,0.0,0.0,0.0,-205.6905517578125
66152,0.0,-173625.89751339704,0.0,0.0,0.0,0.0,0.0,0.0,-33736.924350681715,-47672.96875,-83103.55690969434,-1237998.375
66154,-7709739.0,-4220841.526909191,-444283.2383892238,-305153.9431863129,-175439.2637734115,-2597.0114028453827,0.0,0.0,-3061306.33439596,-14888239.62043789,-33728565.5654134,-3615245.25
66155,0.0,0.0,0.0,0.0,0.0,0.0,0.0,0.0,0.0,0.0,0.0,0.0
66156,0.0,0.0,0.0,0.0,0.0,0.0,0.0,0.0,0.0,0.0,0.0,0.0
66157,0.0,0.0,0.0,0.0,0.0,0.0,0.0,0.0,0.0,0.0,0.0,0.0
66158,0.0,0.0,0.0,0.0,0.0,0.0,0.0,0.0,0.0,0.0,0.0,0.0
66159,-23158.41712634638,-18724.878483511508,-12491.862799742259,-644.2331978771836,0.0,0.0,0.0,0.0,0.0,0.0,-2427.8873852994293,-10001.996914997697
66160,-53225.42575362325,-33868.96840801835,-26608.747447937727,-2144.0373224318027,0.0,0.0,0.0,0.0,0.0,0.0,-6562.75113222003,-23618.183574318886
66161,-55806.46076464653,-45820.275544047356,-38635.910934746265,-2991.636467963457,0.0,0.0,0.0,0.0,0.0,0.0,-8253.70908266306,-23482.534995138645
66164,-727534.3371393085,-491224.67025876045,-380606.0667106807,-6997.375196516514,0.0,0.0,0.0,0.0,0.0,-2430.2611939907074,-282590.6742429733,-821437.0503363609
66166,0.0,0.0,0.0,0.0,0.0,0.0,0.0,0.0,0.0,0.0,0.0,0.0
66181,0.0,0.0,0.0,0.0,0.0,0.0,0.0,0.0,0.0,0.0,0.0,0.0
66183,0.0,0.0,0.0,0.0,0.0,0.0,0.0,0.0,0.0,0.0,0.0,0.0
66189,0.0,0.0,0.0,0.0,0.0,0.0,0.0,0.0,0.0,0.0,0.0,0.0
66190,0.0,0.0,0.0,0.0,0.0,0.0,0.0,0.0,0.0,0.0,0.0,0.0
66191,0.0,0.0,0.0,0.0,0.0,0.0,0.0,0.0,0.0,0.0,0.0,0.0
66192,0.0,0.0,0.0,0.0,0.0,0.0,0.0,0.0,0.0,0.0,0.0,0.0
66193,0.0,0.0,0.0,0.0,0.0,0.0,0.0,0.0,0.0,0.0,0.0,0.0
66194,-231793.05855309963,-182468.55786007643,-120275.61789698899,-10805.569342382252,0.0,0.0,0.0,0.0,0.0,0.0,-27915.072896301746,-127436.28410851955
66197,-53271.90155962482,-78259.71505005658,-83915.60765652172,-17665.654681155458,0.0,0.0,0.0,0.0,0.0,0.0,0.0,-22859.508638121188
66198,0.0,0.0,0.0,0.0,0.0,0.0,0.0,0.0,0.0,0.0,0.0,0.0
66211,0.0,0.0,0.0,0.0,0.0,0.0,0.0,0.0,0.0,0.0,0.0,0.0
66214,0.0,0.0,0.0,0.0,0.0,0.0,0.0,0.0,0.0,0.0,0.0,0.0
66216,0.0,0.0,0.0,0.0,0.0,0.0,0.0,0.0,0.0,0.0,0.0,0.0
66217,0.0,0.0,0.0,0.0,0.0,0.0,0.0,0.0,0.0,0.0,0.0,0.0
66221,0.0,0.0,0.0,0.0,0.0,0.0,0.0,0.0,0.0,0.0,0.0,0.0
66222,0.0,0.0,0.0,0.0,0.0,0.0,0.0,0.0,0.0,0.0,0.0,0.0
66223,0.0,0.0,0.0,0.0,0.0,0.0,0.0,0.0,0.0,0.0,0.0,0.0
66224,0.0,0.0,0.0,0.0,0.0,0.0,0.0,0.0,0.0,0.0,0.0,0.0
66225,0.0,0.0,0.0,0.0,0.0,0.0,0.0,0.0,0.0,0.0,0.0,0.0
66226,0.0,0.0,0.0,0.0,0.0,0.0,0.0,0.0,0.0,0.0,0.0,0.0
66227,0.0,0.0,0.0,0.0,0.0,0.0,0.0,0.0,0.0,0.0,0.0,0.0
66228,-3567.029866695404,-6437.95983261615,-4034.8598408438265,-385.47921827062964,0.0,0.0,0.0,0.0,0.0,0.0,-3654.2811866402626,-1793.9209226965904
66229,1712.0804796516895,8642.405795693398,6376.5473483502865,1740.8894647061825,0.0,0.0,0.0,0.0,0.0,0.0,0.0,0.0
66232,-215577.22843897343,-186089.7095373273,-139347.44216406345,-13531.854274436831,0.0,0.0,0.0,0.0,0.0,0.0,-11245.689243197441,-110298.03085157275
66234,-30125.434492379427,-19148.00013630092,-18373.07675819099,-2156.5725684277713,0.0,0.0,0.0,0.0,0.0,0.0,-3856.6881607472897,-20017.291145965457
66235,0.0,0.0,0.0,0.0,0.0,0.0,0.0,0.0,0.0,0.0,0.0,0.0
66244,0.0,0.0,0.0,0.0,0.0,0.0,0.0,0.0,0.0,0.0,0.0,0.0
66252,0.0,0.0,0.0,0.0,0.0,0.0,0.0,0.0,0.0,0.0,0.0,0.0
66253,0.0,0.0,0.0,0.0,0.0,0.0,0.0,0.0,0.0,0.0,0.0,0.0
66254,0.0,0.0,0.0,0.0,0.0,0.0,0.0,0.0,0.0,0.0,0.0,0.0
66255,-13110598.070831537,-3577642.9925870895,0.0,0.0,0.0,0.0,0.0,0.0,-319430.6965274811,-3871917.4544570446,-10820243.226061404,-15091340.862299621
66256,0.0,0.0,0.0,0.0,0.0,0.0,0.0,0.0,0.0,0.0,0.0,0.0
66258,0.0,0.0,0.0,0.0,0.0,0.0,0.0,0.0,0.0,0.0,0.0,0.0
66259,0.0,0.0,0.0,0.0,0.0,0.0,0.0,0.0,0.0,0.0,0.0,0.0
66260,0.0,0.0,0.0,0.0,0.0,0.0,0.0,0.0,0.0,0.0,0.0,0.0
66263,0.0,0.0,0.0,0.0,0.0,0.0,0.0,0.0,0.0,0.0,0.0,0.0
66264,789.257884979248,5275.784649550915,11034.529865190387,2454.307005137205,19.10207575559616,0.0,0.0,0.0,0.0,0.0,0.0,0.0
66266,469360.8025510013,995389.212634787,473111.59680727124,109790.71606366336,0.0,0.0,0.0,0.0,0.0,0.0,18191.381085529923,119046.20258796215
66267,-126745.4095851779,-232894.0201625973,-83871.2297911793,-26317.717007137835,0.0,0.0,0.0,0.0,0.0,0.0,-13.518456235527992,-26263.102672457695
66268,49294.45558360219,71914.68376813084,28101.847095752135,8455.732126195915,0.0,0.0,0.0,0.0,0.0,0.0,0.0,7662.152815230191
66269,-2499.1611855067313,-3327.023025173694,-1435.9094547275454,-176.25660305004567,0.0,0.0,0.0,0.0,0.0,0.0,-318.8130651563406,-1011.9539607390761
66270,-198735.90627735853,-258850.25231608748,-135460.68792819977,-16286.471206665039,0.0,0.0,0.0,0.0,0.0,0.0,-10066.70136076212,-108273.78231745958
66271,-207788.96867357194,-254271.84613257647,-138550.01123398915,-46151.83289456554,0.0,0.0,0.0,0.0,0.0,0.0,-10497.659289427102,-173230.85152993724
66272,-3922.649614675902,-3551.4551185201854,-2806.5905552222393,-485.00221050111577,0.0,0.0,0.0,0.0,0.0,0.0,-427.1199920126237,-3037.409145514015
66274,0.0,0.0,0.0,0.0,0.0,0.0,0.0,0.0,0.0,0.0,0.0,0.0
66275,0.0,0.0,0.0,0.0,0.0,0.0,0.0,0.0,0.0,0.0,0.0,0.0
66276,0.0,0.0,0.0,0.0,0.0,0.0,0.0,0.0,0.0,0.0,0.0,0.0
66291,0.0,0.0,0.0,0.0,0.0,0.0,0.0,0.0,0.0,0.0,0.0,0.0
66292,0.0,0.0,0.0,0.0,0.0,0.0,0.0,0.0,0.0,0.0,0.0,0.0
66299,0.0,0.0,0.0,0.0,0.0,0.0,0.0,0.0,0.0,0.0,0.0,0.0
66301,22616.789410352707,54939.03256213665,21378.043920636177,0.0,0.0,0.0,0.0,0.0,0.0,58979.76752996445,426244.9589044452,187721.29144620895
66306,-1197300.1785336435,-1538793.2197142988,-436650.522047773,-105928.96085836738,0.0,0.0,0.0,0.0,0.0,-8322.204330325127,-186811.01545262337,-415854.2147732973
66307,-5828.766379127279,-14117.626736702397,-4759.943728276528,-994.3295254583936,0.0,0.0,0.0,0.0,0.0,0.0,-1543.30060537206,-8781.02352104825
66308,0.0,0.0,0.0,0.0,0.0,0.0,0.0,0.0,0.0,0.0,0.0,0.0
66309,0.0,0.0,0.0,0.0,0.0,0.0,0.0,0.0,0.0,0.0,0.0,0.0
66310,0.0,0.0,0.0,0.0,0.0,0.0,0.0,0.0,0.0,0.0,0.0,0.0
66311,0.0,0.0,0.0,0.0,0.0,0.0,0.0,0.0,0.0,0.0,0.0,0.0
66317,0.0,0.0,0.0,0.0,0.0,0.0,0.0,0.0,0.0,0.0,0.0,0.0
66323,0.0,0.0,0.0,0.0,0.0,0.0,0.0,0.0,0.0,0.0,0.0,0.0
66327,0.0,0.0,0.0,0.0,0.0,0.0,0.0,0.0,0.0,0.0,0.0,0.0
66328,0.0,0.0,0.0,0.0,0.0,0.0,0.0,0.0,0.0,0.0,0.0,0.0
66329,0.0,0.0,0.0,0.0,0.0,0.0,0.0,0.0,0.0,0.0,0.0,0.0
66330,0.0,0.0,0.0,0.0,0.0,0.0,0.0,0.0,0.0,0.0,0.0,0.0
66331,0.0,0.0,0.0,0.0,0.0,0.0,0.0,0.0,0.0,0.0,0.0,0.0
66336,0.0,0.0,0.0,0.0,0.0,0.0,0.0,0.0,0.0,0.0,0.0,0.0
66337,54895.07358562946,125628.91209214926,37971.82708501816,0.0,0.0,0.0,0.0,0.0,0.0,0.0,15150.397621452808,36551.12193751335
66342,-82805.98167541623,-74268.1187967211,-5307.285318598151,0.0,0.0,0.0,0.0,-1586.7274222373962,-18023.11732649803,-79741.38326901197,-333585.9782589674,-248606.00177511573
66343,0.0,0.0,0.0,0.0,0.0,0.0,0.0,0.0,0.0,0.0,0.0,0.0
66344,0.0,0.0,0.0,0.0,0.0,0.0,0.0,0.0,0.0,0.0,0.0,0.0
66345,0.0,0.0,0.0,0.0,0.0,0.0,0.0,0.0,0.0,0.0,0.0,0.0
66346,0.0,0.0,0.0,0.0,0.0,0.0,0.0,0.0,0.0,0.0,0.0,0.0
66353,0.0,0.0,0.0,0.0,0.0,0.0,0.0,0.0,0.0,0.0,0.0,0.0
66355,0.0,0.0,0.0,0.0,0.0,0.0,0.0,0.0,0.0,0.0,0.0,0.0
66358,0.0,0.0,0.0,0.0,0.0,0.0,0.0,0.0,0.0,0.0,0.0,0.0
66362,0.0,0.0,0.0,0.0,0.0,0.0,0.0,0.0,0.0,0.0,0.0,0.0
66363,0.0,0.0,0.0,0.0,0.0,0.0,0.0,0.0,0.0,0.0,0.0,0.0
66364,0.0,0.0,0.0,0.0,0.0,0.0,0.0,0.0,0.0,0.0,0.0,0.0
66365,0.0,0.0,0.0,0.0,0.0,0.0,0.0,0.0,0.0,0.0,0.0,0.0
66369,0.0,0.0,0.0,0.0,0.0,0.0,0.0,0.0,0.0,0.0,0.0,0.0
66370,0.0,0.0,0.0,0.0,0.0,0.0,0.0,0.0,0.0,0.0,0.0,0.0
66371,0.0,0.0,0.0,0.0,0.0,0.0,0.0,0.0,0.0,0.0,0.0,0.0
66372,12678.84690669179,18125.292618602514,7001.321880146861,0.0,0.0,0.0,0.0,0.0,0.0,0.0,965.8077963516116,5709.782953858376
66373,6109.334900856018,51845.35095965862,2045.9498357772827,0.0,0.0,0.0,0.0,0.0,0.0,17373.0964012146,53780.77293640375,34773.44364929199
66377,-1460323.8490570486,-1790784.2135213166,-594374.0307227969,-19706.814920142293,0.0,0.0,0.0,0.0,0.0,0.0,-124816.3247871995,-1157144.176582396
66378,0.0,0.0,0.0,0.0,0.0,0.0,0.0,0.0,0.0,0.0,0.0,0.0
66379,0.0,0.0,0.0,0.0,0.0,0.0,0.0,0.0,0.0,0.0,0.0,0.0
66380,0.0,0.0,0.0,0.0,0.0,0.0,0.0,0.0,0.0,0.0,0.0,0.0
66381,0.0,0.0,0.0,0.0,0.0,0.0,0.0,0.0,0.0,0.0,0.0,0.0
66386,0.0,0.0,0.0,0.0,0.0,0.0,0.0,0.0,0.0,0.0,0.0,0.0
66396,-6618127.914602131,-2456669.489043683,-224690.369787395,0.0,0.0,0.0,0.0,0.0,0.0,-1075517.437536776,-3776014.0680674314,-6314802.902508855
66397,0.0,0.0,0.0,0.0,0.0,0.0,0.0,0.0,0.0,0.0,0.0,0.0
66398,0.0,0.0,0.0,0.0,0.0,0.0,0.0,0.0,0.0,0.0,0.0,0.0
66399,0.0,0.0,0.0,0.0,0.0,0.0,0.0,0.0,0.0,0.0,0.0,0.0
66402,0.0,0.0,0.0,0.0,0.0,0.0,0.0,0.0,0.0,0.0,0.0,0.0
66403,0.0,0.0,0.0,0.0,0.0,0.0,0.0,0.0,0.0,0.0,0.0,0.0
66404,0.0,0.0,0.0,0.0,0.0,0.0,0.0,0.0,0.0,0.0,0.0,0.0
66405,0.0,25004.82235917449,3104.262398302555,0.0,0.0,0.0,0.0,0.0,0.0,0.0,0.0,0.0
66406,20551.40075159073,55878.10651779175,3026.6771082878113,0.0,0.0,0.0,0.0,0.0,0.0,0.0,0.0,6910.172710418701
66410,-2724963.9751277864,-3343470.5843250677,-1012682.5663060024,-116717.62550981343,0.0,0.0,0.0,0.0,0.0,-97656.12778520584,-1004595.5307157636,-2544776.9005381167
66411,-26528.955654018326,-21035.61852143699,-8495.820500434318,-670.5746958592208,0.0,0.0,0.0,0.0,0.0,0.0,-1371.5225041990634,-15466.617034088587
66412,0.0,0.0,0.0,0.0,0.0,0.0,0.0,0.0,0.0,0.0,0.0,0.0
66413,0.0,0.0,0.0,0.0,0.0,0.0,0.0,0.0,0.0,0.0,0.0,0.0
66414,0.0,0.0,0.0,0.0,0.0,0.0,0.0,0.0,0.0,0.0,0.0,0.0
66415,0.0,0.0,0.0,0.0,0.0,0.0,0.0,0.0,0.0,0.0,0.0,0.0
66416,0.0,0.0,0.0,0.0,0.0,0.0,0.0,0.0,0.0,0.0,0.0,0.0
66417,0.0,0.0,0.0,0.0,0.0,0.0,0.0,0.0,0.0,0.0,0.0,0.0
66423,0.0,0.0,0.0,0.0,0.0,0.0,0.0,0.0,0.0,0.0,0.0,0.0
66424,0.0,0.0,0.0,0.0,0.0,0.0,0.0,0.0,0.0,0.0,0.0,0.0
66433,0.0,0.0,0.0,0.0,0.0,0.0,0.0,0.0,0.0,0.0,0.0,0.0
66434,0.0,0.0,0.0,0.0,0.0,0.0,0.0,0.0,0.0,0.0,0.0,0.0
66435,0.0,0.0,0.0,0.0,0.0,0.0,0.0,0.0,0.0,0.0,0.0,0.0
66436,33665.596509218216,40352.557532683015,900.2526780962944,0.0,0.0,0.0,0.0,0.0,0.0,0.0,11746.04400140047,51500.89728832245
66437,14505.781804859638,16500.149814873934,1442.6560257077217,0.0,0.0,0.0,0.0,0.0,0.0,0.0,1216.5118782818317,9970.739631950855
66438,-814.0969630479813,-1470.398060619831,0.0,0.0,0.0,0.0,0.0,0.0,0.0,0.0,-249.69314044713974,-1737.6083369255066
66443,-5933373.06290701,-5666813.852141678,-4588540.6735809,-399059.12398934364,0.0,0.0,0.0,0.0,0.0,-7281.054924070835,-181275.38265621662,-5097294.555874139
66444,-435541.3895685263,-725742.6093167905,-360799.07362844795,-73097.73449211847,0.0,0.0,0.0,0.0,0.0,0.0,-13868.936755560338,-360084.1187937483
66447,0.0,0.0,0.0,0.0,0.0,0.0,0.0,0.0,0.0,0.0,0.0,0.0
66448,0.0,0.0,0.0,0.0,0.0,0.0,0.0,0.0,0.0,0.0,0.0,0.0
66449,0.0,0.0,0.0,0.0,0.0,0.0,0.0,0.0,0.0,0.0,0.0,0.0
66450,0.0,0.0,0.0,0.0,0.0,0.0,0.0,0.0,0.0,0.0,0.0,0.0
66458,0.0,0.0,0.0,0.0,0.0,0.0,0.0,0.0,0.0,0.0,0.0,0.0
66460,0.0,0.0,0.0,0.0,0.0,0.0,0.0,0.0,0.0,0.0,0.0,0.0
66461,0.0,0.0,0.0,0.0,0.0,0.0,0.0,0.0,0.0,0.0,0.0,0.0
66465,0.0,0.0,0.0,0.0,0.0,0.0,0.0,0.0,0.0,0.0,0.0,0.0
66467,498.06706845760345,451.0694586932659,0.0,0.0,0.0,0.0,0.0,0.0,0.0,66.8053190112114,2290.3774453401566,5961.87062227726
66473,-1760670.1635540426,-1055144.375,-1357060.3305848585,-102454.76032941975,0.0,0.0,0.0,0.0,0.0,-29789.218893796206,-341372.32078618556,-1596593.3968291767
66474,-892228.9798538983,-3498190.350142165,-562733.123671703,-34162.27615348622,0.0,0.0,0.0,0.0,-6716.593768179417,-841315.205033794,-1873426.44080773,-2764566.453666784
66476,0.0,0.0,0.0,0.0,0.0,0.0,0.0,0.0,0.0,0.0,0.0,0.0
66477,0.0,0.0,0.0,0.0,0.0,0.0,0.0,0.0,0.0,0.0,0.0,0.0
66478,0.0,0.0,0.0,0.0,0.0,0.0,0.0,0.0,0.0,0.0,0.0,0.0
66479,0.0,0.0,0.0,0.0,0.0,0.0,0.0,0.0,0.0,0.0,0.0,0.0
66480,0.0,0.0,0.0,0.0,0.0,0.0,0.0,0.0,0.0,0.0,0.0,0.0
66487,0.0,0.0,0.0,0.0,0.0,0.0,0.0,0.0,0.0,0.0,0.0,0.0
66490,0.0,0.0,0.0,0.0,0.0,0.0,0.0,0.0,0.0,0.0,0.0,0.0
66494,0.0,0.0,0.0,0.0,0.0,0.0,0.0,0.0,0.0,0.0,0.0,0.0
66496,0.0,0.0,0.0,0.0,0.0,0.0,0.0,0.0,0.0,0.0,0.0,0.0
66497,0.0,0.0,0.0,0.0,0.0,0.0,0.0,0.0,0.0,0.0,0.0,0.0
66504,-645809.5199959278,-783422.6989655495,-408517.3063520193,-31480.27274477482,0.0,0.0,0.0,0.0,0.0,9381.331605196,20930.274727463722,-123295.75185489655
66505,0.0,0.0,0.0,0.0,0.0,0.0,0.0,0.0,0.0,0.0,0.0,0.0
66506,0.0,0.0,0.0,0.0,0.0,0.0,0.0,0.0,0.0,0.0,0.0,0.0
66507,0.0,0.0,0.0,0.0,0.0,0.0,0.0,0.0,0.0,0.0,0.0,0.0
66520,0.0,0.0,0.0,0.0,0.0,0.0,0.0,0.0,0.0,0.0,0.0,0.0
66521,0.0,0.0,0.0,0.0,0.0,0.0,0.0,0.0,0.0,0.0,0.0,0.0
66522,0.0,0.0,0.0,0.0,0.0,0.0,0.0,0.0,0.0,0.0,0.0,0.0
66523,0.0,0.0,0.0,0.0,0.0,0.0,0.0,0.0,0.0,0.0,0.0,0.0
66530,-140405.53881244175,-302067.63229005085,0.0,-28426.039448336698,-2585.595523864031,0.0,0.0,0.0,0.0,0.0,0.0,0.0
66531,0.0,0.0,0.0,-1131.3832717441255,0.0,0.0,0.0,0.0,0.0,0.0,-1789.1855919638183,-24391.78772461787
66532,0.0,0.0,0.0,0.0,0.0,0.0,0.0,0.0,0.0,0.0,0.0,0.0
66533,0.0,0.0,0.0,0.0,0.0,0.0,0.0,0.0,0.0,0.0,0.0,0.0
66534,0.0,0.0,0.0,0.0,0.0,0.0,0.0,0.0,0.0,0.0,0.0,0.0
66547,0.0,0.0,0.0,0.0,0.0,0.0,0.0,0.0,0.0,0.0,0.0,0.0
66548,0.0,0.0,0.0,0.0,0.0,0.0,0.0,0.0,0.0,0.0,0.0,0.0
66556,0.0,0.0,-25125.12611371046,0.0,0.0,0.0,0.0,0.0,0.0,0.0,0.0,0.0
66557,0.0,0.0,0.0,0.0,0.0,0.0,0.0,0.0,0.0,0.0,0.0,0.0
66558,0.0,0.0,0.0,0.0,0.0,0.0,0.0,0.0,0.0,0.0,0.0,0.0
66559,0.0,0.0,0.0,0.0,0.0,0.0,0.0,0.0,0.0,0.0,0.0,0.0
66560,0.0,0.0,0.0,0.0,0.0,0.0,0.0,0.0,0.0,0.0,0.0,0.0
66569,0.0,0.0,0.0,0.0,0.0,0.0,0.0,0.0,0.0,0.0,0.0,0.0
66570,0.0,0.0,0.0,0.0,0.0,0.0,0.0,0.0,0.0,0.0,0.0,0.0
66572,0.0,0.0,0.0,0.0,0.0,0.0,0.0,0.0,0.0,0.0,0.0,0.0
66573,0.0,0.0,0.0,0.0,0.0,0.0,0.0,0.0,0.0,0.0,0.0,0.0
66574,-19.303183257579803,-108.87256470322609,0.0,0.0,0.0,0.0,0.0,0.0,0.0,0.0,0.0,0.0
66575,-7797.827555894852,-26646.579094797373,-949.1164663434029,0.0,0.0,0.0,0.0,0.0,0.0,136.71413671970367,-2855.0469208955765,-2374.8708511590958
66576,-2847.0866319984198,-37699.78286373615,-3027.7993202358484,0.0,0.0,0.0,0.0,0.0,0.0,0.0,0.0,0.0
66579,148149.13682198524,-409160.2612724304,-110239.19919347763,-3070.132287502289,0.0,0.0,0.0,0.0,19.79770040512085,357923.81508636475,2833401.0344839096,1756577.3411159515
66580,-136661.20439773053,-332607.49984120205,-518224.6590648927,-10517.842910788953,0.0,0.0,0.0,0.0,0.0,-88057.97595694661,-853433.9442834556,-781971.5646983683
66581,0.0,0.0,0.0,0.0,0.0,0.0,0.0,0.0,0.0,0.0,0.0,0.0
66582,0.0,0.0,0.0,0.0,0.0,0.0,0.0,0.0,0.0,0.0,0.0,0.0
66583,0.0,0.0,0.0,0.0,0.0,0.0,0.0,0.0,0.0,0.0,0.0,0.0
66584,0.0,0.0,0.0,0.0,0.0,0.0,0.0,0.0,0.0,0.0,0.0,0.0
66585,0.0,0.0,0.0,0.0,0.0,0.0,0.0,0.0,0.0,0.0,0.0,0.0
66598,0.0,0.0,0.0,0.0,0.0,0.0,0.0,0.0,0.0,0.0,0.0,0.0
66600,0.0,0.0,0.0,0.0,0.0,0.0,0.0,0.0,0.0,0.0,0.0,0.0
66601,2713.0365811660886,11587.296975565143,0.0,0.0,0.0,0.0,0.0,0.0,0.0,0.0,0.0,0.0
66602,-1940.931296825409,-31371.92036175728,-8104.943219259381,0.0,0.0,0.0,0.0,0.0,0.0,0.0,0.0,0.0
66603,0.0,13545.711785659194,0.0,0.0,0.0,0.0,0.0,0.0,0.0,0.0,0.0,0.0
66604,0.0,0.0,0.0,0.0,0.0,0.0,0.0,0.0,0.0,0.0,0.0,0.0
66614,0.0,0.0,0.0,0.0,0.0,0.0,0.0,0.0,0.0,0.0,0.0,0.0
66615,0.0,0.0,0.0,0.0,0.0,0.0,0.0,0.0,0.0,0.0,0.0,0.0
66621,0.0,0.0,0.0,0.0,0.0,0.0,0.0,0.0,0.0,0.0,0.0,0.0
66622,0.0,0.0,0.0,0.0,0.0,0.0,0.0,0.0,0.0,0.0,0.0,0.0
66623,0.0,0.0,0.0,0.0,0.0,0.0,0.0,0.0,0.0,0.0,0.0,0.0
66624,0.0,0.0,0.0,0.0,0.0,0.0,0.0,0.0,0.0,0.0,0.0,0.0
66625,0.0,0.0,0.0,0.0,0.0,0.0,0.0,0.0,0.0,0.0,0.0,0.0
66626,0.0,0.0,0.0,0.0,0.0,0.0,0.0,0.0,0.0,0.0,0.0,0.0
66627,0.0,0.0,0.0,0.0,0.0,0.0,0.0,0.0,0.0,0.0,0.0,0.0
66628,0.0,0.0,0.0,0.0,0.0,0.0,0.0,0.0,0.0,0.0,0.0,0.0
66631,0.0,0.0,0.0,0.0,0.0,0.0,0.0,0.0,0.0,0.0,0.0,0.0
66634,0.0,0.0,0.0,0.0,0.0,0.0,0.0,0.0,0.0,0.0,0.0,0.0
66635,0.0,0.0,0.0,0.0,0.0,0.0,0.0,0.0,0.0,0.0,0.0,0.0
66636,0.0,0.0,0.0,0.0,0.0,0.0,0.0,0.0,0.0,0.0,0.0,0.0
66640,0.0,0.0,0.0,0.0,0.0,0.0,0.0,0.0,0.0,0.0,0.0,0.0
66644,0.0,0.0,0.0,0.0,0.0,0.0,0.0,0.0,0.0,0.0,0.0,0.0
66645,0.0,0.0,0.0,0.0,0.0,0.0,0.0,0.0,0.0,0.0,0.0,0.0
66646,0.0,0.0,0.0,0.0,0.0,0.0,0.0,0.0,0.0,0.0,0.0,0.0
66647,0.0,0.0,0.0,0.0,0.0,0.0,0.0,0.0,0.0,0.0,0.0,0.0
66648,0.0,0.0,0.0,0.0,0.0,0.0,0.0,0.0,0.0,0.0,0.0,0.0
66655,0.0,0.0,0.0,0.0,0.0,0.0,0.0,0.0,0.0,0.0,0.0,0.0
66659,0.0,0.0,0.0,0.0,0.0,0.0,0.0,0.0,0.0,0.0,0.0,0.0
66662,0.0,0.0,0.0,0.0,0.0,0.0,0.0,0.0,0.0,0.0,0.0,0.0
66663,0.0,0.0,0.0,0.0,0.0,0.0,0.0,0.0,0.0,0.0,0.0,0.0
66665,0.0,0.0,0.0,0.0,0.0,0.0,0.0,0.0,0.0,0.0,0.0,0.0
66666,0.0,0.0,0.0,0.0,0.0,0.0,0.0,0.0,0.0,0.0,0.0,0.0
66667,0.0,0.0,0.0,0.0,0.0,0.0,0.0,0.0,0.0,0.0,0.0,0.0
66674,0.0,0.0,0.0,0.0,0.0,0.0,0.0,0.0,0.0,0.0,0.0,0.0
66682,0.0,0.0,0.0,0.0,0.0,0.0,0.0,0.0,0.0,0.0,0.0,0.0
66683,0.0,0.0,0.0,0.0,0.0,0.0,0.0,0.0,0.0,0.0,0.0,0.0
66684,0.0,0.0,0.0,0.0,0.0,0.0,0.0,0.0,0.0,0.0,0.0,0.0
66685,0.0,0.0,0.0,0.0,0.0,0.0,0.0,0.0,0.0,0.0,0.0,0.0
66686,0.0,0.0,0.0,0.0,0.0,0.0,0.0,0.0,0.0,0.0,0.0,0.0
66694,0.0,0.0,0.0,0.0,0.0,0.0,0.0,0.0,0.0,0.0,0.0,0.0
66700,0.0,0.0,0.0,0.0,0.0,0.0,0.0,0.0,0.0,0.0,0.0,0.0
66701,0.0,0.0,0.0,0.0,0.0,0.0,0.0,0.0,0.0,0.0,0.0,0.0
66702,0.0,0.0,0.0,0.0,0.0,0.0,0.0,0.0,0.0,0.0,0.0,0.0
66703,0.0,0.0,0.0,0.0,0.0,0.0,0.0,0.0,0.0,0.0,0.0,0.0
66717,0.0,0.0,0.0,0.0,0.0,0.0,0.0,0.0,0.0,0.0,0.0,0.0
66718,0.0,0.0,0.0,0.0,0.0,0.0,0.0,0.0,0.0,0.0,0.0,0.0
66719,0.0,0.0,0.0,0.0,0.0,0.0,0.0,0.0,0.0,0.0,0.0,0.0
66731,0.0,0.0,0.0,0.0,0.0,0.0,0.0,0.0,0.0,0.0,0.0,0.0
66732,0.0,0.0,0.0,0.0,0.0,0.0,0.0,0.0,0.0,0.0,0.0,0.0
66733,0.0,0.0,0.0,0.0,0.0,0.0,0.0,0.0,0.0,0.0,0.0,0.0
66734,0.0,0.0,0.0,0.0,0.0,0.0,0.0,0.0,0.0,0.0,0.0,0.0
66735,0.0,0.0,0.0,0.0,0.0,0.0,0.0,0.0,0.0,0.0,0.0,0.0
66745,0.0,0.0,0.0,0.0,0.0,0.0,0.0,0.0,0.0,0.0,0.0,0.0
66746,0.0,0.0,0.0,0.0,0.0,0.0,0.0,0.0,0.0,0.0,0.0,0.0
66747,0.0,0.0,0.0,0.0,0.0,0.0,0.0,0.0,0.0,0.0,0.0,0.0
66748,0.0,0.0,0.0,0.0,0.0,0.0,0.0,0.0,0.0,0.0,0.0,0.0
66749,0.0,0.0,0.0,0.0,0.0,0.0,0.0,0.0,0.0,0.0,0.0,0.0
66758,0.0,0.0,0.0,0.0,0.0,0.0,0.0,0.0,0.0,0.0,0.0,0.0
66759,0.0,0.0,0.0,0.0,0.0,0.0,0.0,0.0,0.0,0.0,0.0,0.0
66760,0.0,0.0,0.0,0.0,0.0,0.0,0.0,0.0,0.0,0.0,0.0,0.0
66761,0.0,0.0,0.0,0.0,0.0,0.0,0.0,0.0,0.0,0.0,0.0,0.0
66762,0.0,0.0,0.0,0.0,0.0,0.0,0.0,0.0,0.0,0.0,0.0,0.0
66763,0.0,0.0,0.0,0.0,0.0,0.0,0.0,0.0,0.0,0.0,0.0,0.0
66764,0.0,0.0,0.0,0.0,0.0,0.0,0.0,0.0,0.0,0.0,0.0,0.0
66767,0.0,0.0,0.0,0.0,0.0,0.0,0.0,0.0,0.0,0.0,0.0,0.0
66768,0.0,0.0,0.0,0.0,0.0,0.0,0.0,0.0,0.0,0.0,0.0,0.0
66769,0.0,0.0,0.0,0.0,0.0,0.0,0.0,0.0,0.0,0.0,0.0,0.0
66770,0.0,0.0,0.0,0.0,0.0,0.0,0.0,0.0,0.0,0.0,0.0,0.0
66771,0.0,0.0,0.0,0.0,0.0,0.0,0.0,0.0,0.0,0.0,0.0,0.0
66779,0.0,0.0,0.0,0.0,0.0,0.0,0.0,0.0,0.0,0.0,0.0,0.0
66781,0.0,0.0,0.0,0.0,0.0,0.0,0.0,0.0,0.0,0.0,0.0,0.0
66782,0.0,0.0,0.0,0.0,0.0,0.0,0.0,0.0,0.0,0.0,0.0,0.0
66783,0.0,0.0,0.0,0.0,0.0,0.0,0.0,0.0,0.0,0.0,0.0,0.0
66784,0.0,0.0,0.0,0.0,0.0,0.0,0.0,0.0,0.0,0.0,0.0,0.0
66785,0.0,0.0,0.0,0.0,0.0,0.0,0.0,0.0,0.0,0.0,0.0,0.0
66786,0.0,0.0,0.0,0.0,0.0,0.0,0.0,0.0,0.0,0.0,0.0,0.0
66787,0.0,0.0,0.0,0.0,0.0,0.0,0.0,0.0,0.0,0.0,0.0,0.0
66788,0.0,0.0,0.0,0.0,0.0,0.0,0.0,0.0,0.0,0.0,0.0,0.0
66789,0.0,0.0,0.0,0.0,0.0,0.0,0.0,0.0,0.0,0.0,0.0,0.0
66790,0.0,0.0,0.0,0.0,0.0,0.0,0.0,0.0,0.0,0.0,0.0,0.0
66791,0.0,0.0,0.0,0.0,0.0,0.0,0.0,0.0,0.0,0.0,0.0,0.0
66792,0.0,0.0,0.0,0.0,0.0,0.0,0.0,0.0,0.0,0.0,0.0,0.0
66799,0.0,0.0,0.0,0.0,0.0,0.0,0.0,0.0,0.0,0.0,0.0,0.0
66800,0.0,0.0,0.0,0.0,0.0,0.0,0.0,0.0,0.0,0.0,0.0,0.0
66802,0.0,0.0,0.0,0.0,0.0,0.0,0.0,0.0,0.0,0.0,0.0,0.0
66803,0.0,0.0,0.0,0.0,0.0,0.0,0.0,0.0,0.0,0.0,0.0,0.0
66804,0.0,0.0,0.0,0.0,0.0,0.0,0.0,0.0,0.0,0.0,0.0,0.0
66805,0.0,0.0,0.0,0.0,0.0,0.0,0.0,0.0,0.0,0.0,0.0,0.0
66806,0.0,0.0,0.0,0.0,0.0,0.0,0.0,0.0,0.0,0.0,0.0,0.0
66808,0.0,0.0,0.0,0.0,0.0,0.0,0.0,0.0,0.0,0.0,0.0,0.0
66809,0.0,0.0,0.0,0.0,0.0,0.0,0.0,0.0,0.0,0.0,0.0,0.0
66810,0.0,0.0,0.0,0.0,0.0,0.0,0.0,0.0,0.0,0.0,0.0,0.0
66811,0.0,0.0,0.0,0.0,0.0,0.0,0.0,0.0,0.0,0.0,0.0,0.0
66812,0.0,0.0,0.0,0.0,0.0,0.0,0.0,0.0,0.0,0.0,0.0,0.0
66813,0.0,0.0,0.0,0.0,0.0,0.0,0.0,0.0,0.0,0.0,0.0,0.0
66814,0.0,0.0,0.0,0.0,0.0,0.0,0.0,0.0,0.0,0.0,0.0,0.0
66815,0.0,0.0,0.0,0.0,0.0,0.0,0.0,0.0,0.0,0.0,0.0,0.0
66816,0.0,0.0,0.0,0.0,0.0,0.0,0.0,0.0,0.0,0.0,0.0,0.0
66817,0.0,0.0,0.0,0.0,0.0,0.0,0.0,0.0,0.0,0.0,0.0,0.0
66818,0.0,0.0,0.0,0.0,0.0,0.0,0.0,0.0,0.0,0.0,0.0,0.0
66819,0.0,0.0,0.0,0.0,0.0,0.0,0.0,0.0,0.0,0.0,0.0,0.0
66820,0.0,0.0,0.0,0.0,0.0,0.0,0.0,0.0,0.0,0.0,0.0,0.0
66821,0.0,0.0,0.0,0.0,0.0,0.0,0.0,0.0,0.0,0.0,0.0,0.0
66822,0.0,0.0,0.0,0.0,0.0,0.0,0.0,0.0,0.0,0.0,0.0,0.0
66823,0.0,0.0,0.0,0.0,0.0,0.0,0.0,0.0,0.0,0.0,0.0,0.0
66824,0.0,0.0,0.0,0.0,0.0,0.0,0.0,0.0,0.0,0.0,0.0,0.0
66825,0.0,0.0,0.0,0.0,0.0,0.0,0.0,0.0,0.0,0.0,0.0,0.0
66826,0.0,0.0,0.0,0.0,0.0,0.0,0.0,0.0,0.0,0.0,0.0,0.0
66827,0.0,0.0,0.0,0.0,0.0,0.0,0.0,0.0,0.0,0.0,0.0,0.0
66828,0.0,0.0,0.0,0.0,0.0,0.0,0.0,0.0,0.0,0.0,0.0,0.0
66829,0.0,0.0,0.0,0.0,0.0,0.0,0.0,0.0,0.0,0.0,0.0,0.0
66830,0.0,0.0,0.0,0.0,0.0,0.0,0.0,0.0,0.0,0.0,0.0,0.0
66831,0.0,0.0,0.0,0.0,0.0,0.0,0.0,0.0,0.0,0.0,0.0,0.0
66832,0.0,0.0,0.0,0.0,0.0,0.0,0.0,0.0,0.0,0.0,0.0,0.0
66834,0.0,0.0,0.0,0.0,0.0,0.0,0.0,0.0,0.0,0.0,0.0,0.0
66835,0.0,0.0,0.0,0.0,0.0,0.0,0.0,0.0,0.0,0.0,0.0,0.0
66836,0.0,0.0,0.0,0.0,0.0,0.0,0.0,0.0,0.0,0.0,0.0,0.0
66837,0.0,0.0,0.0,0.0,0.0,0.0,0.0,0.0,0.0,0.0,0.0,0.0
66838,0.0,0.0,0.0,0.0,0.0,0.0,0.0,0.0,0.0,0.0,0.0,0.0
66839,0.0,0.0,0.0,0.0,0.0,0.0,0.0,0.0,0.0,0.0,0.0,0.0
66840,0.0,0.0,0.0,0.0,0.0,0.0,0.0,0.0,0.0,0.0,0.0,0.0
66841,0.0,0.0,0.0,0.0,0.0,0.0,0.0,0.0,0.0,0.0,0.0,0.0
66842,0.0,0.0,0.0,0.0,0.0,0.0,0.0,0.0,0.0,0.0,0.0,0.0
66843,0.0,0.0,0.0,0.0,0.0,0.0,0.0,0.0,0.0,0.0,0.0,0.0
66847,0.0,0.0,0.0,0.0,0.0,0.0,0.0,0.0,0.0,0.0,0.0,0.0
66850,0.0,0.0,0.0,0.0,0.0,0.0,0.0,0.0,0.0,0.0,0.0,0.0
66851,0.0,0.0,0.0,0.0,0.0,0.0,0.0,0.0,0.0,0.0,0.0,0.0
66852,0.0,0.0,0.0,0.0,0.0,0.0,0.0,0.0,0.0,0.0,0.0,0.0
66853,0.0,0.0,0.0,0.0,0.0,0.0,0.0,0.0,0.0,0.0,0.0,0.0
66854,0.0,0.0,0.0,0.0,0.0,0.0,0.0,0.0,0.0,0.0,0.0,0.0
66855,0.0,0.0,0.0,0.0,0.0,0.0,0.0,0.0,0.0,0.0,0.0,0.0
66856,0.0,0.0,0.0,0.0,0.0,0.0,0.0,0.0,0.0,0.0,0.0,0.0
66861,0.0,0.0,0.0,0.0,0.0,0.0,0.0,0.0,0.0,0.0,0.0,0.0
66862,0.0,0.0,0.0,0.0,0.0,0.0,0.0,0.0,0.0,0.0,0.0,0.0
66863,0.0,0.0,0.0,0.0,0.0,0.0,0.0,0.0,0.0,0.0,0.0,0.0
66865,0.0,0.0,0.0,0.0,0.0,0.0,0.0,0.0,0.0,0.0,0.0,0.0
66866,0.0,0.0,0.0,0.0,0.0,0.0,0.0,0.0,0.0,0.0,0.0,0.0
66867,0.0,0.0,0.0,0.0,0.0,0.0,0.0,0.0,0.0,0.0,0.0,0.0
66868,0.0,0.0,0.0,0.0,0.0,0.0,0.0,0.0,0.0,0.0,0.0,0.0
66869,0.0,0.0,0.0,0.0,0.0,0.0,0.0,0.0,0.0,0.0,0.0,0.0
66870,0.0,0.0,0.0,0.0,0.0,0.0,0.0,0.0,0.0,0.0,0.0,0.0
66871,0.0,0.0,0.0,0.0,0.0,0.0,0.0,0.0,0.0,0.0,0.0,0.0
66877,0.0,0.0,0.0,0.0,0.0,0.0,0.0,0.0,0.0,0.0,0.0,0.0
66878,0.0,0.0,0.0,0.0,0.0,0.0,0.0,0.0,0.0,0.0,0.0,0.0
66879,0.0,0.0,0.0,0.0,0.0,0.0,0.0,0.0,0.0,0.0,0.0,0.0
66880,0.0,0.0,0.0,0.0,0.0,0.0,0.0,0.0,0.0,0.0,0.0,0.0
66883,0.0,0.0,0.0,0.0,0.0,0.0,0.0,0.0,0.0,0.0,0.0,0.0
66884,0.0,0.0,0.0,0.0,0.0,0.0,0.0,0.0,0.0,0.0,0.0,0.0
66885,0.0,0.0,0.0,0.0,0.0,0.0,0.0,0.0,0.0,0.0,0.0,0.0
66886,0.0,0.0,0.0,0.0,0.0,0.0,0.0,0.0,0.0,0.0,0.0,0.0
66887,0.0,0.0,0.0,0.0,0.0,0.0,0.0,0.0,0.0,0.0,0.0,0.0
66888,0.0,0.0,0.0,0.0,0.0,0.0,0.0,0.0,0.0,0.0,0.0,0.0
66889,0.0,0.0,0.0,0.0,0.0,0.0,0.0,0.0,0.0,0.0,0.0,0.0
66890,0.0,0.0,0.0,0.0,0.0,0.0,0.0,0.0,0.0,0.0,0.0,0.0
66891,0.0,0.0,0.0,0.0,0.0,0.0,0.0,0.0,0.0,0.0,0.0,0.0
66894,0.0,0.0,0.0,0.0,0.0,0.0,0.0,0.0,0.0,0.0,0.0,0.0
66895,0.0,0.0,0.0,0.0,0.0,0.0,0.0,0.0,0.0,0.0,0.0,0.0
66896,0.0,0.0,0.0,0.0,0.0,0.0,0.0,0.0,0.0,0.0,0.0,0.0
66914,0.0,0.0,0.0,0.0,0.0,0.0,0.0,0.0,0.0,0.0,0.0,0.0
66920,0.0,0.0,0.0,0.0,0.0,0.0,0.0,0.0,0.0,0.0,0.0,0.0
66922,0.0,0.0,0.0,0.0,0.0,0.0,0.0,0.0,0.0,0.0,0.0,0.0
66944,0.0,0.0,0.0,0.0,0.0,0.0,0.0,0.0,0.0,0.0,0.0,0.0
66952,0.0,0.0,0.0,0.0,0.0,0.0,0.0,0.0,0.0,0.0,0.0,0.0
66971,0.0,0.0,0.0,0.0,0.0,0.0,0.0,0.0,0.0,0.0,0.0,0.0
66984,0.0,0.0,0.0,0.0,0.0,0.0,0.0,0.0,0.0,0.0,0.0,0.0
66998,0.0,0.0,0.0,0.0,0.0,0.0,0.0,0.0,0.0,0.0,0.0,0.0
67004,0.0,0.0,0.0,0.0,0.0,0.0,0.0,0.0,0.0,0.0,0.0,0.0
67019,0.0,0.0,0.0,0.0,0.0,0.0,0.0,0.0,0.0,0.0,0.0,0.0
67031,0.0,0.0,0.0,0.0,0.0,0.0,0.0,0.0,0.0,0.0,0.0,0.0
67038,0.0,0.0,0.0,0.0,0.0,0.0,0.0,0.0,0.0,0.0,0.0,0.0
67051,0.0,0.0,0.0,0.0,0.0,0.0,0.0,0.0,0.0,0.0,0.0,0.0
67053,0.0,0.0,0.0,0.0,0.0,0.0,0.0,0.0,0.0,0.0,0.0,0.0
67067,0.0,0.0,0.0,0.0,0.0,0.0,0.0,0.0,0.0,0.0,0.0,0.0
67071,0.0,0.0,0.0,0.0,0.0,0.0,0.0,0.0,0.0,0.0,0.0,0.0
67075,0.0,0.0,0.0,0.0,0.0,0.0,0.0,0.0,0.0,0.0,0.0,0.0
67110,0.0,0.0,0.0,0.0,0.0,0.0,0.0,0.0,0.0,0.0,0.0,0.0
67178,0.0,0.0,0.0,0.0,0.0,0.0,0.0,0.0,0.0,0.0,0.0,0.0
67182,0.0,0.0,0.0,0.0,0.0,0.0,0.0,0.0,0.0,0.0,0.0,0.0
67183,0.0,0.0,0.0,0.0,0.0,0.0,0.0,0.0,0.0,0.0,0.0,0.0
67192,0.0,0.0,0.0,0.0,0.0,0.0,0.0,0.0,0.0,0.0,0.0,0.0
67210,0.0,0.0,0.0,0.0,0.0,0.0,0.0,0.0,0.0,0.0,0.0,0.0
67228,0.0,0.0,0.0,0.0,0.0,0.0,0.0,0.0,0.0,0.0,0.0,0.0
67248,0.0,0.0,0.0,0.0,0.0,0.0,0.0,0.0,0.0,0.0,0.0,0.0
67269,0.0,0.0,0.0,0.0,0.0,0.0,0.0,0.0,0.0,0.0,0.0,0.0
67294,0.0,0.0,0.0,0.0,0.0,0.0,0.0,0.0,0.0,0.0,0.0,0.0
67307,0.0,0.0,0.0,0.0,0.0,0.0,0.0,0.0,0.0,0.0,0.0,0.0
67311,0.0,0.0,0.0,0.0,0.0,0.0,0.0,0.0,0.0,0.0,0.0,0.0
67372,0.0,0.0,0.0,0.0,0.0,0.0,0.0,0.0,0.0,0.0,0.0,0.0
67378,0.0,0.0,0.0,0.0,0.0,0.0,0.0,0.0,0.0,0.0,0.0,0.0
67427,0.0,0.0,0.0,0.0,0.0,0.0,0.0,0.0,0.0,0.0,0.0,0.0
67438,0.0,0.0,0.0,0.0,0.0,0.0,0.0,0.0,0.0,0.0,0.0,0.0
67491,0.0,0.0,0.0,0.0,0.0,0.0,0.0,0.0,0.0,0.0,0.0,0.0
67516,0.0,0.0,0.0,0.0,0.0,0.0,0.0,0.0,0.0,0.0,0.0,0.0
67554,0.0,0.0,0.0,0.0,0.0,0.0,0.0,0.0,0.0,0.0,0.0,0.0
67586,0.0,0.0,0.0,0.0,0.0,0.0,0.0,0.0,0.0,0.0,0.0,0.0
67597,0.0,0.0,0.0,0.0,0.0,0.0,0.0,0.0,0.0,0.0,0.0,0.0
67652,0.0,0.0,0.0,0.0,0.0,0.0,0.0,0.0,0.0,0.0,0.0,0.0
67718,0.0,0.0,0.0,0.0,0.0,0.0,0.0,0.0,0.0,0.0,0.0,0.0
67800,0.0,0.0,0.0,0.0,0.0,0.0,0.0,0.0,0.0,0.0,0.0,0.0
67807,0.0,0.0,0.0,0.0,0.0,0.0,0.0,0.0,0.0,0.0,0.0,0.0
67840,0.0,0.0,0.0,0.0,0.0,0.0,0.0,0.0,0.0,0.0,0.0,0.0
67877,0.0,0.0,0.0,0.0,0.0,0.0,0.0,0.0,0.0,0.0,0.0,0.0
67889,0.0,0.0,0.0,0.0,0.0,0.0,0.0,0.0,0.0,0.0,0.0,0.0
67894,0.0,0.0,0.0,0.0,0.0,0.0,0.0,0.0,0.0,0.0,0.0,0.0
67896,0.0,0.0,0.0,0.0,0.0,0.0,0.0,0.0,0.0,0.0,0.0,0.0
67924,0.0,0.0,0.0,0.0,0.0,0.0,0.0,0.0,0.0,0.0,0.0,0.0
67971,0.0,0.0,0.0,0.0,0.0,0.0,0.0,0.0,0.0,0.0,0.0,0.0
67973,0.0,0.0,0.0,0.0,0.0,0.0,0.0,0.0,0.0,0.0,0.0,0.0
67977,0.0,0.0,0.0,0.0,0.0,0.0,0.0,0.0,0.0,0.0,0.0,0.0
68011,0.0,0.0,0.0,0.0,0.0,0.0,0.0,0.0,0.0,0.0,0.0,0.0
68074,0.0,0.0,0.0,0.0,0.0,0.0,0.0,0.0,0.0,0.0,0.0,0.0
68082,0.0,0.0,0.0,0.0,0.0,0.0,0.0,0.0,0.0,0.0,0.0,0.0
68126,0.0,0.0,-69442.578125,-62272.34375,-117090.578125,0.0,0.0,0.0,0.0,0.0,0.0,0.0
68140,0.0,0.0,0.0,0.0,0.0,0.0,0.0,0.0,0.0,0.0,0.0,0.0
68177,0.0,0.0,0.0,0.0,0.0,0.0,0.0,0.0,0.0,0.0,0.0,0.0
68185,0.0,0.0,0.0,0.0,0.0,0.0,0.0,0.0,0.0,0.0,0.0,0.0
68192,0.0,0.0,0.0,0.0,0.0,0.0,0.0,0.0,0.0,0.0,0.0,0.0
68197,0.0,0.0,0.0,0.0,0.0,0.0,0.0,0.0,0.0,0.0,0.0,0.0
68211,0.0,0.0,0.0,0.0,0.0,0.0,0.0,0.0,0.0,0.0,0.0,0.0
68235,0.0,0.0,0.0,0.0,0.0,0.0,0.0,0.0,0.0,0.0,0.0,0.0
68256,0.0,0.0,0.0,0.0,0.0,0.0,0.0,0.0,0.0,0.0,0.0,0.0
68257,-644.4892578125,0.0,0.0,0.0,0.0,0.0,0.0,0.0,0.0,0.0,0.0,0.0
68278,0.0,0.0,0.0,0.0,0.0,0.0,0.0,0.0,0.0,0.0,0.0,0.0
68280,0.0,0.0,0.0,0.0,0.0,0.0,0.0,0.0,0.0,0.0,0.0,0.0
68282,0.0,0.0,0.0,0.0,0.0,0.0,0.0,0.0,0.0,0.0,0.0,0.0
68307,0.0,0.0,0.0,0.0,0.0,0.0,0.0,0.0,0.0,0.0,0.0,0.0
68333,0.0,0.0,0.0,0.0,0.0,0.0,0.0,0.0,0.0,0.0,0.0,0.0
68345,0.0,0.0,0.0,0.0,0.0,0.0,0.0,0.0,0.0,0.0,0.0,0.0
68354,0.0,0.0,0.0,0.0,0.0,0.0,0.0,0.0,0.0,0.0,0.0,0.0
68390,0.0,0.0,0.0,0.0,0.0,0.0,0.0,0.0,0.0,0.0,0.0,0.0
68422,0.0,0.0,0.0,0.0,0.0,0.0,0.0,0.0,0.0,0.0,0.0,0.0
68442,0.0,0.0,0.0,0.0,0.0,0.0,0.0,0.0,0.0,0.0,0.0,0.0
68503,0.0,0.0,0.0,0.0,0.0,0.0,0.0,0.0,0.0,0.0,0.0,0.0
68507,0.0,0.0,0.0,0.0,0.0,0.0,0.0,0.0,0.0,0.0,0.0,0.0
68526,0.0,0.0,0.0,0.0,0.0,0.0,0.0,0.0,0.0,0.0,0.0,0.0
68528,0.0,0.0,0.0,0.0,0.0,0.0,0.0,0.0,0.0,0.0,0.0,0.0
68591,0.0,0.0,0.0,0.0,0.0,0.0,0.0,0.0,0.0,0.0,0.0,0.0
68619,0.0,0.0,0.0,0.0,0.0,0.0,0.0,0.0,0.0,0.0,0.0,0.0
68631,0.0,0.0,0.0,0.0,0.0,0.0,0.0,0.0,0.0,0.0,0.0,0.0
68738,0.0,0.0,0.0,0.0,0.0,0.0,0.0,0.0,0.0,0.0,0.0,0.0
68761,0.0,0.0,0.0,0.0,0.0,0.0,0.0,0.0,0.0,0.0,0.0,0.0
68789,0.0,0.0,0.0,0.0,0.0,0.0,0.0,0.0,0.0,0.0,0.0,0.0
68800,0.0,0.0,0.0,0.0,0.0,0.0,0.0,0.0,0.0,0.0,0.0,0.0
68802,0.0,0.0,0.0,0.0,0.0,0.0,0.0,0.0,0.0,0.0,0.0,0.0
68836,0.0,0.0,0.0,0.0,0.0,0.0,0.0,0.0,0.0,0.0,0.0,0.0
68858,0.0,0.0,0.0,0.0,0.0,0.0,0.0,0.0,0.0,0.0,0.0,0.0
68859,0.0,0.0,0.0,0.0,0.0,0.0,0.0,0.0,0.0,0.0,0.0,0.0
68863,0.0,0.0,0.0,0.0,0.0,0.0,0.0,0.0,0.0,0.0,0.0,0.0
68963,0.0,0.0,0.0,0.0,0.0,0.0,0.0,0.0,0.0,0.0,0.0,0.0
68964,0.0,0.0,0.0,0.0,0.0,0.0,0.0,0.0,0.0,0.0,0.0,0.0
69009,0.0,0.0,0.0,0.0,0.0,0.0,0.0,0.0,0.0,0.0,0.0,0.0
69017,0.0,0.0,0.0,0.0,0.0,0.0,0.0,0.0,0.0,0.0,0.0,0.0
69070,0.0,0.0,0.0,0.0,0.0,0.0,0.0,0.0,0.0,0.0,0.0,0.0
69071,0.0,0.0,0.0,0.0,0.0,0.0,0.0,0.0,0.0,0.0,0.0,0.0
69087,0.0,0.0,0.0,0.0,0.0,0.0,0.0,0.0,0.0,0.0,0.0,0.0
69100,0.0,0.0,0.0,0.0,0.0,0.0,0.0,0.0,0.0,0.0,0.0,0.0
69109,0.0,0.0,0.0,0.0,0.0,0.0,0.0,0.0,0.0,0.0,0.0,0.0
69118,0.0,0.0,0.0,0.0,0.0,0.0,0.0,0.0,0.0,0.0,0.0,0.0
69139,0.0,0.0,0.0,0.0,0.0,0.0,0.0,0.0,0.0,0.0,0.0,0.0
69252,0.0,0.0,0.0,0.0,0.0,0.0,0.0,0.0,0.0,0.0,0.0,0.0
69271,0.0,0.0,0.0,0.0,0.0,0.0,0.0,0.0,0.0,0.0,0.0,0.0
69279,0.0,0.0,0.0,0.0,0.0,0.0,0.0,0.0,0.0,0.0,0.0,0.0
69280,0.0,0.0,0.0,0.0,0.0,0.0,0.0,0.0,0.0,0.0,0.0,0.0
69288,0.0,0.0,0.0,0.0,0.0,0.0,0.0,0.0,0.0,0.0,0.0,0.0
69330,0.0,0.0,0.0,0.0,0.0,0.0,0.0,0.0,0.0,0.0,0.0,0.0
69413,0.0,0.0,0.0,0.0,0.0,0.0,0.0,0.0,0.0,0.0,0.0,0.0
69420,0.0,0.0,0.0,0.0,0.0,0.0,0.0,0.0,0.0,0.0,0.0,0.0
69423,0.0,0.0,0.0,0.0,0.0,0.0,0.0,0.0,0.0,0.0,0.0,0.0
69460,0.0,0.0,0.0,0.0,0.0,0.0,0.0,0.0,0.0,0.0,0.0,0.0
69514,0.0,0.0,0.0,0.0,0.0,0.0,0.0,0.0,0.0,0.0,0.0,0.0
69583,0.0,0.0,0.0,0.0,0.0,0.0,0.0,0.0,0.0,0.0,0.0,0.0
69626,0.0,0.0,0.0,0.0,0.0,0.0,0.0,0.0,0.0,0.0,0.0,0.0
69634,0.0,0.0,0.0,0.0,0.0,0.0,0.0,0.0,0.0,0.0,0.0,0.0
69692,0.0,0.0,0.0,0.0,0.0,0.0,0.0,0.0,0.0,0.0,0.0,0.0
69738,0.0,0.0,0.0,0.0,0.0,0.0,0.0,0.0,0.0,0.0,0.0,0.0
69755,0.0,0.0,0.0,0.0,0.0,0.0,0.0,0.0,0.0,0.0,0.0,0.0
69767,0.0,0.0,0.0,0.0,0.0,0.0,0.0,0.0,0.0,0.0,0.0,0.0
69771,-20559.62688032817,-14181.22748339083,0.0,0.0,0.0,0.0,0.0,0.0,0.0,0.0,0.0,0.0
69810,0.0,0.0,0.0,0.0,0.0,0.0,0.0,0.0,0.0,0.0,0.0,0.0
69833,0.0,0.0,0.0,0.0,0.0,0.0,0.0,0.0,0.0,0.0,0.0,0.0
69836,0.0,0.0,0.0,0.0,0.0,0.0,0.0,0.0,0.0,0.0,0.0,0.0
69849,0.0,0.0,0.0,0.0,0.0,0.0,0.0,0.0,0.0,0.0,0.0,0.0
69899,0.0,0.0,0.0,0.0,0.0,0.0,0.0,0.0,0.0,0.0,0.0,0.0
69914,0.0,0.0,0.0,0.0,0.0,0.0,0.0,0.0,0.0,0.0,0.0,0.0
69930,0.0,0.0,0.0,0.0,0.0,0.0,0.0,0.0,0.0,0.0,0.0,0.0
69945,0.0,0.0,0.0,0.0,0.0,0.0,0.0,0.0,0.0,0.0,0.0,0.0
69992,0.0,0.0,0.0,0.0,0.0,0.0,0.0,0.0,0.0,0.0,0.0,0.0
70018,0.0,0.0,0.0,0.0,0.0,0.0,0.0,0.0,0.0,0.0,0.0,0.0
70060,0.0,0.0,0.0,0.0,0.0,0.0,0.0,0.0,0.0,0.0,0.0,0.0
70078,0.0,0.0,0.0,0.0,0.0,0.0,0.0,0.0,0.0,0.0,0.0,0.0
70090,0.0,0.0,0.0,0.0,0.0,0.0,0.0,0.0,0.0,0.0,0.0,0.0
70108,0.0,0.0,0.0,0.0,0.0,0.0,0.0,0.0,0.0,0.0,0.0,0.0
70125,0.0,0.0,0.0,0.0,0.0,0.0,0.0,0.0,0.0,0.0,0.0,0.0
70151,0.0,0.0,0.0,0.0,0.0,0.0,0.0,0.0,0.0,0.0,0.0,0.0
70193,0.0,0.0,0.0,0.0,0.0,0.0,0.0,0.0,0.0,0.0,0.0,0.0
70224,0.0,0.0,0.0,0.0,0.0,0.0,0.0,0.0,0.0,0.0,0.0,0.0
70259,0.0,0.0,0.0,0.0,0.0,0.0,0.0,0.0,0.0,0.0,0.0,0.0
70263,0.0,0.0,0.0,0.0,0.0,0.0,0.0,0.0,0.0,0.0,0.0,0.0
70270,0.0,0.0,0.0,0.0,0.0,0.0,0.0,0.0,0.0,0.0,0.0,0.0
70290,0.0,0.0,0.0,0.0,0.0,0.0,0.0,0.0,0.0,0.0,0.0,0.0
70309,0.0,0.0,0.0,0.0,0.0,0.0,0.0,0.0,0.0,0.0,0.0,0.0
70312,0.0,0.0,0.0,0.0,0.0,0.0,0.0,0.0,0.0,0.0,0.0,0.0
70372,0.0,0.0,0.0,0.0,0.0,0.0,0.0,0.0,0.0,0.0,0.0,0.0
70376,0.0,0.0,0.0,0.0,0.0,0.0,0.0,0.0,0.0,0.0,0.0,0.0
70417,0.0,0.0,0.0,0.0,0.0,0.0,0.0,0.0,0.0,0.0,0.0,0.0
70425,0.0,0.0,0.0,0.0,0.0,0.0,0.0,0.0,0.0,0.0,0.0,0.0
70452,0.0,0.0,0.0,0.0,0.0,0.0,0.0,0.0,0.0,0.0,0.0,0.0
70487,0.0,0.0,0.0,0.0,0.0,0.0,0.0,0.0,0.0,0.0,0.0,0.0
70557,0.0,0.0,0.0,0.0,0.0,0.0,0.0,0.0,0.0,0.0,0.0,0.0
70577,0.0,0.0,0.0,0.0,0.0,0.0,0.0,0.0,0.0,0.0,0.0,0.0
70591,0.0,0.0,0.0,0.0,0.0,0.0,0.0,0.0,0.0,0.0,0.0,0.0
70616,0.0,0.0,0.0,0.0,0.0,0.0,0.0,0.0,0.0,0.0,0.0,0.0
70668,0.0,0.0,0.0,0.0,0.0,0.0,0.0,0.0,0.0,0.0,0.0,0.0
70691,0.0,0.0,0.0,0.0,0.0,0.0,0.0,0.0,0.0,0.0,0.0,0.0
70757,0.0,0.0,0.0,0.0,0.0,0.0,0.0,0.0,0.0,0.0,0.0,0.0
70803,0.0,0.0,0.0,0.0,0.0,0.0,0.0,0.0,0.0,0.0,0.0,0.0
70818,0.0,0.0,0.0,0.0,0.0,0.0,0.0,0.0,0.0,0.0,0.0,0.0
70889,0.0,0.0,0.0,0.0,0.0,0.0,0.0,0.0,0.0,0.0,0.0,0.0
70896,0.0,0.0,0.0,0.0,0.0,0.0,0.0,0.0,0.0,0.0,0.0,0.0
70941,0.0,0.0,0.0,0.0,0.0,0.0,0.0,0.0,0.0,0.0,0.0,0.0
70951,0.0,0.0,0.0,0.0,0.0,0.0,0.0,0.0,0.0,0.0,0.0,0.0
70991,0.0,0.0,0.0,0.0,0.0,0.0,0.0,0.0,0.0,0.0,0.0,0.0
71001,0.0,0.0,0.0,0.0,0.0,0.0,0.0,0.0,0.0,0.0,0.0,0.0
71016,0.0,0.0,0.0,0.0,0.0,0.0,0.0,0.0,0.0,0.0,0.0,0.0
71105,0.0,0.0,0.0,0.0,0.0,0.0,0.0,0.0,0.0,0.0,0.0,0.0
71110,0.0,0.0,0.0,0.0,0.0,0.0,0.0,0.0,0.0,0.0,0.0,0.0
71116,0.0,0.0,0.0,0.0,0.0,0.0,0.0,0.0,0.0,0.0,0.0,0.0
71136,0.0,0.0,0.0,0.0,0.0,0.0,0.0,0.0,0.0,0.0,0.0,0.0
71179,0.0,0.0,0.0,0.0,0.0,0.0,0.0,0.0,0.0,0.0,0.0,0.0
71188,0.0,0.0,0.0,0.0,0.0,0.0,0.0,0.0,0.0,0.0,0.0,0.0
71204,0.0,0.0,0.0,0.0,0.0,0.0,0.0,0.0,0.0,0.0,0.0,0.0
71221,0.0,0.0,0.0,0.0,0.0,0.0,0.0,0.0,0.0,0.0,0.0,0.0
71243,0.0,0.0,0.0,0.0,0.0,0.0,0.0,0.0,0.0,0.0,0.0,0.0
71269,0.0,0.0,0.0,0.0,0.0,0.0,0.0,0.0,0.0,0.0,0.0,0.0
71280,0.0,0.0,0.0,0.0,0.0,0.0,0.0,0.0,0.0,0.0,0.0,0.0
71288,0.0,0.0,0.0,0.0,0.0,0.0,0.0,0.0,0.0,0.0,0.0,0.0
71324,0.0,0.0,0.0,0.0,0.0,0.0,0.0,0.0,0.0,0.0,0.0,0.0
71340,0.0,0.0,0.0,0.0,0.0,0.0,0.0,0.0,0.0,0.0,0.0,0.0
71341,0.0,0.0,0.0,0.0,0.0,0.0,0.0,0.0,0.0,0.0,0.0,0.0
71366,0.0,0.0,0.0,0.0,0.0,0.0,0.0,0.0,0.0,0.0,0.0,0.0
71368,0.0,0.0,0.0,0.0,0.0,0.0,0.0,0.0,0.0,0.0,0.0,0.0
71393,0.0,0.0,0.0,0.0,0.0,0.0,0.0,0.0,0.0,0.0,0.0,0.0
71396,0.0,0.0,0.0,0.0,0.0,0.0,0.0,0.0,0.0,0.0,0.0,0.0
71404,0.0,0.0,0.0,0.0,0.0,0.0,0.0,0.0,0.0,0.0,0.0,0.0
71413,0.0,0.0,0.0,0.0,0.0,0.0,0.0,0.0,0.0,0.0,0.0,0.0
71416,0.0,0.0,0.0,0.0,0.0,0.0,0.0,0.0,0.0,0.0,0.0,0.0
71433,0.0,0.0,0.0,0.0,0.0,0.0,0.0,0.0,0.0,0.0,0.0,0.0
71529,0.0,0.0,0.0,0.0,0.0,0.0,0.0,0.0,0.0,0.0,0.0,0.0
71540,0.0,0.0,0.0,0.0,0.0,0.0,0.0,0.0,0.0,0.0,0.0,0.0
71549,0.0,0.0,0.0,0.0,0.0,0.0,0.0,0.0,0.0,0.0,0.0,0.0
71570,0.0,0.0,0.0,0.0,0.0,0.0,0.0,0.0,0.0,0.0,0.0,0.0
71612,0.0,0.0,0.0,0.0,0.0,0.0,0.0,0.0,0.0,0.0,0.0,0.0
71664,0.0,0.0,0.0,0.0,0.0,0.0,0.0,0.0,0.0,0.0,0.0,0.0
71754,0.0,0.0,0.0,0.0,0.0,0.0,0.0,0.0,0.0,0.0,0.0,0.0
71771,0.0,0.0,0.0,0.0,0.0,0.0,0.0,0.0,0.0,0.0,0.0,0.0
71789,0.0,0.0,0.0,0.0,0.0,0.0,0.0,0.0,0.0,0.0,0.0,0.0
71806,0.0,0.0,0.0,0.0,0.0,0.0,0.0,0.0,0.0,0.0,0.0,0.0
71819,0.0,0.0,0.0,0.0,0.0,0.0,0.0,0.0,0.0,0.0,0.0,0.0
71832,0.0,0.0,0.0,0.0,0.0,0.0,0.0,0.0,0.0,0.0,0.0,0.0
71864,0.0,0.0,0.0,0.0,0.0,0.0,0.0,0.0,0.0,0.0,0.0,0.0
71871,0.0,0.0,0.0,0.0,0.0,0.0,0.0,0.0,0.0,0.0,0.0,0.0
71874,0.0,0.0,0.0,0.0,0.0,0.0,0.0,0.0,0.0,0.0,0.0,0.0
71909,0.0,0.0,0.0,0.0,0.0,0.0,0.0,0.0,0.0,0.0,0.0,0.0
71923,0.0,0.0,0.0,0.0,0.0,0.0,0.0,0.0,0.0,0.0,0.0,0.0
71926,0.0,0.0,0.0,0.0,0.0,0.0,0.0,0.0,0.0,0.0,0.0,0.0
71938,0.0,0.0,0.0,0.0,0.0,0.0,0.0,0.0,0.0,0.0,0.0,0.0
71958,0.0,0.0,0.0,0.0,0.0,0.0,0.0,0.0,0.0,0.0,0.0,0.0
71976,0.0,0.0,0.0,0.0,0.0,0.0,0.0,0.0,0.0,0.0,0.0,0.0
71986,0.0,0.0,0.0,0.0,0.0,0.0,0.0,0.0,0.0,0.0,0.0,0.0
72006,0.0,0.0,0.0,0.0,0.0,0.0,0.0,0.0,0.0,0.0,0.0,0.0
72026,0.0,0.0,0.0,0.0,0.0,0.0,0.0,0.0,0.0,0.0,0.0,0.0
72035,0.0,0.0,0.0,0.0,0.0,0.0,0.0,0.0,0.0,0.0,0.0,0.0
72072,0.0,0.0,0.0,0.0,0.0,0.0,0.0,0.0,0.0,0.0,0.0,0.0
72073,0.0,0.0,0.0,0.0,0.0,0.0,0.0,0.0,0.0,0.0,0.0,0.0
72084,0.0,0.0,0.0,0.0,0.0,0.0,0.0,0.0,0.0,0.0,0.0,0.0
72096,0.0,0.0,0.0,0.0,0.0,0.0,0.0,0.0,0.0,0.0,0.0,0.0
72122,0.0,0.0,0.0,0.0,0.0,0.0,0.0,0.0,0.0,0.0,0.0,0.0
72131,0.0,0.0,0.0,0.0,0.0,0.0,0.0,0.0,0.0,0.0,0.0,0.0
72139,0.0,0.0,0.0,0.0,0.0,0.0,0.0,0.0,0.0,0.0,0.0,0.0
72165,0.0,0.0,0.0,0.0,0.0,0.0,0.0,0.0,0.0,0.0,0.0,0.0
72181,0.0,0.0,0.0,0.0,0.0,0.0,0.0,0.0,0.0,0.0,0.0,0.0
72231,0.0,0.0,0.0,0.0,0.0,0.0,0.0,0.0,0.0,0.0,0.0,0.0
72247,0.0,0.0,0.0,0.0,0.0,0.0,0.0,0.0,0.0,0.0,0.0,0.0
72311,0.0,0.0,0.0,0.0,0.0,0.0,0.0,0.0,0.0,0.0,0.0,0.0
72359,-896.9273071289062,-31131.79296875,0.0,0.0,0.0,0.0,0.0,0.0,0.0,0.0,-16043.001953125,-15268.1787109375
72443,0.0,0.0,0.0,0.0,0.0,0.0,0.0,0.0,0.0,0.0,0.0,0.0
72446,0.0,0.0,0.0,0.0,0.0,0.0,0.0,0.0,0.0,0.0,0.0,0.0
72472,0.0,0.0,0.0,0.0,0.0,0.0,0.0,0.0,0.0,0.0,0.0,0.0
72518,0.0,0.0,0.0,0.0,0.0,0.0,0.0,0.0,0.0,0.0,0.0,0.0
72528,0.0,0.0,0.0,0.0,0.0,0.0,0.0,0.0,0.0,0.0,0.0,0.0
72575,0.0,0.0,0.0,0.0,0.0,0.0,0.0,0.0,0.0,0.0,0.0,0.0
72591,0.0,0.0,0.0,0.0,0.0,0.0,0.0,0.0,0.0,0.0,0.0,0.0
72617,0.0,0.0,0.0,0.0,0.0,0.0,0.0,0.0,0.0,0.0,0.0,0.0
72659,0.0,0.0,0.0,0.0,0.0,0.0,0.0,0.0,0.0,0.0,0.0,0.0
72680,0.0,0.0,0.0,0.0,0.0,0.0,0.0,0.0,0.0,0.0,0.0,0.0
72686,0.0,0.0,0.0,0.0,0.0,0.0,0.0,0.0,0.0,0.0,0.0,0.0
72691,0.0,0.0,0.0,0.0,0.0,0.0,0.0,0.0,0.0,0.0,0.0,0.0
72722,0.0,0.0,0.0,0.0,0.0,0.0,0.0,0.0,0.0,0.0,0.0,0.0
72739,0.0,0.0,0.0,0.0,0.0,0.0,0.0,0.0,0.0,0.0,0.0,0.0
72751,0.0,0.0,0.0,0.0,0.0,0.0,0.0,0.0,0.0,0.0,0.0,0.0
72792,0.0,0.0,0.0,0.0,0.0,0.0,0.0,0.0,0.0,0.0,0.0,0.0
72813,0.0,0.0,0.0,0.0,0.0,0.0,0.0,0.0,0.0,0.0,0.0,0.0
72839,0.0,0.0,0.0,0.0,0.0,0.0,0.0,0.0,0.0,0.0,0.0,0.0
72909,0.0,0.0,0.0,0.0,0.0,0.0,0.0,0.0,0.0,0.0,0.0,0.0
72925,0.0,0.0,0.0,0.0,0.0,0.0,0.0,0.0,0.0,0.0,0.0,0.0
72940,0.0,0.0,0.0,0.0,0.0,0.0,0.0,0.0,0.0,0.0,0.0,0.0
72959,0.0,0.0,0.0,0.0,0.0,0.0,0.0,0.0,0.0,0.0,0.0,0.0
72965,0.0,0.0,0.0,0.0,0.0,0.0,0.0,0.0,0.0,0.0,0.0,0.0
72970,0.0,0.0,0.0,0.0,0.0,0.0,0.0,0.0,0.0,0.0,0.0,0.0
72979,0.0,0.0,0.0,0.0,0.0,0.0,0.0,0.0,0.0,0.0,0.0,0.0
72988,0.0,0.0,0.0,0.0,0.0,0.0,0.0,0.0,0.0,0.0,0.0,0.0
73007,0.0,0.0,0.0,0.0,0.0,0.0,0.0,0.0,0.0,0.0,0.0,0.0
73010,0.0,0.0,0.0,0.0,0.0,0.0,0.0,0.0,0.0,0.0,0.0,0.0
73030,0.0,0.0,0.0,0.0,0.0,0.0,0.0,0.0,0.0,0.0,0.0,0.0
73066,0.0,0.0,0.0,0.0,0.0,0.0,0.0,0.0,0.0,0.0,0.0,0.0
73082,0.0,0.0,0.0,0.0,0.0,0.0,0.0,0.0,0.0,0.0,0.0,0.0
73102,0.0,0.0,0.0,0.0,0.0,0.0,0.0,0.0,0.0,0.0,0.0,0.0
73104,0.0,0.0,0.0,0.0,0.0,0.0,0.0,0.0,0.0,0.0,0.0,0.0
73105,0.0,0.0,0.0,0.0,0.0,0.0,0.0,0.0,0.0,0.0,0.0,0.0
73153,0.0,0.0,0.0,0.0,0.0,0.0,0.0,0.0,0.0,0.0,0.0,0.0
73165,0.0,0.0,0.0,0.0,0.0,0.0,0.0,0.0,0.0,0.0,0.0,0.0
73173,0.0,0.0,0.0,0.0,0.0,0.0,0.0,0.0,0.0,0.0,0.0,0.0
73185,0.0,0.0,0.0,0.0,0.0,0.0,0.0,0.0,0.0,0.0,0.0,0.0
73189,0.0,0.0,0.0,0.0,0.0,0.0,0.0,0.0,0.0,0.0,0.0,0.0
73194,0.0,0.0,0.0,0.0,0.0,0.0,0.0,0.0,0.0,0.0,0.0,0.0
73269,0.0,0.0,0.0,0.0,0.0,0.0,0.0,0.0,0.0,0.0,0.0,0.0
73270,0.0,0.0,0.0,0.0,0.0,0.0,0.0,0.0,0.0,0.0,0.0,0.0
73278,0.0,0.0,0.0,0.0,0.0,0.0,0.0,0.0,0.0,0.0,0.0,0.0
73290,0.0,0.0,0.0,0.0,0.0,0.0,0.0,0.0,0.0,0.0,0.0,0.0
73297,0.0,0.0,0.0,0.0,0.0,0.0,0.0,0.0,0.0,0.0,0.0,0.0
73301,0.0,0.0,0.0,0.0,0.0,0.0,0.0,0.0,0.0,0.0,0.0,0.0
73415,0.0,0.0,0.0,0.0,0.0,0.0,0.0,0.0,0.0,0.0,0.0,0.0
73430,0.0,0.0,0.0,0.0,0.0,0.0,0.0,0.0,0.0,0.0,0.0,0.0
73433,0.0,0.0,0.0,0.0,0.0,0.0,0.0,0.0,0.0,0.0,0.0,0.0
73445,0.0,0.0,0.0,0.0,0.0,0.0,0.0,0.0,0.0,0.0,0.0,0.0
73470,0.0,0.0,0.0,0.0,0.0,0.0,0.0,0.0,0.0,0.0,0.0,0.0
73522,0.0,0.0,0.0,0.0,0.0,0.0,0.0,0.0,0.0,0.0,0.0,0.0
73563,0.0,0.0,0.0,0.0,0.0,0.0,0.0,0.0,0.0,0.0,0.0,0.0
73618,0.0,0.0,0.0,0.0,0.0,0.0,0.0,0.0,0.0,0.0,0.0,0.0
73641,0.0,0.0,0.0,0.0,0.0,0.0,0.0,0.0,0.0,0.0,0.0,0.0
73653,0.0,0.0,0.0,0.0,0.0,0.0,0.0,0.0,0.0,0.0,0.0,0.0
73665,0.0,0.0,0.0,0.0,0.0,0.0,0.0,0.0,0.0,0.0,0.0,0.0
73671,0.0,0.0,0.0,0.0,0.0,0.0,0.0,0.0,0.0,0.0,0.0,0.0
73672,0.0,0.0,0.0,0.0,0.0,0.0,0.0,0.0,0.0,0.0,0.0,0.0
73677,0.0,0.0,0.0,0.0,0.0,0.0,0.0,0.0,0.0,0.0,0.0,0.0
73726,0.0,0.0,0.0,0.0,0.0,0.0,0.0,0.0,0.0,0.0,0.0,0.0
73731,0.0,0.0,0.0,0.0,0.0,0.0,0.0,0.0,0.0,0.0,0.0,0.0
73800,0.0,0.0,0.0,0.0,0.0,0.0,0.0,0.0,0.0,0.0,0.0,0.0
73922,0.0,0.0,0.0,0.0,0.0,0.0,0.0,0.0,0.0,0.0,0.0,0.0
73926,0.0,0.0,0.0,0.0,0.0,0.0,0.0,0.0,0.0,0.0,0.0,0.0
73942,0.0,0.0,0.0,0.0,0.0,0.0,0.0,0.0,0.0,0.0,0.0,0.0
73956,0.0,0.0,0.0,0.0,0.0,0.0,0.0,0.0,0.0,0.0,0.0,0.0
73974,0.0,0.0,0.0,0.0,0.0,0.0,0.0,0.0,0.0,0.0,0.0,0.0
73980,0.0,0.0,0.0,0.0,0.0,0.0,0.0,0.0,0.0,0.0,0.0,0.0
74010,0.0,0.0,0.0,0.0,0.0,0.0,0.0,0.0,0.0,0.0,0.0,0.0
74045,0.0,0.0,0.0,0.0,0.0,0.0,0.0,0.0,0.0,0.0,0.0,0.0
74051,0.0,0.0,0.0,0.0,0.0,0.0,0.0,0.0,0.0,0.0,0.0,0.0
74053,0.0,0.0,0.0,0.0,0.0,0.0,0.0,0.0,0.0,0.0,0.0,0.0
74058,0.0,0.0,0.0,0.0,0.0,0.0,0.0,0.0,0.0,0.0,0.0,0.0
74109,0.0,0.0,0.0,0.0,0.0,0.0,0.0,0.0,0.0,0.0,0.0,0.0
74129,0.0,0.0,0.0,0.0,0.0,0.0,0.0,0.0,0.0,0.0,0.0,0.0
74133,0.0,0.0,0.0,0.0,0.0,0.0,0.0,0.0,0.0,0.0,0.0,0.0
74184,0.0,0.0,0.0,0.0,0.0,0.0,0.0,0.0,0.0,0.0,0.0,0.0
74273,0.0,0.0,0.0,0.0,0.0,0.0,0.0,0.0,0.0,0.0,0.0,0.0
74284,0.0,0.0,0.0,0.0,0.0,0.0,0.0,0.0,0.0,0.0,0.0,0.0
74387,0.0,0.0,0.0,0.0,0.0,0.0,0.0,0.0,0.0,0.0,0.0,0.0
74392,0.0,0.0,0.0,0.0,0.0,0.0,0.0,0.0,0.0,0.0,0.0,0.0
74425,0.0,0.0,0.0,0.0,0.0,0.0,0.0,0.0,0.0,0.0,0.0,0.0
74432,0.0,0.0,0.0,0.0,0.0,0.0,0.0,0.0,0.0,0.0,0.0,0.0
74489,0.0,0.0,0.0,0.0,0.0,0.0,0.0,0.0,0.0,0.0,0.0,0.0
74497,0.0,0.0,0.0,0.0,0.0,0.0,0.0,0.0,0.0,0.0,0.0,0.0
74500,0.0,0.0,0.0,0.0,0.0,0.0,0.0,0.0,0.0,0.0,0.0,0.0
74519,0.0,0.0,0.0,0.0,0.0,0.0,0.0,0.0,0.0,0.0,0.0,0.0
74532,0.0,0.0,0.0,0.0,0.0,0.0,0.0,0.0,0.0,0.0,0.0,0.0
74558,0.0,0.0,0.0,0.0,0.0,0.0,0.0,0.0,0.0,0.0,0.0,0.0
74570,0.0,0.0,0.0,0.0,0.0,0.0,0.0,0.0,0.0,0.0,0.0,0.0
74571,0.0,0.0,0.0,0.0,0.0,0.0,0.0,0.0,0.0,0.0,0.0,0.0
74585,0.0,0.0,0.0,0.0,0.0,0.0,0.0,0.0,0.0,0.0,0.0,0.0
74612,0.0,0.0,0.0,0.0,0.0,0.0,0.0,0.0,0.0,0.0,0.0,0.0
74685,0.0,0.0,0.0,0.0,0.0,0.0,0.0,0.0,0.0,0.0,0.0,0.0
74728,0.0,0.0,0.0,0.0,0.0,0.0,0.0,0.0,0.0,0.0,0.0,0.0
74793,0.0,0.0,0.0,0.0,0.0,0.0,0.0,0.0,0.0,0.0,0.0,0.0
74849,0.0,0.0,0.0,0.0,0.0,0.0,0.0,0.0,0.0,0.0,0.0,0.0
74851,0.0,0.0,0.0,0.0,0.0,0.0,0.0,0.0,0.0,0.0,0.0,0.0
74874,0.0,0.0,0.0,0.0,0.0,0.0,0.0,0.0,0.0,0.0,0.0,0.0
74878,0.0,0.0,0.0,0.0,0.0,0.0,0.0,0.0,0.0,0.0,0.0,0.0
74887,0.0,0.0,0.0,0.0,0.0,0.0,0.0,0.0,0.0,0.0,0.0,0.0
74908,0.0,0.0,0.0,0.0,0.0,0.0,0.0,0.0,0.0,0.0,0.0,0.0
74922,0.0,0.0,0.0,0.0,0.0,0.0,0.0,0.0,0.0,0.0,0.0,0.0
74929,0.0,0.0,0.0,0.0,0.0,0.0,0.0,0.0,0.0,0.0,0.0,0.0
74932,0.0,0.0,0.0,0.0,0.0,0.0,0.0,0.0,0.0,0.0,0.0,0.0
74961,0.0,0.0,0.0,0.0,0.0,0.0,0.0,0.0,0.0,0.0,0.0,0.0
74966,0.0,0.0,0.0,0.0,0.0,0.0,0.0,0.0,0.0,0.0,0.0,0.0
74986,0.0,0.0,0.0,0.0,0.0,0.0,0.0,0.0,0.0,0.0,0.0,0.0
74992,0.0,0.0,0.0,0.0,0.0,0.0,0.0,0.0,0.0,0.0,0.0,0.0
75013,0.0,0.0,0.0,0.0,0.0,0.0,0.0,0.0,0.0,0.0,0.0,0.0
75019,0.0,0.0,0.0,0.0,0.0,0.0,0.0,0.0,0.0,0.0,0.0,0.0
75052,0.0,0.0,0.0,0.0,0.0,0.0,0.0,0.0,0.0,0.0,0.0,0.0
75066,0.0,0.0,0.0,0.0,0.0,0.0,0.0,0.0,0.0,0.0,0.0,0.0
75071,0.0,0.0,0.0,0.0,0.0,0.0,0.0,0.0,0.0,0.0,0.0,0.0
75081,0.0,0.0,0.0,0.0,0.0,0.0,0.0,0.0,0.0,0.0,0.0,0.0
75088,0.0,0.0,0.0,0.0,0.0,0.0,0.0,0.0,0.0,0.0,0.0,0.0
75099,0.0,0.0,0.0,0.0,0.0,0.0,0.0,0.0,0.0,0.0,0.0,0.0
75133,0.0,0.0,0.0,0.0,0.0,0.0,0.0,0.0,0.0,0.0,0.0,0.0
75148,0.0,0.0,0.0,0.0,0.0,0.0,0.0,0.0,0.0,0.0,0.0,0.0
75150,0.0,0.0,0.0,0.0,0.0,0.0,0.0,0.0,0.0,0.0,0.0,0.0
75154,0.0,0.0,0.0,0.0,0.0,0.0,0.0,0.0,0.0,0.0,0.0,0.0
75198,0.0,0.0,0.0,0.0,0.0,0.0,0.0,0.0,0.0,0.0,0.0,0.0
75288,0.0,0.0,0.0,0.0,0.0,0.0,0.0,0.0,0.0,0.0,0.0,0.0
75334,0.0,0.0,0.0,0.0,0.0,0.0,0.0,0.0,0.0,0.0,0.0,0.0
75401,0.0,0.0,0.0,0.0,0.0,0.0,0.0,0.0,0.0,0.0,0.0,0.0
75403,0.0,0.0,0.0,0.0,0.0,0.0,0.0,0.0,0.0,0.0,0.0,0.0
75409,0.0,0.0,0.0,0.0,0.0,0.0,0.0,0.0,0.0,0.0,0.0,0.0
75441,0.0,0.0,0.0,0.0,0.0,0.0,0.0,0.0,0.0,0.0,0.0,0.0
75456,0.0,0.0,0.0,0.0,0.0,0.0,0.0,0.0,0.0,0.0,0.0,0.0
75462,0.0,0.0,0.0,0.0,0.0,0.0,0.0,0.0,0.0,0.0,0.0,0.0
75464,0.0,0.0,0.0,0.0,0.0,0.0,0.0,0.0,0.0,0.0,0.0,0.0
75479,0.0,0.0,0.0,0.0,0.0,0.0,0.0,0.0,0.0,0.0,0.0,0.0
75482,0.0,0.0,0.0,0.0,0.0,0.0,0.0,0.0,0.0,0.0,0.0,0.0
75489,0.0,0.0,0.0,0.0,0.0,0.0,0.0,0.0,0.0,0.0,0.0,0.0
75505,0.0,0.0,0.0,0.0,0.0,0.0,0.0,0.0,0.0,0.0,0.0,0.0
75534,0.0,0.0,0.0,0.0,0.0,0.0,0.0,0.0,0.0,0.0,0.0,0.0
75551,0.0,0.0,0.0,0.0,0.0,0.0,0.0,0.0,0.0,0.0,0.0,0.0
75552,0.0,0.0,0.0,0.0,0.0,0.0,0.0,0.0,0.0,0.0,0.0,0.0
75571,0.0,0.0,0.0,0.0,0.0,0.0,0.0,0.0,0.0,0.0,0.0,0.0
75583,0.0,0.0,0.0,0.0,0.0,0.0,0.0,0.0,0.0,0.0,0.0,0.0
75630,0.0,0.0,0.0,0.0,0.0,0.0,0.0,0.0,0.0,0.0,0.0,0.0
75635,0.0,0.0,0.0,0.0,0.0,0.0,0.0,0.0,0.0,0.0,0.0,0.0
75657,0.0,0.0,0.0,0.0,0.0,0.0,0.0,0.0,0.0,0.0,0.0,0.0
75681,0.0,0.0,0.0,0.0,0.0,0.0,0.0,0.0,0.0,0.0,0.0,0.0
75691,0.0,0.0,0.0,0.0,0.0,0.0,0.0,0.0,0.0,0.0,0.0,0.0
75766,0.0,0.0,0.0,0.0,0.0,0.0,0.0,0.0,0.0,0.0,0.0,0.0
75935,0.0,0.0,0.0,0.0,0.0,0.0,0.0,0.0,0.0,0.0,0.0,0.0
75940,0.0,0.0,0.0,0.0,0.0,0.0,0.0,0.0,0.0,0.0,0.0,0.0
75978,0.0,0.0,0.0,0.0,0.0,0.0,0.0,0.0,0.0,0.0,0.0,0.0
75991,0.0,0.0,0.0,0.0,0.0,0.0,0.0,0.0,0.0,0.0,0.0,0.0
76022,0.0,0.0,0.0,0.0,0.0,0.0,0.0,0.0,0.0,0.0,0.0,0.0
76026,0.0,0.0,0.0,0.0,0.0,0.0,0.0,0.0,0.0,0.0,0.0,0.0
76029,0.0,0.0,0.0,0.0,0.0,0.0,0.0,0.0,0.0,0.0,0.0,0.0
76048,0.0,0.0,0.0,0.0,0.0,0.0,0.0,0.0,0.0,0.0,0.0,0.0
76052,0.0,0.0,0.0,0.0,0.0,0.0,0.0,0.0,0.0,0.0,0.0,0.0
76076,0.0,0.0,0.0,0.0,0.0,0.0,0.0,0.0,0.0,0.0,0.0,0.0
76167,0.0,0.0,0.0,0.0,0.0,0.0,0.0,0.0,0.0,0.0,0.0,0.0
76175,0.0,0.0,0.0,0.0,0.0,0.0,0.0,0.0,0.0,0.0,0.0,0.0
76184,0.0,0.0,0.0,0.0,0.0,0.0,0.0,0.0,0.0,0.0,0.0,0.0
76185,0.0,0.0,0.0,0.0,0.0,0.0,0.0,0.0,0.0,0.0,0.0,0.0
76196,0.0,0.0,0.0,0.0,0.0,0.0,0.0,0.0,0.0,0.0,0.0,0.0
76216,0.0,0.0,0.0,0.0,0.0,0.0,0.0,0.0,0.0,0.0,0.0,0.0
76289,0.0,0.0,-549316.75,0.0,0.0,0.0,0.0,0.0,0.0,0.0,0.0,0.0
76291,0.0,0.0,0.0,0.0,0.0,0.0,0.0,0.0,0.0,0.0,0.0,0.0
76305,0.0,0.0,0.0,0.0,0.0,0.0,0.0,0.0,0.0,0.0,0.0,0.0
76315,0.0,0.0,0.0,0.0,0.0,0.0,0.0,0.0,0.0,0.0,0.0,0.0
76338,0.0,0.0,0.0,0.0,0.0,0.0,0.0,0.0,0.0,0.0,0.0,0.0
76358,0.0,0.0,0.0,0.0,0.0,0.0,0.0,0.0,0.0,0.0,0.0,0.0
76376,0.0,0.0,0.0,0.0,0.0,0.0,0.0,0.0,0.0,0.0,0.0,0.0
76383,0.0,0.0,0.0,0.0,0.0,0.0,0.0,0.0,0.0,0.0,0.0,0.0
76420,0.0,0.0,0.0,0.0,0.0,0.0,0.0,0.0,0.0,0.0,0.0,0.0
76445,0.0,0.0,0.0,0.0,0.0,0.0,0.0,0.0,0.0,0.0,0.0,0.0
76486,0.0,0.0,0.0,0.0,0.0,0.0,0.0,0.0,0.0,0.0,0.0,0.0
76527,0.0,0.0,0.0,0.0,0.0,0.0,0.0,0.0,0.0,0.0,0.0,0.0
76545,0.0,0.0,0.0,0.0,0.0,0.0,0.0,0.0,0.0,0.0,0.0,0.0
76569,0.0,0.0,0.0,0.0,0.0,0.0,0.0,0.0,0.0,0.0,0.0,0.0
76571,0.0,0.0,0.0,0.0,0.0,0.0,0.0,0.0,0.0,0.0,0.0,0.0
76590,0.0,0.0,0.0,0.0,0.0,0.0,0.0,0.0,0.0,-296442.52913118526,0.0,0.0
76603,0.0,0.0,0.0,0.0,0.0,0.0,0.0,0.0,0.0,0.0,0.0,0.0
76633,0.0,0.0,0.0,0.0,0.0,0.0,0.0,0.0,0.0,0.0,0.0,0.0
76665,0.0,0.0,0.0,0.0,0.0,0.0,0.0,0.0,0.0,0.0,0.0,0.0
76667,0.0,0.0,0.0,0.0,0.0,0.0,0.0,0.0,0.0,0.0,0.0,0.0
76672,0.0,0.0,0.0,0.0,0.0,0.0,0.0,0.0,0.0,0.0,0.0,0.0
76676,0.0,0.0,0.0,0.0,0.0,0.0,0.0,0.0,0.0,0.0,0.0,0.0
76688,0.0,0.0,0.0,0.0,0.0,0.0,0.0,0.0,0.0,0.0,0.0,0.0
76692,0.0,0.0,0.0,0.0,0.0,0.0,0.0,0.0,0.0,0.0,0.0,0.0
76701,0.0,0.0,0.0,0.0,0.0,0.0,0.0,0.0,0.0,0.0,0.0,0.0
76716,0.0,0.0,0.0,0.0,0.0,0.0,0.0,0.0,0.0,0.0,0.0,0.0
76742,0.0,0.0,0.0,0.0,0.0,0.0,0.0,0.0,0.0,0.0,0.0,0.0
76768,0.0,0.0,0.0,0.0,0.0,0.0,0.0,0.0,0.0,0.0,0.0,0.0
76785,0.0,0.0,0.0,0.0,0.0,0.0,0.0,0.0,0.0,0.0,0.0,0.0
76831,0.0,0.0,0.0,0.0,0.0,0.0,0.0,0.0,0.0,0.0,0.0,0.0
76841,0.0,0.0,0.0,0.0,0.0,0.0,0.0,0.0,0.0,0.0,0.0,0.0
76848,0.0,0.0,0.0,0.0,0.0,0.0,0.0,0.0,0.0,0.0,0.0,0.0
76867,0.0,0.0,0.0,0.0,0.0,0.0,0.0,0.0,0.0,0.0,0.0,0.0
76908,0.0,0.0,0.0,0.0,0.0,0.0,0.0,0.0,0.0,0.0,0.0,0.0
76915,0.0,0.0,0.0,0.0,0.0,0.0,0.0,0.0,0.0,0.0,0.0,0.0
76918,0.0,0.0,0.0,0.0,0.0,0.0,0.0,0.0,0.0,0.0,0.0,0.0
76937,0.0,0.0,0.0,0.0,0.0,0.0,0.0,0.0,0.0,0.0,0.0,0.0
76939,0.0,0.0,0.0,0.0,0.0,0.0,0.0,0.0,0.0,0.0,0.0,0.0
76947,0.0,0.0,0.0,0.0,0.0,0.0,0.0,0.0,0.0,0.0,0.0,0.0
76960,0.0,0.0,0.0,0.0,0.0,0.0,0.0,0.0,0.0,0.0,0.0,0.0
76974,0.0,0.0,0.0,0.0,0.0,0.0,0.0,0.0,0.0,0.0,0.0,0.0
76978,0.0,0.0,0.0,0.0,0.0,0.0,0.0,0.0,0.0,0.0,0.0,0.0
76984,0.0,0.0,0.0,0.0,0.0,0.0,0.0,0.0,0.0,0.0,0.0,0.0
77019,0.0,0.0,0.0,0.0,0.0,0.0,0.0,0.0,0.0,0.0,0.0,0.0
77039,0.0,0.0,0.0,0.0,0.0,0.0,0.0,0.0,0.0,0.0,0.0,0.0
77093,0.0,0.0,0.0,0.0,0.0,0.0,0.0,0.0,0.0,0.0,0.0,0.0
77107,0.0,0.0,0.0,0.0,0.0,0.0,0.0,0.0,0.0,0.0,0.0,0.0
77113,0.0,0.0,0.0,0.0,0.0,0.0,0.0,0.0,0.0,0.0,0.0,0.0
77145,0.0,0.0,0.0,0.0,0.0,0.0,0.0,0.0,0.0,0.0,0.0,0.0
77151,0.0,0.0,0.0,0.0,0.0,0.0,0.0,0.0,0.0,0.0,0.0,0.0
77152,0.0,0.0,0.0,0.0,0.0,0.0,0.0,0.0,0.0,0.0,0.0,0.0
77185,0.0,0.0,0.0,0.0,0.0,0.0,0.0,0.0,0.0,0.0,0.0,0.0
77187,0.0,0.0,0.0,0.0,0.0,0.0,0.0,0.0,0.0,0.0,0.0,0.0
77196,0.0,0.0,0.0,0.0,0.0,0.0,0.0,0.0,0.0,0.0,0.0,0.0
77200,0.0,0.0,0.0,0.0,0.0,0.0,0.0,0.0,0.0,0.0,0.0,0.0
77203,0.0,0.0,0.0,0.0,0.0,0.0,0.0,0.0,0.0,0.0,0.0,0.0
77213,0.0,0.0,0.0,0.0,0.0,0.0,0.0,0.0,0.0,0.0,0.0,0.0
77237,0.0,0.0,0.0,0.0,0.0,0.0,0.0,0.0,0.0,0.0,0.0,0.0
77252,0.0,0.0,0.0,0.0,0.0,0.0,0.0,0.0,0.0,0.0,0.0,0.0
77294,0.0,0.0,0.0,0.0,0.0,0.0,0.0,0.0,0.0,0.0,0.0,0.0
77306,0.0,0.0,0.0,0.0,0.0,0.0,0.0,0.0,0.0,0.0,0.0,0.0
77310,0.0,0.0,0.0,0.0,0.0,0.0,0.0,0.0,0.0,0.0,0.0,0.0
77315,0.0,0.0,0.0,0.0,0.0,0.0,0.0,0.0,0.0,0.0,0.0,0.0
77345,0.0,0.0,0.0,0.0,0.0,0.0,0.0,0.0,0.0,0.0,0.0,0.0
77351,0.0,0.0,0.0,0.0,0.0,0.0,0.0,0.0,0.0,0.0,0.0,0.0
77353,0.0,0.0,0.0,0.0,0.0,0.0,0.0,0.0,0.0,0.0,0.0,0.0
77393,0.0,0.0,0.0,0.0,0.0,0.0,0.0,0.0,0.0,0.0,0.0,0.0
77404,0.0,0.0,0.0,0.0,0.0,0.0,0.0,0.0,0.0,0.0,0.0,0.0
77411,0.0,0.0,0.0,0.0,0.0,0.0,0.0,0.0,0.0,0.0,0.0,0.0
77414,0.0,0.0,0.0,0.0,0.0,0.0,0.0,0.0,0.0,0.0,0.0,0.0
77419,0.0,0.0,0.0,0.0,0.0,0.0,0.0,0.0,0.0,0.0,0.0,0.0
77438,0.0,0.0,0.0,0.0,0.0,0.0,0.0,0.0,0.0,0.0,0.0,0.0
77442,0.0,0.0,0.0,0.0,0.0,0.0,0.0,0.0,0.0,0.0,0.0,0.0
77507,0.0,0.0,0.0,0.0,0.0,0.0,0.0,0.0,0.0,0.0,0.0,0.0
77525,0.0,0.0,0.0,0.0,0.0,0.0,0.0,0.0,0.0,0.0,0.0,0.0
77610,0.0,0.0,0.0,0.0,0.0,0.0,0.0,0.0,0.0,0.0,0.0,0.0
77618,0.0,0.0,0.0,0.0,0.0,0.0,0.0,0.0,0.0,0.0,0.0,0.0
77623,0.0,0.0,0.0,0.0,0.0,0.0,0.0,0.0,0.0,0.0,0.0,0.0
77639,0.0,0.0,0.0,0.0,0.0,0.0,0.0,0.0,0.0,0.0,0.0,0.0
77657,0.0,0.0,0.0,0.0,0.0,0.0,0.0,0.0,0.0,0.0,0.0,0.0
77702,0.0,0.0,0.0,0.0,0.0,0.0,0.0,0.0,0.0,0.0,0.0,0.0
77719,0.0,0.0,0.0,0.0,0.0,0.0,0.0,0.0,0.0,0.0,0.0,0.0
77727,0.0,0.0,0.0,0.0,0.0,0.0,0.0,0.0,0.0,0.0,0.0,0.0
77739,0.0,0.0,0.0,0.0,0.0,0.0,0.0,0.0,0.0,0.0,0.0,0.0
77753,0.0,0.0,0.0,0.0,0.0,0.0,0.0,0.0,0.0,0.0,0.0,0.0
77807,0.0,0.0,0.0,0.0,0.0,0.0,0.0,0.0,0.0,0.0,0.0,0.0
77878,0.0,0.0,0.0,0.0,0.0,0.0,0.0,0.0,0.0,0.0,0.0,0.0
77892,0.0,0.0,0.0,0.0,0.0,0.0,0.0,-19072.005859375,-13644.4267578125,-10360.48828125,0.0,0.0
77904,0.0,0.0,0.0,0.0,0.0,0.0,0.0,0.0,0.0,0.0,0.0,0.0
77905,0.0,0.0,0.0,0.0,0.0,0.0,0.0,0.0,0.0,0.0,0.0,0.0
77945,0.0,0.0,0.0,0.0,0.0,0.0,0.0,0.0,0.0,0.0,0.0,0.0
78039,0.0,0.0,0.0,0.0,0.0,0.0,0.0,0.0,0.0,0.0,0.0,0.0
78076,0.0,0.0,0.0,0.0,0.0,0.0,0.0,0.0,0.0,0.0,0.0,0.0
78082,0.0,0.0,0.0,0.0,0.0,0.0,0.0,0.0,0.0,0.0,0.0,0.0
78091,0.0,0.0,0.0,0.0,0.0,0.0,0.0,0.0,0.0,0.0,0.0,0.0
78101,0.0,0.0,0.0,0.0,0.0,0.0,0.0,0.0,0.0,0.0,0.0,0.0
78121,0.0,0.0,0.0,0.0,0.0,0.0,0.0,0.0,0.0,0.0,0.0,0.0
78124,0.0,0.0,0.0,0.0,0.0,0.0,0.0,0.0,0.0,0.0,0.0,0.0
78128,0.0,0.0,0.0,0.0,0.0,0.0,0.0,0.0,0.0,0.0,0.0,0.0
78206,0.0,0.0,0.0,0.0,0.0,0.0,0.0,0.0,0.0,0.0,0.0,0.0
78220,0.0,0.0,0.0,0.0,0.0,0.0,0.0,0.0,0.0,0.0,0.0,0.0
78222,0.0,0.0,0.0,0.0,0.0,0.0,0.0,0.0,0.0,0.0,0.0,0.0
78229,0.0,0.0,0.0,0.0,0.0,0.0,0.0,0.0,0.0,0.0,0.0,0.0
78238,0.0,0.0,0.0,0.0,0.0,0.0,0.0,0.0,0.0,0.0,0.0,0.0
78249,0.0,0.0,0.0,0.0,0.0,0.0,0.0,0.0,0.0,0.0,0.0,0.0
78259,0.0,0.0,0.0,0.0,0.0,0.0,0.0,0.0,0.0,0.0,0.0,0.0
78263,0.0,0.0,0.0,0.0,0.0,0.0,0.0,0.0,0.0,0.0,0.0,0.0
78272,0.0,0.0,0.0,0.0,0.0,0.0,0.0,0.0,0.0,0.0,0.0,0.0
78295,0.0,0.0,0.0,0.0,0.0,0.0,0.0,0.0,0.0,0.0,0.0,0.0
78335,0.0,0.0,0.0,0.0,0.0,0.0,0.0,0.0,0.0,0.0,0.0,0.0
78339,0.0,0.0,0.0,0.0,0.0,0.0,0.0,0.0,0.0,0.0,0.0,0.0
78393,0.0,0.0,0.0,0.0,0.0,0.0,0.0,0.0,0.0,0.0,0.0,0.0
78403,0.0,0.0,0.0,0.0,0.0,0.0,0.0,0.0,0.0,0.0,0.0,0.0
78422,0.0,0.0,0.0,0.0,0.0,0.0,0.0,0.0,0.0,0.0,0.0,0.0
78433,0.0,0.0,0.0,0.0,0.0,0.0,0.0,0.0,0.0,0.0,0.0,0.0
78447,0.0,0.0,0.0,0.0,0.0,0.0,0.0,0.0,0.0,0.0,0.0,0.0
78470,0.0,0.0,0.0,0.0,0.0,0.0,0.0,0.0,0.0,0.0,0.0,0.0
78505,0.0,0.0,0.0,0.0,0.0,0.0,0.0,0.0,0.0,0.0,0.0,0.0
78519,0.0,0.0,0.0,0.0,0.0,0.0,0.0,0.0,0.0,0.0,0.0,0.0
78526,0.0,0.0,0.0,0.0,0.0,0.0,0.0,0.0,0.0,0.0,0.0,0.0
