Basin_ID,Jan,Feb,Mar,Apr,May,Jun,Jul,Aug,Sep,Oct,Nov,Dec
296,0.0,0.0,0.0,0.0,0.0,0.0,0.0,0.0,0.0,0.0,0.0,0.0
607,0.0,0.0,0.0,0.0,0.0,0.0,0.0,0.0,0.0,0.0,0.0,0.0
766,0.0,0.0,0.0,0.0,0.0,0.0,0.0,0.0,0.0,0.0,0.0,0.0
817,0.0,0.0,0.0,0.0,0.0,0.0,0.0,0.0,0.0,0.0,0.0,0.0
819,0.0,0.0,0.0,0.0,0.0,0.0,0.0,0.0,0.0,0.0,0.0,0.0
972,0.0,0.0,0.0,0.0,0.0,0.0,0.0,0.0,0.0,0.0,0.0,0.0
973,0.0,0.0,0.0,0.0,0.0,0.0,0.0,0.0,0.0,0.0,0.0,0.0
974,0.0,0.0,0.0,0.0,0.0,0.0,0.0,0.0,0.0,0.0,0.0,0.0
1073,0.0,0.0,0.0,0.0,0.0,0.0,0.0,0.0,0.0,0.0,0.0,0.0
1077,0.0,0.0,0.0,0.0,0.0,0.0,0.0,0.0,0.0,0.0,0.0,0.0
1143,0.0,0.0,0.0,0.0,0.0,0.0,0.0,0.0,0.0,0.0,0.0,0.0
1470,0.0,0.0,0.0,0.0,0.0,0.0,0.0,0.0,0.0,0.0,0.0,0.0
1471,0.0,0.0,0.0,0.0,0.0,0.0,0.0,0.0,0.0,0.0,0.0,0.0
1521,0.0,0.0,0.0,0.0,0.0,0.0,0.0,0.0,0.0,0.0,0.0,0.0
1554,0.0,0.0,0.0,0.0,0.0,0.0,0.0,0.0,0.0,0.0,0.0,0.0
1663,0.0,0.0,0.0,0.0,0.0,0.0,0.0,0.0,0.0,0.0,0.0,0.0
1664,0.0,0.0,0.0,0.0,0.0,0.0,0.0,0.0,0.0,0.0,0.0,0.0
1665,0.0,0.0,0.0,0.0,0.0,0.0,0.0,0.0,0.0,0.0,0.0,0.0
1755,0.0,0.0,0.0,0.0,0.0,0.0,0.0,0.0,0.0,0.0,0.0,0.0
1765,0.0,0.0,0.0,0.0,0.0,0.0,0.0,0.0,0.0,0.0,0.0,0.0
1857,0.0,0.0,0.0,0.0,0.0,0.0,0.0,0.0,0.0,0.0,0.0,0.0
1858,0.0,0.0,0.0,0.0,0.0,0.0,0.0,0.0,0.0,0.0,0.0,0.0
1860,0.0,0.0,0.0,0.0,0.0,0.0,0.0,0.0,0.0,0.0,0.0,0.0
1868,0.0,0.0,0.0,0.0,0.0,0.0,0.0,0.0,0.0,0.0,0.0,0.0
1872,0.0,0.0,0.0,0.0,0.0,0.0,0.0,0.0,0.0,0.0,0.0,0.0
1873,0.0,0.0,0.0,0.0,0.0,0.0,0.0,0.0,0.0,0.0,0.0,0.0
1874,0.0,0.0,0.0,0.0,0.0,0.0,0.0,0.0,0.0,0.0,0.0,0.0
1940,0.0,0.0,0.0,0.0,0.0,0.0,0.0,0.0,0.0,0.0,0.0,0.0
1942,0.0,0.0,0.0,0.0,0.0,0.0,0.0,0.0,0.0,0.0,0.0,0.0
1943,0.0,0.0,0.0,0.0,0.0,0.0,0.0,0.0,0.0,0.0,0.0,0.0
2035,0.0,0.0,0.0,0.0,0.0,0.0,0.0,0.0,0.0,0.0,0.0,0.0
2043,0.0,0.0,0.0,0.0,0.0,0.0,0.0,0.0,0.0,0.0,0.0,0.0
2044,0.0,0.0,0.0,0.0,0.0,0.0,0.0,0.0,0.0,0.0,0.0,0.0
2046,0.0,0.0,0.0,0.0,0.0,0.0,0.0,0.0,0.0,0.0,0.0,0.0
2047,0.0,0.0,0.0,0.0,0.0,0.0,0.0,0.0,0.0,0.0,0.0,0.0
2048,0.0,0.0,0.0,0.0,0.0,0.0,0.0,0.0,0.0,0.0,0.0,0.0
2052,0.0,0.0,0.0,0.0,0.0,0.0,0.0,0.0,0.0,0.0,0.0,0.0
2053,0.0,0.0,0.0,0.0,0.0,0.0,0.0,0.0,0.0,0.0,0.0,0.0
2054,0.0,0.0,0.0,0.0,0.0,0.0,0.0,0.0,0.0,0.0,0.0,0.0
2055,0.0,0.0,0.0,0.0,0.0,0.0,0.0,0.0,0.0,0.0,0.0,0.0
2079,0.0,0.0,0.0,0.0,0.0,0.0,0.0,0.0,0.0,0.0,0.0,0.0
2128,0.0,0.0,0.0,0.0,0.0,0.0,0.0,0.0,0.0,0.0,0.0,0.0
2134,0.0,0.0,0.0,0.0,0.0,0.0,0.0,0.0,0.0,0.0,0.0,0.0
2227,0.0,0.0,0.0,0.0,0.0,0.0,0.0,0.0,0.0,0.0,0.0,0.0
2228,0.0,0.0,0.0,0.0,0.0,0.0,0.0,0.0,0.0,0.0,0.0,0.0
2230,0.0,0.0,0.0,0.0,0.0,0.0,0.0,0.0,0.0,0.0,0.0,0.0
2243,0.0,0.0,0.0,0.0,0.0,0.0,0.0,0.0,0.0,0.0,0.0,0.0
2244,0.0,0.0,0.0,0.0,0.0,0.0,0.0,0.0,0.0,0.0,0.0,0.0
2255,0.0,0.0,0.0,0.0,0.0,0.0,0.0,0.0,0.0,0.0,0.0,0.0
2256,0.0,0.0,0.0,0.0,0.0,0.0,0.0,0.0,0.0,0.0,0.0,0.0
2257,0.0,0.0,0.0,0.0,0.0,0.0,0.0,0.0,0.0,0.0,0.0,0.0
2258,0.0,0.0,0.0,0.0,0.0,0.0,0.0,0.0,0.0,0.0,0.0,0.0
2259,0.0,0.0,0.0,0.0,0.0,0.0,0.0,0.0,0.0,0.0,0.0,0.0
2260,0.0,0.0,0.0,0.0,0.0,0.0,0.0,0.0,0.0,0.0,0.0,0.0
2261,0.0,0.0,0.0,0.0,0.0,0.0,0.0,0.0,0.0,0.0,0.0,0.0
2262,0.0,0.0,0.0,0.0,0.0,0.0,0.0,0.0,0.0,0.0,0.0,0.0
2263,0.0,0.0,0.0,0.0,0.0,0.0,0.0,0.0,0.0,0.0,0.0,0.0
2264,0.0,0.0,0.0,0.0,0.0,0.0,0.0,0.0,0.0,0.0,0.0,0.0
2265,0.0,0.0,0.0,0.0,0.0,0.0,0.0,0.0,0.0,0.0,0.0,0.0
2266,0.0,0.0,0.0,0.0,0.0,0.0,0.0,0.0,0.0,0.0,0.0,0.0
2285,0.0,0.0,0.0,0.0,0.0,0.0,0.0,0.0,0.0,0.0,0.0,0.0
2286,0.0,0.0,0.0,0.0,0.0,0.0,0.0,0.0,0.0,0.0,0.0,0.0
2287,0.0,0.0,0.0,0.0,0.0,0.0,0.0,0.0,0.0,0.0,0.0,0.0
2289,0.0,0.0,0.0,0.0,0.0,0.0,0.0,0.0,0.0,0.0,0.0,0.0
2290,0.0,0.0,0.0,0.0,0.0,0.0,0.0,0.0,0.0,0.0,0.0,0.0
2296,0.0,0.0,0.0,0.0,0.0,0.0,0.0,0.0,0.0,0.0,0.0,0.0
2350,0.0,0.0,0.0,0.0,0.0,0.0,0.0,0.0,0.0,0.0,0.0,0.0
2352,0.0,0.0,0.0,0.0,0.0,0.0,0.0,0.0,0.0,0.0,0.0,0.0
2353,0.0,0.0,0.0,0.0,0.0,0.0,0.0,0.0,0.0,0.0,0.0,0.0
2354,0.0,0.0,0.0,0.0,0.0,0.0,0.0,0.0,0.0,0.0,0.0,0.0
2355,0.0,0.0,0.0,0.0,0.0,0.0,0.0,0.0,0.0,0.0,0.0,0.0
2356,0.0,0.0,0.0,0.0,0.0,0.0,0.0,0.0,0.0,0.0,0.0,0.0
2357,0.0,0.0,0.0,0.0,0.0,0.0,0.0,0.0,0.0,0.0,0.0,0.0
2358,0.0,0.0,0.0,0.0,0.0,0.0,0.0,0.0,0.0,0.0,0.0,0.0
2467,0.0,0.0,0.0,0.0,0.0,0.0,0.0,0.0,0.0,0.0,0.0,0.0
2468,0.0,0.0,0.0,0.0,0.0,0.0,0.0,0.0,0.0,0.0,0.0,0.0
2469,0.0,0.0,0.0,0.0,0.0,0.0,0.0,0.0,0.0,0.0,0.0,0.0
2470,0.0,0.0,0.0,0.0,0.0,0.0,0.0,0.0,0.0,0.0,0.0,0.0
2471,0.0,0.0,0.0,0.0,0.0,0.0,0.0,0.0,0.0,0.0,0.0,0.0
2472,0.0,0.0,0.0,0.0,0.0,0.0,0.0,0.0,0.0,0.0,0.0,0.0
2474,0.0,0.0,0.0,0.0,0.0,0.0,0.0,0.0,0.0,0.0,0.0,0.0
2475,0.0,0.0,0.0,0.0,0.0,0.0,0.0,0.0,0.0,0.0,0.0,0.0
2476,0.0,0.0,0.0,0.0,0.0,0.0,0.0,0.0,0.0,0.0,0.0,0.0
2477,0.0,0.0,0.0,0.0,0.0,0.0,0.0,0.0,0.0,0.0,0.0,0.0
2478,0.0,0.0,0.0,0.0,0.0,0.0,0.0,0.0,0.0,0.0,0.0,0.0
2479,0.0,0.0,0.0,0.0,0.0,0.0,0.0,0.0,0.0,0.0,0.0,0.0
2480,0.0,0.0,0.0,0.0,0.0,0.0,0.0,0.0,0.0,0.0,0.0,0.0
2481,0.0,0.0,0.0,0.0,0.0,0.0,0.0,0.0,0.0,0.0,0.0,0.0
2505,0.0,0.0,0.0,0.0,0.0,0.0,0.0,0.0,0.0,0.0,0.0,0.0
2506,0.0,0.0,0.0,0.0,0.0,0.0,0.0,0.0,0.0,0.0,0.0,0.0
2507,0.0,0.0,0.0,0.0,0.0,0.0,0.0,0.0,0.0,0.0,0.0,0.0
2508,0.0,0.0,0.0,0.0,0.0,0.0,0.0,0.0,0.0,0.0,0.0,0.0
2509,0.0,0.0,0.0,0.0,0.0,0.0,0.0,0.0,0.0,0.0,0.0,0.0
2511,0.0,0.0,0.0,0.0,0.0,0.0,0.0,0.0,0.0,0.0,0.0,0.0
2512,0.0,0.0,0.0,0.0,0.0,0.0,0.0,0.0,0.0,0.0,0.0,0.0
2539,0.0,0.0,0.0,0.0,0.0,0.0,0.0,0.0,0.0,0.0,0.0,0.0
2542,0.0,0.0,0.0,0.0,0.0,0.0,0.0,0.0,0.0,0.0,0.0,0.0
2594,0.0,0.0,0.0,0.0,0.0,0.0,0.0,0.0,0.0,0.0,0.0,0.0
2671,0.0,0.0,0.0,0.0,0.0,0.0,0.0,0.0,0.0,0.0,0.0,0.0
2692,0.0,0.0,0.0,0.0,0.0,0.0,0.0,0.0,0.0,0.0,0.0,0.0
2693,0.0,0.0,0.0,0.0,0.0,0.0,0.0,0.0,0.0,0.0,0.0,0.0
2694,0.0,0.0,0.0,0.0,0.0,0.0,0.0,0.0,0.0,0.0,0.0,0.0
2695,0.0,0.0,0.0,0.0,0.0,0.0,0.0,0.0,0.0,0.0,0.0,0.0
2696,0.0,0.0,0.0,0.0,0.0,0.0,0.0,0.0,0.0,0.0,0.0,0.0
2697,0.0,0.0,0.0,0.0,0.0,0.0,0.0,0.0,0.0,0.0,0.0,0.0
2698,0.0,0.0,0.0,0.0,0.0,0.0,0.0,0.0,0.0,0.0,0.0,0.0
2699,0.0,0.0,0.0,0.0,0.0,0.0,0.0,0.0,0.0,0.0,0.0,0.0
2703,0.0,0.0,0.0,0.0,0.0,0.0,0.0,0.0,0.0,0.0,0.0,0.0
2704,0.0,0.0,0.0,0.0,0.0,0.0,0.0,0.0,0.0,0.0,0.0,0.0
2705,0.0,0.0,0.0,0.0,0.0,0.0,0.0,0.0,0.0,0.0,0.0,0.0
2706,0.0,0.0,0.0,0.0,0.0,0.0,0.0,0.0,0.0,0.0,0.0,0.0
2737,0.0,0.0,0.0,0.0,0.0,0.0,0.0,0.0,0.0,0.0,0.0,0.0
2738,0.0,0.0,0.0,0.0,0.0,0.0,0.0,0.0,0.0,0.0,0.0,0.0
2739,0.0,0.0,0.0,0.0,0.0,0.0,0.0,0.0,0.0,0.0,0.0,0.0
2740,0.0,0.0,0.0,0.0,0.0,0.0,0.0,0.0,0.0,0.0,0.0,0.0
2741,0.0,0.0,0.0,0.0,0.0,0.0,0.0,0.0,0.0,0.0,0.0,0.0
2742,0.0,0.0,0.0,0.0,0.0,0.0,0.0,0.0,0.0,0.0,0.0,0.0
2743,0.0,0.0,0.0,0.0,0.0,0.0,0.0,0.0,0.0,0.0,0.0,0.0
2747,0.0,0.0,0.0,0.0,0.0,0.0,0.0,0.0,0.0,0.0,0.0,0.0
2748,0.0,0.0,0.0,0.0,0.0,0.0,0.0,0.0,0.0,0.0,0.0,0.0
2753,0.0,0.0,0.0,0.0,0.0,0.0,0.0,0.0,0.0,0.0,0.0,0.0
2754,0.0,0.0,0.0,0.0,0.0,0.0,0.0,0.0,0.0,0.0,0.0,0.0
2755,0.0,0.0,0.0,0.0,0.0,0.0,0.0,0.0,0.0,0.0,0.0,0.0
2756,0.0,0.0,0.0,0.0,0.0,0.0,0.0,0.0,0.0,0.0,0.0,0.0
2757,0.0,0.0,0.0,0.0,0.0,0.0,0.0,0.0,0.0,0.0,0.0,0.0
2758,0.0,0.0,0.0,0.0,0.0,0.0,0.0,0.0,0.0,0.0,0.0,0.0
2759,0.0,0.0,0.0,0.0,0.0,0.0,0.0,0.0,0.0,0.0,0.0,0.0
2774,0.0,0.0,0.0,0.0,0.0,0.0,0.0,0.0,0.0,0.0,0.0,0.0
2785,0.0,0.0,0.0,0.0,0.0,0.0,0.0,0.0,0.0,0.0,0.0,0.0
2791,0.0,0.0,0.0,0.0,0.0,0.0,0.0,0.0,0.0,0.0,0.0,0.0
2905,0.0,0.0,0.0,0.0,0.0,0.0,0.0,0.0,0.0,0.0,0.0,0.0
2906,0.0,0.0,0.0,0.0,0.0,0.0,0.0,0.0,0.0,0.0,0.0,0.0
2907,0.0,0.0,0.0,0.0,0.0,0.0,0.0,0.0,0.0,0.0,0.0,0.0
2908,0.0,0.0,0.0,0.0,0.0,0.0,0.0,0.0,0.0,0.0,0.0,0.0
2909,0.0,0.0,0.0,0.0,0.0,0.0,0.0,0.0,0.0,0.0,0.0,0.0
2922,0.0,0.0,0.0,0.0,0.0,0.0,0.0,0.0,0.0,0.0,0.0,0.0
2924,0.0,0.0,0.0,0.0,0.0,0.0,0.0,0.0,0.0,0.0,0.0,0.0
2925,0.0,0.0,0.0,0.0,0.0,0.0,0.0,0.0,0.0,0.0,0.0,0.0
2926,0.0,0.0,0.0,0.0,0.0,0.0,0.0,0.0,0.0,0.0,0.0,0.0
2927,0.0,0.0,0.0,0.0,0.0,0.0,0.0,0.0,0.0,0.0,0.0,0.0
2928,0.0,0.0,0.0,0.0,0.0,0.0,0.0,0.0,0.0,0.0,0.0,0.0
2929,0.0,0.0,0.0,0.0,0.0,0.0,0.0,0.0,0.0,0.0,0.0,0.0
2975,0.0,0.0,0.0,0.0,0.0,0.0,0.0,0.0,0.0,0.0,0.0,0.0
2976,0.0,0.0,0.0,0.0,0.0,0.0,0.0,0.0,0.0,0.0,0.0,0.0
2977,0.0,0.0,0.0,0.0,0.0,0.0,0.0,0.0,0.0,0.0,0.0,0.0
2978,0.0,0.0,0.0,0.0,0.0,0.0,0.0,0.0,0.0,0.0,0.0,0.0
2979,0.0,0.0,0.0,0.0,0.0,0.0,0.0,0.0,0.0,0.0,0.0,0.0
2980,0.0,0.0,0.0,0.0,0.0,0.0,0.0,0.0,0.0,0.0,0.0,0.0
2991,0.0,0.0,0.0,0.0,0.0,0.0,0.0,0.0,0.0,0.0,0.0,0.0
2992,0.0,0.0,0.0,0.0,0.0,0.0,0.0,0.0,0.0,0.0,0.0,0.0
2993,0.0,0.0,0.0,0.0,0.0,0.0,0.0,0.0,0.0,0.0,0.0,0.0
2994,0.0,0.0,0.0,0.0,0.0,0.0,0.0,0.0,0.0,0.0,0.0,0.0
2995,0.0,0.0,0.0,0.0,0.0,0.0,0.0,0.0,0.0,0.0,0.0,0.0
2996,0.0,0.0,0.0,0.0,0.0,0.0,0.0,0.0,0.0,0.0,0.0,0.0
2997,0.0,0.0,0.0,0.0,0.0,0.0,0.0,0.0,0.0,0.0,0.0,0.0
2998,0.0,0.0,0.0,0.0,0.0,0.0,0.0,0.0,0.0,0.0,0.0,0.0
2999,0.0,0.0,0.0,0.0,0.0,0.0,0.0,0.0,0.0,0.0,0.0,0.0
3000,0.0,0.0,0.0,0.0,0.0,0.0,0.0,0.0,0.0,0.0,0.0,0.0
3001,0.0,0.0,0.0,0.0,0.0,0.0,0.0,0.0,0.0,0.0,0.0,0.0
3002,0.0,0.0,0.0,0.0,0.0,0.0,0.0,0.0,0.0,0.0,0.0,0.0
3003,0.0,0.0,0.0,0.0,0.0,0.0,0.0,0.0,0.0,0.0,0.0,0.0
3004,0.0,0.0,0.0,0.0,0.0,0.0,0.0,0.0,0.0,0.0,0.0,0.0
3005,0.0,0.0,0.0,0.0,0.0,0.0,0.0,0.0,0.0,0.0,0.0,0.0
3007,0.0,0.0,0.0,0.0,0.0,0.0,0.0,0.0,0.0,0.0,0.0,0.0
3008,0.0,0.0,0.0,0.0,0.0,0.0,0.0,0.0,0.0,0.0,0.0,0.0
3011,0.0,0.0,0.0,0.0,0.0,0.0,0.0,0.0,0.0,0.0,0.0,0.0
3012,0.0,0.0,0.0,0.0,0.0,0.0,0.0,0.0,0.0,0.0,0.0,0.0
3013,0.0,0.0,0.0,0.0,0.0,0.0,0.0,0.0,0.0,0.0,0.0,0.0
3014,0.0,0.0,0.0,0.0,0.0,0.0,0.0,0.0,0.0,0.0,0.0,0.0
3017,0.0,0.0,0.0,0.0,0.0,0.0,0.0,0.0,0.0,0.0,0.0,0.0
3126,0.0,0.0,0.0,0.0,0.0,0.0,0.0,0.0,0.0,0.0,0.0,0.0
3127,0.0,0.0,0.0,0.0,0.0,0.0,0.0,0.0,0.0,0.0,0.0,0.0
3128,0.0,0.0,0.0,0.0,0.0,0.0,0.0,0.0,0.0,0.0,0.0,0.0
3138,0.0,0.0,0.0,0.0,0.0,0.0,0.0,0.0,0.0,0.0,0.0,0.0
3139,0.0,0.0,0.0,0.0,0.0,0.0,0.0,0.0,0.0,0.0,0.0,0.0
3140,0.0,0.0,0.0,0.0,0.0,0.0,0.0,0.0,0.0,0.0,0.0,0.0
3141,0.0,0.0,0.0,0.0,0.0,0.0,0.0,0.0,0.0,0.0,0.0,0.0
3142,0.0,0.0,0.0,0.0,0.0,0.0,0.0,0.0,0.0,0.0,0.0,0.0
3143,0.0,0.0,0.0,0.0,0.0,0.0,0.0,0.0,0.0,0.0,0.0,0.0
3144,0.0,0.0,0.0,0.0,0.0,0.0,0.0,0.0,0.0,0.0,0.0,0.0
3145,0.0,0.0,0.0,0.0,0.0,0.0,0.0,0.0,0.0,0.0,0.0,0.0
3191,0.0,0.0,0.0,0.0,0.0,0.0,0.0,0.0,0.0,0.0,0.0,0.0
3192,0.0,0.0,0.0,0.0,0.0,0.0,0.0,0.0,0.0,0.0,0.0,0.0
3193,0.0,0.0,0.0,0.0,0.0,0.0,0.0,0.0,0.0,0.0,0.0,0.0
3194,0.0,0.0,0.0,0.0,0.0,0.0,0.0,0.0,0.0,0.0,0.0,0.0
3195,0.0,0.0,0.0,0.0,0.0,0.0,0.0,0.0,0.0,0.0,0.0,0.0
3196,0.0,0.0,0.0,0.0,0.0,0.0,0.0,0.0,0.0,0.0,0.0,0.0
3197,0.0,0.0,0.0,0.0,0.0,0.0,0.0,0.0,0.0,0.0,0.0,0.0
3198,0.0,0.0,0.0,0.0,0.0,0.0,0.0,0.0,0.0,0.0,0.0,0.0
3199,0.0,0.0,0.0,0.0,0.0,0.0,0.0,0.0,0.0,0.0,0.0,0.0
3200,0.0,0.0,0.0,0.0,0.0,0.0,0.0,0.0,0.0,0.0,0.0,0.0
3201,0.0,0.0,0.0,0.0,0.0,0.0,0.0,0.0,0.0,0.0,0.0,0.0
3205,0.0,0.0,0.0,0.0,0.0,0.0,0.0,0.0,0.0,0.0,0.0,0.0
3209,0.0,0.0,0.0,0.0,0.0,0.0,0.0,0.0,0.0,0.0,0.0,0.0
3210,0.0,0.0,0.0,0.0,0.0,0.0,0.0,0.0,0.0,0.0,0.0,0.0
3211,0.0,0.0,0.0,0.0,0.0,0.0,0.0,0.0,0.0,0.0,0.0,0.0
3212,0.0,0.0,0.0,0.0,0.0,0.0,0.0,0.0,0.0,0.0,0.0,0.0
3213,0.0,0.0,0.0,0.0,0.0,0.0,0.0,0.0,0.0,0.0,0.0,0.0
3214,0.0,0.0,0.0,0.0,0.0,0.0,0.0,0.0,0.0,0.0,0.0,0.0
3215,0.0,0.0,0.0,0.0,0.0,0.0,0.0,0.0,0.0,0.0,0.0,0.0
3216,0.0,0.0,0.0,0.0,0.0,0.0,0.0,0.0,0.0,0.0,0.0,0.0
3217,0.0,0.0,0.0,0.0,0.0,0.0,0.0,0.0,0.0,0.0,0.0,0.0
3225,0.0,0.0,0.0,0.0,0.0,0.0,0.0,0.0,0.0,0.0,0.0,0.0
3227,0.0,0.0,0.0,0.0,0.0,0.0,0.0,0.0,0.0,0.0,0.0,0.0
3230,0.0,0.0,0.0,0.0,0.0,0.0,0.0,0.0,0.0,0.0,0.0,0.0
3233,0.0,0.0,0.0,0.0,0.0,0.0,0.0,0.0,0.0,0.0,0.0,0.0
3234,0.0,0.0,0.0,0.0,0.0,0.0,0.0,0.0,0.0,0.0,0.0,0.0
3235,0.0,0.0,0.0,0.0,0.0,0.0,0.0,0.0,0.0,0.0,0.0,0.0
3236,0.0,0.0,0.0,0.0,0.0,0.0,0.0,0.0,0.0,0.0,0.0,0.0
3314,0.0,0.0,0.0,0.0,0.0,0.0,0.0,0.0,0.0,0.0,0.0,0.0
3315,0.0,0.0,0.0,0.0,0.0,0.0,0.0,0.0,0.0,0.0,0.0,0.0
3316,0.0,0.0,0.0,0.0,0.0,0.0,0.0,0.0,0.0,0.0,0.0,0.0
3317,0.0,0.0,0.0,0.0,0.0,0.0,0.0,0.0,0.0,0.0,0.0,0.0
3318,0.0,0.0,0.0,0.0,0.0,0.0,0.0,0.0,0.0,0.0,0.0,0.0
3319,0.0,0.0,0.0,0.0,0.0,0.0,0.0,0.0,0.0,0.0,0.0,0.0
3327,0.0,0.0,0.0,0.0,0.0,0.0,0.0,0.0,0.0,0.0,0.0,0.0
3328,0.0,0.0,0.0,0.0,0.0,0.0,0.0,0.0,0.0,0.0,0.0,0.0
3329,0.0,0.0,0.0,0.0,0.0,0.0,0.0,0.0,0.0,0.0,0.0,0.0
3331,0.0,0.0,0.0,0.0,0.0,0.0,0.0,0.0,0.0,0.0,0.0,0.0
3332,0.0,0.0,0.0,0.0,0.0,0.0,0.0,0.0,0.0,0.0,0.0,0.0
3333,0.0,0.0,0.0,0.0,0.0,0.0,0.0,0.0,0.0,0.0,0.0,0.0
3334,0.0,0.0,0.0,0.0,0.0,0.0,0.0,0.0,0.0,0.0,0.0,0.0
3335,0.0,0.0,0.0,0.0,0.0,0.0,0.0,0.0,0.0,0.0,0.0,0.0
3380,0.0,0.0,0.0,0.0,0.0,0.0,0.0,0.0,0.0,0.0,0.0,0.0
3381,0.0,0.0,0.0,0.0,0.0,0.0,0.0,0.0,0.0,0.0,0.0,0.0
3383,0.0,0.0,0.0,0.0,0.0,0.0,0.0,0.0,0.0,0.0,0.0,0.0
3384,0.0,0.0,0.0,0.0,0.0,0.0,0.0,0.0,0.0,0.0,0.0,0.0
3385,0.0,0.0,0.0,0.0,0.0,0.0,0.0,0.0,0.0,0.0,0.0,0.0
3386,0.0,0.0,0.0,0.0,0.0,0.0,0.0,0.0,0.0,0.0,0.0,0.0
3389,0.0,0.0,0.0,0.0,0.0,0.0,0.0,0.0,0.0,0.0,0.0,0.0
3391,0.0,0.0,0.0,0.0,0.0,0.0,0.0,0.0,0.0,0.0,0.0,0.0
3392,0.0,0.0,0.0,0.0,0.0,0.0,0.0,0.0,0.0,0.0,0.0,0.0
3393,0.0,0.0,0.0,0.0,0.0,0.0,0.0,0.0,0.0,0.0,0.0,0.0
3394,0.0,0.0,0.0,0.0,0.0,0.0,0.0,0.0,0.0,0.0,0.0,0.0
3395,0.0,0.0,0.0,0.0,0.0,0.0,0.0,0.0,0.0,0.0,0.0,0.0
3404,0.0,0.0,0.0,0.0,0.0,0.0,0.0,0.0,0.0,0.0,0.0,0.0
3410,0.0,0.0,0.0,0.0,0.0,0.0,0.0,0.0,0.0,0.0,0.0,0.0
3411,0.0,0.0,0.0,0.0,0.0,0.0,0.0,0.0,0.0,0.0,0.0,0.0
3418,0.0,0.0,0.0,0.0,0.0,0.0,0.0,0.0,0.0,0.0,0.0,0.0
3419,0.0,0.0,0.0,0.0,0.0,0.0,0.0,0.0,0.0,0.0,0.0,0.0
3443,0.0,0.0,0.0,0.0,0.0,0.0,0.0,0.0,0.0,0.0,0.0,0.0
3448,0.0,0.0,0.0,0.0,0.0,0.0,0.0,0.0,0.0,0.0,0.0,0.0
3455,0.0,0.0,0.0,0.0,0.0,0.0,0.0,0.0,0.0,0.0,0.0,0.0
3526,0.0,0.0,0.0,0.0,0.0,0.0,0.0,0.0,0.0,0.0,0.0,0.0
3527,0.0,0.0,0.0,0.0,0.0,0.0,0.0,0.0,0.0,0.0,0.0,0.0
3528,0.0,0.0,0.0,0.0,0.0,0.0,0.0,0.0,0.0,0.0,0.0,0.0
3529,0.0,0.0,0.0,0.0,0.0,0.0,0.0,0.0,0.0,0.0,0.0,0.0
3537,0.0,0.0,0.0,0.0,0.0,0.0,0.0,0.0,0.0,0.0,0.0,0.0
3538,0.0,0.0,0.0,0.0,0.0,0.0,0.0,0.0,0.0,0.0,0.0,0.0
3539,0.0,0.0,0.0,0.0,0.0,0.0,0.0,0.0,0.0,0.0,0.0,0.0
3540,0.0,0.0,0.0,0.0,0.0,0.0,0.0,0.0,0.0,0.0,0.0,0.0
3541,0.0,0.0,0.0,0.0,0.0,0.0,0.0,0.0,0.0,0.0,0.0,0.0
3542,0.0,0.0,0.0,0.0,0.0,0.0,0.0,0.0,0.0,0.0,0.0,0.0
3543,0.0,0.0,0.0,0.0,0.0,0.0,0.0,0.0,0.0,0.0,0.0,0.0
3544,0.0,0.0,0.0,0.0,0.0,0.0,0.0,0.0,0.0,0.0,0.0,0.0
3545,0.0,0.0,0.0,0.0,0.0,0.0,0.0,0.0,0.0,0.0,0.0,0.0
3546,0.0,0.0,0.0,0.0,0.0,0.0,0.0,0.0,0.0,0.0,0.0,0.0
3547,0.0,0.0,0.0,0.0,0.0,0.0,0.0,0.0,0.0,0.0,0.0,0.0
3548,0.0,0.0,0.0,0.0,0.0,0.0,0.0,0.0,0.0,0.0,0.0,0.0
3549,0.0,0.0,0.0,0.0,0.0,0.0,0.0,0.0,0.0,0.0,0.0,0.0
3550,0.0,0.0,0.0,0.0,0.0,0.0,0.0,0.0,0.0,0.0,0.0,0.0
3551,0.0,0.0,0.0,0.0,0.0,0.0,0.0,0.0,0.0,0.0,0.0,0.0
3591,0.0,0.0,0.0,0.0,0.0,0.0,0.0,0.0,0.0,0.0,0.0,0.0
3592,0.0,0.0,0.0,0.0,0.0,0.0,0.0,0.0,0.0,0.0,0.0,0.0
3593,0.0,0.0,0.0,0.0,0.0,0.0,0.0,0.0,0.0,0.0,0.0,0.0
3594,0.0,0.0,0.0,0.0,0.0,0.0,0.0,0.0,0.0,0.0,0.0,0.0
3596,0.0,0.0,0.0,0.0,0.0,0.0,0.0,0.0,0.0,0.0,0.0,0.0
3597,0.0,0.0,0.0,0.0,0.0,0.0,0.0,0.0,0.0,0.0,0.0,0.0
3598,0.0,0.0,0.0,0.0,0.0,0.0,0.0,0.0,0.0,0.0,0.0,0.0
3599,0.0,0.0,0.0,0.0,0.0,0.0,0.0,0.0,0.0,0.0,0.0,0.0
3600,0.0,0.0,0.0,0.0,0.0,0.0,0.0,0.0,0.0,0.0,0.0,0.0
3601,0.0,0.0,0.0,0.0,0.0,0.0,0.0,0.0,0.0,0.0,0.0,0.0
3602,0.0,0.0,0.0,0.0,0.0,0.0,0.0,0.0,0.0,0.0,0.0,0.0
3603,0.0,0.0,0.0,0.0,0.0,0.0,0.0,0.0,0.0,0.0,0.0,0.0
3605,0.0,0.0,0.0,0.0,0.0,0.0,0.0,0.0,0.0,0.0,0.0,0.0
3606,0.0,0.0,0.0,0.0,0.0,0.0,0.0,0.0,0.0,0.0,0.0,0.0
3607,0.0,0.0,0.0,0.0,0.0,0.0,0.0,0.0,0.0,0.0,0.0,0.0
3608,0.0,0.0,0.0,0.0,0.0,0.0,0.0,0.0,0.0,0.0,0.0,0.0
3609,0.0,0.0,0.0,0.0,0.0,0.0,0.0,0.0,0.0,0.0,0.0,0.0
3610,0.0,0.0,0.0,0.0,0.0,0.0,0.0,0.0,0.0,0.0,0.0,0.0
3611,0.0,0.0,0.0,0.0,0.0,0.0,0.0,0.0,0.0,0.0,0.0,0.0
3612,0.0,0.0,0.0,0.0,0.0,0.0,0.0,0.0,0.0,0.0,0.0,0.0
3615,0.0,0.0,0.0,0.0,0.0,0.0,0.0,0.0,0.0,0.0,0.0,0.0
3616,0.0,0.0,0.0,0.0,0.0,0.0,0.0,0.0,0.0,0.0,0.0,0.0
3617,0.0,0.0,0.0,0.0,0.0,0.0,0.0,0.0,0.0,0.0,0.0,0.0
3618,0.0,0.0,0.0,0.0,0.0,0.0,0.0,0.0,0.0,0.0,0.0,0.0
3619,0.0,0.0,0.0,0.0,0.0,0.0,0.0,0.0,0.0,0.0,0.0,0.0
3620,0.0,0.0,0.0,0.0,0.0,0.0,0.0,0.0,0.0,0.0,0.0,0.0
3621,0.0,0.0,0.0,0.0,0.0,0.0,0.0,0.0,0.0,0.0,0.0,0.0
3622,0.0,0.0,0.0,0.0,0.0,0.0,0.0,0.0,0.0,0.0,0.0,0.0
3623,0.0,0.0,0.0,0.0,0.0,0.0,0.0,0.0,0.0,0.0,0.0,0.0
3624,0.0,0.0,0.0,0.0,0.0,0.0,0.0,0.0,0.0,0.0,0.0,0.0
3625,0.0,0.0,0.0,0.0,0.0,0.0,0.0,0.0,0.0,0.0,0.0,0.0
3626,0.0,0.0,0.0,0.0,0.0,0.0,0.0,0.0,0.0,0.0,0.0,0.0
3627,0.0,0.0,0.0,0.0,0.0,0.0,0.0,0.0,0.0,0.0,0.0,0.0
3628,0.0,0.0,0.0,0.0,0.0,0.0,0.0,0.0,0.0,0.0,0.0,0.0
3629,0.0,0.0,0.0,0.0,0.0,0.0,0.0,0.0,0.0,0.0,0.0,0.0
3642,0.0,0.0,0.0,0.0,0.0,0.0,0.0,0.0,0.0,0.0,0.0,0.0
3643,0.0,0.0,0.0,0.0,0.0,0.0,0.0,0.0,0.0,0.0,0.0,0.0
3644,0.0,0.0,0.0,0.0,0.0,0.0,0.0,0.0,0.0,0.0,0.0,0.0
3645,0.0,0.0,0.0,0.0,0.0,0.0,0.0,0.0,0.0,0.0,0.0,0.0
3646,0.0,0.0,0.0,0.0,0.0,0.0,0.0,0.0,0.0,0.0,0.0,0.0
3647,0.0,0.0,0.0,0.0,0.0,0.0,0.0,0.0,0.0,0.0,0.0,0.0
3648,0.0,0.0,0.0,0.0,0.0,0.0,0.0,0.0,0.0,0.0,0.0,0.0
3649,0.0,0.0,0.0,0.0,0.0,0.0,0.0,0.0,0.0,0.0,0.0,0.0
3662,0.0,0.0,0.0,0.0,0.0,0.0,0.0,0.0,0.0,0.0,0.0,0.0
3663,0.0,0.0,0.0,0.0,0.0,0.0,0.0,0.0,0.0,0.0,0.0,0.0
3667,0.0,0.0,0.0,0.0,0.0,0.0,0.0,0.0,0.0,0.0,0.0,0.0
3668,0.0,0.0,0.0,0.0,0.0,0.0,0.0,0.0,0.0,0.0,0.0,0.0
3669,0.0,0.0,0.0,0.0,0.0,0.0,0.0,0.0,0.0,0.0,0.0,0.0
3670,0.0,0.0,0.0,0.0,0.0,0.0,0.0,0.0,0.0,0.0,0.0,0.0
3689,0.0,0.0,0.0,0.0,0.0,0.0,0.0,0.0,0.0,0.0,0.0,0.0
3690,0.0,0.0,0.0,0.0,0.0,0.0,0.0,0.0,0.0,0.0,0.0,0.0
3708,0.0,0.0,0.0,0.0,0.0,0.0,0.0,0.0,0.0,0.0,0.0,0.0
3770,0.0,0.0,0.0,0.0,0.0,0.0,0.0,0.0,0.0,0.0,0.0,0.0
3771,0.0,0.0,0.0,0.0,0.0,0.0,0.0,0.0,0.0,0.0,0.0,0.0
3772,0.0,0.0,0.0,0.0,0.0,0.0,0.0,0.0,0.0,0.0,0.0,0.0
3773,0.0,0.0,0.0,0.0,0.0,0.0,0.0,0.0,0.0,0.0,0.0,0.0
3774,0.0,0.0,0.0,0.0,0.0,0.0,0.0,0.0,0.0,0.0,0.0,0.0
3775,0.0,0.0,0.0,0.0,0.0,0.0,0.0,0.0,0.0,0.0,0.0,0.0
3776,0.0,0.0,0.0,0.0,0.0,0.0,0.0,0.0,0.0,0.0,0.0,0.0
3777,0.0,0.0,0.0,0.0,0.0,0.0,0.0,0.0,0.0,0.0,0.0,0.0
3778,0.0,0.0,0.0,0.0,0.0,0.0,0.0,0.0,0.0,0.0,0.0,0.0
3786,0.0,0.0,0.0,0.0,0.0,0.0,0.0,0.0,0.0,0.0,0.0,0.0
3787,0.0,0.0,0.0,0.0,0.0,0.0,0.0,0.0,0.0,0.0,0.0,0.0
3788,0.0,0.0,0.0,0.0,0.0,0.0,0.0,0.0,0.0,0.0,0.0,0.0
3789,0.0,0.0,0.0,0.0,0.0,0.0,0.0,0.0,0.0,0.0,0.0,0.0
3790,0.0,0.0,0.0,0.0,0.0,0.0,0.0,0.0,0.0,0.0,0.0,0.0
3791,0.0,0.0,0.0,0.0,0.0,0.0,0.0,0.0,0.0,0.0,0.0,0.0
3792,0.0,0.0,0.0,0.0,0.0,0.0,0.0,0.0,0.0,0.0,0.0,0.0
3793,0.0,0.0,0.0,0.0,0.0,0.0,0.0,0.0,0.0,0.0,0.0,0.0
3794,0.0,0.0,0.0,0.0,0.0,0.0,0.0,0.0,0.0,0.0,0.0,0.0
3795,0.0,0.0,0.0,0.0,0.0,0.0,0.0,0.0,0.0,0.0,0.0,0.0
3796,0.0,0.0,0.0,0.0,0.0,0.0,0.0,0.0,0.0,0.0,0.0,0.0
3798,0.0,0.0,0.0,0.0,0.0,0.0,0.0,0.0,0.0,0.0,0.0,0.0
3799,0.0,0.0,0.0,0.0,0.0,0.0,0.0,0.0,0.0,0.0,0.0,0.0
3800,0.0,0.0,0.0,0.0,0.0,0.0,0.0,0.0,0.0,0.0,0.0,0.0
3850,0.0,0.0,0.0,0.0,0.0,0.0,0.0,0.0,0.0,0.0,0.0,0.0
3851,0.0,0.0,0.0,0.0,0.0,0.0,0.0,0.0,0.0,0.0,0.0,0.0
3852,0.0,0.0,0.0,0.0,0.0,0.0,0.0,0.0,0.0,0.0,0.0,0.0
3853,0.0,0.0,0.0,0.0,0.0,0.0,0.0,0.0,0.0,0.0,0.0,0.0
3854,0.0,0.0,0.0,0.0,0.0,0.0,0.0,0.0,0.0,0.0,0.0,0.0
3855,0.0,0.0,0.0,0.0,0.0,0.0,0.0,0.0,0.0,0.0,0.0,0.0
3856,0.0,0.0,0.0,0.0,0.0,0.0,0.0,0.0,0.0,0.0,0.0,0.0
3857,0.0,0.0,0.0,0.0,0.0,0.0,0.0,0.0,0.0,0.0,0.0,0.0
3858,0.0,0.0,0.0,0.0,0.0,0.0,0.0,0.0,0.0,0.0,0.0,0.0
3865,0.0,0.0,0.0,0.0,0.0,0.0,0.0,0.0,0.0,0.0,0.0,0.0
3866,0.0,0.0,0.0,0.0,0.0,0.0,0.0,0.0,0.0,0.0,0.0,0.0
3875,0.0,0.0,0.0,0.0,0.0,0.0,0.0,0.0,0.0,0.0,0.0,0.0
3876,0.0,0.0,0.0,0.0,0.0,0.0,0.0,0.0,0.0,0.0,0.0,0.0
3877,0.0,0.0,0.0,0.0,0.0,0.0,0.0,0.0,0.0,0.0,0.0,0.0
3880,0.0,0.0,0.0,0.0,0.0,0.0,0.0,0.0,0.0,0.0,0.0,0.0
3881,0.0,0.0,0.0,0.0,0.0,0.0,0.0,0.0,0.0,0.0,0.0,0.0
3882,0.0,0.0,0.0,0.0,0.0,0.0,0.0,0.0,0.0,0.0,0.0,0.0
3886,0.0,0.0,0.0,0.0,0.0,0.0,0.0,0.0,0.0,0.0,0.0,0.0
3887,0.0,0.0,0.0,0.0,0.0,0.0,0.0,0.0,0.0,0.0,0.0,0.0
3888,0.0,0.0,0.0,0.0,0.0,0.0,0.0,0.0,0.0,0.0,0.0,0.0
3889,0.0,0.0,0.0,0.0,0.0,0.0,0.0,0.0,0.0,0.0,0.0,0.0
3890,0.0,0.0,0.0,0.0,0.0,0.0,0.0,0.0,0.0,0.0,0.0,0.0
3891,0.0,0.0,0.0,0.0,0.0,0.0,0.0,0.0,0.0,0.0,0.0,0.0
3892,0.0,0.0,0.0,0.0,0.0,0.0,0.0,0.0,0.0,0.0,0.0,0.0
3894,0.0,0.0,0.0,0.0,0.0,0.0,0.0,0.0,0.0,0.0,0.0,0.0
3895,0.0,0.0,0.0,0.0,0.0,0.0,0.0,0.0,0.0,0.0,0.0,0.0
3896,0.0,0.0,0.0,0.0,0.0,0.0,0.0,0.0,0.0,0.0,0.0,0.0
3897,0.0,0.0,0.0,0.0,0.0,0.0,0.0,0.0,0.0,0.0,0.0,0.0
3898,0.0,0.0,0.0,0.0,0.0,0.0,0.0,0.0,0.0,0.0,0.0,0.0
3899,0.0,0.0,0.0,0.0,0.0,0.0,0.0,0.0,0.0,0.0,0.0,0.0
3900,0.0,0.0,0.0,0.0,0.0,0.0,0.0,0.0,0.0,0.0,0.0,0.0
3901,0.0,0.0,0.0,0.0,0.0,0.0,0.0,0.0,0.0,0.0,0.0,0.0
3902,0.0,0.0,0.0,0.0,0.0,0.0,0.0,0.0,0.0,0.0,0.0,0.0
3903,0.0,0.0,0.0,0.0,0.0,0.0,0.0,0.0,0.0,0.0,0.0,0.0
3913,0.0,0.0,0.0,0.0,0.0,0.0,0.0,0.0,0.0,0.0,0.0,0.0
3914,0.0,0.0,0.0,0.0,0.0,0.0,0.0,0.0,0.0,0.0,0.0,0.0
3915,0.0,0.0,0.0,0.0,0.0,0.0,0.0,0.0,0.0,0.0,0.0,0.0
3916,0.0,0.0,0.0,0.0,0.0,0.0,0.0,0.0,0.0,0.0,0.0,0.0
3917,0.0,0.0,0.0,0.0,0.0,0.0,0.0,0.0,0.0,0.0,0.0,0.0
3923,0.0,0.0,0.0,0.0,0.0,0.0,0.0,0.0,0.0,0.0,0.0,0.0
3924,0.0,0.0,0.0,0.0,0.0,0.0,0.0,0.0,0.0,0.0,0.0,0.0
3925,0.0,0.0,0.0,0.0,0.0,0.0,0.0,0.0,0.0,0.0,0.0,0.0
3926,0.0,0.0,0.0,0.0,0.0,0.0,0.0,0.0,0.0,0.0,0.0,0.0
3927,0.0,0.0,0.0,0.0,0.0,0.0,0.0,0.0,0.0,0.0,0.0,0.0
3928,0.0,0.0,0.0,0.0,0.0,0.0,0.0,0.0,0.0,0.0,0.0,0.0
3930,0.0,0.0,0.0,0.0,0.0,0.0,0.0,0.0,0.0,0.0,0.0,0.0
3931,0.0,0.0,0.0,0.0,0.0,0.0,0.0,0.0,0.0,0.0,0.0,0.0
3943,0.0,0.0,0.0,0.0,0.0,0.0,0.0,0.0,0.0,0.0,0.0,0.0
3945,0.0,0.0,0.0,0.0,0.0,0.0,0.0,0.0,0.0,0.0,0.0,0.0
3951,0.0,0.0,0.0,0.0,0.0,0.0,0.0,0.0,0.0,0.0,0.0,0.0
3952,0.0,0.0,0.0,0.0,0.0,0.0,0.0,0.0,0.0,0.0,0.0,0.0
3954,0.0,0.0,0.0,0.0,0.0,0.0,0.0,0.0,0.0,0.0,0.0,0.0
3955,0.0,0.0,0.0,0.0,0.0,0.0,0.0,0.0,0.0,0.0,0.0,0.0
3958,0.0,0.0,0.0,0.0,0.0,0.0,0.0,0.0,0.0,0.0,0.0,0.0
3960,0.0,0.0,0.0,0.0,0.0,0.0,0.0,0.0,0.0,0.0,0.0,0.0
3971,0.0,0.0,0.0,0.0,0.0,0.0,0.0,0.0,0.0,0.0,0.0,0.0
3981,0.0,0.0,0.0,0.0,0.0,0.0,0.0,0.0,0.0,0.0,0.0,0.0
3982,0.0,0.0,0.0,0.0,0.0,0.0,0.0,0.0,0.0,0.0,0.0,0.0
3984,0.0,0.0,0.0,0.0,0.0,0.0,0.0,0.0,0.0,0.0,0.0,0.0
3987,0.0,0.0,0.0,0.0,0.0,0.0,0.0,0.0,0.0,0.0,0.0,0.0
3994,0.0,0.0,0.0,0.0,0.0,0.0,0.0,0.0,0.0,0.0,0.0,0.0
3995,0.0,0.0,0.0,0.0,0.0,0.0,0.0,0.0,0.0,0.0,0.0,0.0
4055,0.0,0.0,0.0,0.0,0.0,0.0,0.0,0.0,0.0,0.0,0.0,0.0
4056,0.0,0.0,0.0,0.0,0.0,0.0,0.0,0.0,0.0,0.0,0.0,0.0
4057,0.0,0.0,0.0,0.0,0.0,0.0,0.0,0.0,0.0,0.0,0.0,0.0
4058,0.0,0.0,0.0,0.0,0.0,0.0,0.0,0.0,0.0,0.0,0.0,0.0
4059,0.0,0.0,0.0,0.0,0.0,0.0,0.0,0.0,0.0,0.0,0.0,0.0
4060,0.0,0.0,0.0,0.0,0.0,0.0,0.0,0.0,0.0,0.0,0.0,0.0
4061,0.0,0.0,0.0,0.0,0.0,0.0,0.0,0.0,0.0,0.0,0.0,0.0
4062,0.0,0.0,0.0,0.0,0.0,0.0,0.0,0.0,0.0,0.0,0.0,0.0
4063,0.0,0.0,0.0,0.0,0.0,0.0,0.0,0.0,0.0,0.0,0.0,0.0
4070,0.0,0.0,0.0,0.0,0.0,0.0,0.0,0.0,0.0,0.0,0.0,0.0
4072,0.0,0.0,0.0,0.0,0.0,0.0,0.0,0.0,0.0,0.0,0.0,0.0
4073,0.0,0.0,0.0,0.0,0.0,0.0,0.0,0.0,0.0,0.0,0.0,0.0
4074,0.0,0.0,0.0,0.0,0.0,0.0,0.0,0.0,0.0,0.0,0.0,0.0
4075,0.0,0.0,0.0,0.0,0.0,0.0,0.0,0.0,0.0,0.0,0.0,0.0
4076,0.0,0.0,0.0,0.0,0.0,0.0,0.0,0.0,0.0,0.0,0.0,0.0
4077,0.0,0.0,0.0,0.0,0.0,0.0,0.0,0.0,0.0,0.0,0.0,0.0
4078,0.0,0.0,0.0,0.0,0.0,0.0,0.0,0.0,0.0,0.0,0.0,0.0
4079,0.0,0.0,0.0,0.0,0.0,0.0,0.0,0.0,0.0,0.0,0.0,0.0
4080,0.0,0.0,0.0,0.0,0.0,0.0,0.0,0.0,0.0,0.0,0.0,0.0
4081,0.0,0.0,0.0,0.0,0.0,0.0,0.0,0.0,0.0,0.0,0.0,0.0
4082,0.0,0.0,0.0,0.0,0.0,0.0,0.0,0.0,0.0,0.0,0.0,0.0
4083,0.0,0.0,0.0,0.0,0.0,0.0,0.0,0.0,0.0,0.0,0.0,0.0
4084,0.0,0.0,0.0,0.0,0.0,0.0,0.0,0.0,0.0,0.0,0.0,0.0
4085,0.0,0.0,0.0,0.0,0.0,0.0,0.0,0.0,0.0,0.0,0.0,0.0
4088,0.0,0.0,0.0,0.0,0.0,0.0,0.0,0.0,0.0,0.0,0.0,0.0
4137,0.0,0.0,0.0,0.0,0.0,0.0,0.0,0.0,0.0,0.0,0.0,0.0
4138,0.0,0.0,0.0,0.0,0.0,0.0,0.0,0.0,0.0,0.0,0.0,0.0
4166,0.0,0.0,0.0,0.0,0.0,0.0,0.0,0.0,0.0,0.0,0.0,0.0
4167,0.0,0.0,0.0,0.0,0.0,0.0,0.0,0.0,0.0,0.0,0.0,0.0
4168,0.0,0.0,0.0,0.0,0.0,0.0,0.0,0.0,0.0,0.0,0.0,0.0
4169,0.0,0.0,0.0,0.0,0.0,0.0,0.0,0.0,0.0,0.0,0.0,0.0
4170,0.0,0.0,0.0,0.0,0.0,0.0,0.0,0.0,0.0,0.0,0.0,0.0
4171,0.0,0.0,0.0,0.0,0.0,0.0,0.0,0.0,0.0,0.0,0.0,0.0
4172,0.0,0.0,0.0,0.0,0.0,0.0,0.0,0.0,0.0,0.0,0.0,0.0
4173,0.0,0.0,0.0,0.0,0.0,0.0,0.0,0.0,0.0,0.0,0.0,0.0
4184,0.0,0.0,0.0,0.0,0.0,0.0,0.0,0.0,0.0,0.0,0.0,0.0
4185,0.0,0.0,0.0,0.0,0.0,0.0,0.0,0.0,0.0,0.0,0.0,0.0
4187,0.0,0.0,0.0,0.0,0.0,0.0,0.0,0.0,0.0,0.0,0.0,0.0
4188,0.0,0.0,0.0,0.0,0.0,0.0,0.0,0.0,0.0,0.0,0.0,0.0
4189,0.0,0.0,0.0,0.0,0.0,0.0,0.0,0.0,0.0,0.0,0.0,0.0
4190,0.0,0.0,0.0,0.0,0.0,0.0,0.0,0.0,0.0,0.0,0.0,0.0
4191,0.0,0.0,0.0,0.0,0.0,0.0,0.0,0.0,0.0,0.0,0.0,0.0
4192,0.0,0.0,0.0,0.0,0.0,0.0,0.0,0.0,0.0,0.0,0.0,0.0
4193,0.0,0.0,0.0,0.0,0.0,0.0,0.0,0.0,0.0,0.0,0.0,0.0
4194,0.0,0.0,0.0,0.0,0.0,0.0,0.0,0.0,0.0,0.0,0.0,0.0
4195,0.0,0.0,0.0,0.0,0.0,0.0,0.0,0.0,0.0,0.0,0.0,0.0
4197,0.0,0.0,0.0,0.0,0.0,0.0,0.0,0.0,0.0,0.0,0.0,0.0
4198,0.0,0.0,0.0,0.0,0.0,0.0,0.0,0.0,0.0,0.0,0.0,0.0
4207,0.0,0.0,0.0,0.0,0.0,0.0,0.0,0.0,0.0,0.0,0.0,0.0
4208,0.0,0.0,0.0,0.0,0.0,0.0,0.0,0.0,0.0,0.0,0.0,0.0
4209,0.0,0.0,0.0,0.0,0.0,0.0,0.0,0.0,0.0,0.0,0.0,0.0
4210,0.0,0.0,0.0,0.0,0.0,0.0,0.0,0.0,0.0,0.0,0.0,0.0
4220,0.0,0.0,0.0,0.0,0.0,0.0,0.0,0.0,0.0,0.0,0.0,0.0
4223,0.0,0.0,0.0,0.0,0.0,0.0,0.0,0.0,0.0,0.0,0.0,0.0
4224,0.0,0.0,0.0,0.0,0.0,0.0,0.0,0.0,0.0,0.0,0.0,0.0
4229,0.0,0.0,0.0,0.0,0.0,0.0,0.0,0.0,0.0,0.0,0.0,0.0
4230,0.0,0.0,0.0,0.0,0.0,0.0,0.0,0.0,0.0,0.0,0.0,0.0
4236,0.0,0.0,0.0,0.0,0.0,0.0,0.0,0.0,0.0,0.0,0.0,0.0
4239,0.0,0.0,0.0,0.0,0.0,0.0,0.0,0.0,0.0,0.0,0.0,0.0
4240,0.0,0.0,0.0,0.0,0.0,0.0,0.0,0.0,0.0,0.0,0.0,0.0
4241,0.0,0.0,0.0,0.0,0.0,0.0,0.0,0.0,0.0,0.0,0.0,0.0
4248,0.0,0.0,0.0,0.0,0.0,0.0,0.0,0.0,0.0,0.0,0.0,0.0
4249,0.0,0.0,0.0,0.0,0.0,0.0,0.0,0.0,0.0,0.0,0.0,0.0
4253,0.0,0.0,0.0,0.0,0.0,0.0,0.0,0.0,0.0,0.0,0.0,0.0
4263,0.0,0.0,0.0,0.0,0.0,0.0,0.0,0.0,0.0,0.0,0.0,0.0
4264,0.0,0.0,0.0,0.0,0.0,0.0,0.0,0.0,0.0,0.0,0.0,0.0
4265,0.0,0.0,0.0,0.0,0.0,0.0,0.0,0.0,0.0,0.0,0.0,0.0
4271,0.0,0.0,0.0,0.0,0.0,0.0,0.0,0.0,0.0,0.0,0.0,0.0
4272,0.0,0.0,0.0,0.0,0.0,0.0,0.0,0.0,0.0,0.0,0.0,0.0
4273,0.0,0.0,0.0,0.0,0.0,0.0,0.0,0.0,0.0,0.0,0.0,0.0
4274,0.0,0.0,0.0,0.0,0.0,0.0,0.0,0.0,0.0,0.0,0.0,0.0
4275,0.0,0.0,0.0,0.0,0.0,0.0,0.0,0.0,0.0,0.0,0.0,0.0
4276,0.0,0.0,0.0,0.0,0.0,0.0,0.0,0.0,0.0,0.0,0.0,0.0
4277,0.0,0.0,0.0,0.0,0.0,0.0,0.0,0.0,0.0,0.0,0.0,0.0
4286,0.0,0.0,0.0,0.0,0.0,0.0,0.0,0.0,0.0,0.0,0.0,0.0
4287,0.0,0.0,0.0,0.0,0.0,0.0,0.0,0.0,0.0,0.0,0.0,0.0
4288,0.0,0.0,0.0,0.0,0.0,0.0,0.0,0.0,0.0,0.0,0.0,0.0
4289,0.0,0.0,0.0,0.0,0.0,0.0,0.0,0.0,0.0,0.0,0.0,0.0
4290,0.0,0.0,0.0,0.0,0.0,0.0,0.0,0.0,0.0,0.0,0.0,0.0
4349,0.0,0.0,0.0,0.0,0.0,0.0,0.0,0.0,0.0,0.0,0.0,0.0
4350,0.0,0.0,0.0,0.0,0.0,0.0,0.0,0.0,0.0,0.0,0.0,0.0
4351,0.0,0.0,0.0,0.0,0.0,0.0,0.0,0.0,0.0,0.0,0.0,0.0
4352,0.0,0.0,0.0,0.0,0.0,0.0,0.0,0.0,0.0,0.0,0.0,0.0
4353,0.0,0.0,0.0,0.0,0.0,0.0,0.0,0.0,0.0,0.0,0.0,0.0
4354,0.0,0.0,0.0,0.0,0.0,0.0,0.0,0.0,0.0,0.0,0.0,0.0
4355,0.0,0.0,0.0,0.0,0.0,0.0,0.0,0.0,0.0,0.0,0.0,0.0
4362,0.0,0.0,0.0,0.0,0.0,0.0,0.0,0.0,0.0,0.0,0.0,0.0
4363,0.0,0.0,0.0,0.0,0.0,0.0,0.0,0.0,0.0,0.0,0.0,0.0
4371,0.0,0.0,0.0,0.0,0.0,0.0,0.0,0.0,0.0,0.0,0.0,0.0
4372,0.0,0.0,0.0,0.0,0.0,0.0,0.0,0.0,0.0,0.0,0.0,0.0
4373,0.0,0.0,0.0,0.0,0.0,0.0,0.0,0.0,0.0,0.0,0.0,0.0
4374,0.0,0.0,0.0,0.0,0.0,0.0,0.0,0.0,0.0,0.0,0.0,0.0
4375,0.0,0.0,0.0,0.0,0.0,0.0,0.0,0.0,0.0,0.0,0.0,0.0
4376,0.0,0.0,0.0,0.0,0.0,0.0,0.0,0.0,0.0,0.0,0.0,0.0
4377,0.0,0.0,0.0,0.0,0.0,0.0,0.0,0.0,0.0,0.0,0.0,0.0
4378,0.0,0.0,0.0,0.0,0.0,0.0,0.0,0.0,0.0,0.0,0.0,0.0
4379,0.0,0.0,0.0,0.0,0.0,0.0,0.0,0.0,0.0,0.0,0.0,0.0
4380,0.0,0.0,0.0,0.0,0.0,0.0,0.0,0.0,0.0,0.0,0.0,0.0
4381,0.0,0.0,0.0,0.0,0.0,0.0,0.0,0.0,0.0,0.0,0.0,0.0
4382,0.0,0.0,0.0,0.0,0.0,0.0,0.0,0.0,0.0,0.0,0.0,0.0
4383,0.0,0.0,0.0,0.0,0.0,0.0,0.0,0.0,0.0,0.0,0.0,0.0
4384,0.0,0.0,0.0,0.0,0.0,0.0,0.0,0.0,0.0,0.0,0.0,0.0
4385,0.0,0.0,0.0,0.0,0.0,0.0,0.0,0.0,0.0,0.0,0.0,0.0
4386,0.0,0.0,0.0,0.0,0.0,0.0,0.0,0.0,0.0,0.0,0.0,0.0
4479,0.0,0.0,0.0,0.0,0.0,0.0,0.0,0.0,0.0,0.0,0.0,0.0
4480,0.0,0.0,0.0,0.0,0.0,0.0,0.0,0.0,0.0,0.0,0.0,0.0
4482,0.0,0.0,0.0,0.0,0.0,0.0,0.0,0.0,0.0,0.0,0.0,0.0
4483,0.0,0.0,0.0,0.0,0.0,0.0,0.0,0.0,0.0,0.0,0.0,0.0
4484,0.0,0.0,0.0,0.0,0.0,0.0,0.0,0.0,0.0,0.0,0.0,0.0
4493,0.0,0.0,0.0,0.0,0.0,0.0,0.0,0.0,0.0,0.0,0.0,0.0
4494,0.0,0.0,0.0,0.0,0.0,0.0,0.0,0.0,0.0,0.0,0.0,0.0
4495,0.0,0.0,0.0,0.0,0.0,0.0,0.0,0.0,0.0,0.0,0.0,0.0
4496,0.0,0.0,0.0,0.0,0.0,0.0,0.0,0.0,0.0,0.0,0.0,0.0
4497,0.0,0.0,0.0,0.0,0.0,0.0,0.0,0.0,0.0,0.0,0.0,0.0
4498,0.0,0.0,0.0,0.0,0.0,0.0,0.0,0.0,0.0,0.0,0.0,0.0
4499,0.0,0.0,0.0,0.0,0.0,0.0,0.0,0.0,0.0,0.0,0.0,0.0
4500,0.0,0.0,0.0,0.0,0.0,0.0,0.0,0.0,0.0,0.0,0.0,0.0
4501,0.0,0.0,0.0,0.0,0.0,0.0,0.0,0.0,0.0,0.0,0.0,0.0
4502,0.0,0.0,0.0,0.0,0.0,0.0,0.0,0.0,0.0,0.0,0.0,0.0
4503,0.0,0.0,0.0,0.0,0.0,0.0,0.0,0.0,0.0,0.0,0.0,0.0
4505,0.0,0.0,0.0,0.0,0.0,0.0,0.0,0.0,0.0,0.0,0.0,0.0
4507,0.0,0.0,0.0,0.0,0.0,0.0,0.0,0.0,0.0,0.0,0.0,0.0
4508,0.0,0.0,0.0,0.0,0.0,0.0,0.0,0.0,0.0,0.0,0.0,0.0
4515,0.0,0.0,0.0,0.0,0.0,0.0,0.0,0.0,0.0,0.0,0.0,0.0
4516,0.0,0.0,0.0,0.0,0.0,0.0,0.0,0.0,0.0,0.0,0.0,0.0
4518,0.0,0.0,0.0,0.0,0.0,0.0,0.0,0.0,0.0,0.0,0.0,0.0
4519,0.0,0.0,0.0,0.0,0.0,0.0,0.0,0.0,0.0,0.0,0.0,0.0
4520,0.0,0.0,0.0,0.0,0.0,0.0,0.0,0.0,0.0,0.0,0.0,0.0
4539,0.0,0.0,0.0,0.0,0.0,0.0,0.0,0.0,0.0,0.0,0.0,0.0
4540,0.0,0.0,0.0,0.0,0.0,0.0,0.0,0.0,0.0,0.0,0.0,0.0
4541,0.0,0.0,0.0,0.0,0.0,0.0,0.0,0.0,0.0,0.0,0.0,0.0
4546,0.0,0.0,0.0,0.0,0.0,0.0,0.0,0.0,0.0,0.0,0.0,0.0
4547,0.0,0.0,0.0,0.0,0.0,0.0,0.0,0.0,0.0,0.0,0.0,0.0
4548,0.0,0.0,0.0,0.0,0.0,0.0,0.0,0.0,0.0,0.0,0.0,0.0
4551,0.0,0.0,0.0,0.0,0.0,0.0,0.0,0.0,0.0,0.0,0.0,0.0
4552,0.0,0.0,0.0,0.0,0.0,0.0,0.0,0.0,0.0,0.0,0.0,0.0
4553,0.0,0.0,0.0,0.0,0.0,0.0,0.0,0.0,0.0,0.0,0.0,0.0
4554,0.0,0.0,0.0,0.0,0.0,0.0,0.0,0.0,0.0,0.0,0.0,0.0
4555,0.0,0.0,0.0,0.0,0.0,0.0,0.0,0.0,0.0,0.0,0.0,0.0
4556,0.0,0.0,0.0,0.0,0.0,0.0,0.0,0.0,0.0,0.0,0.0,0.0
4557,0.0,0.0,0.0,0.0,0.0,0.0,0.0,0.0,0.0,0.0,0.0,0.0
4558,0.0,0.0,0.0,0.0,0.0,0.0,0.0,0.0,0.0,0.0,0.0,0.0
4559,0.0,0.0,0.0,0.0,0.0,0.0,0.0,0.0,0.0,0.0,0.0,0.0
4569,0.0,0.0,0.0,0.0,0.0,0.0,0.0,0.0,0.0,0.0,0.0,0.0
4570,0.0,0.0,0.0,0.0,0.0,0.0,0.0,0.0,0.0,0.0,0.0,0.0
4571,0.0,0.0,0.0,0.0,0.0,0.0,0.0,0.0,0.0,0.0,0.0,0.0
4584,0.0,0.0,0.0,0.0,0.0,0.0,0.0,0.0,0.0,0.0,0.0,0.0
4591,0.0,0.0,0.0,0.0,0.0,0.0,0.0,0.0,0.0,0.0,0.0,0.0
4596,0.0,0.0,0.0,0.0,0.0,0.0,0.0,0.0,0.0,0.0,0.0,0.0
4597,0.0,0.0,0.0,0.0,0.0,0.0,0.0,0.0,0.0,0.0,0.0,0.0
4598,0.0,0.0,0.0,0.0,0.0,0.0,0.0,0.0,0.0,0.0,0.0,0.0
4659,0.0,0.0,0.0,0.0,0.0,0.0,0.0,0.0,0.0,0.0,0.0,0.0
4660,0.0,0.0,0.0,0.0,0.0,0.0,0.0,0.0,0.0,0.0,0.0,0.0
4661,0.0,0.0,0.0,0.0,0.0,0.0,0.0,0.0,0.0,0.0,0.0,0.0
4662,0.0,0.0,0.0,0.0,0.0,0.0,0.0,0.0,0.0,0.0,0.0,0.0
4669,0.0,0.0,0.0,0.0,0.0,0.0,0.0,0.0,0.0,0.0,0.0,0.0
4670,0.0,0.0,0.0,0.0,0.0,0.0,0.0,0.0,0.0,0.0,0.0,0.0
4678,0.0,0.0,0.0,0.0,0.0,0.0,0.0,0.0,0.0,0.0,0.0,0.0
4679,0.0,0.0,0.0,0.0,0.0,0.0,0.0,0.0,0.0,0.0,0.0,0.0
4680,0.0,0.0,0.0,0.0,0.0,0.0,0.0,0.0,0.0,0.0,0.0,0.0
4681,0.0,0.0,0.0,0.0,0.0,0.0,0.0,0.0,0.0,0.0,0.0,0.0
4682,0.0,0.0,0.0,0.0,0.0,0.0,0.0,0.0,0.0,0.0,0.0,0.0
4684,0.0,0.0,0.0,0.0,0.0,0.0,0.0,0.0,0.0,0.0,0.0,0.0
4685,0.0,0.0,0.0,0.0,0.0,0.0,0.0,0.0,0.0,0.0,0.0,0.0
4686,0.0,0.0,0.0,0.0,0.0,0.0,0.0,0.0,0.0,0.0,0.0,0.0
4687,0.0,0.0,0.0,0.0,0.0,0.0,0.0,0.0,0.0,0.0,0.0,0.0
4688,0.0,0.0,0.0,0.0,0.0,0.0,0.0,0.0,0.0,0.0,0.0,0.0
4689,0.0,0.0,0.0,0.0,0.0,0.0,0.0,0.0,0.0,0.0,0.0,0.0
4695,0.0,0.0,0.0,0.0,0.0,0.0,0.0,0.0,0.0,0.0,0.0,0.0
4696,0.0,0.0,0.0,0.0,0.0,0.0,0.0,0.0,0.0,0.0,0.0,0.0
4697,0.0,0.0,0.0,0.0,0.0,0.0,0.0,0.0,0.0,0.0,0.0,0.0
4698,0.0,0.0,0.0,0.0,0.0,0.0,0.0,0.0,0.0,0.0,0.0,0.0
4699,0.0,0.0,0.0,0.0,0.0,0.0,0.0,0.0,0.0,0.0,0.0,0.0
4790,0.0,0.0,0.0,0.0,0.0,0.0,0.0,0.0,0.0,0.0,0.0,0.0
4791,0.0,0.0,0.0,0.0,0.0,0.0,0.0,0.0,0.0,0.0,0.0,0.0
4792,0.0,0.0,0.0,0.0,0.0,0.0,0.0,0.0,0.0,0.0,0.0,0.0
4793,0.0,0.0,0.0,0.0,0.0,0.0,0.0,0.0,0.0,0.0,0.0,0.0
4794,0.0,0.0,0.0,0.0,0.0,0.0,0.0,0.0,0.0,0.0,0.0,0.0
4796,0.0,0.0,0.0,0.0,0.0,0.0,0.0,0.0,0.0,0.0,0.0,0.0
4797,0.0,0.0,0.0,0.0,0.0,0.0,0.0,0.0,0.0,0.0,0.0,0.0
4798,0.0,0.0,0.0,0.0,0.0,0.0,0.0,0.0,0.0,0.0,0.0,0.0
4799,0.0,0.0,0.0,0.0,0.0,0.0,0.0,0.0,0.0,0.0,0.0,0.0
4800,0.0,0.0,0.0,0.0,0.0,0.0,0.0,0.0,0.0,0.0,0.0,0.0
4801,0.0,0.0,0.0,0.0,0.0,0.0,0.0,0.0,0.0,0.0,0.0,0.0
4802,0.0,0.0,0.0,0.0,0.0,0.0,0.0,0.0,0.0,0.0,0.0,0.0
4803,0.0,0.0,0.0,0.0,0.0,0.0,0.0,0.0,0.0,0.0,0.0,0.0
4804,0.0,0.0,0.0,0.0,0.0,0.0,0.0,0.0,0.0,0.0,0.0,0.0
4815,0.0,0.0,0.0,0.0,0.0,0.0,0.0,0.0,0.0,0.0,0.0,0.0
4816,0.0,0.0,0.0,0.0,0.0,0.0,0.0,0.0,0.0,0.0,0.0,0.0
4817,0.0,0.0,0.0,0.0,0.0,0.0,0.0,0.0,0.0,0.0,0.0,0.0
4823,0.0,0.0,0.0,0.0,0.0,0.0,0.0,0.0,0.0,0.0,0.0,0.0
4824,0.0,0.0,0.0,0.0,0.0,0.0,0.0,0.0,0.0,0.0,0.0,0.0
4825,0.0,0.0,0.0,0.0,0.0,0.0,0.0,0.0,0.0,0.0,0.0,0.0
4826,0.0,0.0,0.0,0.0,0.0,0.0,0.0,0.0,0.0,0.0,0.0,0.0
4827,0.0,0.0,0.0,0.0,0.0,0.0,0.0,0.0,0.0,0.0,0.0,0.0
4828,0.0,0.0,0.0,0.0,0.0,0.0,0.0,0.0,0.0,0.0,0.0,0.0
4829,0.0,0.0,0.0,0.0,0.0,0.0,0.0,0.0,0.0,0.0,0.0,0.0
4830,0.0,0.0,0.0,0.0,0.0,0.0,0.0,0.0,0.0,0.0,0.0,0.0
4832,0.0,0.0,0.0,0.0,0.0,0.0,0.0,0.0,0.0,0.0,0.0,0.0
4833,0.0,0.0,0.0,0.0,0.0,0.0,0.0,0.0,0.0,0.0,0.0,0.0
4834,0.0,0.0,0.0,0.0,0.0,0.0,0.0,0.0,0.0,0.0,0.0,0.0
4835,0.0,0.0,0.0,0.0,0.0,0.0,0.0,0.0,0.0,0.0,0.0,0.0
4836,0.0,0.0,0.0,0.0,0.0,0.0,0.0,0.0,0.0,0.0,0.0,0.0
4837,0.0,0.0,0.0,0.0,0.0,0.0,0.0,0.0,0.0,0.0,0.0,0.0
4838,0.0,0.0,0.0,0.0,0.0,0.0,0.0,0.0,0.0,0.0,0.0,0.0
4839,0.0,0.0,0.0,0.0,0.0,0.0,0.0,0.0,0.0,0.0,0.0,0.0
4840,0.0,0.0,0.0,0.0,0.0,0.0,0.0,0.0,0.0,0.0,0.0,0.0
4841,0.0,0.0,0.0,0.0,0.0,0.0,0.0,0.0,0.0,0.0,0.0,0.0
4842,0.0,0.0,0.0,0.0,0.0,0.0,0.0,0.0,0.0,0.0,0.0,0.0
4843,0.0,0.0,0.0,0.0,0.0,0.0,0.0,0.0,0.0,0.0,0.0,0.0
4844,0.0,0.0,0.0,0.0,0.0,0.0,0.0,0.0,0.0,0.0,0.0,0.0
4845,0.0,0.0,0.0,0.0,0.0,0.0,0.0,0.0,0.0,0.0,0.0,0.0
4846,0.0,0.0,0.0,0.0,0.0,0.0,0.0,0.0,0.0,0.0,0.0,0.0
4847,0.0,0.0,0.0,0.0,0.0,0.0,0.0,0.0,0.0,0.0,0.0,0.0
4848,0.0,0.0,0.0,0.0,0.0,0.0,0.0,0.0,0.0,0.0,0.0,0.0
4849,0.0,0.0,0.0,0.0,0.0,0.0,0.0,0.0,0.0,0.0,0.0,0.0
4872,0.0,0.0,0.0,0.0,0.0,0.0,0.0,0.0,0.0,0.0,0.0,0.0
4873,0.0,0.0,0.0,0.0,0.0,0.0,0.0,0.0,0.0,0.0,0.0,0.0
4874,0.0,0.0,0.0,0.0,0.0,0.0,0.0,0.0,0.0,0.0,0.0,0.0
4875,0.0,0.0,0.0,0.0,0.0,0.0,0.0,0.0,0.0,0.0,0.0,0.0
4876,0.0,0.0,0.0,0.0,0.0,0.0,0.0,0.0,0.0,0.0,0.0,0.0
4877,0.0,0.0,0.0,0.0,0.0,0.0,0.0,0.0,0.0,0.0,0.0,0.0
4882,0.0,0.0,0.0,0.0,0.0,0.0,0.0,0.0,0.0,0.0,0.0,0.0
4890,0.0,0.0,0.0,0.0,0.0,0.0,0.0,0.0,0.0,0.0,0.0,0.0
4891,0.0,0.0,0.0,0.0,0.0,0.0,0.0,0.0,0.0,0.0,0.0,0.0
4892,0.0,0.0,0.0,0.0,0.0,0.0,0.0,0.0,0.0,0.0,0.0,0.0
4893,0.0,0.0,0.0,0.0,0.0,0.0,0.0,0.0,0.0,0.0,0.0,0.0
4920,0.0,0.0,0.0,0.0,0.0,0.0,0.0,0.0,0.0,0.0,0.0,0.0
4922,0.0,0.0,0.0,0.0,0.0,0.0,0.0,0.0,0.0,0.0,0.0,0.0
4923,0.0,0.0,0.0,0.0,0.0,0.0,0.0,0.0,0.0,0.0,0.0,0.0
4979,0.0,0.0,0.0,0.0,0.0,0.0,0.0,0.0,0.0,0.0,0.0,0.0
4981,0.0,0.0,0.0,0.0,0.0,0.0,0.0,0.0,0.0,0.0,0.0,0.0
4986,0.0,0.0,0.0,0.0,0.0,0.0,0.0,0.0,0.0,0.0,0.0,0.0
4987,0.0,0.0,0.0,0.0,0.0,0.0,0.0,0.0,0.0,0.0,0.0,0.0
4990,0.0,0.0,0.0,0.0,0.0,0.0,0.0,0.0,0.0,0.0,0.0,0.0
4992,0.0,0.0,0.0,0.0,0.0,0.0,0.0,0.0,0.0,0.0,0.0,0.0
4993,0.0,0.0,0.0,0.0,0.0,0.0,0.0,0.0,0.0,0.0,0.0,0.0
4995,0.0,0.0,0.0,0.0,0.0,0.0,0.0,0.0,0.0,0.0,0.0,0.0
5000,0.0,0.0,0.0,0.0,0.0,0.0,0.0,0.0,0.0,0.0,0.0,0.0
5002,0.0,0.0,0.0,0.0,0.0,0.0,0.0,0.0,0.0,0.0,0.0,0.0
5003,0.0,0.0,0.0,0.0,0.0,0.0,0.0,0.0,0.0,0.0,0.0,0.0
5004,0.0,0.0,0.0,0.0,0.0,0.0,0.0,0.0,0.0,0.0,0.0,0.0
5012,0.0,0.0,0.0,0.0,0.0,0.0,0.0,0.0,0.0,0.0,0.0,0.0
5013,0.0,0.0,0.0,0.0,0.0,0.0,0.0,0.0,0.0,0.0,0.0,0.0
5014,0.0,0.0,0.0,0.0,0.0,0.0,0.0,0.0,0.0,0.0,0.0,0.0
5015,0.0,0.0,0.0,0.0,0.0,0.0,0.0,0.0,0.0,0.0,0.0,0.0
5019,0.0,0.0,0.0,0.0,0.0,0.0,0.0,0.0,0.0,0.0,0.0,0.0
5020,0.0,0.0,0.0,0.0,0.0,0.0,0.0,0.0,0.0,0.0,0.0,0.0
5021,0.0,0.0,0.0,0.0,0.0,0.0,0.0,0.0,0.0,0.0,0.0,0.0
5022,0.0,0.0,0.0,0.0,0.0,0.0,0.0,0.0,0.0,0.0,0.0,0.0
5023,0.0,0.0,0.0,0.0,0.0,0.0,0.0,0.0,0.0,0.0,0.0,0.0
5024,0.0,0.0,0.0,0.0,0.0,0.0,0.0,0.0,0.0,0.0,0.0,0.0
5025,0.0,0.0,0.0,0.0,0.0,0.0,0.0,0.0,0.0,0.0,0.0,0.0
5033,0.0,0.0,0.0,0.0,0.0,0.0,0.0,0.0,0.0,0.0,0.0,0.0
5034,0.0,0.0,0.0,0.0,0.0,0.0,0.0,0.0,0.0,0.0,0.0,0.0
5035,0.0,0.0,0.0,0.0,0.0,0.0,0.0,0.0,0.0,0.0,0.0,0.0
5128,0.0,0.0,0.0,0.0,0.0,0.0,0.0,0.0,0.0,0.0,0.0,0.0
5129,0.0,0.0,0.0,0.0,0.0,0.0,0.0,0.0,0.0,0.0,0.0,0.0
5130,0.0,0.0,0.0,0.0,0.0,0.0,0.0,0.0,0.0,0.0,0.0,0.0
5134,0.0,0.0,0.0,0.0,0.0,0.0,0.0,0.0,0.0,0.0,0.0,0.0
5135,0.0,0.0,0.0,0.0,0.0,0.0,0.0,0.0,0.0,0.0,0.0,0.0
5136,0.0,0.0,0.0,0.0,0.0,0.0,0.0,0.0,0.0,0.0,0.0,0.0
5141,0.0,0.0,0.0,0.0,0.0,0.0,0.0,0.0,0.0,0.0,0.0,0.0
5142,0.0,0.0,0.0,0.0,0.0,0.0,0.0,0.0,0.0,0.0,0.0,0.0
5143,0.0,0.0,0.0,0.0,0.0,0.0,0.0,0.0,0.0,0.0,0.0,0.0
5168,0.0,0.0,0.0,0.0,0.0,0.0,0.0,0.0,0.0,0.0,0.0,0.0
5169,0.0,0.0,0.0,0.0,0.0,0.0,0.0,0.0,0.0,0.0,0.0,0.0
5170,0.0,0.0,0.0,0.0,0.0,0.0,0.0,0.0,0.0,0.0,0.0,0.0
5172,0.0,0.0,0.0,0.0,0.0,0.0,0.0,0.0,0.0,0.0,0.0,0.0
5173,0.0,0.0,0.0,0.0,0.0,0.0,0.0,0.0,0.0,0.0,0.0,0.0
5174,0.0,0.0,0.0,0.0,0.0,0.0,0.0,0.0,0.0,0.0,0.0,0.0
5175,0.0,0.0,0.0,0.0,0.0,0.0,0.0,0.0,0.0,0.0,0.0,0.0
5176,0.0,0.0,0.0,0.0,0.0,0.0,0.0,0.0,0.0,0.0,0.0,0.0
5177,0.0,0.0,0.0,0.0,0.0,0.0,0.0,0.0,0.0,0.0,0.0,0.0
5178,0.0,0.0,0.0,0.0,0.0,0.0,0.0,0.0,0.0,0.0,0.0,0.0
5179,0.0,0.0,0.0,0.0,0.0,0.0,0.0,0.0,0.0,0.0,0.0,0.0
5180,0.0,0.0,0.0,0.0,0.0,0.0,0.0,0.0,0.0,0.0,0.0,0.0
5181,0.0,0.0,0.0,0.0,0.0,0.0,0.0,0.0,0.0,0.0,0.0,0.0
5182,0.0,0.0,0.0,0.0,0.0,0.0,0.0,0.0,0.0,0.0,0.0,0.0
5183,0.0,0.0,0.0,0.0,0.0,0.0,0.0,0.0,0.0,0.0,0.0,0.0
5184,0.0,0.0,0.0,0.0,0.0,0.0,0.0,0.0,0.0,0.0,0.0,0.0
5185,0.0,0.0,0.0,0.0,0.0,0.0,0.0,0.0,0.0,0.0,0.0,0.0
5186,0.0,0.0,0.0,0.0,0.0,0.0,0.0,0.0,0.0,0.0,0.0,0.0
5187,0.0,0.0,0.0,0.0,0.0,0.0,0.0,0.0,0.0,0.0,0.0,0.0
5188,0.0,0.0,0.0,0.0,0.0,0.0,0.0,0.0,0.0,0.0,0.0,0.0
5191,0.0,0.0,0.0,0.0,0.0,0.0,0.0,0.0,0.0,0.0,0.0,0.0
5192,0.0,0.0,0.0,0.0,0.0,0.0,0.0,0.0,0.0,0.0,0.0,0.0
5193,0.0,0.0,0.0,0.0,0.0,0.0,0.0,0.0,0.0,0.0,0.0,0.0
5194,0.0,0.0,0.0,0.0,0.0,0.0,0.0,0.0,0.0,0.0,0.0,0.0
5195,0.0,0.0,0.0,0.0,0.0,0.0,0.0,0.0,0.0,0.0,0.0,0.0
5196,0.0,0.0,0.0,0.0,0.0,0.0,0.0,0.0,0.0,0.0,0.0,0.0
5197,0.0,0.0,0.0,0.0,0.0,0.0,0.0,0.0,0.0,0.0,0.0,0.0
5198,0.0,0.0,0.0,0.0,0.0,0.0,0.0,0.0,0.0,0.0,0.0,0.0
5199,0.0,0.0,0.0,0.0,0.0,0.0,0.0,0.0,0.0,0.0,0.0,0.0
5200,0.0,0.0,0.0,0.0,0.0,0.0,0.0,0.0,0.0,0.0,0.0,0.0
5201,0.0,0.0,0.0,0.0,0.0,0.0,0.0,0.0,0.0,0.0,0.0,0.0
5202,0.0,0.0,0.0,0.0,0.0,0.0,0.0,0.0,0.0,0.0,0.0,0.0
5203,0.0,0.0,0.0,0.0,0.0,0.0,0.0,0.0,0.0,0.0,0.0,0.0
5204,0.0,0.0,0.0,0.0,0.0,0.0,0.0,0.0,0.0,0.0,0.0,0.0
5205,0.0,0.0,0.0,0.0,0.0,0.0,0.0,0.0,0.0,0.0,0.0,0.0
5206,0.0,0.0,0.0,0.0,0.0,0.0,0.0,0.0,0.0,0.0,0.0,0.0
5207,0.0,0.0,0.0,0.0,0.0,0.0,0.0,0.0,0.0,0.0,0.0,0.0
5208,0.0,0.0,0.0,0.0,0.0,0.0,0.0,0.0,0.0,0.0,0.0,0.0
5209,0.0,0.0,0.0,0.0,0.0,0.0,0.0,0.0,0.0,0.0,0.0,0.0
5210,0.0,0.0,0.0,0.0,0.0,0.0,0.0,0.0,0.0,0.0,0.0,0.0
5211,0.0,0.0,0.0,0.0,0.0,0.0,0.0,0.0,0.0,0.0,0.0,0.0
5228,0.0,0.0,0.0,0.0,0.0,0.0,0.0,0.0,0.0,0.0,0.0,0.0
5229,0.0,0.0,0.0,0.0,0.0,0.0,0.0,0.0,0.0,0.0,0.0,0.0
5230,0.0,0.0,0.0,0.0,0.0,0.0,0.0,0.0,0.0,0.0,0.0,0.0
5232,0.0,0.0,0.0,0.0,0.0,0.0,0.0,0.0,0.0,0.0,0.0,0.0
5239,0.0,0.0,0.0,0.0,0.0,0.0,0.0,0.0,0.0,0.0,0.0,0.0
5240,0.0,0.0,0.0,0.0,0.0,0.0,0.0,0.0,0.0,0.0,0.0,0.0
5242,0.0,0.0,0.0,0.0,0.0,0.0,0.0,0.0,0.0,0.0,0.0,0.0
5243,0.0,0.0,0.0,0.0,0.0,0.0,0.0,0.0,0.0,0.0,0.0,0.0
5261,0.0,0.0,0.0,0.0,0.0,0.0,0.0,0.0,0.0,0.0,0.0,0.0
5280,0.0,0.0,0.0,0.0,0.0,0.0,0.0,0.0,0.0,0.0,0.0,0.0
5281,0.0,0.0,0.0,0.0,0.0,0.0,0.0,0.0,0.0,0.0,0.0,0.0
5283,0.0,0.0,0.0,0.0,0.0,0.0,0.0,0.0,0.0,0.0,0.0,0.0
5287,0.0,0.0,0.0,0.0,0.0,0.0,0.0,0.0,0.0,0.0,0.0,0.0
5288,0.0,0.0,0.0,0.0,0.0,0.0,0.0,0.0,0.0,0.0,0.0,0.0
5335,0.0,0.0,0.0,0.0,0.0,0.0,0.0,0.0,0.0,0.0,0.0,0.0
5340,0.0,0.0,0.0,0.0,0.0,0.0,0.0,0.0,0.0,0.0,0.0,0.0
5341,0.0,0.0,0.0,0.0,0.0,0.0,0.0,0.0,0.0,0.0,0.0,0.0
5345,0.0,0.0,0.0,0.0,0.0,0.0,0.0,0.0,0.0,0.0,0.0,0.0
5346,0.0,0.0,0.0,0.0,0.0,0.0,0.0,0.0,0.0,0.0,0.0,0.0
5347,0.0,0.0,0.0,0.0,0.0,0.0,0.0,0.0,0.0,0.0,0.0,0.0
5348,0.0,0.0,0.0,0.0,0.0,0.0,0.0,0.0,0.0,0.0,0.0,0.0
5349,0.0,0.0,0.0,0.0,0.0,0.0,0.0,0.0,0.0,0.0,0.0,0.0
5350,0.0,0.0,0.0,0.0,0.0,0.0,0.0,0.0,0.0,0.0,0.0,0.0
5351,0.0,0.0,0.0,0.0,0.0,0.0,0.0,0.0,0.0,0.0,0.0,0.0
5352,0.0,0.0,0.0,0.0,0.0,0.0,0.0,0.0,0.0,0.0,0.0,0.0
5353,0.0,0.0,0.0,0.0,0.0,0.0,0.0,0.0,0.0,0.0,0.0,0.0
5354,0.0,0.0,0.0,0.0,0.0,0.0,0.0,0.0,0.0,0.0,0.0,0.0
5355,0.0,0.0,0.0,0.0,0.0,0.0,0.0,0.0,0.0,0.0,0.0,0.0
5356,0.0,0.0,0.0,0.0,0.0,0.0,0.0,0.0,0.0,0.0,0.0,0.0
5357,0.0,0.0,0.0,0.0,0.0,0.0,0.0,0.0,0.0,0.0,0.0,0.0
5358,0.0,0.0,0.0,0.0,0.0,0.0,0.0,0.0,0.0,0.0,0.0,0.0
5359,0.0,0.0,0.0,0.0,0.0,0.0,0.0,0.0,0.0,0.0,0.0,0.0
5360,0.0,0.0,0.0,0.0,0.0,0.0,0.0,0.0,0.0,0.0,0.0,0.0
5361,0.0,0.0,0.0,0.0,0.0,0.0,0.0,0.0,0.0,0.0,0.0,0.0
5363,0.0,0.0,0.0,0.0,0.0,0.0,0.0,0.0,0.0,0.0,0.0,0.0
5364,0.0,0.0,0.0,0.0,0.0,0.0,0.0,0.0,0.0,0.0,0.0,0.0
5365,0.0,0.0,0.0,0.0,0.0,0.0,0.0,0.0,0.0,0.0,0.0,0.0
5366,0.0,0.0,0.0,0.0,0.0,0.0,0.0,0.0,0.0,0.0,0.0,0.0
5367,0.0,0.0,0.0,0.0,0.0,0.0,0.0,0.0,0.0,0.0,0.0,0.0
5368,0.0,0.0,0.0,0.0,0.0,0.0,0.0,0.0,0.0,0.0,0.0,0.0
5369,0.0,0.0,0.0,0.0,0.0,0.0,0.0,0.0,0.0,0.0,0.0,0.0
5370,0.0,0.0,0.0,0.0,0.0,0.0,0.0,0.0,0.0,0.0,0.0,0.0
5373,0.0,0.0,0.0,0.0,0.0,0.0,0.0,0.0,0.0,0.0,0.0,0.0
5374,0.0,0.0,0.0,0.0,0.0,0.0,0.0,0.0,0.0,0.0,0.0,0.0
5385,0.0,0.0,0.0,0.0,0.0,0.0,0.0,0.0,0.0,0.0,0.0,0.0
5386,0.0,0.0,0.0,0.0,0.0,0.0,0.0,0.0,0.0,0.0,0.0,0.0
5387,0.0,0.0,0.0,0.0,0.0,0.0,0.0,0.0,0.0,0.0,0.0,0.0
5403,0.0,0.0,0.0,0.0,0.0,0.0,0.0,0.0,0.0,0.0,0.0,0.0
5404,0.0,0.0,0.0,0.0,0.0,0.0,0.0,0.0,0.0,0.0,0.0,0.0
5405,0.0,0.0,0.0,0.0,0.0,0.0,0.0,0.0,0.0,0.0,0.0,0.0
5406,0.0,0.0,0.0,0.0,0.0,0.0,0.0,0.0,0.0,0.0,0.0,0.0
5500,0.0,0.0,0.0,0.0,0.0,0.0,0.0,0.0,0.0,0.0,0.0,0.0
5501,0.0,0.0,0.0,0.0,0.0,0.0,0.0,0.0,0.0,0.0,0.0,0.0
5502,0.0,0.0,0.0,0.0,0.0,0.0,0.0,0.0,0.0,0.0,0.0,0.0
5543,0.0,0.0,0.0,0.0,0.0,0.0,0.0,0.0,0.0,0.0,0.0,0.0
5544,0.0,0.0,0.0,0.0,0.0,0.0,0.0,0.0,0.0,0.0,0.0,0.0
5545,0.0,0.0,0.0,0.0,0.0,0.0,0.0,0.0,0.0,0.0,0.0,0.0
5546,0.0,0.0,0.0,0.0,0.0,0.0,0.0,0.0,0.0,0.0,0.0,0.0
5547,0.0,0.0,0.0,0.0,0.0,0.0,0.0,0.0,0.0,0.0,0.0,0.0
5548,0.0,0.0,0.0,0.0,0.0,0.0,0.0,0.0,0.0,0.0,0.0,0.0
5549,0.0,0.0,0.0,0.0,0.0,0.0,0.0,0.0,0.0,0.0,0.0,0.0
5550,0.0,0.0,0.0,0.0,0.0,0.0,0.0,0.0,0.0,0.0,0.0,0.0
5554,0.0,0.0,0.0,0.0,0.0,0.0,0.0,0.0,0.0,0.0,0.0,0.0
5555,0.0,0.0,0.0,0.0,0.0,0.0,0.0,0.0,0.0,0.0,0.0,0.0
5556,0.0,0.0,0.0,0.0,0.0,0.0,0.0,0.0,0.0,0.0,0.0,0.0
5557,0.0,0.0,0.0,0.0,0.0,0.0,0.0,0.0,0.0,0.0,0.0,0.0
5558,0.0,0.0,0.0,0.0,0.0,0.0,0.0,0.0,0.0,0.0,0.0,0.0
5561,0.0,0.0,0.0,0.0,0.0,0.0,0.0,0.0,0.0,0.0,0.0,0.0
5562,0.0,0.0,0.0,0.0,0.0,0.0,0.0,0.0,0.0,0.0,0.0,0.0
5563,0.0,0.0,0.0,0.0,0.0,0.0,0.0,0.0,0.0,0.0,0.0,0.0
5564,0.0,0.0,0.0,0.0,0.0,0.0,0.0,0.0,0.0,0.0,0.0,0.0
5565,0.0,0.0,0.0,0.0,0.0,0.0,0.0,0.0,0.0,0.0,0.0,0.0
5566,0.0,0.0,0.0,0.0,0.0,0.0,0.0,0.0,0.0,0.0,0.0,0.0
5567,0.0,0.0,0.0,0.0,0.0,0.0,0.0,0.0,0.0,0.0,0.0,0.0
5568,0.0,0.0,0.0,0.0,0.0,0.0,0.0,0.0,0.0,0.0,0.0,0.0
5585,0.0,0.0,0.0,0.0,0.0,0.0,0.0,0.0,0.0,0.0,0.0,0.0
5586,0.0,0.0,0.0,0.0,0.0,0.0,0.0,0.0,0.0,0.0,0.0,0.0
5587,0.0,0.0,0.0,0.0,0.0,0.0,0.0,0.0,0.0,0.0,0.0,0.0
5588,0.0,0.0,0.0,0.0,0.0,0.0,0.0,0.0,0.0,0.0,0.0,0.0
5589,0.0,0.0,0.0,0.0,0.0,0.0,0.0,0.0,0.0,0.0,0.0,0.0
5590,0.0,0.0,0.0,0.0,0.0,0.0,0.0,0.0,0.0,0.0,0.0,0.0
5591,0.0,0.0,0.0,0.0,0.0,0.0,0.0,0.0,0.0,0.0,0.0,0.0
5592,0.0,0.0,0.0,0.0,0.0,0.0,0.0,0.0,0.0,0.0,0.0,0.0
5593,0.0,0.0,0.0,0.0,0.0,0.0,0.0,0.0,0.0,0.0,0.0,0.0
5594,0.0,0.0,0.0,0.0,0.0,0.0,0.0,0.0,0.0,0.0,0.0,0.0
5595,0.0,0.0,0.0,0.0,0.0,0.0,0.0,0.0,0.0,0.0,0.0,0.0
5596,0.0,0.0,0.0,0.0,0.0,0.0,0.0,0.0,0.0,0.0,0.0,0.0
5597,0.0,0.0,0.0,0.0,0.0,0.0,0.0,0.0,0.0,0.0,0.0,0.0
5598,0.0,0.0,0.0,0.0,0.0,0.0,0.0,0.0,0.0,0.0,0.0,0.0
5599,0.0,0.0,0.0,0.0,0.0,0.0,0.0,0.0,0.0,0.0,0.0,0.0
5600,0.0,0.0,0.0,0.0,0.0,0.0,0.0,0.0,0.0,0.0,0.0,0.0
5602,0.0,0.0,0.0,0.0,0.0,0.0,0.0,0.0,0.0,0.0,0.0,0.0
5603,0.0,0.0,0.0,0.0,0.0,0.0,0.0,0.0,0.0,0.0,0.0,0.0
5604,0.0,0.0,0.0,0.0,0.0,0.0,0.0,0.0,0.0,0.0,0.0,0.0
5606,0.0,0.0,0.0,0.0,0.0,0.0,0.0,0.0,0.0,0.0,0.0,0.0
5607,0.0,0.0,0.0,0.0,0.0,0.0,0.0,0.0,0.0,0.0,0.0,0.0
5608,0.0,0.0,0.0,0.0,0.0,0.0,0.0,0.0,0.0,0.0,0.0,0.0
5612,0.0,0.0,0.0,0.0,0.0,0.0,0.0,0.0,0.0,0.0,0.0,0.0
5613,0.0,0.0,0.0,0.0,0.0,0.0,0.0,0.0,0.0,0.0,0.0,0.0
5614,0.0,0.0,0.0,0.0,0.0,0.0,0.0,0.0,0.0,0.0,0.0,0.0
5615,0.0,0.0,0.0,0.0,0.0,0.0,0.0,0.0,0.0,0.0,0.0,0.0
5616,0.0,0.0,0.0,0.0,0.0,0.0,0.0,0.0,0.0,0.0,0.0,0.0
5617,0.0,0.0,0.0,0.0,0.0,0.0,0.0,0.0,0.0,0.0,0.0,0.0
5618,0.0,0.0,0.0,0.0,0.0,0.0,0.0,0.0,0.0,0.0,0.0,0.0
5619,0.0,0.0,0.0,0.0,0.0,0.0,0.0,0.0,0.0,0.0,0.0,0.0
5620,0.0,0.0,0.0,0.0,0.0,0.0,0.0,0.0,0.0,0.0,0.0,0.0
5621,0.0,0.0,0.0,0.0,0.0,0.0,0.0,0.0,0.0,0.0,0.0,0.0
5622,0.0,0.0,0.0,0.0,0.0,0.0,0.0,0.0,0.0,0.0,0.0,0.0
5640,0.0,0.0,0.0,0.0,0.0,0.0,0.0,0.0,0.0,0.0,0.0,0.0
5641,0.0,0.0,0.0,0.0,0.0,0.0,0.0,0.0,0.0,0.0,0.0,0.0
5642,0.0,0.0,0.0,0.0,0.0,0.0,0.0,0.0,0.0,0.0,0.0,0.0
5643,0.0,0.0,0.0,0.0,0.0,0.0,0.0,0.0,0.0,0.0,0.0,0.0
5647,0.0,0.0,0.0,0.0,0.0,0.0,0.0,0.0,0.0,0.0,0.0,0.0
5655,0.0,0.0,0.0,0.0,0.0,0.0,0.0,0.0,0.0,0.0,0.0,0.0
5656,0.0,0.0,0.0,0.0,0.0,0.0,0.0,0.0,0.0,0.0,0.0,0.0
5658,0.0,0.0,0.0,0.0,0.0,0.0,0.0,0.0,0.0,0.0,0.0,0.0
5659,0.0,0.0,0.0,0.0,0.0,0.0,0.0,0.0,0.0,0.0,0.0,0.0
5660,0.0,0.0,0.0,0.0,0.0,0.0,0.0,0.0,0.0,0.0,0.0,0.0
5661,0.0,0.0,0.0,0.0,0.0,0.0,0.0,0.0,0.0,0.0,0.0,0.0
5668,0.0,0.0,0.0,0.0,0.0,0.0,0.0,0.0,0.0,0.0,0.0,0.0
5669,0.0,0.0,0.0,0.0,0.0,0.0,0.0,0.0,0.0,0.0,0.0,0.0
5670,0.0,0.0,0.0,0.0,0.0,0.0,0.0,0.0,0.0,0.0,0.0,0.0
5671,0.0,0.0,0.0,0.0,0.0,0.0,0.0,0.0,0.0,0.0,0.0,0.0
5672,0.0,0.0,0.0,0.0,0.0,0.0,0.0,0.0,0.0,0.0,0.0,0.0
5675,0.0,0.0,0.0,0.0,0.0,0.0,0.0,0.0,0.0,0.0,0.0,0.0
5676,0.0,0.0,0.0,0.0,0.0,0.0,0.0,0.0,0.0,0.0,0.0,0.0
5677,0.0,0.0,0.0,0.0,0.0,0.0,0.0,0.0,0.0,0.0,0.0,0.0
5678,0.0,0.0,0.0,0.0,0.0,0.0,0.0,0.0,0.0,0.0,0.0,0.0
5690,0.0,0.0,0.0,0.0,0.0,0.0,0.0,0.0,0.0,0.0,0.0,0.0
5695,0.0,0.0,0.0,0.0,0.0,0.0,0.0,0.0,0.0,0.0,0.0,0.0
5696,0.0,0.0,0.0,0.0,0.0,0.0,0.0,0.0,0.0,0.0,0.0,0.0
5697,0.0,0.0,0.0,0.0,0.0,0.0,0.0,0.0,0.0,0.0,0.0,0.0
5698,0.0,0.0,0.0,0.0,0.0,0.0,0.0,0.0,0.0,0.0,0.0,0.0
5699,0.0,0.0,0.0,0.0,0.0,0.0,0.0,0.0,0.0,0.0,0.0,0.0
5700,0.0,0.0,0.0,0.0,0.0,0.0,0.0,0.0,0.0,0.0,0.0,0.0
5701,0.0,0.0,0.0,0.0,0.0,0.0,0.0,0.0,0.0,0.0,0.0,0.0
5702,0.0,0.0,0.0,0.0,0.0,0.0,0.0,0.0,0.0,0.0,0.0,0.0
5704,0.0,0.0,0.0,0.0,0.0,0.0,0.0,0.0,0.0,0.0,0.0,0.0
5758,0.0,0.0,0.0,0.0,0.0,0.0,0.0,0.0,0.0,0.0,0.0,0.0
5759,0.0,0.0,0.0,0.0,0.0,0.0,0.0,0.0,0.0,0.0,0.0,0.0
5760,0.0,0.0,0.0,0.0,0.0,0.0,0.0,0.0,0.0,0.0,0.0,0.0
5763,0.0,0.0,0.0,0.0,0.0,0.0,0.0,0.0,0.0,0.0,0.0,0.0
5764,0.0,0.0,0.0,0.0,0.0,0.0,0.0,0.0,0.0,0.0,0.0,0.0
5765,0.0,0.0,0.0,0.0,0.0,0.0,0.0,0.0,0.0,0.0,0.0,0.0
5766,0.0,0.0,0.0,0.0,0.0,0.0,0.0,0.0,0.0,0.0,0.0,0.0
5767,0.0,0.0,0.0,0.0,0.0,0.0,0.0,0.0,0.0,0.0,0.0,0.0
5768,0.0,0.0,0.0,0.0,0.0,0.0,0.0,0.0,0.0,0.0,0.0,0.0
5769,0.0,0.0,0.0,0.0,0.0,0.0,0.0,0.0,0.0,0.0,0.0,0.0
5770,0.0,0.0,0.0,0.0,0.0,0.0,0.0,0.0,0.0,0.0,0.0,0.0
5772,0.0,0.0,0.0,0.0,0.0,0.0,0.0,0.0,0.0,0.0,0.0,0.0
5774,0.0,0.0,0.0,0.0,0.0,0.0,0.0,0.0,0.0,0.0,0.0,0.0
5777,0.0,0.0,0.0,0.0,0.0,0.0,0.0,0.0,0.0,0.0,0.0,0.0
5780,0.0,0.0,0.0,0.0,0.0,0.0,0.0,0.0,0.0,0.0,0.0,0.0
5781,0.0,0.0,0.0,0.0,0.0,0.0,0.0,0.0,0.0,0.0,0.0,0.0
5782,0.0,0.0,0.0,0.0,0.0,0.0,0.0,0.0,0.0,0.0,0.0,0.0
5783,0.0,0.0,0.0,0.0,0.0,0.0,0.0,0.0,0.0,0.0,0.0,0.0
5784,0.0,0.0,0.0,0.0,0.0,0.0,0.0,0.0,0.0,0.0,0.0,0.0
5785,0.0,0.0,0.0,0.0,0.0,0.0,0.0,0.0,0.0,0.0,0.0,0.0
5786,0.0,0.0,0.0,0.0,0.0,0.0,0.0,0.0,0.0,0.0,0.0,0.0
5787,0.0,0.0,0.0,0.0,0.0,0.0,0.0,0.0,0.0,0.0,0.0,0.0
5788,0.0,0.0,0.0,0.0,0.0,0.0,0.0,0.0,0.0,0.0,0.0,0.0
5789,0.0,0.0,0.0,0.0,0.0,0.0,0.0,0.0,0.0,0.0,0.0,0.0
5792,0.0,0.0,0.0,0.0,0.0,0.0,0.0,0.0,0.0,0.0,0.0,0.0
5803,0.0,0.0,0.0,0.0,0.0,0.0,0.0,0.0,0.0,0.0,0.0,0.0
5804,0.0,0.0,0.0,0.0,0.0,0.0,0.0,0.0,0.0,0.0,0.0,0.0
5805,0.0,0.0,0.0,0.0,0.0,0.0,0.0,0.0,0.0,0.0,0.0,0.0
5822,0.0,0.0,0.0,-66034.75416183472,-1146245.191253662,-1927970.0555114746,-2477456.032608032,-1700448.707939148,-605079.6097259521,-17772.320640563965,0.0,0.0
5823,0.0,0.0,0.0,0.0,0.0,0.0,0.0,0.0,0.0,0.0,0.0,0.0
5824,0.0,0.0,0.0,0.0,0.0,0.0,0.0,0.0,0.0,0.0,0.0,0.0
5976,0.0,0.0,0.0,0.0,0.0,0.0,0.0,0.0,0.0,0.0,0.0,0.0
5977,0.0,0.0,0.0,0.0,0.0,0.0,0.0,0.0,0.0,0.0,0.0,0.0
5978,0.0,0.0,0.0,0.0,0.0,0.0,0.0,0.0,0.0,0.0,0.0,0.0
5979,0.0,0.0,0.0,0.0,0.0,0.0,0.0,0.0,0.0,0.0,0.0,0.0
5980,0.0,0.0,0.0,0.0,0.0,0.0,0.0,0.0,0.0,0.0,0.0,0.0
5981,0.0,0.0,0.0,0.0,0.0,0.0,0.0,0.0,0.0,0.0,0.0,0.0
6016,0.0,0.0,0.0,0.0,0.0,0.0,0.0,0.0,0.0,0.0,0.0,0.0
6017,0.0,0.0,0.0,0.0,0.0,0.0,0.0,0.0,0.0,0.0,0.0,0.0
6022,0.0,0.0,0.0,0.0,0.0,0.0,0.0,0.0,0.0,0.0,0.0,0.0
6023,0.0,0.0,0.0,0.0,0.0,0.0,0.0,0.0,0.0,0.0,0.0,0.0
6024,0.0,0.0,0.0,0.0,0.0,0.0,0.0,0.0,0.0,0.0,0.0,0.0
6025,0.0,0.0,0.0,0.0,0.0,0.0,0.0,0.0,0.0,0.0,0.0,0.0
6026,0.0,0.0,0.0,0.0,0.0,0.0,0.0,0.0,0.0,0.0,0.0,0.0
6027,0.0,0.0,0.0,0.0,0.0,0.0,0.0,0.0,0.0,0.0,0.0,0.0
6028,0.0,0.0,0.0,0.0,0.0,0.0,0.0,0.0,0.0,0.0,0.0,0.0
6031,0.0,0.0,0.0,0.0,0.0,0.0,0.0,0.0,0.0,0.0,0.0,0.0
6032,0.0,0.0,0.0,0.0,0.0,0.0,0.0,0.0,0.0,0.0,0.0,0.0
6033,0.0,0.0,0.0,0.0,0.0,0.0,0.0,0.0,0.0,0.0,0.0,0.0
6034,0.0,0.0,0.0,0.0,0.0,0.0,0.0,0.0,0.0,0.0,0.0,0.0
6035,0.0,0.0,0.0,0.0,0.0,0.0,0.0,0.0,0.0,0.0,0.0,0.0
6036,0.0,0.0,0.0,0.0,0.0,0.0,0.0,0.0,0.0,0.0,0.0,0.0
6037,0.0,0.0,0.0,0.0,0.0,0.0,0.0,0.0,0.0,0.0,0.0,0.0
6038,0.0,0.0,0.0,0.0,0.0,0.0,0.0,0.0,0.0,0.0,0.0,0.0
6039,0.0,0.0,0.0,0.0,0.0,0.0,0.0,0.0,0.0,0.0,0.0,0.0
6040,0.0,0.0,0.0,0.0,0.0,0.0,0.0,0.0,0.0,0.0,0.0,0.0
6041,0.0,0.0,0.0,0.0,0.0,0.0,0.0,0.0,0.0,0.0,0.0,0.0
6045,0.0,0.0,0.0,0.0,0.0,0.0,0.0,0.0,0.0,0.0,0.0,0.0
6046,0.0,0.0,0.0,0.0,0.0,0.0,0.0,0.0,0.0,0.0,0.0,0.0
6047,0.0,0.0,0.0,0.0,0.0,0.0,0.0,0.0,0.0,0.0,0.0,0.0
6048,0.0,0.0,0.0,0.0,0.0,0.0,0.0,0.0,0.0,0.0,0.0,0.0
6049,0.0,0.0,0.0,0.0,0.0,0.0,0.0,0.0,0.0,0.0,0.0,0.0
6050,0.0,0.0,0.0,0.0,0.0,0.0,0.0,0.0,0.0,0.0,0.0,0.0
6051,0.0,0.0,0.0,0.0,0.0,0.0,0.0,0.0,0.0,0.0,0.0,0.0
6052,0.0,0.0,0.0,0.0,0.0,0.0,0.0,0.0,0.0,0.0,0.0,0.0
6053,0.0,0.0,0.0,0.0,0.0,0.0,0.0,0.0,0.0,0.0,0.0,0.0
6054,0.0,0.0,0.0,0.0,0.0,0.0,0.0,0.0,0.0,0.0,0.0,0.0
6055,0.0,0.0,0.0,0.0,0.0,0.0,0.0,0.0,0.0,0.0,0.0,0.0
6056,0.0,0.0,0.0,0.0,0.0,0.0,0.0,0.0,0.0,0.0,0.0,0.0
6083,0.0,0.0,0.0,0.0,0.0,0.0,0.0,0.0,0.0,0.0,0.0,0.0
6084,0.0,0.0,0.0,0.0,0.0,0.0,0.0,0.0,0.0,0.0,0.0,0.0
6085,0.0,0.0,0.0,0.0,0.0,0.0,0.0,0.0,0.0,0.0,0.0,0.0
6086,0.0,0.0,0.0,0.0,0.0,0.0,0.0,0.0,0.0,0.0,0.0,0.0
6087,0.0,0.0,0.0,0.0,0.0,0.0,0.0,0.0,0.0,0.0,0.0,0.0
6088,0.0,0.0,0.0,0.0,0.0,0.0,0.0,0.0,0.0,0.0,0.0,0.0
6090,0.0,0.0,0.0,0.0,0.0,0.0,0.0,0.0,0.0,0.0,0.0,0.0
6091,0.0,0.0,0.0,0.0,0.0,0.0,0.0,0.0,0.0,0.0,0.0,0.0
6092,0.0,0.0,0.0,0.0,0.0,0.0,0.0,0.0,0.0,0.0,0.0,0.0
6093,0.0,0.0,0.0,0.0,0.0,0.0,0.0,0.0,0.0,0.0,0.0,0.0
6094,0.0,0.0,0.0,0.0,0.0,0.0,0.0,0.0,0.0,0.0,0.0,0.0
6095,0.0,0.0,0.0,0.0,0.0,0.0,0.0,0.0,0.0,0.0,0.0,0.0
6096,0.0,0.0,0.0,0.0,0.0,0.0,0.0,0.0,0.0,0.0,0.0,0.0
6100,0.0,0.0,0.0,0.0,0.0,0.0,0.0,0.0,0.0,0.0,0.0,0.0
6101,0.0,0.0,0.0,0.0,0.0,0.0,0.0,0.0,0.0,0.0,0.0,0.0
6103,0.0,0.0,0.0,0.0,0.0,0.0,0.0,0.0,0.0,0.0,0.0,0.0
6106,0.0,0.0,0.0,0.0,0.0,0.0,0.0,0.0,0.0,0.0,0.0,0.0
6109,0.0,0.0,0.0,0.0,0.0,0.0,0.0,0.0,0.0,0.0,0.0,0.0
6110,0.0,0.0,0.0,0.0,0.0,0.0,0.0,0.0,0.0,0.0,0.0,0.0
6111,0.0,0.0,0.0,0.0,0.0,0.0,0.0,0.0,0.0,0.0,0.0,0.0
6112,0.0,0.0,0.0,0.0,0.0,0.0,0.0,0.0,0.0,0.0,0.0,0.0
6113,0.0,0.0,0.0,0.0,0.0,0.0,0.0,0.0,0.0,0.0,0.0,0.0
6114,0.0,0.0,0.0,0.0,0.0,0.0,0.0,0.0,0.0,0.0,0.0,0.0
6115,0.0,0.0,0.0,0.0,0.0,0.0,0.0,0.0,0.0,0.0,0.0,0.0
6116,0.0,0.0,0.0,0.0,0.0,0.0,0.0,0.0,0.0,0.0,0.0,0.0
6117,0.0,0.0,0.0,0.0,0.0,0.0,0.0,0.0,0.0,0.0,0.0,0.0
6118,0.0,0.0,0.0,0.0,0.0,0.0,0.0,0.0,0.0,0.0,0.0,0.0
6119,0.0,0.0,0.0,0.0,0.0,0.0,0.0,0.0,0.0,0.0,0.0,0.0
6120,0.0,0.0,0.0,0.0,0.0,0.0,0.0,0.0,0.0,0.0,0.0,0.0
6121,0.0,0.0,0.0,0.0,0.0,0.0,0.0,0.0,0.0,0.0,0.0,0.0
6122,0.0,0.0,0.0,0.0,0.0,0.0,0.0,0.0,0.0,0.0,0.0,0.0
6123,0.0,0.0,0.0,0.0,0.0,0.0,0.0,0.0,0.0,0.0,0.0,0.0
6124,0.0,0.0,0.0,0.0,0.0,0.0,0.0,0.0,0.0,0.0,0.0,0.0
6125,0.0,0.0,0.0,0.0,0.0,0.0,0.0,0.0,0.0,0.0,0.0,0.0
6126,0.0,0.0,0.0,0.0,0.0,0.0,0.0,0.0,0.0,0.0,0.0,0.0
6143,0.0,0.0,0.0,0.0,0.0,0.0,0.0,0.0,0.0,0.0,0.0,0.0
6144,0.0,0.0,0.0,0.0,0.0,0.0,0.0,0.0,0.0,0.0,0.0,0.0
6149,0.0,0.0,0.0,0.0,0.0,0.0,0.0,0.0,0.0,0.0,0.0,0.0
6150,0.0,0.0,0.0,0.0,0.0,0.0,0.0,0.0,0.0,0.0,0.0,0.0
6203,0.0,0.0,0.0,0.0,0.0,0.0,0.0,0.0,0.0,0.0,0.0,0.0
6204,0.0,0.0,0.0,0.0,0.0,0.0,0.0,0.0,0.0,0.0,0.0,0.0
6205,0.0,0.0,0.0,0.0,0.0,0.0,0.0,0.0,0.0,0.0,0.0,0.0
6206,0.0,0.0,0.0,0.0,0.0,0.0,0.0,0.0,0.0,0.0,0.0,0.0
6207,0.0,0.0,0.0,0.0,0.0,0.0,0.0,0.0,0.0,0.0,0.0,0.0
6208,0.0,0.0,0.0,0.0,0.0,0.0,0.0,0.0,0.0,0.0,0.0,0.0
6209,0.0,0.0,0.0,0.0,0.0,0.0,0.0,0.0,0.0,0.0,0.0,0.0
6210,0.0,0.0,0.0,0.0,0.0,0.0,0.0,0.0,0.0,0.0,0.0,0.0
6211,0.0,0.0,0.0,0.0,0.0,0.0,0.0,0.0,0.0,0.0,0.0,0.0
6227,0.0,0.0,0.0,0.0,0.0,0.0,0.0,0.0,0.0,0.0,0.0,0.0
6228,0.0,0.0,0.0,0.0,0.0,0.0,0.0,0.0,0.0,0.0,0.0,0.0
6229,0.0,0.0,0.0,0.0,0.0,0.0,0.0,0.0,0.0,0.0,0.0,0.0
6230,0.0,0.0,0.0,0.0,0.0,0.0,0.0,0.0,0.0,0.0,0.0,0.0
6231,0.0,0.0,0.0,0.0,0.0,0.0,0.0,0.0,0.0,0.0,0.0,0.0
6232,0.0,0.0,0.0,0.0,0.0,0.0,0.0,0.0,0.0,0.0,0.0,0.0
6233,0.0,0.0,0.0,0.0,0.0,0.0,0.0,0.0,0.0,0.0,0.0,0.0
6234,0.0,0.0,0.0,0.0,0.0,0.0,0.0,0.0,0.0,0.0,0.0,0.0
6235,0.0,0.0,0.0,0.0,0.0,0.0,0.0,0.0,0.0,0.0,0.0,0.0
6236,0.0,0.0,0.0,0.0,0.0,0.0,0.0,0.0,0.0,0.0,0.0,0.0
6237,0.0,0.0,0.0,0.0,0.0,0.0,0.0,0.0,0.0,0.0,0.0,0.0
6238,0.0,0.0,0.0,0.0,0.0,0.0,0.0,0.0,0.0,0.0,0.0,0.0
6239,0.0,0.0,0.0,0.0,0.0,0.0,0.0,0.0,0.0,0.0,0.0,0.0
6240,0.0,0.0,0.0,0.0,0.0,0.0,0.0,0.0,0.0,0.0,0.0,0.0
6241,0.0,0.0,0.0,0.0,0.0,0.0,0.0,0.0,0.0,0.0,0.0,0.0
6242,0.0,0.0,0.0,0.0,0.0,0.0,0.0,0.0,0.0,0.0,0.0,0.0
6243,0.0,0.0,0.0,0.0,0.0,0.0,0.0,0.0,0.0,0.0,0.0,0.0
6244,0.0,0.0,0.0,0.0,0.0,0.0,0.0,0.0,0.0,0.0,0.0,0.0
6245,0.0,0.0,0.0,0.0,0.0,0.0,0.0,0.0,0.0,0.0,0.0,0.0
6247,0.0,0.0,0.0,0.0,0.0,0.0,0.0,0.0,0.0,0.0,0.0,0.0
6248,0.0,0.0,0.0,0.0,0.0,0.0,0.0,0.0,0.0,0.0,0.0,0.0
6249,0.0,0.0,0.0,0.0,0.0,0.0,0.0,0.0,0.0,0.0,0.0,0.0
6259,0.0,0.0,0.0,0.0,0.0,0.0,0.0,0.0,0.0,0.0,0.0,0.0
6260,0.0,0.0,0.0,0.0,0.0,0.0,0.0,0.0,0.0,0.0,0.0,0.0
6432,0.0,0.0,0.0,0.0,0.0,0.0,0.0,0.0,0.0,0.0,0.0,0.0
6433,0.0,0.0,0.0,0.0,0.0,0.0,0.0,0.0,0.0,0.0,0.0,0.0
6434,0.0,0.0,0.0,0.0,0.0,0.0,0.0,0.0,0.0,0.0,0.0,0.0
6435,0.0,0.0,0.0,0.0,0.0,0.0,0.0,0.0,0.0,0.0,0.0,0.0
6436,0.0,0.0,0.0,0.0,0.0,0.0,0.0,0.0,0.0,0.0,0.0,0.0
6437,0.0,0.0,0.0,0.0,0.0,0.0,0.0,0.0,0.0,0.0,0.0,0.0
6438,0.0,0.0,0.0,0.0,0.0,0.0,0.0,0.0,0.0,0.0,0.0,0.0
6439,0.0,0.0,0.0,0.0,0.0,0.0,0.0,0.0,0.0,0.0,0.0,0.0
6440,0.0,0.0,0.0,0.0,0.0,0.0,0.0,0.0,0.0,0.0,0.0,0.0
6441,0.0,0.0,0.0,0.0,0.0,0.0,0.0,0.0,0.0,0.0,0.0,0.0
6442,0.0,0.0,0.0,0.0,0.0,0.0,0.0,0.0,0.0,0.0,0.0,0.0
6443,0.0,0.0,0.0,0.0,0.0,0.0,0.0,0.0,0.0,0.0,0.0,0.0
6444,0.0,0.0,0.0,0.0,0.0,0.0,0.0,0.0,0.0,0.0,0.0,0.0
6446,0.0,0.0,0.0,0.0,0.0,0.0,0.0,0.0,0.0,0.0,0.0,0.0
6447,0.0,0.0,0.0,0.0,0.0,0.0,0.0,0.0,0.0,0.0,0.0,0.0
6448,0.0,0.0,0.0,0.0,0.0,0.0,0.0,0.0,0.0,0.0,0.0,0.0
6449,0.0,0.0,0.0,0.0,0.0,0.0,0.0,0.0,0.0,0.0,0.0,0.0
6450,0.0,0.0,0.0,0.0,0.0,0.0,0.0,0.0,0.0,0.0,0.0,0.0
6451,0.0,0.0,0.0,0.0,0.0,0.0,0.0,0.0,0.0,0.0,0.0,0.0
6452,0.0,0.0,0.0,0.0,0.0,0.0,0.0,0.0,0.0,0.0,0.0,0.0
6454,0.0,0.0,0.0,0.0,0.0,0.0,0.0,0.0,0.0,0.0,0.0,0.0
6455,0.0,0.0,0.0,0.0,0.0,0.0,0.0,0.0,0.0,0.0,0.0,0.0
6456,0.0,0.0,0.0,0.0,0.0,0.0,0.0,0.0,0.0,0.0,0.0,0.0
6457,0.0,0.0,0.0,0.0,0.0,0.0,0.0,0.0,0.0,0.0,0.0,0.0
6458,0.0,0.0,0.0,0.0,0.0,0.0,0.0,0.0,0.0,0.0,0.0,0.0
6459,0.0,0.0,0.0,0.0,0.0,0.0,0.0,0.0,0.0,0.0,0.0,0.0
6460,0.0,0.0,0.0,0.0,0.0,0.0,0.0,0.0,0.0,0.0,0.0,0.0
6461,0.0,0.0,0.0,0.0,0.0,0.0,0.0,0.0,0.0,0.0,0.0,0.0
6462,0.0,0.0,0.0,0.0,0.0,0.0,0.0,0.0,0.0,0.0,0.0,0.0
6463,0.0,0.0,0.0,0.0,0.0,0.0,0.0,0.0,0.0,0.0,0.0,0.0
6464,0.0,0.0,0.0,0.0,0.0,0.0,0.0,0.0,0.0,0.0,0.0,0.0
6465,0.0,0.0,0.0,0.0,0.0,0.0,0.0,0.0,0.0,0.0,0.0,0.0
6467,0.0,0.0,0.0,0.0,0.0,0.0,0.0,0.0,0.0,0.0,0.0,0.0
6468,0.0,0.0,0.0,0.0,0.0,0.0,0.0,0.0,0.0,0.0,0.0,0.0
6515,0.0,0.0,0.0,0.0,0.0,0.0,0.0,0.0,0.0,0.0,0.0,0.0
6516,0.0,0.0,0.0,0.0,0.0,0.0,0.0,0.0,0.0,0.0,0.0,0.0
6517,0.0,0.0,0.0,0.0,0.0,0.0,0.0,0.0,0.0,0.0,0.0,0.0
6518,0.0,0.0,0.0,0.0,0.0,0.0,0.0,0.0,0.0,0.0,0.0,0.0
6521,0.0,0.0,0.0,0.0,0.0,0.0,0.0,0.0,0.0,0.0,0.0,0.0
6522,0.0,0.0,0.0,0.0,0.0,0.0,0.0,0.0,0.0,0.0,0.0,0.0
6523,0.0,0.0,0.0,0.0,0.0,0.0,0.0,0.0,0.0,0.0,0.0,0.0
6524,0.0,0.0,0.0,0.0,0.0,0.0,0.0,0.0,0.0,0.0,0.0,0.0
6525,0.0,0.0,0.0,0.0,0.0,0.0,0.0,0.0,0.0,0.0,0.0,0.0
6526,0.0,0.0,0.0,0.0,0.0,0.0,0.0,0.0,0.0,0.0,0.0,0.0
6531,0.0,0.0,0.0,0.0,0.0,0.0,0.0,0.0,0.0,0.0,0.0,0.0
6541,0.0,0.0,0.0,0.0,0.0,0.0,0.0,0.0,0.0,0.0,0.0,0.0
6542,0.0,0.0,0.0,0.0,0.0,0.0,0.0,0.0,0.0,0.0,0.0,0.0
6544,0.0,0.0,0.0,0.0,0.0,0.0,0.0,0.0,0.0,0.0,0.0,0.0
6545,0.0,0.0,0.0,0.0,0.0,0.0,0.0,0.0,0.0,0.0,0.0,0.0
6552,0.0,0.0,0.0,0.0,0.0,0.0,0.0,0.0,0.0,0.0,0.0,0.0
6553,0.0,0.0,0.0,0.0,0.0,0.0,0.0,0.0,0.0,0.0,0.0,0.0
6554,0.0,0.0,0.0,0.0,0.0,0.0,0.0,0.0,0.0,0.0,0.0,0.0
6555,0.0,0.0,0.0,0.0,0.0,0.0,0.0,0.0,0.0,0.0,0.0,0.0
6556,0.0,0.0,0.0,0.0,0.0,0.0,0.0,0.0,0.0,0.0,0.0,0.0
6557,0.0,0.0,0.0,0.0,0.0,0.0,0.0,0.0,0.0,0.0,0.0,0.0
6558,0.0,0.0,0.0,0.0,0.0,0.0,0.0,0.0,0.0,0.0,0.0,0.0
6559,0.0,0.0,0.0,0.0,0.0,0.0,0.0,0.0,0.0,0.0,0.0,0.0
6560,0.0,0.0,0.0,0.0,0.0,0.0,0.0,0.0,0.0,0.0,0.0,0.0
6561,0.0,0.0,0.0,0.0,0.0,0.0,0.0,0.0,0.0,0.0,0.0,0.0
6562,0.0,0.0,0.0,0.0,0.0,0.0,0.0,0.0,0.0,0.0,0.0,0.0
6575,0.0,0.0,0.0,0.0,0.0,0.0,0.0,0.0,0.0,0.0,0.0,0.0
6576,0.0,0.0,0.0,0.0,0.0,0.0,0.0,0.0,0.0,0.0,0.0,0.0
6577,0.0,0.0,0.0,0.0,0.0,0.0,0.0,0.0,0.0,0.0,0.0,0.0
6583,0.0,0.0,0.0,0.0,0.0,0.0,0.0,0.0,0.0,0.0,0.0,0.0
6584,0.0,0.0,0.0,0.0,0.0,0.0,0.0,0.0,0.0,0.0,0.0,0.0
6585,0.0,0.0,0.0,0.0,0.0,0.0,0.0,0.0,0.0,0.0,0.0,0.0
6586,0.0,0.0,0.0,0.0,0.0,0.0,0.0,0.0,0.0,0.0,0.0,0.0
6587,0.0,0.0,0.0,0.0,0.0,0.0,0.0,0.0,0.0,0.0,0.0,0.0
6588,0.0,0.0,0.0,0.0,0.0,0.0,0.0,0.0,0.0,0.0,0.0,0.0
6589,0.0,0.0,0.0,0.0,0.0,0.0,0.0,0.0,0.0,0.0,0.0,0.0
6590,0.0,0.0,0.0,0.0,0.0,0.0,0.0,0.0,0.0,0.0,0.0,0.0
6591,0.0,0.0,0.0,0.0,0.0,0.0,0.0,0.0,0.0,0.0,0.0,0.0
6592,0.0,0.0,0.0,0.0,0.0,0.0,0.0,0.0,0.0,0.0,0.0,0.0
6595,0.0,0.0,0.0,0.0,0.0,0.0,0.0,0.0,0.0,0.0,0.0,0.0
6596,0.0,0.0,0.0,0.0,0.0,0.0,0.0,0.0,0.0,0.0,0.0,0.0
6597,0.0,0.0,0.0,0.0,0.0,0.0,0.0,0.0,0.0,0.0,0.0,0.0
6598,0.0,0.0,0.0,0.0,0.0,0.0,0.0,0.0,0.0,0.0,0.0,0.0
6599,0.0,0.0,0.0,0.0,0.0,0.0,0.0,0.0,0.0,0.0,0.0,0.0
6600,0.0,0.0,0.0,0.0,0.0,0.0,0.0,0.0,0.0,0.0,0.0,0.0
6605,0.0,0.0,0.0,0.0,0.0,0.0,0.0,0.0,0.0,0.0,0.0,0.0
6606,0.0,0.0,0.0,0.0,0.0,0.0,0.0,0.0,0.0,0.0,0.0,0.0
6607,0.0,0.0,0.0,0.0,0.0,0.0,0.0,0.0,0.0,0.0,0.0,0.0
6608,0.0,0.0,0.0,0.0,0.0,0.0,0.0,0.0,0.0,0.0,0.0,0.0
6610,0.0,0.0,0.0,0.0,0.0,0.0,0.0,0.0,0.0,0.0,0.0,0.0
6616,0.0,0.0,0.0,0.0,0.0,0.0,0.0,0.0,0.0,0.0,0.0,0.0
6617,0.0,0.0,0.0,0.0,0.0,0.0,0.0,0.0,0.0,0.0,0.0,0.0
6618,0.0,0.0,0.0,0.0,0.0,0.0,0.0,0.0,0.0,0.0,0.0,0.0
6619,0.0,0.0,0.0,0.0,0.0,0.0,0.0,0.0,0.0,0.0,0.0,0.0
6620,0.0,0.0,0.0,0.0,0.0,0.0,0.0,0.0,0.0,0.0,0.0,0.0
6621,0.0,0.0,0.0,0.0,0.0,0.0,0.0,0.0,0.0,0.0,0.0,0.0
6622,0.0,0.0,0.0,0.0,0.0,0.0,0.0,0.0,0.0,0.0,0.0,0.0
6623,0.0,0.0,0.0,0.0,0.0,0.0,0.0,0.0,0.0,0.0,0.0,0.0
6624,0.0,0.0,0.0,0.0,0.0,0.0,0.0,0.0,0.0,0.0,0.0,0.0
6640,0.0,0.0,0.0,0.0,0.0,0.0,0.0,0.0,0.0,0.0,0.0,0.0
6641,0.0,0.0,0.0,0.0,0.0,0.0,0.0,0.0,0.0,0.0,0.0,0.0
6642,0.0,0.0,0.0,0.0,0.0,0.0,0.0,0.0,0.0,0.0,0.0,0.0
6643,0.0,0.0,0.0,0.0,0.0,0.0,0.0,0.0,0.0,0.0,0.0,0.0
6644,0.0,0.0,0.0,0.0,0.0,0.0,0.0,0.0,0.0,0.0,0.0,0.0
6645,0.0,0.0,0.0,0.0,0.0,0.0,0.0,0.0,0.0,0.0,0.0,0.0
6646,0.0,0.0,0.0,0.0,0.0,0.0,0.0,0.0,0.0,0.0,0.0,0.0
6647,0.0,0.0,0.0,0.0,0.0,0.0,0.0,0.0,0.0,0.0,0.0,0.0
6700,0.0,0.0,0.0,0.0,0.0,0.0,0.0,0.0,0.0,0.0,0.0,0.0
6701,0.0,0.0,0.0,0.0,0.0,0.0,0.0,0.0,0.0,0.0,0.0,0.0
6702,0.0,0.0,0.0,0.0,0.0,0.0,0.0,0.0,0.0,0.0,0.0,0.0
6703,0.0,0.0,0.0,0.0,0.0,0.0,0.0,0.0,0.0,0.0,0.0,0.0
6704,0.0,0.0,0.0,0.0,0.0,0.0,0.0,0.0,0.0,0.0,0.0,0.0
6705,0.0,0.0,0.0,0.0,0.0,0.0,0.0,0.0,0.0,0.0,0.0,0.0
6706,0.0,0.0,0.0,0.0,0.0,0.0,0.0,0.0,0.0,0.0,0.0,0.0
6736,0.0,0.0,0.0,0.0,0.0,0.0,0.0,0.0,0.0,0.0,0.0,0.0
6737,0.0,0.0,0.0,0.0,0.0,0.0,0.0,0.0,0.0,0.0,0.0,0.0
6738,0.0,0.0,0.0,0.0,0.0,0.0,0.0,0.0,0.0,0.0,0.0,0.0
6739,0.0,0.0,0.0,0.0,0.0,0.0,0.0,0.0,0.0,0.0,0.0,0.0
6740,0.0,0.0,0.0,0.0,0.0,0.0,0.0,0.0,0.0,0.0,0.0,0.0
6741,0.0,0.0,0.0,0.0,0.0,0.0,0.0,0.0,0.0,0.0,0.0,0.0
6742,0.0,0.0,0.0,0.0,0.0,0.0,0.0,0.0,0.0,0.0,0.0,0.0
6743,0.0,0.0,0.0,0.0,0.0,0.0,0.0,0.0,0.0,0.0,0.0,0.0
6744,0.0,0.0,0.0,0.0,0.0,0.0,0.0,0.0,0.0,0.0,0.0,0.0
6745,0.0,0.0,0.0,0.0,0.0,0.0,0.0,0.0,0.0,0.0,0.0,0.0
6746,0.0,0.0,0.0,0.0,0.0,0.0,0.0,0.0,0.0,0.0,0.0,0.0
6747,0.0,0.0,0.0,0.0,0.0,0.0,0.0,0.0,0.0,0.0,0.0,0.0
6749,0.0,0.0,0.0,0.0,0.0,0.0,0.0,0.0,0.0,0.0,0.0,0.0
6750,0.0,0.0,0.0,0.0,0.0,0.0,0.0,0.0,0.0,0.0,0.0,0.0
6758,0.0,0.0,0.0,0.0,0.0,0.0,0.0,0.0,0.0,0.0,0.0,0.0
6759,0.0,0.0,0.0,0.0,0.0,0.0,0.0,0.0,0.0,0.0,0.0,0.0
6760,0.0,0.0,0.0,0.0,0.0,0.0,0.0,0.0,0.0,0.0,0.0,0.0
6761,0.0,0.0,0.0,0.0,0.0,0.0,0.0,0.0,0.0,0.0,0.0,0.0
6763,0.0,0.0,0.0,0.0,0.0,0.0,0.0,0.0,0.0,0.0,0.0,0.0
6771,0.0,0.0,0.0,0.0,0.0,0.0,0.0,0.0,0.0,0.0,0.0,0.0
6772,0.0,0.0,0.0,0.0,0.0,0.0,0.0,0.0,0.0,0.0,0.0,0.0
6773,0.0,0.0,0.0,0.0,0.0,0.0,0.0,0.0,0.0,0.0,0.0,0.0
6774,0.0,0.0,0.0,0.0,0.0,0.0,0.0,0.0,0.0,0.0,0.0,0.0
6775,0.0,0.0,0.0,0.0,0.0,0.0,0.0,0.0,0.0,0.0,0.0,0.0
6776,0.0,0.0,0.0,0.0,0.0,0.0,0.0,0.0,0.0,0.0,0.0,0.0
6777,0.0,0.0,0.0,0.0,0.0,0.0,0.0,0.0,0.0,0.0,0.0,0.0
6778,0.0,0.0,0.0,0.0,0.0,0.0,0.0,0.0,0.0,0.0,0.0,0.0
6779,0.0,0.0,0.0,0.0,0.0,0.0,0.0,0.0,0.0,0.0,0.0,0.0
6948,0.0,0.0,0.0,0.0,0.0,0.0,0.0,0.0,0.0,0.0,0.0,0.0
6959,0.0,0.0,0.0,0.0,0.0,0.0,0.0,0.0,0.0,0.0,0.0,0.0
6962,0.0,0.0,0.0,0.0,0.0,0.0,0.0,0.0,0.0,0.0,0.0,0.0
6963,0.0,0.0,0.0,0.0,0.0,0.0,0.0,0.0,0.0,0.0,0.0,0.0
6964,0.0,0.0,0.0,0.0,0.0,0.0,0.0,0.0,0.0,0.0,0.0,0.0
6965,0.0,0.0,0.0,0.0,0.0,0.0,0.0,0.0,0.0,0.0,0.0,0.0
6980,0.0,0.0,0.0,0.0,0.0,0.0,0.0,0.0,0.0,0.0,0.0,0.0
6981,0.0,0.0,0.0,0.0,0.0,0.0,0.0,0.0,0.0,0.0,0.0,0.0
6982,0.0,0.0,0.0,0.0,0.0,0.0,0.0,0.0,0.0,0.0,0.0,0.0
6984,0.0,0.0,0.0,0.0,0.0,0.0,0.0,0.0,0.0,0.0,0.0,0.0
6985,0.0,0.0,0.0,0.0,0.0,0.0,0.0,0.0,0.0,0.0,0.0,0.0
6986,0.0,0.0,0.0,0.0,0.0,0.0,0.0,0.0,0.0,0.0,0.0,0.0
6987,0.0,0.0,0.0,0.0,0.0,0.0,0.0,0.0,0.0,0.0,0.0,0.0
6988,0.0,0.0,0.0,0.0,0.0,0.0,0.0,0.0,0.0,0.0,0.0,0.0
6989,0.0,0.0,0.0,0.0,0.0,0.0,0.0,0.0,0.0,0.0,0.0,0.0
6990,0.0,0.0,0.0,0.0,0.0,0.0,0.0,0.0,0.0,0.0,0.0,0.0
6991,0.0,0.0,0.0,0.0,0.0,0.0,0.0,0.0,0.0,0.0,0.0,0.0
7045,0.0,0.0,0.0,0.0,0.0,0.0,0.0,0.0,0.0,0.0,0.0,0.0
7046,0.0,0.0,0.0,0.0,0.0,0.0,0.0,0.0,0.0,0.0,0.0,0.0
7047,0.0,0.0,0.0,0.0,0.0,0.0,0.0,0.0,0.0,0.0,0.0,0.0
7048,0.0,0.0,0.0,0.0,0.0,0.0,0.0,0.0,0.0,0.0,0.0,0.0
7049,0.0,0.0,0.0,0.0,0.0,0.0,0.0,0.0,0.0,0.0,0.0,0.0
7084,0.0,0.0,0.0,0.0,0.0,0.0,0.0,0.0,0.0,0.0,0.0,0.0
7085,0.0,0.0,0.0,0.0,0.0,0.0,0.0,0.0,0.0,0.0,0.0,0.0
7086,0.0,0.0,0.0,0.0,0.0,0.0,0.0,0.0,0.0,0.0,0.0,0.0
7087,0.0,0.0,0.0,0.0,0.0,0.0,0.0,0.0,0.0,0.0,0.0,0.0
7088,0.0,0.0,0.0,0.0,0.0,0.0,0.0,0.0,0.0,0.0,0.0,0.0
7089,0.0,0.0,0.0,0.0,0.0,0.0,0.0,0.0,0.0,0.0,0.0,0.0
7090,0.0,0.0,0.0,0.0,0.0,0.0,0.0,0.0,0.0,0.0,0.0,0.0
7091,0.0,0.0,0.0,0.0,0.0,0.0,0.0,0.0,0.0,0.0,0.0,0.0
7093,0.0,0.0,0.0,0.0,0.0,0.0,0.0,0.0,0.0,0.0,0.0,0.0
7094,0.0,0.0,0.0,0.0,0.0,0.0,0.0,0.0,0.0,0.0,0.0,0.0
7095,0.0,0.0,0.0,0.0,0.0,0.0,0.0,0.0,0.0,0.0,0.0,0.0
7096,0.0,0.0,0.0,0.0,0.0,0.0,0.0,0.0,0.0,0.0,0.0,0.0
7097,0.0,0.0,0.0,0.0,0.0,0.0,0.0,0.0,0.0,0.0,0.0,0.0
7098,0.0,0.0,0.0,0.0,0.0,0.0,0.0,0.0,0.0,0.0,0.0,0.0
7099,0.0,0.0,0.0,0.0,0.0,0.0,0.0,0.0,0.0,0.0,0.0,0.0
7100,0.0,0.0,0.0,0.0,0.0,0.0,0.0,0.0,0.0,0.0,0.0,0.0
7101,0.0,0.0,0.0,0.0,0.0,0.0,0.0,0.0,0.0,0.0,0.0,0.0
7102,0.0,0.0,0.0,0.0,0.0,0.0,0.0,0.0,0.0,0.0,0.0,0.0
7103,0.0,0.0,0.0,0.0,0.0,0.0,0.0,0.0,0.0,0.0,0.0,0.0
7104,0.0,0.0,0.0,0.0,0.0,0.0,0.0,0.0,0.0,0.0,0.0,0.0
7105,0.0,0.0,0.0,0.0,0.0,0.0,0.0,0.0,0.0,0.0,0.0,0.0
7106,0.0,0.0,0.0,0.0,0.0,0.0,0.0,0.0,0.0,0.0,0.0,0.0
7107,0.0,0.0,0.0,0.0,0.0,0.0,0.0,0.0,0.0,0.0,0.0,0.0
7108,0.0,0.0,0.0,0.0,0.0,0.0,0.0,0.0,0.0,0.0,0.0,0.0
7109,0.0,0.0,0.0,0.0,0.0,0.0,0.0,0.0,0.0,0.0,0.0,0.0
7110,0.0,0.0,0.0,0.0,0.0,0.0,0.0,0.0,0.0,0.0,0.0,0.0
7111,0.0,0.0,0.0,0.0,0.0,0.0,0.0,0.0,0.0,0.0,0.0,0.0
7112,0.0,0.0,0.0,0.0,0.0,0.0,0.0,0.0,0.0,0.0,0.0,0.0
7113,0.0,0.0,0.0,0.0,0.0,0.0,0.0,0.0,0.0,0.0,0.0,0.0
7114,0.0,0.0,0.0,0.0,0.0,0.0,0.0,0.0,0.0,0.0,0.0,0.0
7115,0.0,0.0,0.0,0.0,0.0,0.0,0.0,0.0,0.0,0.0,0.0,0.0
7118,0.0,0.0,0.0,0.0,0.0,0.0,0.0,0.0,0.0,0.0,0.0,0.0
7119,0.0,0.0,0.0,0.0,0.0,0.0,0.0,0.0,0.0,0.0,0.0,0.0
7120,0.0,0.0,0.0,0.0,0.0,0.0,0.0,0.0,0.0,0.0,0.0,0.0
7121,0.0,0.0,0.0,0.0,0.0,0.0,0.0,0.0,0.0,0.0,0.0,0.0
7122,0.0,0.0,0.0,0.0,0.0,0.0,0.0,0.0,0.0,0.0,0.0,0.0
7123,0.0,0.0,0.0,0.0,0.0,0.0,0.0,0.0,0.0,0.0,0.0,0.0
7124,0.0,0.0,0.0,0.0,0.0,0.0,0.0,0.0,0.0,0.0,0.0,0.0
7125,0.0,0.0,0.0,0.0,0.0,0.0,0.0,0.0,0.0,0.0,0.0,0.0
7126,0.0,0.0,0.0,0.0,0.0,0.0,0.0,0.0,0.0,0.0,0.0,0.0
7127,0.0,0.0,0.0,0.0,0.0,0.0,0.0,0.0,0.0,0.0,0.0,0.0
7128,0.0,0.0,0.0,0.0,0.0,0.0,0.0,0.0,0.0,0.0,0.0,0.0
7129,0.0,0.0,0.0,0.0,0.0,0.0,0.0,0.0,0.0,0.0,0.0,0.0
7130,0.0,0.0,0.0,0.0,0.0,0.0,0.0,0.0,0.0,0.0,0.0,0.0
7131,0.0,0.0,0.0,0.0,0.0,0.0,0.0,0.0,0.0,0.0,0.0,0.0
7138,0.0,0.0,0.0,0.0,0.0,0.0,0.0,0.0,0.0,0.0,0.0,0.0
7139,0.0,0.0,0.0,0.0,0.0,0.0,0.0,0.0,0.0,0.0,0.0,0.0
7142,0.0,0.0,0.0,0.0,0.0,0.0,0.0,0.0,0.0,0.0,0.0,0.0
7144,0.0,0.0,0.0,0.0,0.0,0.0,0.0,0.0,0.0,0.0,0.0,0.0
7145,0.0,0.0,0.0,0.0,0.0,0.0,0.0,0.0,0.0,0.0,0.0,0.0
7151,0.0,0.0,0.0,0.0,0.0,0.0,0.0,0.0,0.0,0.0,0.0,0.0
7152,0.0,0.0,0.0,0.0,0.0,0.0,0.0,0.0,0.0,0.0,0.0,0.0
7153,0.0,0.0,0.0,0.0,0.0,0.0,0.0,0.0,0.0,0.0,0.0,0.0
7154,0.0,0.0,0.0,0.0,0.0,0.0,0.0,0.0,0.0,0.0,0.0,0.0
7155,0.0,0.0,0.0,0.0,0.0,0.0,0.0,0.0,0.0,0.0,0.0,0.0
7156,0.0,0.0,0.0,0.0,0.0,0.0,0.0,0.0,0.0,0.0,0.0,0.0
7157,0.0,0.0,0.0,0.0,0.0,0.0,0.0,0.0,0.0,0.0,0.0,0.0
7158,0.0,0.0,0.0,0.0,0.0,0.0,0.0,0.0,0.0,0.0,0.0,0.0
7159,0.0,0.0,0.0,0.0,0.0,0.0,0.0,0.0,0.0,0.0,0.0,0.0
7169,0.0,0.0,0.0,0.0,0.0,0.0,0.0,0.0,0.0,0.0,0.0,0.0
7170,0.0,0.0,0.0,0.0,0.0,0.0,0.0,0.0,0.0,0.0,0.0,0.0
7171,0.0,0.0,0.0,0.0,0.0,0.0,0.0,0.0,0.0,0.0,0.0,0.0
7173,0.0,0.0,0.0,0.0,0.0,0.0,0.0,0.0,0.0,0.0,0.0,0.0
7174,0.0,0.0,0.0,0.0,0.0,0.0,0.0,0.0,0.0,0.0,0.0,0.0
7175,0.0,0.0,0.0,0.0,0.0,0.0,0.0,0.0,0.0,0.0,0.0,0.0
7176,0.0,0.0,0.0,0.0,0.0,0.0,0.0,0.0,0.0,0.0,0.0,0.0
7223,0.0,0.0,0.0,0.0,0.0,0.0,0.0,0.0,0.0,0.0,0.0,0.0
7224,0.0,0.0,0.0,0.0,0.0,0.0,0.0,0.0,0.0,0.0,0.0,0.0
7225,0.0,0.0,0.0,0.0,0.0,0.0,0.0,0.0,0.0,0.0,0.0,0.0
7226,0.0,0.0,0.0,0.0,0.0,0.0,0.0,0.0,0.0,0.0,0.0,0.0
7227,0.0,0.0,0.0,0.0,0.0,0.0,0.0,0.0,0.0,0.0,0.0,0.0
7228,0.0,0.0,0.0,0.0,0.0,0.0,0.0,0.0,0.0,0.0,0.0,0.0
7229,0.0,0.0,0.0,0.0,0.0,0.0,0.0,0.0,0.0,0.0,0.0,0.0
7230,0.0,0.0,0.0,0.0,0.0,0.0,0.0,0.0,0.0,0.0,0.0,0.0
7268,0.0,0.0,0.0,0.0,0.0,0.0,0.0,0.0,0.0,0.0,0.0,0.0
7269,0.0,0.0,0.0,0.0,0.0,0.0,0.0,0.0,0.0,0.0,0.0,0.0
7270,0.0,0.0,0.0,0.0,0.0,0.0,0.0,0.0,0.0,0.0,0.0,0.0
7271,0.0,0.0,0.0,0.0,0.0,0.0,0.0,0.0,0.0,0.0,0.0,0.0
7272,0.0,0.0,0.0,0.0,0.0,0.0,0.0,0.0,0.0,0.0,0.0,0.0
7273,0.0,0.0,0.0,0.0,0.0,0.0,0.0,0.0,0.0,0.0,0.0,0.0
7274,0.0,0.0,0.0,0.0,0.0,0.0,0.0,0.0,0.0,0.0,0.0,0.0
7275,0.0,0.0,0.0,0.0,0.0,0.0,0.0,0.0,0.0,0.0,0.0,0.0
7276,0.0,0.0,0.0,0.0,0.0,0.0,0.0,0.0,0.0,0.0,0.0,0.0
7277,0.0,0.0,0.0,0.0,0.0,0.0,0.0,0.0,0.0,0.0,0.0,0.0
7278,0.0,0.0,0.0,0.0,0.0,0.0,0.0,0.0,0.0,0.0,0.0,0.0
7279,0.0,0.0,0.0,0.0,0.0,0.0,0.0,0.0,0.0,0.0,0.0,0.0
7280,0.0,0.0,0.0,0.0,0.0,0.0,0.0,0.0,0.0,0.0,0.0,0.0
7282,0.0,0.0,0.0,0.0,0.0,0.0,0.0,0.0,0.0,0.0,0.0,0.0
7283,0.0,0.0,0.0,0.0,0.0,0.0,0.0,0.0,0.0,0.0,0.0,0.0
7284,0.0,0.0,0.0,0.0,0.0,0.0,0.0,0.0,0.0,0.0,0.0,0.0
7285,0.0,0.0,0.0,0.0,0.0,0.0,0.0,0.0,0.0,0.0,0.0,0.0
7287,0.0,0.0,0.0,0.0,0.0,0.0,0.0,0.0,0.0,0.0,0.0,0.0
7288,0.0,0.0,0.0,0.0,0.0,0.0,0.0,0.0,0.0,0.0,0.0,0.0
7289,0.0,0.0,0.0,0.0,0.0,0.0,0.0,0.0,0.0,0.0,0.0,0.0
7290,0.0,0.0,0.0,0.0,0.0,0.0,0.0,0.0,0.0,0.0,0.0,0.0
7291,0.0,0.0,0.0,0.0,0.0,0.0,0.0,0.0,0.0,0.0,0.0,0.0
7292,0.0,0.0,0.0,0.0,0.0,0.0,0.0,0.0,0.0,0.0,0.0,0.0
7293,0.0,0.0,0.0,0.0,0.0,0.0,0.0,0.0,0.0,0.0,0.0,0.0
7294,0.0,0.0,0.0,0.0,0.0,0.0,0.0,0.0,0.0,0.0,0.0,0.0
7295,0.0,0.0,0.0,0.0,0.0,0.0,0.0,0.0,0.0,0.0,0.0,0.0
7296,0.0,0.0,0.0,0.0,0.0,0.0,0.0,0.0,0.0,0.0,0.0,0.0
7297,0.0,0.0,0.0,0.0,0.0,0.0,0.0,0.0,0.0,0.0,0.0,0.0
7309,0.0,0.0,0.0,0.0,0.0,0.0,0.0,0.0,0.0,0.0,0.0,0.0
7310,0.0,0.0,0.0,0.0,0.0,0.0,0.0,0.0,0.0,0.0,0.0,0.0
7311,0.0,0.0,0.0,0.0,0.0,0.0,0.0,0.0,0.0,0.0,0.0,0.0
7312,0.0,0.0,0.0,0.0,0.0,0.0,0.0,0.0,0.0,0.0,0.0,0.0
7313,0.0,0.0,0.0,0.0,0.0,0.0,0.0,0.0,0.0,0.0,0.0,0.0
7320,0.0,0.0,0.0,0.0,0.0,0.0,0.0,0.0,0.0,0.0,0.0,0.0
7321,0.0,0.0,0.0,0.0,0.0,0.0,0.0,0.0,0.0,0.0,0.0,0.0
7322,0.0,0.0,0.0,0.0,0.0,0.0,0.0,0.0,0.0,0.0,0.0,0.0
7323,0.0,0.0,0.0,0.0,0.0,0.0,0.0,0.0,0.0,0.0,0.0,0.0
7324,0.0,0.0,0.0,0.0,0.0,0.0,0.0,0.0,0.0,0.0,0.0,0.0
7325,0.0,0.0,0.0,0.0,0.0,0.0,0.0,0.0,0.0,0.0,0.0,0.0
7326,0.0,0.0,0.0,0.0,0.0,0.0,0.0,0.0,0.0,0.0,0.0,0.0
7327,0.0,0.0,0.0,0.0,0.0,0.0,0.0,0.0,0.0,0.0,0.0,0.0
7328,0.0,0.0,0.0,0.0,0.0,0.0,0.0,0.0,0.0,0.0,0.0,0.0
7511,0.0,0.0,0.0,0.0,0.0,0.0,0.0,0.0,0.0,0.0,0.0,0.0
7512,0.0,0.0,0.0,0.0,0.0,0.0,0.0,0.0,0.0,0.0,0.0,0.0
7513,0.0,0.0,0.0,0.0,0.0,0.0,0.0,0.0,0.0,0.0,0.0,0.0
7514,0.0,0.0,0.0,0.0,0.0,0.0,0.0,0.0,0.0,0.0,0.0,0.0
7532,0.0,0.0,0.0,0.0,0.0,0.0,0.0,0.0,0.0,0.0,0.0,0.0
7536,0.0,0.0,0.0,0.0,0.0,0.0,0.0,0.0,0.0,0.0,0.0,0.0
7537,0.0,0.0,0.0,0.0,0.0,0.0,0.0,0.0,0.0,0.0,0.0,0.0
7538,0.0,0.0,0.0,0.0,0.0,0.0,0.0,0.0,0.0,0.0,0.0,0.0
7541,0.0,0.0,0.0,0.0,0.0,0.0,0.0,0.0,0.0,0.0,0.0,0.0
7542,0.0,0.0,0.0,0.0,0.0,0.0,0.0,0.0,0.0,0.0,0.0,0.0
7643,0.0,0.0,0.0,0.0,0.0,0.0,0.0,0.0,0.0,0.0,0.0,0.0
7644,0.0,0.0,0.0,0.0,0.0,0.0,0.0,0.0,0.0,0.0,0.0,0.0
7645,0.0,0.0,0.0,0.0,0.0,0.0,0.0,0.0,0.0,0.0,0.0,0.0
7647,0.0,0.0,0.0,0.0,0.0,0.0,0.0,0.0,0.0,0.0,0.0,0.0
7648,0.0,0.0,0.0,0.0,0.0,0.0,0.0,0.0,0.0,0.0,0.0,0.0
7649,0.0,0.0,0.0,0.0,0.0,0.0,0.0,0.0,0.0,0.0,0.0,0.0
7650,0.0,0.0,0.0,0.0,0.0,0.0,0.0,0.0,0.0,0.0,0.0,0.0
7651,0.0,0.0,0.0,0.0,0.0,0.0,0.0,0.0,0.0,0.0,0.0,0.0
7652,0.0,0.0,0.0,0.0,0.0,0.0,0.0,0.0,0.0,0.0,0.0,0.0
7653,0.0,0.0,0.0,0.0,0.0,0.0,0.0,0.0,0.0,0.0,0.0,0.0
7654,0.0,0.0,0.0,0.0,0.0,0.0,0.0,0.0,0.0,0.0,0.0,0.0
7655,0.0,0.0,0.0,0.0,0.0,0.0,0.0,0.0,0.0,0.0,0.0,0.0
7656,0.0,0.0,0.0,0.0,0.0,0.0,0.0,0.0,0.0,0.0,0.0,0.0
7657,0.0,0.0,0.0,0.0,0.0,0.0,0.0,0.0,0.0,0.0,0.0,0.0
7661,0.0,0.0,0.0,0.0,0.0,0.0,0.0,0.0,0.0,0.0,0.0,0.0
7662,0.0,0.0,0.0,0.0,0.0,0.0,0.0,0.0,0.0,0.0,0.0,0.0
7663,0.0,0.0,0.0,0.0,0.0,0.0,0.0,0.0,0.0,0.0,0.0,0.0
7664,0.0,0.0,0.0,0.0,0.0,0.0,0.0,0.0,0.0,0.0,0.0,0.0
7665,0.0,0.0,0.0,0.0,0.0,0.0,0.0,0.0,0.0,0.0,0.0,0.0
7666,0.0,0.0,0.0,0.0,0.0,0.0,0.0,0.0,0.0,0.0,0.0,0.0
7667,0.0,0.0,0.0,0.0,0.0,0.0,0.0,0.0,0.0,0.0,0.0,0.0
7668,0.0,0.0,0.0,0.0,0.0,0.0,0.0,0.0,0.0,0.0,0.0,0.0
7669,0.0,0.0,0.0,0.0,0.0,0.0,0.0,0.0,0.0,0.0,0.0,0.0
7670,0.0,0.0,0.0,0.0,0.0,0.0,0.0,0.0,0.0,0.0,0.0,0.0
7678,0.0,0.0,0.0,0.0,0.0,0.0,0.0,0.0,0.0,0.0,0.0,0.0
7682,0.0,0.0,0.0,0.0,0.0,0.0,0.0,0.0,0.0,0.0,0.0,0.0
7683,0.0,0.0,0.0,0.0,0.0,0.0,0.0,0.0,0.0,0.0,0.0,0.0
7690,0.0,0.0,0.0,0.0,0.0,0.0,0.0,0.0,0.0,0.0,0.0,0.0
7691,0.0,0.0,0.0,0.0,0.0,0.0,0.0,0.0,0.0,0.0,0.0,0.0
7692,0.0,0.0,0.0,0.0,0.0,0.0,0.0,0.0,0.0,0.0,0.0,0.0
7694,0.0,0.0,0.0,0.0,0.0,0.0,0.0,0.0,0.0,0.0,0.0,0.0
7695,0.0,0.0,0.0,0.0,0.0,0.0,0.0,0.0,0.0,0.0,0.0,0.0
7696,0.0,0.0,0.0,0.0,0.0,0.0,0.0,0.0,0.0,0.0,0.0,0.0
7697,0.0,0.0,0.0,0.0,0.0,0.0,0.0,0.0,0.0,0.0,0.0,0.0
7698,0.0,0.0,0.0,0.0,0.0,0.0,0.0,0.0,0.0,0.0,0.0,0.0
7699,0.0,0.0,0.0,0.0,0.0,0.0,0.0,0.0,0.0,0.0,0.0,0.0
7700,0.0,0.0,0.0,0.0,0.0,0.0,0.0,0.0,0.0,0.0,0.0,0.0
7713,0.0,0.0,0.0,0.0,0.0,0.0,0.0,0.0,0.0,0.0,0.0,0.0
7717,0.0,0.0,0.0,0.0,0.0,0.0,0.0,0.0,0.0,0.0,0.0,0.0
7718,0.0,0.0,0.0,0.0,0.0,0.0,0.0,0.0,0.0,0.0,0.0,0.0
7719,0.0,0.0,0.0,0.0,0.0,0.0,0.0,0.0,0.0,0.0,0.0,0.0
7720,0.0,0.0,0.0,0.0,0.0,0.0,0.0,0.0,0.0,0.0,0.0,0.0
7766,0.0,0.0,0.0,0.0,0.0,0.0,0.0,0.0,0.0,0.0,0.0,0.0
7767,0.0,0.0,0.0,0.0,0.0,0.0,0.0,0.0,0.0,0.0,0.0,0.0
7768,0.0,0.0,0.0,0.0,0.0,0.0,0.0,0.0,0.0,0.0,0.0,0.0
7769,0.0,0.0,0.0,0.0,0.0,0.0,0.0,0.0,0.0,0.0,0.0,0.0
7770,0.0,0.0,0.0,0.0,0.0,0.0,0.0,0.0,0.0,0.0,0.0,0.0
7771,0.0,0.0,0.0,0.0,0.0,0.0,0.0,0.0,0.0,0.0,0.0,0.0
7772,0.0,0.0,0.0,0.0,0.0,0.0,0.0,0.0,0.0,0.0,0.0,0.0
7773,0.0,0.0,0.0,0.0,0.0,0.0,0.0,0.0,0.0,0.0,0.0,0.0
7774,0.0,0.0,0.0,0.0,0.0,0.0,0.0,0.0,0.0,0.0,0.0,0.0
7817,0.0,0.0,0.0,0.0,0.0,0.0,0.0,0.0,0.0,0.0,0.0,0.0
7818,0.0,0.0,0.0,0.0,0.0,0.0,0.0,0.0,0.0,0.0,0.0,0.0
7819,0.0,0.0,0.0,0.0,0.0,0.0,0.0,0.0,0.0,0.0,0.0,0.0
7820,0.0,0.0,0.0,0.0,0.0,0.0,0.0,0.0,0.0,0.0,0.0,0.0
7821,0.0,0.0,0.0,0.0,0.0,0.0,0.0,0.0,0.0,0.0,0.0,0.0
7822,0.0,0.0,0.0,0.0,0.0,0.0,0.0,0.0,0.0,0.0,0.0,0.0
7824,0.0,0.0,0.0,0.0,0.0,0.0,0.0,0.0,0.0,0.0,0.0,0.0
7825,0.0,0.0,0.0,0.0,0.0,0.0,0.0,0.0,0.0,0.0,0.0,0.0
7826,0.0,0.0,0.0,0.0,0.0,0.0,0.0,0.0,0.0,0.0,0.0,0.0
7827,0.0,0.0,0.0,0.0,0.0,0.0,0.0,0.0,0.0,0.0,0.0,0.0
7829,0.0,0.0,0.0,0.0,0.0,0.0,0.0,0.0,0.0,0.0,0.0,0.0
7830,0.0,0.0,0.0,0.0,0.0,0.0,0.0,0.0,0.0,0.0,0.0,0.0
7831,0.0,0.0,0.0,0.0,0.0,0.0,0.0,0.0,0.0,0.0,0.0,0.0
7832,0.0,0.0,0.0,0.0,0.0,0.0,0.0,0.0,0.0,0.0,0.0,0.0
7833,0.0,0.0,0.0,0.0,0.0,0.0,0.0,0.0,0.0,0.0,0.0,0.0
7834,0.0,0.0,0.0,0.0,0.0,0.0,0.0,0.0,0.0,0.0,0.0,0.0
7835,0.0,0.0,0.0,0.0,0.0,0.0,0.0,0.0,0.0,0.0,0.0,0.0
7836,0.0,0.0,0.0,0.0,0.0,0.0,0.0,0.0,0.0,0.0,0.0,0.0
7837,0.0,0.0,0.0,0.0,0.0,0.0,0.0,0.0,0.0,0.0,0.0,0.0
7838,0.0,0.0,0.0,0.0,0.0,0.0,0.0,0.0,0.0,0.0,0.0,0.0
7847,0.0,0.0,0.0,0.0,0.0,0.0,0.0,0.0,0.0,0.0,0.0,0.0
7848,0.0,0.0,0.0,0.0,0.0,0.0,0.0,0.0,0.0,0.0,0.0,0.0
7865,0.0,0.0,0.0,0.0,0.0,0.0,0.0,0.0,0.0,0.0,0.0,0.0
7866,0.0,0.0,0.0,0.0,0.0,0.0,0.0,0.0,0.0,0.0,0.0,0.0
7875,0.0,0.0,0.0,0.0,0.0,0.0,0.0,0.0,0.0,0.0,0.0,0.0
7876,0.0,0.0,0.0,0.0,0.0,0.0,0.0,0.0,0.0,0.0,0.0,0.0
7877,0.0,0.0,0.0,0.0,0.0,0.0,0.0,0.0,0.0,0.0,0.0,0.0
7878,0.0,0.0,0.0,0.0,0.0,0.0,0.0,0.0,0.0,0.0,0.0,0.0
7883,0.0,0.0,0.0,0.0,0.0,0.0,0.0,0.0,0.0,0.0,0.0,0.0
7884,0.0,0.0,0.0,0.0,0.0,0.0,0.0,0.0,0.0,0.0,0.0,0.0
8088,0.0,0.0,0.0,0.0,0.0,0.0,0.0,0.0,0.0,0.0,0.0,0.0
8096,0.0,0.0,0.0,0.0,0.0,0.0,0.0,0.0,0.0,0.0,0.0,0.0
8097,0.0,0.0,0.0,0.0,0.0,0.0,0.0,0.0,0.0,0.0,0.0,0.0
8099,0.0,0.0,0.0,0.0,0.0,0.0,0.0,0.0,0.0,0.0,0.0,0.0
8100,0.0,0.0,0.0,0.0,0.0,0.0,0.0,0.0,0.0,0.0,0.0,0.0
8101,0.0,0.0,0.0,0.0,0.0,0.0,0.0,0.0,0.0,0.0,0.0,0.0
8199,0.0,0.0,0.0,0.0,0.0,0.0,0.0,0.0,0.0,0.0,0.0,0.0
8200,0.0,0.0,0.0,0.0,0.0,0.0,0.0,0.0,0.0,0.0,0.0,0.0
8201,0.0,0.0,0.0,0.0,0.0,0.0,0.0,0.0,0.0,0.0,0.0,0.0
8202,0.0,0.0,0.0,0.0,0.0,0.0,0.0,0.0,0.0,0.0,0.0,0.0
8203,0.0,0.0,0.0,0.0,0.0,0.0,0.0,0.0,0.0,0.0,0.0,0.0
8204,0.0,0.0,0.0,0.0,0.0,0.0,0.0,0.0,0.0,0.0,0.0,0.0
8205,0.0,0.0,0.0,0.0,0.0,0.0,0.0,0.0,0.0,0.0,0.0,0.0
8206,0.0,0.0,0.0,0.0,0.0,0.0,0.0,0.0,0.0,0.0,0.0,0.0
8207,0.0,0.0,0.0,0.0,0.0,0.0,0.0,0.0,0.0,0.0,0.0,0.0
8208,0.0,0.0,0.0,0.0,0.0,0.0,0.0,0.0,0.0,0.0,0.0,0.0
8209,0.0,0.0,0.0,0.0,0.0,0.0,0.0,0.0,0.0,0.0,0.0,0.0
8210,0.0,0.0,0.0,0.0,0.0,0.0,0.0,0.0,0.0,0.0,0.0,0.0
8211,0.0,0.0,0.0,0.0,0.0,0.0,0.0,0.0,0.0,0.0,0.0,0.0
8212,0.0,0.0,0.0,0.0,0.0,0.0,0.0,0.0,0.0,0.0,0.0,0.0
8213,0.0,0.0,0.0,0.0,0.0,0.0,0.0,0.0,0.0,0.0,0.0,0.0
8214,0.0,0.0,0.0,0.0,0.0,0.0,0.0,0.0,0.0,0.0,0.0,0.0
8223,0.0,0.0,0.0,0.0,0.0,0.0,0.0,0.0,0.0,0.0,0.0,0.0
8224,0.0,0.0,0.0,0.0,0.0,0.0,0.0,0.0,0.0,0.0,0.0,0.0
8225,0.0,0.0,0.0,0.0,0.0,0.0,0.0,0.0,0.0,0.0,0.0,0.0
8226,0.0,0.0,0.0,0.0,0.0,0.0,0.0,0.0,0.0,0.0,0.0,0.0
8227,0.0,0.0,0.0,0.0,0.0,0.0,0.0,0.0,0.0,0.0,0.0,0.0
8228,0.0,0.0,0.0,0.0,0.0,0.0,0.0,0.0,0.0,0.0,0.0,0.0
8229,0.0,0.0,0.0,0.0,0.0,0.0,0.0,0.0,0.0,0.0,0.0,0.0
8230,0.0,0.0,0.0,0.0,0.0,0.0,0.0,0.0,0.0,0.0,0.0,0.0
8231,0.0,0.0,0.0,0.0,0.0,0.0,0.0,0.0,0.0,0.0,0.0,0.0
8232,0.0,0.0,0.0,0.0,0.0,0.0,0.0,0.0,0.0,0.0,0.0,0.0
8233,0.0,0.0,0.0,0.0,0.0,0.0,0.0,0.0,0.0,0.0,0.0,0.0
8237,0.0,0.0,0.0,0.0,0.0,0.0,0.0,0.0,0.0,0.0,0.0,0.0
8238,0.0,0.0,0.0,0.0,0.0,0.0,0.0,0.0,0.0,0.0,0.0,0.0
8239,0.0,0.0,0.0,0.0,0.0,0.0,0.0,0.0,0.0,0.0,0.0,0.0
8253,0.0,0.0,0.0,0.0,0.0,0.0,0.0,0.0,0.0,0.0,0.0,0.0
8255,0.0,0.0,0.0,0.0,0.0,0.0,0.0,0.0,0.0,0.0,0.0,0.0
8256,0.0,0.0,0.0,0.0,0.0,0.0,0.0,0.0,0.0,0.0,0.0,0.0
8265,0.0,0.0,0.0,0.0,0.0,0.0,0.0,0.0,0.0,0.0,0.0,0.0
8267,0.0,0.0,0.0,0.0,0.0,0.0,0.0,0.0,0.0,0.0,0.0,0.0
8271,0.0,0.0,0.0,0.0,0.0,0.0,0.0,0.0,0.0,0.0,0.0,0.0
8272,0.0,0.0,0.0,0.0,0.0,0.0,0.0,0.0,0.0,0.0,0.0,0.0
8273,0.0,0.0,0.0,0.0,0.0,0.0,0.0,0.0,0.0,0.0,0.0,0.0
8274,0.0,0.0,0.0,0.0,0.0,0.0,0.0,0.0,0.0,0.0,0.0,0.0
8290,0.0,0.0,0.0,0.0,0.0,0.0,0.0,0.0,0.0,0.0,0.0,0.0
8291,0.0,0.0,0.0,0.0,0.0,0.0,0.0,0.0,0.0,0.0,0.0,0.0
8293,0.0,0.0,0.0,0.0,0.0,0.0,0.0,0.0,0.0,0.0,0.0,0.0
8294,0.0,0.0,0.0,0.0,0.0,0.0,0.0,0.0,0.0,0.0,0.0,0.0
8295,0.0,0.0,0.0,0.0,0.0,0.0,0.0,0.0,0.0,0.0,0.0,0.0
8296,0.0,0.0,0.0,0.0,0.0,0.0,0.0,0.0,0.0,0.0,0.0,0.0
8297,0.0,0.0,0.0,0.0,0.0,0.0,0.0,0.0,0.0,0.0,0.0,0.0
8298,0.0,0.0,0.0,0.0,0.0,0.0,0.0,0.0,0.0,0.0,0.0,0.0
8335,0.0,0.0,0.0,0.0,0.0,0.0,0.0,0.0,0.0,0.0,0.0,0.0
8336,0.0,0.0,0.0,0.0,0.0,0.0,0.0,0.0,0.0,0.0,0.0,0.0
8337,0.0,0.0,0.0,0.0,0.0,0.0,0.0,0.0,0.0,0.0,0.0,0.0
8338,0.0,0.0,0.0,0.0,0.0,0.0,0.0,0.0,0.0,0.0,0.0,0.0
8388,0.0,0.0,0.0,0.0,0.0,0.0,0.0,0.0,0.0,0.0,0.0,0.0
8389,0.0,0.0,0.0,0.0,0.0,0.0,0.0,0.0,0.0,0.0,0.0,0.0
8390,0.0,0.0,0.0,0.0,0.0,0.0,0.0,0.0,0.0,0.0,0.0,0.0
8391,0.0,0.0,0.0,0.0,0.0,0.0,0.0,0.0,0.0,0.0,0.0,0.0
8393,0.0,0.0,0.0,0.0,0.0,0.0,0.0,0.0,0.0,0.0,0.0,0.0
8394,0.0,0.0,0.0,0.0,0.0,0.0,0.0,0.0,0.0,0.0,0.0,0.0
8395,0.0,0.0,0.0,0.0,0.0,0.0,0.0,0.0,0.0,0.0,0.0,0.0
8396,0.0,0.0,0.0,0.0,0.0,0.0,0.0,0.0,0.0,0.0,0.0,0.0
8397,0.0,0.0,0.0,0.0,0.0,0.0,0.0,0.0,0.0,0.0,0.0,0.0
8398,0.0,0.0,0.0,0.0,0.0,0.0,0.0,0.0,0.0,0.0,0.0,0.0
8399,0.0,0.0,0.0,0.0,0.0,0.0,0.0,0.0,0.0,0.0,0.0,0.0
8400,0.0,0.0,0.0,0.0,0.0,0.0,0.0,0.0,0.0,0.0,0.0,0.0
8401,0.0,0.0,0.0,0.0,0.0,0.0,0.0,0.0,0.0,0.0,0.0,0.0
8447,0.0,0.0,0.0,0.0,0.0,0.0,0.0,0.0,0.0,0.0,0.0,0.0
8448,0.0,0.0,0.0,0.0,0.0,0.0,0.0,0.0,0.0,0.0,0.0,0.0
8449,0.0,0.0,0.0,0.0,0.0,0.0,0.0,0.0,0.0,0.0,0.0,0.0
8454,0.0,0.0,0.0,0.0,0.0,0.0,0.0,0.0,0.0,0.0,0.0,0.0
8455,0.0,0.0,0.0,0.0,0.0,0.0,0.0,0.0,0.0,0.0,0.0,0.0
8456,0.0,0.0,0.0,0.0,0.0,0.0,0.0,0.0,0.0,0.0,0.0,0.0
8457,0.0,0.0,0.0,0.0,0.0,0.0,0.0,0.0,0.0,0.0,0.0,0.0
8659,0.0,0.0,0.0,0.0,0.0,0.0,0.0,0.0,0.0,0.0,0.0,0.0
8669,0.0,0.0,0.0,0.0,0.0,0.0,0.0,0.0,0.0,0.0,0.0,0.0
8670,0.0,0.0,0.0,0.0,0.0,0.0,0.0,0.0,0.0,0.0,0.0,0.0
8671,0.0,0.0,0.0,0.0,0.0,0.0,0.0,0.0,0.0,0.0,0.0,0.0
8672,0.0,0.0,0.0,0.0,0.0,0.0,0.0,0.0,0.0,0.0,0.0,0.0
8673,0.0,0.0,0.0,0.0,0.0,0.0,0.0,0.0,0.0,0.0,0.0,0.0
8674,0.0,0.0,0.0,0.0,0.0,0.0,0.0,0.0,0.0,0.0,0.0,0.0
8675,0.0,0.0,0.0,0.0,0.0,0.0,0.0,0.0,0.0,0.0,0.0,0.0
8676,0.0,0.0,0.0,0.0,0.0,0.0,0.0,0.0,0.0,0.0,0.0,0.0
8784,0.0,0.0,0.0,0.0,0.0,0.0,0.0,0.0,0.0,0.0,0.0,0.0
8785,0.0,0.0,0.0,0.0,0.0,0.0,0.0,0.0,0.0,0.0,0.0,0.0
8786,0.0,0.0,0.0,0.0,0.0,0.0,0.0,0.0,0.0,0.0,0.0,0.0
8787,0.0,0.0,0.0,0.0,0.0,0.0,0.0,0.0,0.0,0.0,0.0,0.0
8809,0.0,0.0,0.0,0.0,0.0,0.0,0.0,0.0,0.0,0.0,0.0,0.0
8810,0.0,0.0,0.0,0.0,0.0,0.0,0.0,0.0,0.0,0.0,0.0,0.0
8811,0.0,0.0,0.0,0.0,0.0,0.0,0.0,0.0,0.0,0.0,0.0,0.0
8827,0.0,0.0,0.0,0.0,0.0,0.0,0.0,0.0,0.0,0.0,0.0,0.0
8828,0.0,0.0,0.0,0.0,0.0,0.0,0.0,0.0,0.0,0.0,0.0,0.0
8839,0.0,0.0,0.0,0.0,0.0,0.0,0.0,0.0,0.0,0.0,0.0,0.0
8840,0.0,0.0,0.0,0.0,0.0,0.0,0.0,0.0,0.0,0.0,0.0,0.0
8841,0.0,0.0,0.0,0.0,0.0,0.0,0.0,0.0,0.0,0.0,0.0,0.0
8842,0.0,0.0,0.0,0.0,0.0,0.0,0.0,0.0,0.0,0.0,0.0,0.0
8843,0.0,0.0,0.0,0.0,0.0,0.0,0.0,0.0,0.0,0.0,0.0,0.0
8844,0.0,0.0,0.0,0.0,0.0,0.0,0.0,0.0,0.0,0.0,0.0,0.0
8845,0.0,0.0,0.0,0.0,0.0,0.0,0.0,0.0,0.0,0.0,0.0,0.0
8861,0.0,0.0,0.0,0.0,0.0,0.0,0.0,0.0,0.0,0.0,0.0,0.0
8862,0.0,0.0,0.0,0.0,0.0,0.0,0.0,0.0,0.0,0.0,0.0,0.0
8863,0.0,0.0,0.0,0.0,0.0,0.0,0.0,0.0,0.0,0.0,0.0,0.0
8864,0.0,0.0,0.0,0.0,0.0,0.0,0.0,0.0,0.0,0.0,0.0,0.0
8866,0.0,0.0,0.0,0.0,0.0,0.0,0.0,0.0,0.0,0.0,0.0,0.0
8867,0.0,0.0,0.0,0.0,0.0,0.0,0.0,0.0,0.0,0.0,0.0,0.0
8868,0.0,0.0,0.0,0.0,0.0,0.0,0.0,0.0,0.0,0.0,0.0,0.0
8869,0.0,0.0,0.0,0.0,0.0,0.0,0.0,0.0,0.0,0.0,0.0,0.0
8870,0.0,0.0,0.0,0.0,0.0,0.0,0.0,0.0,0.0,0.0,0.0,0.0
8871,0.0,0.0,0.0,0.0,0.0,0.0,0.0,0.0,0.0,0.0,0.0,0.0
8908,0.0,0.0,0.0,0.0,0.0,0.0,0.0,0.0,0.0,0.0,0.0,0.0
8909,0.0,0.0,0.0,0.0,0.0,0.0,0.0,0.0,0.0,0.0,0.0,0.0
8944,0.0,0.0,0.0,0.0,0.0,0.0,0.0,0.0,0.0,0.0,0.0,0.0
8945,0.0,0.0,0.0,0.0,0.0,0.0,0.0,0.0,0.0,0.0,0.0,0.0
8962,0.0,0.0,0.0,0.0,0.0,0.0,0.0,0.0,0.0,0.0,0.0,0.0
8963,0.0,0.0,0.0,0.0,0.0,0.0,0.0,0.0,0.0,0.0,0.0,0.0
8964,0.0,0.0,0.0,0.0,0.0,0.0,0.0,0.0,0.0,0.0,0.0,0.0
8965,0.0,0.0,0.0,0.0,0.0,0.0,0.0,0.0,0.0,0.0,0.0,0.0
8966,0.0,0.0,0.0,0.0,0.0,0.0,0.0,0.0,0.0,0.0,0.0,0.0
8967,0.0,0.0,0.0,0.0,0.0,0.0,0.0,0.0,0.0,0.0,0.0,0.0
8968,0.0,0.0,0.0,0.0,0.0,0.0,0.0,0.0,0.0,0.0,0.0,0.0
9016,0.0,0.0,0.0,0.0,0.0,0.0,0.0,0.0,0.0,0.0,0.0,0.0
9017,0.0,0.0,0.0,0.0,0.0,0.0,0.0,0.0,0.0,0.0,0.0,0.0
9019,0.0,0.0,0.0,0.0,0.0,0.0,0.0,0.0,0.0,0.0,0.0,0.0
9230,0.0,0.0,0.0,0.0,0.0,0.0,0.0,0.0,0.0,0.0,0.0,0.0
9241,0.0,0.0,0.0,0.0,0.0,0.0,0.0,0.0,0.0,0.0,0.0,0.0
9242,0.0,0.0,0.0,0.0,0.0,0.0,0.0,0.0,0.0,0.0,0.0,0.0
9245,0.0,0.0,0.0,0.0,0.0,0.0,0.0,0.0,0.0,0.0,0.0,0.0
9246,0.0,0.0,0.0,0.0,0.0,0.0,0.0,0.0,0.0,0.0,0.0,0.0
9247,0.0,0.0,0.0,0.0,0.0,0.0,0.0,0.0,0.0,0.0,0.0,0.0
9248,0.0,0.0,0.0,0.0,0.0,0.0,0.0,0.0,0.0,0.0,0.0,0.0
9249,0.0,0.0,0.0,0.0,0.0,0.0,0.0,0.0,0.0,0.0,0.0,0.0
9250,0.0,0.0,0.0,0.0,0.0,0.0,0.0,0.0,0.0,0.0,0.0,0.0
9251,0.0,0.0,0.0,0.0,0.0,0.0,0.0,0.0,0.0,0.0,0.0,0.0
9358,0.0,0.0,0.0,0.0,0.0,0.0,0.0,0.0,0.0,0.0,0.0,0.0
9359,0.0,0.0,0.0,0.0,0.0,0.0,0.0,0.0,0.0,0.0,0.0,0.0
9360,0.0,0.0,0.0,0.0,0.0,0.0,0.0,0.0,0.0,0.0,0.0,0.0
9403,0.0,0.0,0.0,0.0,0.0,0.0,0.0,0.0,0.0,0.0,0.0,0.0
9404,0.0,0.0,0.0,0.0,0.0,0.0,0.0,0.0,0.0,0.0,0.0,0.0
9405,0.0,0.0,0.0,0.0,0.0,0.0,0.0,0.0,0.0,0.0,0.0,0.0
9406,0.0,0.0,0.0,0.0,0.0,0.0,0.0,0.0,0.0,0.0,0.0,0.0
9407,0.0,0.0,0.0,0.0,0.0,0.0,0.0,0.0,0.0,0.0,0.0,0.0
9410,0.0,0.0,0.0,0.0,0.0,0.0,0.0,0.0,0.0,0.0,0.0,0.0
9411,0.0,0.0,0.0,0.0,0.0,0.0,0.0,0.0,0.0,0.0,0.0,0.0
9412,0.0,0.0,0.0,0.0,0.0,0.0,0.0,0.0,0.0,0.0,0.0,0.0
9432,0.0,0.0,0.0,0.0,0.0,0.0,0.0,0.0,0.0,0.0,0.0,0.0
9433,0.0,0.0,0.0,0.0,0.0,0.0,0.0,0.0,0.0,0.0,0.0,0.0
9436,0.0,0.0,0.0,0.0,0.0,0.0,0.0,0.0,0.0,0.0,0.0,0.0
9437,0.0,0.0,0.0,0.0,0.0,0.0,0.0,0.0,0.0,0.0,0.0,0.0
9438,0.0,0.0,0.0,0.0,0.0,0.0,0.0,0.0,0.0,0.0,0.0,0.0
9439,0.0,0.0,0.0,0.0,0.0,0.0,0.0,0.0,0.0,0.0,0.0,0.0
9440,0.0,0.0,0.0,0.0,0.0,0.0,0.0,0.0,0.0,0.0,0.0,0.0
9441,0.0,0.0,0.0,0.0,0.0,0.0,0.0,0.0,0.0,0.0,0.0,0.0
9442,0.0,0.0,0.0,0.0,0.0,0.0,0.0,0.0,0.0,0.0,0.0,0.0
9443,0.0,0.0,0.0,0.0,0.0,0.0,0.0,0.0,0.0,0.0,0.0,0.0
9477,0.0,0.0,0.0,0.0,0.0,0.0,0.0,0.0,0.0,0.0,0.0,0.0
9478,0.0,0.0,0.0,0.0,0.0,0.0,0.0,0.0,0.0,0.0,0.0,0.0
9516,0.0,0.0,0.0,0.0,0.0,0.0,0.0,0.0,0.0,0.0,0.0,0.0
9517,0.0,0.0,0.0,0.0,0.0,0.0,0.0,0.0,0.0,0.0,0.0,0.0
9518,0.0,0.0,0.0,0.0,0.0,0.0,0.0,0.0,0.0,0.0,0.0,0.0
9519,0.0,0.0,0.0,0.0,0.0,0.0,0.0,0.0,0.0,0.0,0.0,0.0
9520,0.0,0.0,0.0,0.0,0.0,0.0,0.0,0.0,0.0,0.0,0.0,0.0
9532,0.0,0.0,0.0,0.0,0.0,0.0,0.0,0.0,0.0,0.0,0.0,0.0
9533,0.0,0.0,0.0,0.0,0.0,0.0,0.0,0.0,0.0,0.0,0.0,0.0
9534,0.0,0.0,0.0,0.0,0.0,0.0,0.0,0.0,0.0,0.0,0.0,0.0
9535,0.0,0.0,0.0,0.0,0.0,0.0,0.0,0.0,0.0,0.0,0.0,0.0
9537,0.0,0.0,0.0,0.0,0.0,0.0,0.0,0.0,0.0,0.0,0.0,0.0
9538,0.0,0.0,0.0,0.0,0.0,0.0,0.0,0.0,0.0,0.0,0.0,0.0
9539,0.0,0.0,0.0,0.0,0.0,0.0,0.0,0.0,0.0,0.0,0.0,0.0
9540,0.0,0.0,0.0,0.0,0.0,0.0,0.0,0.0,0.0,0.0,0.0,0.0
9541,0.0,0.0,0.0,0.0,0.0,0.0,0.0,0.0,0.0,0.0,0.0,0.0
9584,0.0,0.0,0.0,-1643952.0643730164,-19024879.672569275,-75171879.1743927,-57480432.87880707,-44930830.08101654,-15672471.829914093,-20067.577144622803,0.0,0.0
9585,0.0,0.0,0.0,0.0,0.0,0.0,0.0,0.0,0.0,0.0,0.0,0.0
9586,0.0,0.0,0.0,0.0,0.0,0.0,0.0,0.0,0.0,0.0,0.0,0.0
9587,0.0,0.0,0.0,0.0,0.0,0.0,0.0,0.0,0.0,0.0,0.0,0.0
9588,0.0,0.0,0.0,0.0,0.0,0.0,0.0,0.0,0.0,0.0,0.0,0.0
9589,0.0,0.0,0.0,0.0,0.0,0.0,0.0,0.0,0.0,0.0,0.0,0.0
9590,0.0,0.0,0.0,0.0,0.0,0.0,0.0,0.0,0.0,0.0,0.0,0.0
9591,0.0,0.0,0.0,0.0,0.0,0.0,0.0,0.0,0.0,0.0,0.0,0.0
9592,0.0,0.0,0.0,0.0,0.0,0.0,0.0,0.0,0.0,0.0,0.0,0.0
9804,0.0,0.0,0.0,0.0,0.0,0.0,0.0,0.0,0.0,0.0,0.0,0.0
9805,0.0,0.0,0.0,0.0,0.0,0.0,0.0,0.0,0.0,0.0,0.0,0.0
9806,0.0,0.0,0.0,0.0,0.0,0.0,0.0,0.0,0.0,0.0,0.0,0.0
9807,0.0,0.0,0.0,0.0,0.0,0.0,0.0,0.0,0.0,0.0,0.0,0.0
9816,0.0,0.0,0.0,0.0,0.0,0.0,0.0,0.0,0.0,0.0,0.0,0.0
9817,0.0,0.0,0.0,0.0,0.0,0.0,0.0,0.0,0.0,0.0,0.0,0.0
9823,0.0,0.0,0.0,0.0,0.0,0.0,0.0,0.0,0.0,0.0,0.0,0.0
9824,0.0,0.0,0.0,0.0,0.0,0.0,0.0,0.0,0.0,0.0,0.0,0.0
9825,0.0,0.0,0.0,0.0,0.0,0.0,0.0,0.0,0.0,0.0,0.0,0.0
9826,0.0,0.0,0.0,0.0,0.0,0.0,0.0,0.0,0.0,0.0,0.0,0.0
9827,0.0,0.0,0.0,0.0,0.0,0.0,0.0,0.0,0.0,0.0,0.0,0.0
9828,0.0,0.0,0.0,0.0,0.0,0.0,0.0,0.0,0.0,0.0,0.0,0.0
9829,0.0,0.0,0.0,0.0,0.0,0.0,0.0,0.0,0.0,0.0,0.0,0.0
9830,0.0,0.0,0.0,0.0,0.0,0.0,0.0,0.0,0.0,0.0,0.0,0.0
9831,0.0,0.0,0.0,0.0,0.0,0.0,0.0,0.0,0.0,0.0,0.0,0.0
9832,0.0,0.0,0.0,0.0,0.0,0.0,0.0,0.0,0.0,0.0,0.0,0.0
9833,0.0,0.0,0.0,0.0,0.0,0.0,0.0,0.0,0.0,0.0,0.0,0.0
9834,0.0,0.0,0.0,0.0,0.0,0.0,0.0,0.0,0.0,0.0,0.0,0.0
9836,0.0,0.0,0.0,0.0,0.0,0.0,0.0,0.0,0.0,0.0,0.0,0.0
9837,0.0,0.0,0.0,0.0,0.0,0.0,0.0,0.0,0.0,0.0,0.0,0.0
9838,0.0,0.0,0.0,0.0,0.0,0.0,0.0,0.0,0.0,0.0,0.0,0.0
9839,0.0,0.0,0.0,0.0,0.0,0.0,0.0,0.0,0.0,0.0,0.0,0.0
9945,0.0,0.0,0.0,0.0,0.0,0.0,0.0,0.0,0.0,0.0,0.0,0.0
9987,0.0,0.0,0.0,0.0,0.0,0.0,0.0,0.0,0.0,0.0,0.0,0.0
9988,0.0,0.0,0.0,0.0,0.0,0.0,0.0,0.0,0.0,0.0,0.0,0.0
9989,0.0,0.0,0.0,0.0,0.0,0.0,0.0,0.0,0.0,0.0,0.0,0.0
9990,0.0,0.0,0.0,0.0,0.0,0.0,0.0,0.0,0.0,0.0,0.0,0.0
9991,0.0,0.0,0.0,0.0,0.0,0.0,0.0,0.0,0.0,0.0,0.0,0.0
9992,0.0,0.0,0.0,0.0,0.0,0.0,0.0,0.0,0.0,0.0,0.0,0.0
9994,0.0,0.0,0.0,0.0,0.0,0.0,0.0,0.0,0.0,0.0,0.0,0.0
9995,0.0,0.0,0.0,0.0,0.0,0.0,0.0,0.0,0.0,0.0,0.0,0.0
10006,0.0,0.0,0.0,0.0,0.0,0.0,0.0,0.0,0.0,0.0,0.0,0.0
10007,0.0,0.0,0.0,0.0,0.0,0.0,0.0,0.0,0.0,0.0,0.0,0.0
10008,0.0,0.0,0.0,0.0,0.0,0.0,0.0,0.0,0.0,0.0,0.0,0.0
10009,0.0,0.0,0.0,0.0,0.0,0.0,0.0,0.0,0.0,0.0,0.0,0.0
10011,0.0,0.0,0.0,0.0,0.0,0.0,0.0,0.0,0.0,0.0,0.0,0.0
10013,0.0,0.0,0.0,0.0,0.0,0.0,0.0,0.0,0.0,0.0,0.0,0.0
10019,0.0,0.0,0.0,0.0,0.0,0.0,0.0,0.0,0.0,0.0,0.0,0.0
10020,0.0,0.0,0.0,0.0,0.0,0.0,0.0,0.0,0.0,0.0,0.0,0.0
10021,0.0,0.0,0.0,0.0,0.0,0.0,0.0,0.0,0.0,0.0,0.0,0.0
10060,0.0,0.0,0.0,0.0,0.0,0.0,0.0,0.0,0.0,0.0,0.0,0.0
10061,0.0,0.0,0.0,0.0,0.0,0.0,0.0,0.0,0.0,0.0,0.0,0.0
10062,0.0,0.0,0.0,0.0,0.0,0.0,0.0,0.0,0.0,0.0,0.0,0.0
10063,0.0,0.0,0.0,0.0,0.0,0.0,0.0,0.0,0.0,0.0,0.0,0.0
10064,0.0,0.0,0.0,0.0,0.0,0.0,0.0,0.0,0.0,0.0,0.0,0.0
10065,0.0,0.0,0.0,0.0,0.0,0.0,0.0,0.0,0.0,0.0,0.0,0.0
10066,0.0,0.0,0.0,0.0,0.0,0.0,0.0,0.0,0.0,0.0,0.0,0.0
10067,0.0,0.0,0.0,0.0,0.0,0.0,0.0,0.0,0.0,0.0,0.0,0.0
10068,0.0,0.0,0.0,0.0,0.0,0.0,0.0,0.0,0.0,0.0,0.0,0.0
10069,0.0,0.0,0.0,0.0,0.0,0.0,0.0,0.0,0.0,0.0,0.0,0.0
10070,0.0,0.0,0.0,0.0,0.0,0.0,0.0,0.0,0.0,0.0,0.0,0.0
10071,0.0,0.0,0.0,0.0,0.0,0.0,0.0,0.0,0.0,0.0,0.0,0.0
10072,0.0,0.0,0.0,0.0,0.0,0.0,0.0,0.0,0.0,0.0,0.0,0.0
10073,0.0,0.0,0.0,0.0,0.0,0.0,0.0,0.0,0.0,0.0,0.0,0.0
10074,0.0,0.0,0.0,0.0,0.0,0.0,0.0,0.0,0.0,0.0,0.0,0.0
10075,0.0,0.0,0.0,0.0,0.0,0.0,0.0,0.0,0.0,0.0,0.0,0.0
10076,0.0,0.0,0.0,0.0,0.0,0.0,0.0,0.0,0.0,0.0,0.0,0.0
10077,0.0,0.0,0.0,0.0,0.0,0.0,0.0,0.0,0.0,0.0,0.0,0.0
10078,0.0,0.0,0.0,0.0,0.0,0.0,0.0,0.0,0.0,0.0,0.0,0.0
10119,0.0,0.0,0.0,0.0,0.0,0.0,0.0,0.0,0.0,0.0,0.0,0.0
10120,0.0,0.0,0.0,0.0,0.0,0.0,0.0,0.0,0.0,0.0,0.0,0.0
10121,0.0,0.0,0.0,0.0,0.0,0.0,0.0,0.0,0.0,0.0,0.0,0.0
10122,0.0,0.0,0.0,0.0,0.0,0.0,0.0,0.0,0.0,0.0,0.0,0.0
10123,0.0,0.0,0.0,0.0,0.0,0.0,0.0,0.0,0.0,0.0,0.0,0.0
10124,0.0,0.0,0.0,0.0,0.0,0.0,0.0,0.0,0.0,0.0,0.0,0.0
10125,0.0,0.0,0.0,0.0,0.0,0.0,0.0,0.0,0.0,0.0,0.0,0.0
10126,0.0,0.0,0.0,0.0,0.0,0.0,0.0,0.0,0.0,0.0,0.0,0.0
10127,0.0,0.0,0.0,0.0,0.0,0.0,0.0,0.0,0.0,0.0,0.0,0.0
10128,0.0,0.0,0.0,0.0,0.0,0.0,0.0,0.0,0.0,0.0,0.0,0.0
10129,0.0,0.0,0.0,0.0,0.0,0.0,0.0,0.0,0.0,0.0,0.0,0.0
10130,0.0,0.0,0.0,0.0,0.0,0.0,0.0,0.0,0.0,0.0,0.0,0.0
10131,0.0,0.0,0.0,0.0,0.0,0.0,0.0,0.0,0.0,0.0,0.0,0.0
10132,0.0,0.0,0.0,0.0,0.0,0.0,0.0,0.0,0.0,0.0,0.0,0.0
10133,0.0,0.0,0.0,0.0,0.0,0.0,0.0,0.0,0.0,0.0,0.0,0.0
10134,0.0,0.0,0.0,0.0,0.0,0.0,0.0,0.0,0.0,0.0,0.0,0.0
10135,0.0,0.0,0.0,0.0,0.0,0.0,0.0,0.0,0.0,0.0,0.0,0.0
10136,0.0,0.0,0.0,0.0,0.0,0.0,0.0,0.0,0.0,0.0,0.0,0.0
10137,0.0,0.0,0.0,0.0,0.0,0.0,0.0,0.0,0.0,0.0,0.0,0.0
10138,0.0,0.0,0.0,0.0,0.0,0.0,0.0,0.0,0.0,0.0,0.0,0.0
10139,0.0,0.0,0.0,0.0,0.0,0.0,0.0,0.0,0.0,0.0,0.0,0.0
10191,0.0,0.0,0.0,0.0,0.0,0.0,0.0,0.0,0.0,0.0,0.0,0.0
10192,0.0,0.0,0.0,0.0,0.0,0.0,0.0,0.0,0.0,0.0,0.0,0.0
10193,0.0,0.0,0.0,0.0,0.0,0.0,0.0,0.0,0.0,0.0,0.0,0.0
10194,0.0,0.0,0.0,0.0,0.0,0.0,0.0,0.0,0.0,0.0,0.0,0.0
10195,0.0,0.0,0.0,0.0,0.0,0.0,0.0,0.0,0.0,0.0,0.0,0.0
10411,0.0,0.0,0.0,0.0,0.0,0.0,0.0,0.0,0.0,0.0,0.0,0.0
10413,0.0,0.0,0.0,0.0,0.0,0.0,0.0,0.0,0.0,0.0,0.0,0.0
10416,0.0,0.0,0.0,0.0,0.0,0.0,0.0,0.0,0.0,0.0,0.0,0.0
10417,0.0,0.0,0.0,0.0,0.0,0.0,0.0,0.0,0.0,0.0,0.0,0.0
10418,0.0,0.0,0.0,0.0,0.0,0.0,0.0,0.0,0.0,0.0,0.0,0.0
10425,0.0,0.0,0.0,0.0,0.0,0.0,0.0,0.0,0.0,0.0,0.0,0.0
10426,0.0,0.0,0.0,0.0,0.0,0.0,0.0,0.0,0.0,0.0,0.0,0.0
10427,0.0,0.0,0.0,0.0,0.0,0.0,0.0,0.0,0.0,0.0,0.0,0.0
10428,0.0,0.0,0.0,0.0,0.0,0.0,0.0,0.0,0.0,0.0,0.0,0.0
10429,0.0,0.0,0.0,0.0,0.0,0.0,0.0,0.0,0.0,0.0,0.0,0.0
10430,0.0,0.0,0.0,0.0,0.0,0.0,0.0,0.0,0.0,0.0,0.0,0.0
10431,0.0,0.0,0.0,0.0,0.0,0.0,0.0,0.0,0.0,0.0,0.0,0.0
10432,0.0,0.0,0.0,0.0,0.0,0.0,0.0,0.0,0.0,0.0,0.0,0.0
10433,0.0,0.0,0.0,0.0,0.0,0.0,0.0,0.0,0.0,0.0,0.0,0.0
10434,0.0,0.0,0.0,0.0,0.0,0.0,0.0,0.0,0.0,0.0,0.0,0.0
10588,0.0,0.0,0.0,0.0,0.0,0.0,0.0,0.0,0.0,0.0,0.0,0.0
10589,0.0,0.0,0.0,0.0,0.0,0.0,0.0,0.0,0.0,0.0,0.0,0.0
10590,0.0,0.0,0.0,0.0,0.0,0.0,0.0,0.0,0.0,0.0,0.0,0.0
10591,0.0,0.0,0.0,0.0,0.0,0.0,0.0,0.0,0.0,0.0,0.0,0.0
10594,0.0,0.0,0.0,0.0,0.0,0.0,0.0,0.0,0.0,0.0,0.0,0.0
10595,0.0,0.0,0.0,0.0,0.0,0.0,0.0,0.0,0.0,0.0,0.0,0.0
10596,0.0,0.0,0.0,0.0,0.0,0.0,0.0,0.0,0.0,0.0,0.0,0.0
10597,0.0,0.0,0.0,0.0,0.0,0.0,0.0,0.0,0.0,0.0,0.0,0.0
10598,0.0,0.0,0.0,0.0,0.0,0.0,0.0,0.0,0.0,0.0,0.0,0.0
10599,0.0,0.0,0.0,0.0,0.0,0.0,0.0,0.0,0.0,0.0,0.0,0.0
10600,0.0,0.0,0.0,0.0,0.0,0.0,0.0,0.0,0.0,0.0,0.0,0.0
10601,0.0,0.0,0.0,0.0,0.0,0.0,0.0,0.0,0.0,0.0,0.0,0.0
10602,0.0,0.0,0.0,0.0,0.0,0.0,0.0,0.0,0.0,0.0,0.0,0.0
10603,0.0,0.0,0.0,0.0,0.0,0.0,0.0,0.0,0.0,0.0,0.0,0.0
10614,0.0,0.0,0.0,0.0,0.0,0.0,0.0,0.0,0.0,0.0,0.0,0.0
10615,0.0,0.0,0.0,0.0,0.0,0.0,0.0,0.0,0.0,0.0,0.0,0.0
10616,0.0,0.0,0.0,0.0,0.0,0.0,0.0,0.0,0.0,0.0,0.0,0.0
10617,0.0,0.0,0.0,0.0,0.0,0.0,0.0,0.0,0.0,0.0,0.0,0.0
10618,0.0,0.0,0.0,0.0,0.0,0.0,0.0,0.0,0.0,0.0,0.0,0.0
10622,0.0,0.0,0.0,0.0,0.0,0.0,0.0,0.0,0.0,0.0,0.0,0.0
10624,0.0,0.0,0.0,0.0,0.0,0.0,0.0,0.0,0.0,0.0,0.0,0.0
10650,0.0,0.0,0.0,0.0,0.0,0.0,0.0,0.0,0.0,0.0,0.0,0.0
10651,0.0,0.0,0.0,0.0,0.0,0.0,0.0,0.0,0.0,0.0,0.0,0.0
10656,0.0,0.0,0.0,0.0,0.0,0.0,0.0,0.0,0.0,0.0,0.0,0.0
10657,0.0,0.0,0.0,0.0,0.0,0.0,0.0,0.0,0.0,0.0,0.0,0.0
10658,0.0,0.0,0.0,0.0,0.0,0.0,0.0,0.0,0.0,0.0,0.0,0.0
10659,0.0,0.0,0.0,0.0,0.0,0.0,0.0,0.0,0.0,0.0,0.0,0.0
10662,0.0,0.0,0.0,0.0,0.0,0.0,0.0,0.0,0.0,0.0,0.0,0.0
10669,0.0,0.0,0.0,0.0,0.0,0.0,0.0,0.0,0.0,0.0,0.0,0.0
10670,0.0,0.0,0.0,0.0,0.0,0.0,0.0,0.0,0.0,0.0,0.0,0.0
10671,0.0,0.0,0.0,0.0,0.0,0.0,0.0,0.0,0.0,0.0,0.0,0.0
10672,0.0,0.0,0.0,0.0,0.0,0.0,0.0,0.0,0.0,0.0,0.0,0.0
10673,0.0,0.0,0.0,0.0,0.0,0.0,0.0,0.0,0.0,0.0,0.0,0.0
10674,0.0,0.0,0.0,0.0,0.0,0.0,0.0,0.0,0.0,0.0,0.0,0.0
10692,0.0,0.0,0.0,0.0,0.0,0.0,0.0,0.0,0.0,0.0,0.0,0.0
10693,0.0,0.0,0.0,0.0,0.0,0.0,0.0,0.0,0.0,0.0,0.0,0.0
10694,0.0,0.0,0.0,0.0,0.0,0.0,0.0,0.0,0.0,0.0,0.0,0.0
10695,0.0,0.0,0.0,0.0,0.0,0.0,0.0,0.0,0.0,0.0,0.0,0.0
10696,0.0,0.0,0.0,0.0,0.0,0.0,0.0,0.0,0.0,0.0,0.0,0.0
10697,0.0,0.0,0.0,0.0,0.0,0.0,0.0,0.0,0.0,0.0,0.0,0.0
10698,0.0,0.0,0.0,0.0,0.0,0.0,0.0,0.0,0.0,0.0,0.0,0.0
10699,0.0,0.0,0.0,0.0,0.0,0.0,0.0,0.0,0.0,0.0,0.0,0.0
10718,0.0,0.0,0.0,0.0,0.0,0.0,0.0,0.0,0.0,0.0,0.0,0.0
10719,0.0,0.0,0.0,0.0,0.0,0.0,0.0,0.0,0.0,0.0,0.0,0.0
10720,0.0,0.0,0.0,0.0,0.0,0.0,0.0,0.0,0.0,0.0,0.0,0.0
10721,0.0,0.0,0.0,0.0,0.0,0.0,0.0,0.0,0.0,0.0,0.0,0.0
10816,0.0,0.0,0.0,0.0,0.0,0.0,0.0,0.0,0.0,0.0,0.0,0.0
10999,0.0,0.0,0.0,0.0,0.0,0.0,0.0,0.0,0.0,0.0,0.0,0.0
11000,0.0,0.0,0.0,0.0,0.0,0.0,0.0,0.0,0.0,0.0,0.0,0.0
11002,0.0,0.0,0.0,0.0,0.0,0.0,0.0,0.0,0.0,0.0,0.0,0.0
11003,0.0,0.0,0.0,0.0,0.0,0.0,0.0,0.0,0.0,0.0,0.0,0.0
11004,0.0,0.0,0.0,0.0,0.0,0.0,0.0,0.0,0.0,0.0,0.0,0.0
11005,0.0,0.0,0.0,0.0,0.0,0.0,0.0,0.0,0.0,0.0,0.0,0.0
11006,0.0,0.0,0.0,0.0,0.0,0.0,0.0,0.0,0.0,0.0,0.0,0.0
11013,0.0,0.0,0.0,0.0,0.0,0.0,0.0,0.0,0.0,0.0,0.0,0.0
11015,0.0,0.0,0.0,0.0,0.0,0.0,0.0,0.0,0.0,0.0,0.0,0.0
11016,0.0,0.0,0.0,0.0,0.0,0.0,0.0,0.0,0.0,0.0,0.0,0.0
11017,0.0,0.0,0.0,0.0,0.0,0.0,0.0,0.0,0.0,0.0,0.0,0.0
11172,0.0,0.0,0.0,0.0,0.0,0.0,0.0,0.0,0.0,0.0,0.0,0.0
11173,0.0,0.0,0.0,0.0,0.0,0.0,0.0,0.0,0.0,0.0,0.0,0.0
11174,0.0,0.0,0.0,0.0,0.0,0.0,0.0,0.0,0.0,0.0,0.0,0.0
11175,0.0,0.0,0.0,0.0,0.0,0.0,0.0,0.0,0.0,0.0,0.0,0.0
11176,0.0,0.0,0.0,0.0,0.0,0.0,0.0,0.0,0.0,0.0,0.0,0.0
11177,0.0,0.0,0.0,0.0,0.0,0.0,0.0,0.0,0.0,0.0,0.0,0.0
11180,0.0,0.0,0.0,0.0,0.0,0.0,0.0,0.0,0.0,0.0,0.0,0.0
11181,0.0,0.0,0.0,0.0,0.0,0.0,0.0,0.0,0.0,0.0,0.0,0.0
11182,0.0,0.0,0.0,0.0,0.0,0.0,0.0,0.0,0.0,0.0,0.0,0.0
11184,0.0,0.0,0.0,0.0,0.0,0.0,0.0,0.0,0.0,0.0,0.0,0.0
11185,0.0,0.0,0.0,0.0,0.0,0.0,0.0,0.0,0.0,0.0,0.0,0.0
11186,0.0,0.0,0.0,0.0,0.0,0.0,0.0,0.0,0.0,0.0,0.0,0.0
11187,0.0,0.0,0.0,0.0,0.0,0.0,0.0,0.0,0.0,0.0,0.0,0.0
11188,0.0,0.0,0.0,0.0,0.0,0.0,0.0,0.0,0.0,0.0,0.0,0.0
11189,0.0,0.0,0.0,0.0,0.0,0.0,0.0,0.0,0.0,0.0,0.0,0.0
11190,0.0,0.0,0.0,0.0,0.0,0.0,0.0,0.0,0.0,0.0,0.0,0.0
11205,0.0,0.0,0.0,0.0,0.0,0.0,0.0,0.0,0.0,0.0,0.0,0.0
11206,0.0,0.0,0.0,0.0,0.0,0.0,0.0,0.0,0.0,0.0,0.0,0.0
11207,0.0,0.0,0.0,0.0,0.0,0.0,0.0,0.0,0.0,0.0,0.0,0.0
11208,0.0,0.0,0.0,0.0,0.0,0.0,0.0,0.0,0.0,0.0,0.0,0.0
11209,0.0,0.0,0.0,0.0,0.0,0.0,0.0,0.0,0.0,0.0,0.0,0.0
11210,0.0,0.0,0.0,0.0,0.0,0.0,0.0,0.0,0.0,0.0,0.0,0.0
11213,0.0,0.0,0.0,0.0,0.0,0.0,0.0,0.0,0.0,0.0,0.0,0.0
11214,0.0,0.0,0.0,0.0,0.0,0.0,0.0,0.0,0.0,0.0,0.0,0.0
11215,0.0,0.0,0.0,0.0,0.0,0.0,0.0,0.0,0.0,0.0,0.0,0.0
11216,0.0,0.0,0.0,0.0,0.0,0.0,0.0,0.0,0.0,0.0,0.0,0.0
11238,0.0,0.0,0.0,0.0,0.0,0.0,0.0,0.0,0.0,0.0,0.0,0.0
11239,0.0,0.0,0.0,0.0,0.0,0.0,0.0,0.0,0.0,0.0,0.0,0.0
11240,0.0,0.0,0.0,0.0,0.0,0.0,0.0,0.0,0.0,0.0,0.0,0.0
11241,0.0,0.0,0.0,0.0,0.0,0.0,0.0,0.0,0.0,0.0,0.0,0.0
11242,0.0,0.0,0.0,0.0,0.0,0.0,0.0,0.0,0.0,0.0,0.0,0.0
11259,0.0,0.0,0.0,0.0,0.0,0.0,0.0,0.0,0.0,0.0,0.0,0.0
11260,0.0,0.0,0.0,0.0,0.0,0.0,0.0,0.0,0.0,0.0,0.0,0.0
11261,0.0,0.0,0.0,0.0,0.0,0.0,0.0,0.0,0.0,0.0,0.0,0.0
11279,0.0,0.0,0.0,0.0,0.0,0.0,0.0,0.0,0.0,0.0,0.0,0.0
11280,0.0,0.0,0.0,0.0,0.0,0.0,0.0,0.0,0.0,0.0,0.0,0.0
11281,0.0,0.0,0.0,0.0,0.0,0.0,0.0,0.0,0.0,0.0,0.0,0.0
11282,0.0,0.0,0.0,0.0,0.0,0.0,0.0,0.0,0.0,0.0,0.0,0.0
11301,0.0,0.0,0.0,0.0,0.0,0.0,0.0,0.0,0.0,0.0,0.0,0.0
11302,0.0,0.0,0.0,0.0,0.0,0.0,0.0,0.0,0.0,0.0,0.0,0.0
11303,0.0,0.0,0.0,0.0,0.0,0.0,0.0,0.0,0.0,0.0,0.0,0.0
11304,0.0,0.0,0.0,0.0,0.0,0.0,0.0,0.0,0.0,0.0,0.0,0.0
11305,0.0,0.0,0.0,0.0,0.0,0.0,0.0,0.0,0.0,0.0,0.0,0.0
11306,0.0,0.0,0.0,0.0,0.0,0.0,0.0,0.0,0.0,0.0,0.0,0.0
11307,0.0,0.0,0.0,0.0,0.0,0.0,0.0,0.0,0.0,0.0,0.0,0.0
11402,0.0,0.0,0.0,-66034.75416183472,-1146245.191253662,-1927970.0555114746,-2477456.032600403,-1700448.707939148,-605079.6097259521,-17772.320640563965,0.0,0.0
11586,0.0,0.0,0.0,0.0,0.0,0.0,0.0,0.0,0.0,0.0,0.0,0.0
11587,0.0,0.0,0.0,0.0,0.0,0.0,0.0,0.0,0.0,0.0,0.0,0.0
11588,0.0,0.0,0.0,0.0,0.0,0.0,0.0,0.0,0.0,0.0,0.0,0.0
11589,0.0,0.0,0.0,0.0,0.0,0.0,0.0,0.0,0.0,0.0,0.0,0.0
11590,0.0,0.0,0.0,0.0,0.0,0.0,0.0,0.0,0.0,0.0,0.0,0.0
11592,0.0,0.0,0.0,0.0,0.0,0.0,0.0,0.0,0.0,0.0,0.0,0.0
11593,0.0,0.0,0.0,0.0,0.0,0.0,0.0,0.0,0.0,0.0,0.0,0.0
11595,0.0,0.0,0.0,0.0,0.0,0.0,0.0,0.0,0.0,0.0,0.0,0.0
11596,0.0,0.0,0.0,0.0,0.0,0.0,0.0,0.0,0.0,0.0,0.0,0.0
11597,0.0,0.0,0.0,0.0,0.0,0.0,0.0,0.0,0.0,0.0,0.0,0.0
11600,0.0,0.0,0.0,0.0,0.0,0.0,0.0,0.0,0.0,0.0,0.0,0.0
11601,0.0,0.0,0.0,0.0,0.0,0.0,0.0,0.0,0.0,0.0,0.0,0.0
11602,0.0,0.0,0.0,0.0,0.0,0.0,0.0,0.0,0.0,0.0,0.0,0.0
11603,0.0,0.0,0.0,0.0,0.0,0.0,0.0,0.0,0.0,0.0,0.0,0.0
11604,0.0,0.0,0.0,0.0,0.0,0.0,0.0,0.0,0.0,0.0,0.0,0.0
11605,0.0,0.0,0.0,0.0,0.0,0.0,0.0,0.0,0.0,0.0,0.0,0.0
11606,0.0,0.0,0.0,0.0,0.0,0.0,0.0,0.0,0.0,0.0,0.0,0.0
11607,0.0,0.0,0.0,0.0,0.0,0.0,0.0,0.0,0.0,0.0,0.0,0.0
11753,0.0,0.0,0.0,0.0,0.0,0.0,0.0,0.0,0.0,0.0,0.0,0.0
11754,0.0,0.0,0.0,0.0,0.0,0.0,0.0,0.0,0.0,0.0,0.0,0.0
11755,0.0,0.0,0.0,0.0,0.0,0.0,0.0,0.0,0.0,0.0,0.0,0.0
11761,0.0,0.0,0.0,0.0,0.0,0.0,0.0,0.0,0.0,0.0,0.0,0.0
11762,0.0,0.0,0.0,0.0,0.0,0.0,0.0,0.0,0.0,0.0,0.0,0.0
11763,0.0,0.0,0.0,0.0,0.0,0.0,0.0,0.0,0.0,0.0,0.0,0.0
11765,0.0,0.0,0.0,0.0,0.0,0.0,0.0,0.0,0.0,0.0,0.0,0.0
11770,0.0,0.0,0.0,0.0,0.0,0.0,0.0,0.0,0.0,0.0,0.0,0.0
11771,0.0,0.0,0.0,0.0,0.0,0.0,0.0,0.0,0.0,0.0,0.0,0.0
11772,0.0,0.0,0.0,0.0,0.0,0.0,0.0,0.0,0.0,0.0,0.0,0.0
11773,0.0,0.0,0.0,0.0,0.0,0.0,0.0,0.0,0.0,0.0,0.0,0.0
11788,0.0,0.0,0.0,0.0,0.0,0.0,0.0,0.0,0.0,0.0,0.0,0.0
11789,0.0,0.0,0.0,0.0,0.0,0.0,0.0,0.0,0.0,0.0,0.0,0.0
11790,0.0,0.0,0.0,0.0,0.0,0.0,0.0,0.0,0.0,0.0,0.0,0.0
11792,0.0,0.0,0.0,0.0,0.0,0.0,0.0,0.0,0.0,0.0,0.0,0.0
11793,0.0,0.0,0.0,0.0,0.0,0.0,0.0,0.0,0.0,0.0,0.0,0.0
11794,0.0,0.0,0.0,0.0,0.0,0.0,0.0,0.0,0.0,0.0,0.0,0.0
11814,0.0,0.0,0.0,0.0,0.0,0.0,0.0,0.0,0.0,0.0,0.0,0.0
11815,0.0,0.0,0.0,0.0,0.0,0.0,0.0,0.0,0.0,0.0,0.0,0.0
11816,0.0,0.0,0.0,0.0,0.0,0.0,0.0,0.0,0.0,0.0,0.0,0.0
11817,0.0,0.0,0.0,0.0,0.0,0.0,0.0,0.0,0.0,0.0,0.0,0.0
11833,0.0,0.0,0.0,0.0,0.0,0.0,0.0,0.0,0.0,0.0,0.0,0.0
11834,0.0,0.0,0.0,0.0,0.0,0.0,0.0,0.0,0.0,0.0,0.0,0.0
11835,0.0,0.0,0.0,0.0,0.0,0.0,0.0,0.0,0.0,0.0,0.0,0.0
11836,0.0,0.0,0.0,0.0,0.0,0.0,0.0,0.0,0.0,0.0,0.0,0.0
11856,0.0,0.0,0.0,0.0,0.0,0.0,0.0,0.0,0.0,0.0,0.0,0.0
11857,0.0,0.0,0.0,0.0,0.0,0.0,0.0,0.0,0.0,0.0,0.0,0.0
11858,0.0,0.0,0.0,0.0,0.0,0.0,0.0,0.0,0.0,0.0,0.0,0.0
11859,0.0,0.0,0.0,0.0,0.0,0.0,0.0,0.0,0.0,0.0,0.0,0.0
11878,0.0,0.0,0.0,0.0,0.0,0.0,0.0,0.0,0.0,0.0,0.0,0.0
11879,0.0,0.0,0.0,0.0,0.0,0.0,0.0,0.0,0.0,0.0,0.0,0.0
11882,0.0,0.0,0.0,0.0,0.0,0.0,0.0,0.0,0.0,0.0,0.0,0.0
11883,0.0,0.0,0.0,0.0,0.0,0.0,0.0,0.0,0.0,0.0,0.0,0.0
11884,0.0,0.0,0.0,0.0,0.0,0.0,0.0,0.0,0.0,0.0,0.0,0.0
11885,0.0,0.0,0.0,0.0,0.0,0.0,0.0,0.0,0.0,0.0,0.0,0.0
11886,0.0,0.0,0.0,0.0,0.0,0.0,0.0,0.0,0.0,0.0,0.0,0.0
12158,0.0,0.0,0.0,0.0,0.0,0.0,0.0,0.0,0.0,0.0,0.0,0.0
12159,0.0,0.0,0.0,0.0,0.0,0.0,0.0,0.0,0.0,0.0,0.0,0.0
12160,0.0,0.0,0.0,0.0,0.0,0.0,0.0,0.0,0.0,0.0,0.0,0.0
12161,0.0,0.0,0.0,0.0,0.0,0.0,0.0,0.0,0.0,0.0,0.0,0.0
12162,0.0,0.0,0.0,0.0,0.0,0.0,0.0,0.0,0.0,0.0,0.0,0.0
12163,0.0,0.0,0.0,0.0,0.0,0.0,0.0,0.0,0.0,0.0,0.0,0.0
12164,0.0,0.0,0.0,0.0,0.0,0.0,0.0,0.0,0.0,0.0,0.0,0.0
12165,0.0,0.0,0.0,0.0,0.0,0.0,0.0,0.0,0.0,0.0,0.0,0.0
12166,0.0,0.0,0.0,0.0,0.0,0.0,0.0,0.0,0.0,0.0,0.0,0.0
12167,0.0,0.0,0.0,0.0,0.0,0.0,0.0,0.0,0.0,0.0,0.0,0.0
12168,0.0,0.0,0.0,0.0,0.0,0.0,0.0,0.0,0.0,0.0,0.0,0.0
12170,0.0,0.0,0.0,0.0,0.0,0.0,0.0,0.0,0.0,0.0,0.0,0.0
12171,0.0,0.0,0.0,0.0,0.0,0.0,0.0,0.0,0.0,0.0,0.0,0.0
12172,0.0,0.0,0.0,0.0,0.0,0.0,0.0,0.0,0.0,0.0,0.0,0.0
12173,0.0,0.0,0.0,0.0,0.0,0.0,0.0,0.0,0.0,0.0,0.0,0.0
12174,0.0,0.0,0.0,0.0,0.0,0.0,0.0,0.0,0.0,0.0,0.0,0.0
12175,0.0,0.0,0.0,0.0,0.0,0.0,0.0,0.0,0.0,0.0,0.0,0.0
12317,0.0,0.0,0.0,0.0,0.0,0.0,0.0,0.0,0.0,0.0,0.0,0.0
12318,0.0,0.0,0.0,0.0,0.0,0.0,0.0,0.0,0.0,0.0,0.0,0.0
12319,0.0,0.0,0.0,0.0,0.0,0.0,0.0,0.0,0.0,0.0,0.0,0.0
12320,0.0,0.0,0.0,0.0,0.0,0.0,0.0,0.0,0.0,0.0,0.0,0.0
12321,0.0,0.0,0.0,0.0,0.0,0.0,0.0,0.0,0.0,0.0,0.0,0.0
12322,0.0,0.0,0.0,0.0,0.0,0.0,0.0,0.0,0.0,0.0,0.0,0.0
12331,0.0,0.0,0.0,0.0,0.0,0.0,0.0,0.0,0.0,0.0,0.0,0.0
12335,0.0,0.0,0.0,0.0,0.0,0.0,0.0,0.0,0.0,0.0,0.0,0.0
12336,0.0,0.0,0.0,0.0,0.0,0.0,0.0,0.0,0.0,0.0,0.0,0.0
12337,0.0,0.0,0.0,0.0,0.0,0.0,0.0,0.0,0.0,0.0,0.0,0.0
12338,0.0,0.0,0.0,0.0,0.0,0.0,0.0,0.0,0.0,0.0,0.0,0.0
12339,0.0,0.0,0.0,0.0,0.0,0.0,0.0,0.0,0.0,0.0,0.0,0.0
12340,0.0,0.0,0.0,0.0,0.0,0.0,0.0,0.0,0.0,0.0,0.0,0.0
12341,0.0,0.0,0.0,0.0,0.0,0.0,0.0,0.0,0.0,0.0,0.0,0.0
12342,0.0,0.0,0.0,0.0,0.0,0.0,0.0,0.0,0.0,0.0,0.0,0.0
12343,0.0,0.0,0.0,0.0,0.0,0.0,0.0,0.0,0.0,0.0,0.0,0.0
12344,0.0,0.0,0.0,0.0,0.0,0.0,0.0,0.0,0.0,0.0,0.0,0.0
12345,0.0,0.0,0.0,0.0,0.0,0.0,0.0,0.0,0.0,0.0,0.0,0.0
12360,0.0,0.0,0.0,0.0,0.0,0.0,0.0,0.0,0.0,0.0,0.0,0.0
12362,0.0,0.0,0.0,0.0,0.0,0.0,0.0,0.0,0.0,0.0,0.0,0.0
12363,0.0,0.0,0.0,0.0,0.0,0.0,0.0,0.0,0.0,0.0,0.0,0.0
12364,0.0,0.0,0.0,0.0,0.0,0.0,0.0,0.0,0.0,0.0,0.0,0.0
12384,0.0,0.0,0.0,0.0,0.0,0.0,0.0,0.0,0.0,0.0,0.0,0.0
12385,0.0,0.0,0.0,0.0,0.0,0.0,0.0,0.0,0.0,0.0,0.0,0.0
12399,0.0,0.0,0.0,0.0,0.0,0.0,0.0,0.0,0.0,0.0,0.0,0.0
12400,0.0,0.0,0.0,0.0,0.0,0.0,0.0,0.0,0.0,0.0,0.0,0.0
12401,0.0,0.0,0.0,0.0,0.0,0.0,0.0,0.0,0.0,0.0,0.0,0.0
12402,0.0,0.0,0.0,0.0,0.0,0.0,0.0,0.0,0.0,0.0,0.0,0.0
12403,0.0,0.0,0.0,0.0,0.0,0.0,0.0,0.0,0.0,0.0,0.0,0.0
12422,0.0,0.0,0.0,0.0,0.0,0.0,0.0,0.0,0.0,0.0,0.0,0.0
12423,0.0,0.0,0.0,0.0,0.0,0.0,0.0,0.0,0.0,0.0,0.0,0.0
12424,0.0,0.0,0.0,0.0,0.0,0.0,0.0,0.0,0.0,0.0,0.0,0.0
12425,0.0,0.0,0.0,0.0,0.0,0.0,0.0,0.0,0.0,0.0,0.0,0.0
12426,0.0,0.0,0.0,0.0,0.0,0.0,0.0,0.0,0.0,0.0,0.0,0.0
12447,0.0,0.0,0.0,0.0,0.0,0.0,0.0,0.0,0.0,0.0,0.0,0.0
12448,0.0,0.0,0.0,0.0,0.0,0.0,0.0,0.0,0.0,0.0,0.0,0.0
12449,0.0,0.0,0.0,0.0,0.0,0.0,0.0,0.0,0.0,0.0,0.0,0.0
12450,0.0,0.0,0.0,0.0,0.0,0.0,0.0,0.0,0.0,0.0,0.0,0.0
12451,0.0,0.0,0.0,0.0,0.0,0.0,0.0,0.0,0.0,0.0,0.0,0.0
12452,0.0,0.0,0.0,0.0,0.0,0.0,0.0,0.0,0.0,0.0,0.0,0.0
12453,0.0,0.0,0.0,0.0,0.0,0.0,0.0,0.0,0.0,0.0,0.0,0.0
12534,0.0,0.0,0.0,0.0,0.0,0.0,0.0,0.0,0.0,0.0,0.0,0.0
12535,0.0,0.0,0.0,0.0,0.0,0.0,0.0,0.0,0.0,0.0,0.0,0.0
12536,0.0,0.0,0.0,0.0,0.0,0.0,0.0,0.0,0.0,0.0,0.0,0.0
12630,0.0,0.0,0.0,0.0,0.0,0.0,0.0,0.0,0.0,0.0,0.0,0.0
12732,0.0,0.0,0.0,0.0,0.0,0.0,0.0,0.0,0.0,0.0,0.0,0.0
12733,0.0,0.0,0.0,0.0,0.0,0.0,0.0,0.0,0.0,0.0,0.0,0.0
12734,0.0,0.0,0.0,0.0,0.0,0.0,0.0,0.0,0.0,0.0,0.0,0.0
12735,0.0,0.0,0.0,0.0,0.0,0.0,0.0,0.0,0.0,0.0,0.0,0.0
12736,0.0,0.0,0.0,0.0,0.0,0.0,0.0,0.0,0.0,0.0,0.0,0.0
12737,0.0,0.0,0.0,0.0,0.0,0.0,0.0,0.0,0.0,0.0,0.0,0.0
12741,0.0,0.0,0.0,0.0,0.0,0.0,0.0,0.0,0.0,0.0,0.0,0.0
12880,0.0,0.0,0.0,0.0,0.0,0.0,0.0,0.0,0.0,0.0,0.0,0.0
12881,0.0,0.0,0.0,0.0,0.0,0.0,0.0,0.0,0.0,0.0,0.0,0.0
12882,0.0,0.0,0.0,0.0,0.0,0.0,0.0,0.0,0.0,0.0,0.0,0.0
12883,0.0,0.0,0.0,0.0,0.0,0.0,0.0,0.0,0.0,0.0,0.0,0.0
12884,0.0,0.0,0.0,0.0,0.0,0.0,0.0,0.0,0.0,0.0,0.0,0.0
12885,0.0,0.0,0.0,0.0,0.0,0.0,0.0,0.0,0.0,0.0,0.0,0.0
12886,0.0,0.0,0.0,0.0,0.0,0.0,0.0,0.0,0.0,0.0,0.0,0.0
12887,0.0,0.0,0.0,0.0,0.0,0.0,0.0,0.0,0.0,0.0,0.0,0.0
12890,0.0,0.0,0.0,0.0,0.0,0.0,0.0,0.0,0.0,0.0,0.0,0.0
12891,0.0,0.0,0.0,0.0,0.0,0.0,0.0,0.0,0.0,0.0,0.0,0.0
12892,0.0,0.0,0.0,0.0,0.0,0.0,0.0,0.0,0.0,0.0,0.0,0.0
12893,0.0,0.0,0.0,0.0,0.0,0.0,0.0,0.0,0.0,0.0,0.0,0.0
12894,0.0,0.0,0.0,0.0,0.0,0.0,0.0,0.0,0.0,0.0,0.0,0.0
12895,0.0,0.0,0.0,0.0,0.0,0.0,0.0,0.0,0.0,0.0,0.0,0.0
12897,0.0,0.0,0.0,0.0,0.0,0.0,0.0,0.0,0.0,0.0,0.0,0.0
12898,0.0,0.0,0.0,0.0,0.0,0.0,0.0,0.0,0.0,0.0,0.0,0.0
12900,0.0,0.0,0.0,0.0,0.0,0.0,0.0,0.0,0.0,0.0,0.0,0.0
12901,0.0,0.0,0.0,0.0,0.0,0.0,0.0,0.0,0.0,0.0,0.0,0.0
12902,0.0,0.0,0.0,0.0,0.0,0.0,0.0,0.0,0.0,0.0,0.0,0.0
12903,0.0,0.0,0.0,0.0,0.0,0.0,0.0,0.0,0.0,0.0,0.0,0.0
12904,0.0,0.0,0.0,0.0,0.0,0.0,0.0,0.0,0.0,0.0,0.0,0.0
12905,0.0,0.0,0.0,0.0,0.0,0.0,0.0,0.0,0.0,0.0,0.0,0.0
12910,0.0,0.0,0.0,0.0,0.0,0.0,0.0,0.0,0.0,0.0,0.0,0.0
12911,0.0,0.0,0.0,0.0,0.0,0.0,0.0,0.0,0.0,0.0,0.0,0.0
12912,0.0,0.0,0.0,0.0,0.0,0.0,0.0,0.0,0.0,0.0,0.0,0.0
12918,0.0,0.0,0.0,0.0,0.0,0.0,0.0,0.0,0.0,0.0,0.0,0.0
12940,0.0,0.0,0.0,0.0,0.0,0.0,0.0,0.0,0.0,0.0,0.0,0.0
12941,0.0,0.0,0.0,0.0,0.0,0.0,0.0,0.0,0.0,0.0,0.0,0.0
12942,0.0,0.0,0.0,0.0,0.0,0.0,0.0,0.0,0.0,0.0,0.0,0.0
12943,0.0,0.0,0.0,0.0,0.0,0.0,0.0,0.0,0.0,0.0,0.0,0.0
12944,0.0,0.0,0.0,0.0,0.0,0.0,0.0,0.0,0.0,0.0,0.0,0.0
12945,0.0,0.0,0.0,0.0,0.0,0.0,0.0,0.0,0.0,0.0,0.0,0.0
12946,0.0,0.0,0.0,0.0,0.0,0.0,0.0,0.0,0.0,0.0,0.0,0.0
12949,0.0,0.0,0.0,0.0,0.0,0.0,0.0,0.0,0.0,0.0,0.0,0.0
12954,0.0,0.0,0.0,0.0,0.0,0.0,0.0,0.0,0.0,0.0,0.0,0.0
12955,0.0,0.0,0.0,0.0,0.0,0.0,0.0,0.0,0.0,0.0,0.0,0.0
12956,0.0,0.0,0.0,0.0,0.0,0.0,0.0,0.0,0.0,0.0,0.0,0.0
12957,0.0,0.0,0.0,0.0,0.0,0.0,0.0,0.0,0.0,0.0,0.0,0.0
12958,0.0,0.0,0.0,0.0,0.0,0.0,0.0,0.0,0.0,0.0,0.0,0.0
12959,0.0,0.0,0.0,0.0,0.0,0.0,0.0,0.0,0.0,0.0,0.0,0.0
12960,0.0,0.0,0.0,0.0,0.0,0.0,0.0,0.0,0.0,0.0,0.0,0.0
12978,0.0,0.0,0.0,0.0,0.0,0.0,0.0,0.0,0.0,0.0,0.0,0.0
12979,0.0,0.0,0.0,0.0,0.0,0.0,0.0,0.0,0.0,0.0,0.0,0.0
12980,0.0,0.0,0.0,0.0,0.0,0.0,0.0,0.0,0.0,0.0,0.0,0.0
12981,0.0,0.0,0.0,0.0,0.0,0.0,0.0,0.0,0.0,0.0,0.0,0.0
13008,0.0,0.0,0.0,0.0,0.0,0.0,0.0,0.0,0.0,0.0,0.0,0.0
13009,0.0,0.0,0.0,0.0,0.0,0.0,0.0,0.0,0.0,0.0,0.0,0.0
13010,0.0,0.0,0.0,0.0,0.0,0.0,0.0,0.0,0.0,0.0,0.0,0.0
13011,0.0,0.0,0.0,0.0,0.0,0.0,0.0,0.0,0.0,0.0,0.0,0.0
13094,0.0,0.0,0.0,0.0,0.0,0.0,0.0,0.0,0.0,0.0,0.0,0.0
13186,0.0,0.0,0.0,0.0,0.0,0.0,0.0,0.0,0.0,0.0,0.0,0.0
13292,0.0,0.0,0.0,0.0,0.0,0.0,0.0,0.0,0.0,0.0,0.0,0.0
13293,0.0,0.0,0.0,0.0,0.0,0.0,0.0,0.0,0.0,0.0,0.0,0.0
13294,0.0,0.0,0.0,0.0,0.0,0.0,0.0,0.0,0.0,0.0,0.0,0.0
13295,0.0,0.0,0.0,0.0,0.0,0.0,0.0,0.0,0.0,0.0,0.0,0.0
13296,0.0,0.0,0.0,0.0,0.0,0.0,0.0,0.0,0.0,0.0,0.0,0.0
13297,0.0,0.0,0.0,0.0,0.0,0.0,0.0,0.0,0.0,0.0,0.0,0.0
13298,0.0,0.0,0.0,0.0,0.0,0.0,0.0,0.0,0.0,0.0,0.0,0.0
13299,0.0,0.0,0.0,0.0,0.0,0.0,0.0,0.0,0.0,0.0,0.0,0.0
13301,0.0,0.0,0.0,0.0,0.0,0.0,0.0,0.0,0.0,0.0,0.0,0.0
13302,0.0,0.0,0.0,0.0,0.0,0.0,0.0,0.0,0.0,0.0,0.0,0.0
13303,0.0,0.0,0.0,0.0,0.0,0.0,0.0,0.0,0.0,0.0,0.0,0.0
13304,0.0,0.0,0.0,0.0,0.0,0.0,0.0,0.0,0.0,0.0,0.0,0.0
13305,0.0,0.0,0.0,0.0,0.0,0.0,0.0,0.0,0.0,0.0,0.0,0.0
13306,0.0,0.0,0.0,0.0,0.0,0.0,0.0,0.0,0.0,0.0,0.0,0.0
13307,0.0,0.0,0.0,0.0,0.0,0.0,0.0,0.0,0.0,0.0,0.0,0.0
13448,0.0,0.0,0.0,0.0,0.0,0.0,0.0,0.0,0.0,0.0,0.0,0.0
13450,0.0,0.0,0.0,0.0,0.0,0.0,0.0,0.0,0.0,0.0,0.0,0.0
13451,0.0,0.0,0.0,0.0,0.0,0.0,0.0,0.0,0.0,0.0,0.0,0.0
13452,0.0,0.0,0.0,0.0,0.0,0.0,0.0,0.0,0.0,0.0,0.0,0.0
13454,0.0,0.0,0.0,0.0,0.0,0.0,0.0,0.0,0.0,0.0,0.0,0.0
13455,0.0,0.0,0.0,0.0,0.0,0.0,0.0,0.0,0.0,0.0,0.0,0.0
13456,0.0,0.0,0.0,0.0,0.0,0.0,0.0,0.0,0.0,0.0,0.0,0.0
13457,0.0,0.0,0.0,0.0,0.0,0.0,0.0,0.0,0.0,0.0,0.0,0.0
13458,0.0,0.0,0.0,0.0,0.0,0.0,0.0,0.0,0.0,0.0,0.0,0.0
13459,0.0,0.0,0.0,0.0,0.0,0.0,0.0,0.0,0.0,0.0,0.0,0.0
13464,0.0,0.0,0.0,0.0,0.0,0.0,0.0,0.0,0.0,0.0,0.0,0.0
13465,0.0,0.0,0.0,0.0,0.0,0.0,0.0,0.0,0.0,0.0,0.0,0.0
13466,0.0,0.0,0.0,0.0,0.0,0.0,0.0,0.0,0.0,0.0,0.0,0.0
13467,0.0,0.0,0.0,0.0,0.0,0.0,0.0,0.0,0.0,0.0,0.0,0.0
13468,0.0,0.0,0.0,0.0,0.0,0.0,0.0,0.0,0.0,0.0,0.0,0.0
13469,0.0,0.0,0.0,0.0,0.0,0.0,0.0,0.0,0.0,0.0,0.0,0.0
13472,0.0,0.0,0.0,0.0,0.0,0.0,0.0,0.0,0.0,0.0,0.0,0.0
13474,0.0,0.0,0.0,0.0,0.0,0.0,0.0,0.0,0.0,0.0,0.0,0.0
13494,0.0,0.0,0.0,0.0,0.0,0.0,0.0,0.0,0.0,0.0,0.0,0.0
13495,0.0,0.0,0.0,0.0,0.0,0.0,0.0,0.0,0.0,0.0,0.0,0.0
13496,0.0,0.0,0.0,0.0,0.0,0.0,0.0,0.0,0.0,0.0,0.0,0.0
13497,0.0,0.0,0.0,0.0,0.0,0.0,0.0,0.0,0.0,0.0,0.0,0.0
13498,0.0,0.0,0.0,0.0,0.0,0.0,0.0,0.0,0.0,0.0,0.0,0.0
13499,0.0,0.0,0.0,0.0,0.0,0.0,0.0,0.0,0.0,0.0,0.0,0.0
13500,0.0,0.0,0.0,0.0,0.0,0.0,0.0,0.0,0.0,0.0,0.0,0.0
13501,0.0,0.0,0.0,0.0,0.0,0.0,0.0,0.0,0.0,0.0,0.0,0.0
13502,0.0,0.0,0.0,0.0,0.0,0.0,0.0,0.0,0.0,0.0,0.0,0.0
13503,0.0,0.0,0.0,0.0,0.0,0.0,0.0,0.0,0.0,0.0,0.0,0.0
13519,0.0,0.0,0.0,0.0,0.0,0.0,0.0,0.0,0.0,0.0,0.0,0.0
13520,0.0,0.0,0.0,0.0,0.0,0.0,0.0,0.0,0.0,0.0,0.0,0.0
13521,0.0,0.0,0.0,0.0,0.0,0.0,0.0,0.0,0.0,0.0,0.0,0.0
13522,0.0,0.0,0.0,0.0,0.0,0.0,0.0,0.0,0.0,0.0,0.0,0.0
13523,0.0,0.0,0.0,0.0,0.0,0.0,0.0,0.0,0.0,0.0,0.0,0.0
13524,0.0,0.0,0.0,0.0,0.0,0.0,0.0,0.0,0.0,0.0,0.0,0.0
13525,0.0,0.0,0.0,0.0,0.0,0.0,0.0,0.0,0.0,0.0,0.0,0.0
13741,0.0,0.0,0.0,0.0,0.0,0.0,0.0,0.0,0.0,0.0,0.0,0.0
13838,0.0,0.0,0.0,0.0,0.0,0.0,0.0,0.0,0.0,0.0,0.0,0.0
13839,0.0,0.0,0.0,0.0,0.0,0.0,0.0,0.0,0.0,0.0,0.0,0.0
13842,0.0,0.0,0.0,0.0,0.0,0.0,0.0,0.0,0.0,0.0,0.0,0.0
13987,0.0,0.0,0.0,0.0,0.0,0.0,0.0,0.0,0.0,0.0,0.0,0.0
13988,0.0,0.0,0.0,0.0,0.0,0.0,0.0,0.0,0.0,0.0,0.0,0.0
13989,0.0,0.0,0.0,0.0,0.0,0.0,0.0,0.0,0.0,0.0,0.0,0.0
13990,0.0,0.0,0.0,0.0,0.0,0.0,0.0,0.0,0.0,0.0,0.0,0.0
13991,0.0,0.0,0.0,0.0,0.0,0.0,0.0,0.0,0.0,0.0,0.0,0.0
13992,0.0,0.0,0.0,0.0,0.0,0.0,0.0,0.0,0.0,0.0,0.0,0.0
13993,0.0,0.0,0.0,0.0,0.0,0.0,0.0,0.0,0.0,0.0,0.0,0.0
13994,0.0,0.0,0.0,0.0,0.0,0.0,0.0,0.0,0.0,0.0,0.0,0.0
13995,0.0,0.0,0.0,0.0,0.0,0.0,0.0,0.0,0.0,0.0,0.0,0.0
13996,0.0,0.0,0.0,0.0,0.0,0.0,0.0,0.0,0.0,0.0,0.0,0.0
13998,0.0,0.0,0.0,0.0,0.0,0.0,0.0,0.0,0.0,0.0,0.0,0.0
13999,0.0,0.0,0.0,0.0,0.0,0.0,0.0,0.0,0.0,0.0,0.0,0.0
14000,0.0,0.0,0.0,0.0,0.0,0.0,0.0,0.0,0.0,0.0,0.0,0.0
14001,0.0,0.0,0.0,0.0,0.0,0.0,0.0,0.0,0.0,0.0,0.0,0.0
14002,0.0,0.0,0.0,0.0,0.0,0.0,0.0,0.0,0.0,0.0,0.0,0.0
14008,0.0,0.0,0.0,0.0,0.0,0.0,0.0,0.0,0.0,0.0,0.0,0.0
14009,0.0,0.0,0.0,0.0,0.0,0.0,0.0,0.0,0.0,0.0,0.0,0.0
14010,0.0,0.0,0.0,0.0,0.0,0.0,0.0,0.0,0.0,0.0,0.0,0.0
14028,0.0,0.0,0.0,0.0,0.0,0.0,0.0,0.0,0.0,0.0,0.0,0.0
14029,0.0,0.0,0.0,0.0,0.0,0.0,0.0,0.0,0.0,0.0,0.0,0.0
14030,0.0,0.0,0.0,0.0,0.0,0.0,0.0,0.0,0.0,0.0,0.0,0.0
14031,0.0,0.0,0.0,0.0,0.0,0.0,0.0,0.0,0.0,0.0,0.0,0.0
14032,0.0,0.0,0.0,0.0,0.0,0.0,0.0,0.0,0.0,0.0,0.0,0.0
14050,0.0,0.0,0.0,0.0,0.0,0.0,0.0,0.0,0.0,0.0,0.0,0.0
14051,0.0,0.0,0.0,0.0,0.0,0.0,0.0,0.0,0.0,0.0,0.0,0.0
14052,0.0,0.0,0.0,0.0,0.0,0.0,0.0,0.0,0.0,0.0,0.0,0.0
14053,0.0,0.0,0.0,0.0,0.0,0.0,0.0,0.0,0.0,0.0,0.0,0.0
14270,0.0,0.0,0.0,0.0,0.0,0.0,0.0,0.0,0.0,0.0,0.0,0.0
14337,0.0,0.0,0.0,0.0,0.0,0.0,0.0,0.0,0.0,0.0,0.0,0.0
14338,0.0,0.0,0.0,0.0,0.0,0.0,0.0,0.0,0.0,0.0,0.0,0.0
14339,0.0,0.0,0.0,0.0,0.0,0.0,0.0,0.0,0.0,0.0,0.0,0.0
14340,0.0,0.0,0.0,0.0,0.0,0.0,0.0,0.0,0.0,0.0,0.0,0.0
14364,0.0,0.0,0.0,0.0,0.0,0.0,0.0,0.0,0.0,0.0,0.0,0.0
14365,0.0,0.0,0.0,0.0,0.0,0.0,0.0,0.0,0.0,0.0,0.0,0.0
14366,0.0,0.0,0.0,0.0,0.0,0.0,0.0,0.0,0.0,0.0,0.0,0.0
14369,0.0,0.0,0.0,0.0,0.0,0.0,0.0,0.0,0.0,0.0,0.0,0.0
14370,0.0,0.0,0.0,0.0,0.0,0.0,0.0,0.0,0.0,0.0,0.0,0.0
14371,0.0,0.0,0.0,0.0,0.0,0.0,0.0,0.0,0.0,0.0,0.0,0.0
14372,0.0,0.0,0.0,0.0,0.0,0.0,0.0,0.0,0.0,0.0,0.0,0.0
14516,0.0,0.0,0.0,0.0,0.0,0.0,0.0,0.0,0.0,0.0,0.0,0.0
14517,0.0,0.0,0.0,0.0,0.0,0.0,0.0,0.0,0.0,0.0,0.0,0.0
14518,0.0,0.0,0.0,0.0,0.0,0.0,0.0,0.0,0.0,0.0,0.0,0.0
14519,0.0,0.0,0.0,0.0,0.0,0.0,0.0,0.0,0.0,0.0,0.0,0.0
14520,0.0,0.0,0.0,0.0,0.0,0.0,0.0,0.0,0.0,0.0,0.0,0.0
14521,0.0,0.0,0.0,0.0,0.0,0.0,0.0,0.0,0.0,0.0,0.0,0.0
14522,0.0,0.0,0.0,0.0,0.0,0.0,0.0,0.0,0.0,0.0,0.0,0.0
14523,0.0,0.0,0.0,0.0,0.0,0.0,0.0,0.0,0.0,0.0,0.0,0.0
14524,0.0,0.0,0.0,0.0,0.0,0.0,0.0,0.0,0.0,0.0,0.0,0.0
14525,0.0,0.0,0.0,0.0,0.0,0.0,0.0,0.0,0.0,0.0,0.0,0.0
14527,0.0,0.0,0.0,0.0,0.0,0.0,0.0,0.0,0.0,0.0,0.0,0.0
14528,0.0,0.0,0.0,0.0,0.0,0.0,0.0,0.0,0.0,0.0,0.0,0.0
14529,0.0,0.0,0.0,0.0,0.0,0.0,0.0,0.0,0.0,0.0,0.0,0.0
14530,0.0,0.0,0.0,0.0,0.0,0.0,0.0,0.0,0.0,0.0,0.0,0.0
14531,0.0,0.0,0.0,0.0,0.0,0.0,0.0,0.0,0.0,0.0,0.0,0.0
14532,0.0,0.0,0.0,0.0,0.0,0.0,0.0,0.0,0.0,0.0,0.0,0.0
14533,0.0,0.0,0.0,0.0,0.0,0.0,0.0,0.0,0.0,0.0,0.0,0.0
14534,0.0,0.0,0.0,0.0,0.0,0.0,0.0,0.0,0.0,0.0,0.0,0.0
14535,0.0,0.0,0.0,0.0,0.0,0.0,0.0,0.0,0.0,0.0,0.0,0.0
14536,0.0,0.0,0.0,0.0,0.0,0.0,0.0,0.0,0.0,0.0,0.0,0.0
14537,0.0,0.0,0.0,0.0,0.0,0.0,0.0,0.0,0.0,0.0,0.0,0.0
14538,0.0,0.0,0.0,0.0,0.0,0.0,0.0,0.0,0.0,0.0,0.0,0.0
14539,0.0,0.0,0.0,0.0,0.0,0.0,0.0,0.0,0.0,0.0,0.0,0.0
14540,0.0,0.0,0.0,0.0,0.0,0.0,0.0,0.0,0.0,0.0,0.0,0.0
14541,0.0,0.0,0.0,0.0,0.0,0.0,0.0,0.0,0.0,0.0,0.0,0.0
14542,0.0,0.0,0.0,0.0,0.0,0.0,0.0,0.0,0.0,0.0,0.0,0.0
14543,0.0,0.0,0.0,0.0,0.0,0.0,0.0,0.0,0.0,0.0,0.0,0.0
14544,0.0,0.0,0.0,0.0,0.0,0.0,0.0,0.0,0.0,0.0,0.0,0.0
14545,0.0,0.0,0.0,0.0,0.0,0.0,0.0,0.0,0.0,0.0,0.0,0.0
14561,0.0,0.0,0.0,0.0,0.0,0.0,0.0,0.0,0.0,0.0,0.0,0.0
14562,0.0,0.0,0.0,0.0,0.0,0.0,0.0,0.0,0.0,0.0,0.0,0.0
14563,0.0,0.0,0.0,0.0,0.0,0.0,0.0,0.0,0.0,0.0,0.0,0.0
14564,0.0,0.0,0.0,0.0,0.0,0.0,0.0,0.0,0.0,0.0,0.0,0.0
14565,0.0,0.0,0.0,0.0,0.0,0.0,0.0,0.0,0.0,0.0,0.0,0.0
14587,0.0,0.0,0.0,0.0,0.0,0.0,0.0,0.0,0.0,0.0,0.0,0.0
14588,0.0,0.0,0.0,0.0,0.0,0.0,0.0,0.0,0.0,0.0,0.0,0.0
14589,0.0,0.0,0.0,0.0,0.0,0.0,0.0,0.0,0.0,0.0,0.0,0.0
14873,0.0,0.0,0.0,0.0,0.0,0.0,0.0,0.0,0.0,0.0,0.0,0.0
14874,0.0,0.0,0.0,0.0,0.0,0.0,0.0,0.0,0.0,0.0,0.0,0.0
14875,0.0,0.0,0.0,0.0,0.0,0.0,0.0,0.0,0.0,0.0,0.0,0.0
14876,0.0,0.0,0.0,0.0,0.0,0.0,0.0,0.0,0.0,0.0,0.0,0.0
14896,0.0,0.0,0.0,0.0,0.0,0.0,0.0,0.0,0.0,0.0,0.0,0.0
14897,0.0,0.0,0.0,0.0,0.0,0.0,0.0,0.0,0.0,0.0,0.0,0.0
14898,0.0,0.0,0.0,0.0,0.0,0.0,0.0,0.0,0.0,0.0,0.0,0.0
14899,0.0,0.0,0.0,0.0,0.0,0.0,0.0,0.0,0.0,0.0,0.0,0.0
14900,0.0,0.0,0.0,0.0,0.0,0.0,0.0,0.0,0.0,0.0,0.0,0.0
14901,0.0,0.0,0.0,0.0,0.0,0.0,0.0,0.0,0.0,0.0,0.0,0.0
14902,0.0,0.0,0.0,0.0,0.0,0.0,0.0,0.0,0.0,0.0,0.0,0.0
14903,0.0,0.0,0.0,0.0,0.0,0.0,0.0,0.0,0.0,0.0,0.0,0.0
14904,0.0,0.0,0.0,0.0,0.0,0.0,0.0,0.0,0.0,0.0,0.0,0.0
14994,0.0,0.0,0.0,0.0,0.0,0.0,0.0,0.0,0.0,0.0,0.0,0.0
15048,0.0,0.0,0.0,0.0,0.0,0.0,0.0,0.0,0.0,0.0,0.0,0.0
15049,0.0,0.0,0.0,0.0,0.0,0.0,0.0,0.0,0.0,0.0,0.0,0.0
15050,0.0,0.0,0.0,0.0,0.0,0.0,0.0,0.0,0.0,0.0,0.0,0.0
15051,0.0,0.0,0.0,0.0,0.0,0.0,0.0,0.0,0.0,0.0,0.0,0.0
15052,0.0,0.0,0.0,0.0,0.0,0.0,0.0,0.0,0.0,0.0,0.0,0.0
15053,0.0,0.0,0.0,0.0,0.0,0.0,0.0,0.0,0.0,0.0,0.0,0.0
15054,0.0,0.0,0.0,0.0,0.0,0.0,0.0,0.0,0.0,0.0,0.0,0.0
15064,0.0,0.0,0.0,0.0,0.0,0.0,0.0,0.0,0.0,0.0,0.0,0.0
15065,0.0,0.0,0.0,0.0,0.0,0.0,0.0,0.0,0.0,0.0,0.0,0.0
15066,0.0,0.0,0.0,0.0,0.0,0.0,0.0,0.0,0.0,0.0,0.0,0.0
15067,0.0,0.0,0.0,0.0,0.0,0.0,0.0,0.0,0.0,0.0,0.0,0.0
15068,0.0,0.0,0.0,0.0,0.0,0.0,0.0,0.0,0.0,0.0,0.0,0.0
15069,0.0,0.0,0.0,0.0,0.0,0.0,0.0,0.0,0.0,0.0,0.0,0.0
15070,0.0,0.0,0.0,0.0,0.0,0.0,0.0,0.0,0.0,0.0,0.0,0.0
15085,0.0,0.0,0.0,0.0,0.0,0.0,0.0,0.0,0.0,0.0,0.0,0.0
15086,0.0,0.0,0.0,0.0,0.0,0.0,0.0,0.0,0.0,0.0,0.0,0.0
15087,0.0,0.0,0.0,0.0,0.0,0.0,0.0,0.0,0.0,0.0,0.0,0.0
15111,0.0,0.0,0.0,0.0,0.0,0.0,0.0,0.0,0.0,0.0,0.0,0.0
15112,0.0,0.0,0.0,0.0,0.0,0.0,0.0,0.0,0.0,0.0,0.0,0.0
15251,0.0,0.0,0.0,0.0,0.0,0.0,0.0,0.0,0.0,0.0,0.0,0.0
15383,0.0,0.0,0.0,0.0,0.0,0.0,0.0,0.0,0.0,0.0,0.0,0.0
15384,0.0,0.0,0.0,0.0,0.0,0.0,0.0,0.0,0.0,0.0,0.0,0.0
15385,0.0,0.0,0.0,0.0,0.0,0.0,0.0,0.0,0.0,0.0,0.0,0.0
15386,0.0,0.0,0.0,0.0,0.0,0.0,0.0,0.0,0.0,0.0,0.0,0.0
15387,0.0,0.0,0.0,0.0,0.0,0.0,0.0,0.0,0.0,0.0,0.0,0.0
15388,0.0,0.0,0.0,0.0,0.0,0.0,0.0,0.0,0.0,0.0,0.0,0.0
15389,0.0,0.0,0.0,0.0,0.0,0.0,0.0,0.0,0.0,0.0,0.0,0.0
15390,0.0,0.0,0.0,0.0,0.0,0.0,0.0,0.0,0.0,0.0,0.0,0.0
15394,0.0,0.0,0.0,0.0,0.0,0.0,0.0,0.0,0.0,0.0,0.0,0.0
15395,0.0,0.0,0.0,0.0,0.0,0.0,0.0,0.0,0.0,0.0,0.0,0.0
15396,0.0,0.0,0.0,0.0,0.0,0.0,0.0,0.0,0.0,0.0,0.0,0.0
15397,0.0,0.0,0.0,0.0,0.0,0.0,0.0,0.0,0.0,0.0,0.0,0.0
15398,0.0,0.0,0.0,0.0,0.0,0.0,0.0,0.0,0.0,0.0,0.0,0.0
15416,0.0,0.0,0.0,0.0,0.0,0.0,0.0,0.0,0.0,0.0,0.0,0.0
15417,0.0,0.0,0.0,0.0,0.0,0.0,0.0,0.0,0.0,0.0,0.0,0.0
15418,0.0,0.0,0.0,0.0,0.0,0.0,0.0,0.0,0.0,0.0,0.0,0.0
15419,0.0,0.0,0.0,0.0,0.0,0.0,0.0,0.0,0.0,0.0,0.0,0.0
15420,0.0,0.0,0.0,0.0,0.0,0.0,0.0,0.0,0.0,0.0,0.0,0.0
15421,0.0,0.0,0.0,0.0,0.0,0.0,0.0,0.0,0.0,0.0,0.0,0.0
15422,0.0,0.0,0.0,0.0,0.0,0.0,0.0,0.0,0.0,0.0,0.0,0.0
15423,0.0,0.0,0.0,0.0,0.0,0.0,0.0,0.0,0.0,0.0,0.0,0.0
15451,0.0,0.0,0.0,0.0,0.0,0.0,0.0,0.0,0.0,0.0,0.0,0.0
15452,0.0,0.0,0.0,0.0,0.0,0.0,0.0,0.0,0.0,0.0,0.0,0.0
15453,0.0,0.0,0.0,0.0,0.0,0.0,0.0,0.0,0.0,0.0,0.0,0.0
15454,0.0,0.0,0.0,0.0,0.0,0.0,0.0,0.0,0.0,0.0,0.0,0.0
15510,0.0,0.0,0.0,0.0,0.0,0.0,0.0,0.0,0.0,0.0,0.0,0.0
15566,0.0,0.0,0.0,0.0,0.0,0.0,0.0,0.0,0.0,0.0,0.0,0.0
15567,0.0,0.0,0.0,0.0,0.0,0.0,0.0,0.0,0.0,0.0,0.0,0.0
15579,0.0,0.0,0.0,0.0,0.0,0.0,0.0,0.0,0.0,0.0,0.0,0.0
15580,0.0,0.0,0.0,0.0,0.0,0.0,0.0,0.0,0.0,0.0,0.0,0.0
15582,0.0,0.0,0.0,0.0,0.0,0.0,0.0,0.0,0.0,0.0,0.0,0.0
15584,0.0,0.0,0.0,0.0,0.0,0.0,0.0,0.0,0.0,0.0,0.0,0.0
15585,0.0,0.0,0.0,0.0,0.0,0.0,0.0,0.0,0.0,0.0,0.0,0.0
15586,0.0,0.0,0.0,0.0,0.0,0.0,0.0,0.0,0.0,0.0,0.0,0.0
15587,0.0,0.0,0.0,0.0,0.0,0.0,0.0,0.0,0.0,0.0,0.0,0.0
15600,0.0,0.0,0.0,0.0,0.0,0.0,0.0,0.0,0.0,0.0,0.0,0.0
15601,0.0,0.0,0.0,0.0,0.0,0.0,0.0,0.0,0.0,0.0,0.0,0.0
15602,0.0,0.0,0.0,0.0,0.0,0.0,0.0,0.0,0.0,0.0,0.0,0.0
15626,0.0,0.0,0.0,0.0,0.0,0.0,0.0,0.0,0.0,0.0,0.0,0.0
15627,0.0,0.0,0.0,0.0,5257.76314663887,17379.87525868416,42939.5589466095,18221.504084825516,540.2451310753822,0.0,0.0,0.0
15723,0.0,0.0,0.0,0.0,0.0,0.0,0.0,0.0,0.0,0.0,0.0,0.0
15764,0.0,0.0,0.0,-66034.75416183472,-1146245.191253662,-1927970.0555114746,-2477456.032600403,-1700448.7079429626,-605079.6097259521,-17772.320640563965,0.0,0.0
15897,0.0,0.0,0.0,0.0,0.0,0.0,0.0,0.0,0.0,0.0,0.0,0.0
15898,0.0,0.0,0.0,0.0,0.0,0.0,0.0,0.0,0.0,0.0,0.0,0.0
15899,0.0,0.0,0.0,0.0,0.0,0.0,0.0,0.0,0.0,0.0,0.0,0.0
15902,0.0,0.0,0.0,0.0,0.0,0.0,0.0,0.0,0.0,0.0,0.0,0.0
15903,0.0,0.0,0.0,0.0,0.0,0.0,0.0,0.0,0.0,0.0,0.0,0.0
15904,0.0,0.0,0.0,0.0,0.0,0.0,0.0,0.0,0.0,0.0,0.0,0.0
15905,0.0,0.0,0.0,0.0,0.0,0.0,0.0,0.0,0.0,0.0,0.0,0.0
15922,0.0,0.0,0.0,0.0,0.0,0.0,0.0,0.0,0.0,0.0,0.0,0.0
15923,0.0,0.0,0.0,0.0,0.0,0.0,0.0,0.0,0.0,0.0,0.0,0.0
15924,0.0,0.0,0.0,0.0,0.0,0.0,0.0,0.0,0.0,0.0,0.0,0.0
15925,0.0,0.0,0.0,0.0,0.0,0.0,0.0,0.0,0.0,0.0,0.0,0.0
15952,0.0,0.0,0.0,0.0,0.0,0.0,0.0,0.0,0.0,0.0,0.0,0.0
15953,0.0,0.0,0.0,0.0,0.0,0.0,0.0,0.0,0.0,0.0,0.0,0.0
15954,0.0,0.0,0.0,0.0,0.0,0.0,0.0,0.0,0.0,0.0,0.0,0.0
15955,0.0,0.0,0.0,0.0,0.0,0.0,0.0,0.0,0.0,0.0,0.0,0.0
15956,0.0,0.0,0.0,0.0,0.0,0.0,0.0,0.0,0.0,0.0,0.0,0.0
15957,0.0,0.0,0.0,0.0,0.0,0.0,0.0,0.0,0.0,0.0,0.0,0.0
15960,0.0,0.0,0.0,0.0,0.0,0.0,0.0,0.0,0.0,0.0,0.0,0.0
15962,0.0,0.0,0.0,0.0,0.0,0.0,0.0,0.0,0.0,0.0,0.0,0.0
15963,0.0,0.0,0.0,0.0,0.0,0.0,0.0,0.0,0.0,0.0,0.0,0.0
16067,0.0,0.0,0.0,0.0,0.0,0.0,0.0,0.0,0.0,0.0,0.0,0.0
16068,0.0,0.0,0.0,0.0,0.0,0.0,0.0,0.0,0.0,0.0,0.0,0.0
16069,0.0,0.0,0.0,0.0,0.0,0.0,0.0,0.0,0.0,0.0,0.0,0.0
16085,0.0,0.0,0.0,0.0,0.0,0.0,0.0,0.0,0.0,0.0,0.0,0.0
16086,0.0,0.0,0.0,0.0,0.0,0.0,0.0,0.0,0.0,0.0,0.0,0.0
16087,0.0,0.0,0.0,0.0,0.0,0.0,0.0,0.0,0.0,0.0,0.0,0.0
16088,0.0,0.0,0.0,0.0,0.0,0.0,0.0,0.0,0.0,0.0,0.0,0.0
16089,0.0,0.0,0.0,0.0,0.0,0.0,0.0,0.0,0.0,0.0,0.0,0.0
16090,0.0,0.0,0.0,0.0,0.0,0.0,0.0,0.0,0.0,0.0,0.0,0.0
16095,0.0,0.0,0.0,0.0,0.0,0.0,0.0,0.0,0.0,0.0,0.0,0.0
16096,0.0,0.0,0.0,0.0,0.0,0.0,0.0,0.0,0.0,0.0,0.0,0.0
16097,0.0,0.0,0.0,0.0,0.0,0.0,0.0,0.0,0.0,0.0,0.0,0.0
16098,0.0,0.0,0.0,0.0,0.0,0.0,0.0,0.0,0.0,0.0,0.0,0.0
16122,0.0,0.0,0.0,0.0,0.0,0.0,0.0,0.0,0.0,0.0,0.0,0.0
16123,0.0,0.0,0.0,0.0,0.0,0.0,0.0,0.0,0.0,0.0,0.0,0.0
16125,0.0,0.0,0.0,0.0,0.0,0.0,0.0,0.0,0.0,0.0,0.0,0.0
16137,0.0,0.0,0.0,0.0,0.0,0.0,0.0,0.0,0.0,0.0,0.0,0.0
16138,0.0,0.0,0.0,0.0,0.0,0.0,0.0,0.0,0.0,0.0,0.0,0.0
16139,0.0,0.0,0.0,0.0,0.0,0.0,0.0,0.0,0.0,0.0,0.0,0.0
16140,0.0,0.0,0.0,0.0,0.0,0.0,0.0,0.0,0.0,0.0,0.0,0.0
16221,0.0,0.0,0.0,-1643952.0643720627,-19024879.672569275,-75171879.17440033,-57480432.87880993,-44930830.081020355,-15672471.829914093,-20067.57714366913,0.0,0.0
16394,0.0,0.0,0.0,0.0,0.0,0.0,0.0,0.0,0.0,0.0,0.0,0.0
16396,0.0,0.0,0.0,0.0,0.0,0.0,0.0,0.0,0.0,0.0,0.0,0.0
16397,0.0,0.0,0.0,0.0,0.0,0.0,0.0,0.0,0.0,0.0,0.0,0.0
16398,0.0,0.0,0.0,0.0,0.0,0.0,0.0,0.0,0.0,0.0,0.0,0.0
16399,0.0,0.0,0.0,0.0,0.0,0.0,0.0,0.0,0.0,0.0,0.0,0.0
16400,0.0,0.0,0.0,0.0,0.0,0.0,0.0,0.0,0.0,0.0,0.0,0.0
16401,0.0,0.0,0.0,0.0,0.0,0.0,0.0,0.0,0.0,0.0,0.0,0.0
16402,0.0,0.0,0.0,0.0,0.0,0.0,0.0,0.0,0.0,0.0,0.0,0.0
16411,0.0,0.0,0.0,0.0,0.0,0.0,0.0,0.0,0.0,0.0,0.0,0.0
16412,0.0,0.0,0.0,0.0,0.0,0.0,0.0,0.0,0.0,0.0,0.0,0.0
16413,0.0,0.0,0.0,0.0,0.0,0.0,0.0,0.0,0.0,0.0,0.0,0.0
16416,0.0,0.0,0.0,0.0,0.0,0.0,0.0,0.0,0.0,0.0,0.0,0.0
16417,0.0,0.0,0.0,0.0,0.0,0.0,0.0,0.0,0.0,0.0,0.0,0.0
16418,0.0,0.0,0.0,0.0,0.0,0.0,0.0,0.0,0.0,0.0,0.0,0.0
16419,0.0,0.0,0.0,0.0,0.0,0.0,0.0,0.0,0.0,0.0,0.0,0.0
16421,0.0,0.0,0.0,0.0,0.0,0.0,0.0,0.0,0.0,0.0,0.0,0.0
16422,0.0,0.0,0.0,0.0,0.0,0.0,0.0,0.0,0.0,0.0,0.0,0.0
16423,0.0,0.0,0.0,0.0,0.0,0.0,0.0,0.0,0.0,0.0,0.0,0.0
16424,0.0,0.0,0.0,0.0,0.0,0.0,0.0,0.0,0.0,0.0,0.0,0.0
16425,0.0,0.0,0.0,0.0,0.0,0.0,0.0,0.0,0.0,0.0,0.0,0.0
16426,0.0,0.0,0.0,0.0,0.0,0.0,0.0,0.0,0.0,0.0,0.0,0.0
16431,0.0,0.0,0.0,0.0,0.0,0.0,0.0,0.0,0.0,0.0,0.0,0.0
16451,0.0,0.0,0.0,0.0,0.0,0.0,0.0,0.0,0.0,0.0,0.0,0.0
16452,0.0,0.0,0.0,0.0,0.0,0.0,0.0,0.0,0.0,0.0,0.0,0.0
16453,0.0,0.0,0.0,0.0,0.0,0.0,0.0,0.0,0.0,0.0,0.0,0.0
16460,0.0,0.0,0.0,0.0,0.0,0.0,0.0,0.0,0.0,0.0,0.0,0.0
16461,0.0,0.0,0.0,0.0,0.0,0.0,0.0,0.0,0.0,0.0,0.0,0.0
16462,0.0,0.0,0.0,0.0,0.0,0.0,0.0,0.0,0.0,0.0,0.0,0.0
16463,0.0,0.0,0.0,0.0,0.0,0.0,0.0,0.0,0.0,0.0,0.0,0.0
16464,0.0,0.0,0.0,0.0,0.0,0.0,0.0,0.0,0.0,0.0,0.0,0.0
16465,0.0,0.0,0.0,0.0,0.0,0.0,0.0,0.0,0.0,0.0,0.0,0.0
16466,0.0,0.0,0.0,0.0,0.0,0.0,0.0,0.0,0.0,0.0,0.0,0.0
16467,0.0,0.0,0.0,0.0,0.0,0.0,0.0,0.0,0.0,0.0,0.0,0.0
16566,0.0,0.0,0.0,0.0,0.0,0.0,0.0,0.0,0.0,0.0,0.0,0.0
16567,0.0,0.0,0.0,0.0,0.0,0.0,0.0,0.0,0.0,0.0,0.0,0.0
16583,0.0,0.0,0.0,0.0,0.0,0.0,0.0,0.0,0.0,0.0,0.0,0.0
16584,0.0,0.0,0.0,0.0,0.0,0.0,0.0,0.0,0.0,0.0,0.0,0.0
16585,0.0,0.0,0.0,0.0,0.0,0.0,0.0,0.0,0.0,0.0,0.0,0.0
16587,0.0,0.0,0.0,0.0,0.0,0.0,0.0,0.0,0.0,0.0,0.0,0.0
16588,0.0,0.0,0.0,0.0,0.0,0.0,0.0,0.0,0.0,0.0,0.0,0.0
16590,0.0,0.0,0.0,0.0,0.0,0.0,0.0,0.0,0.0,0.0,0.0,0.0
16591,0.0,0.0,0.0,0.0,0.0,0.0,0.0,0.0,0.0,0.0,0.0,0.0
16595,0.0,0.0,0.0,0.0,0.0,0.0,0.0,0.0,0.0,0.0,0.0,0.0
16596,0.0,0.0,0.0,0.0,0.0,0.0,0.0,0.0,0.0,0.0,0.0,0.0
16597,0.0,0.0,0.0,0.0,0.0,0.0,0.0,0.0,0.0,0.0,0.0,0.0
16598,0.0,0.0,0.0,0.0,0.0,0.0,0.0,0.0,0.0,0.0,0.0,0.0
16623,0.0,0.0,0.0,0.0,0.0,0.0,0.0,0.0,0.0,0.0,0.0,0.0
16624,0.0,0.0,0.0,0.0,0.0,0.0,0.0,0.0,0.0,0.0,0.0,0.0
16625,0.0,0.0,0.0,0.0,0.0,0.0,0.0,0.0,0.0,0.0,0.0,0.0
16626,0.0,0.0,0.0,0.0,0.0,0.0,0.0,0.0,0.0,0.0,0.0,0.0
16627,0.0,0.0,0.0,0.0,0.0,0.0,0.0,0.0,0.0,0.0,0.0,0.0
16628,0.0,0.0,0.0,0.0,-90.26179814338684,-292.7853483967483,-409.77387713082135,-183.95781563967466,-5.502592636272311,0.0,0.0,0.0
16629,0.0,0.0,0.0,0.0,0.0,0.0,0.0,0.0,0.0,0.0,0.0,0.0
16630,0.0,0.0,0.0,0.0,0.0,0.0,0.0,0.0,0.0,0.0,0.0,0.0
16632,0.0,0.0,0.0,0.0,0.0,0.0,0.0,0.0,0.0,0.0,0.0,0.0
16633,0.0,0.0,0.0,0.0,0.0,0.0,0.0,0.0,0.0,0.0,0.0,0.0
16634,0.0,0.0,0.0,0.0,0.0,0.0,0.0,0.0,0.0,0.0,0.0,0.0
16635,0.0,0.0,0.0,0.0,0.0,0.0,0.0,0.0,0.0,0.0,0.0,0.0
16636,0.0,0.0,0.0,0.0,0.0,0.0,0.0,0.0,0.0,0.0,0.0,0.0
16637,0.0,0.0,0.0,0.0,0.0,0.0,0.0,0.0,0.0,0.0,0.0,0.0
16638,0.0,0.0,0.0,0.0,0.0,0.0,0.0,0.0,0.0,0.0,0.0,0.0
16639,0.0,0.0,0.0,0.0,0.0,0.0,0.0,0.0,0.0,0.0,0.0,0.0
16640,0.0,0.0,0.0,0.0,0.0,0.0,0.0,0.0,0.0,0.0,0.0,0.0
16890,0.0,0.0,0.0,0.0,0.0,0.0,0.0,0.0,0.0,0.0,0.0,0.0
16891,0.0,0.0,0.0,0.0,0.0,0.0,0.0,0.0,0.0,0.0,0.0,0.0
16892,0.0,0.0,0.0,0.0,0.0,0.0,0.0,0.0,0.0,0.0,0.0,0.0
16893,0.0,0.0,0.0,0.0,0.0,0.0,0.0,0.0,0.0,0.0,0.0,0.0
16898,0.0,0.0,0.0,0.0,0.0,0.0,0.0,0.0,0.0,0.0,0.0,0.0
16899,0.0,0.0,0.0,0.0,0.0,0.0,0.0,0.0,0.0,0.0,0.0,0.0
16900,0.0,0.0,0.0,0.0,0.0,0.0,0.0,0.0,0.0,0.0,0.0,0.0
16901,0.0,0.0,0.0,0.0,0.0,0.0,0.0,0.0,0.0,0.0,0.0,0.0
16902,0.0,0.0,0.0,0.0,0.0,0.0,0.0,0.0,0.0,0.0,0.0,0.0
16903,0.0,0.0,0.0,0.0,0.0,0.0,0.0,0.0,0.0,0.0,0.0,0.0
16904,0.0,0.0,0.0,0.0,0.0,0.0,0.0,0.0,0.0,0.0,0.0,0.0
16905,0.0,0.0,0.0,0.0,0.0,0.0,0.0,0.0,0.0,0.0,0.0,0.0
16906,0.0,0.0,0.0,0.0,0.0,0.0,0.0,0.0,0.0,0.0,0.0,0.0
16907,0.0,0.0,0.0,0.0,0.0,0.0,0.0,0.0,0.0,0.0,0.0,0.0
16908,0.0,0.0,0.0,0.0,0.0,0.0,0.0,0.0,0.0,0.0,0.0,0.0
16909,0.0,0.0,0.0,0.0,0.0,0.0,0.0,0.0,0.0,0.0,0.0,0.0
16910,0.0,0.0,0.0,0.0,0.0,0.0,0.0,0.0,0.0,0.0,0.0,0.0
16911,0.0,0.0,0.0,0.0,0.0,0.0,0.0,0.0,0.0,0.0,0.0,0.0
16912,0.0,0.0,0.0,0.0,0.0,0.0,0.0,0.0,0.0,0.0,0.0,0.0
16913,0.0,0.0,0.0,0.0,0.0,0.0,0.0,0.0,0.0,0.0,0.0,0.0
16914,0.0,0.0,0.0,0.0,0.0,0.0,0.0,0.0,0.0,0.0,0.0,0.0
16915,0.0,0.0,0.0,0.0,0.0,0.0,0.0,0.0,0.0,0.0,0.0,0.0
16916,0.0,0.0,0.0,0.0,0.0,0.0,0.0,0.0,0.0,0.0,0.0,0.0
16932,0.0,0.0,0.0,0.0,0.0,0.0,0.0,0.0,0.0,0.0,0.0,0.0
16933,0.0,0.0,0.0,0.0,0.0,0.0,0.0,0.0,0.0,0.0,0.0,0.0
16934,0.0,0.0,0.0,0.0,0.0,0.0,0.0,0.0,0.0,0.0,0.0,0.0
16935,0.0,0.0,0.0,0.0,0.0,0.0,0.0,0.0,0.0,0.0,0.0,0.0
16936,0.0,0.0,0.0,0.0,0.0,0.0,0.0,0.0,0.0,0.0,0.0,0.0
16940,0.0,0.0,0.0,0.0,0.0,0.0,0.0,0.0,0.0,0.0,0.0,0.0
16941,0.0,0.0,0.0,0.0,0.0,0.0,0.0,0.0,0.0,0.0,0.0,0.0
16942,0.0,0.0,0.0,0.0,0.0,0.0,0.0,0.0,0.0,0.0,0.0,0.0
17038,0.0,0.0,0.0,0.0,0.0,0.0,0.0,0.0,0.0,0.0,0.0,0.0
17040,0.0,0.0,0.0,0.0,0.0,0.0,0.0,0.0,0.0,0.0,0.0,0.0
17056,0.0,0.0,0.0,0.0,0.0,0.0,0.0,0.0,0.0,0.0,0.0,0.0
17058,0.0,0.0,0.0,0.0,0.0,0.0,0.0,0.0,0.0,0.0,0.0,0.0
17060,0.0,0.0,0.0,0.0,0.0,0.0,0.0,0.0,0.0,0.0,0.0,0.0
17061,0.0,0.0,0.0,0.0,0.0,0.0,0.0,0.0,0.0,0.0,0.0,0.0
17062,0.0,0.0,0.0,0.0,0.0,0.0,0.0,0.0,0.0,0.0,0.0,0.0
17063,0.0,0.0,0.0,0.0,0.0,0.0,0.0,0.0,0.0,0.0,0.0,0.0
17064,0.0,0.0,0.0,0.0,0.0,0.0,0.0,0.0,0.0,0.0,0.0,0.0
17065,0.0,0.0,0.0,0.0,0.0,0.0,0.0,0.0,0.0,0.0,0.0,0.0
17073,0.0,0.0,0.0,0.0,760.254271864891,11747.522837162018,5277.8553022146225,1275.2593414783478,2767.5992047786713,25.41651475429535,0.0,0.0
17074,0.0,0.0,0.0,0.0,0.0,0.0,0.0,0.0,0.0,0.0,0.0,0.0
17090,0.0,0.0,0.0,0.0,0.0,0.0,0.0,0.0,0.0,0.0,0.0,0.0
17091,0.0,0.0,0.0,0.0,0.0,0.0,0.0,0.0,0.0,0.0,0.0,0.0
17092,0.0,0.0,0.0,0.0,0.0,0.0,0.0,0.0,0.0,0.0,0.0,0.0
17093,0.0,0.0,0.0,0.0,0.0,0.0,0.0,0.0,0.0,0.0,0.0,0.0
17095,0.0,0.0,0.0,0.0,0.0,0.0,0.0,0.0,0.0,0.0,0.0,0.0
17096,0.0,0.0,0.0,0.0,0.0,0.0,0.0,0.0,0.0,0.0,0.0,0.0
17097,0.0,0.0,0.0,0.0,0.0,0.0,0.0,0.0,0.0,0.0,0.0,0.0
17098,0.0,0.0,0.0,0.0,0.0,0.0,0.0,0.0,0.0,0.0,0.0,0.0
17099,0.0,0.0,0.0,0.0,0.0,0.0,0.0,0.0,0.0,0.0,0.0,0.0
17101,0.0,0.0,0.0,0.0,0.0,0.0,0.0,0.0,0.0,0.0,0.0,0.0
17102,0.0,0.0,0.0,0.0,0.0,0.0,0.0,0.0,0.0,0.0,0.0,0.0
17340,0.0,0.0,0.0,0.0,0.0,0.0,0.0,0.0,0.0,0.0,0.0,0.0
17341,0.0,0.0,0.0,0.0,0.0,0.0,0.0,0.0,0.0,0.0,0.0,0.0
17342,0.0,0.0,0.0,0.0,0.0,0.0,0.0,0.0,0.0,0.0,0.0,0.0
17344,0.0,0.0,0.0,0.0,0.0,0.0,0.0,0.0,0.0,0.0,0.0,0.0
17350,0.0,0.0,0.0,0.0,0.0,0.0,0.0,0.0,0.0,0.0,0.0,0.0
17351,0.0,0.0,0.0,0.0,0.0,0.0,0.0,0.0,0.0,0.0,0.0,0.0
17352,0.0,0.0,0.0,0.0,0.0,0.0,0.0,0.0,0.0,0.0,0.0,0.0
17356,0.0,0.0,0.0,0.0,0.0,0.0,0.0,0.0,0.0,0.0,0.0,0.0
17357,0.0,0.0,0.0,0.0,0.0,0.0,0.0,0.0,0.0,0.0,0.0,0.0
17358,0.0,0.0,0.0,0.0,0.0,0.0,0.0,0.0,0.0,0.0,0.0,0.0
17359,0.0,0.0,0.0,0.0,0.0,0.0,0.0,0.0,0.0,0.0,0.0,0.0
17360,0.0,0.0,0.0,0.0,0.0,0.0,0.0,0.0,0.0,0.0,0.0,0.0
17361,0.0,0.0,0.0,0.0,0.0,0.0,0.0,0.0,0.0,0.0,0.0,0.0
17362,0.0,0.0,0.0,0.0,0.0,0.0,0.0,0.0,0.0,0.0,0.0,0.0
17363,0.0,0.0,0.0,0.0,0.0,0.0,0.0,0.0,0.0,0.0,0.0,0.0
17378,0.0,0.0,0.0,0.0,0.0,0.0,0.0,0.0,0.0,0.0,0.0,0.0
17379,0.0,0.0,0.0,0.0,0.0,0.0,0.0,0.0,0.0,0.0,0.0,0.0
17381,0.0,0.0,0.0,0.0,0.0,0.0,0.0,0.0,0.0,0.0,0.0,0.0
17382,0.0,0.0,0.0,0.0,0.0,0.0,0.0,0.0,0.0,0.0,0.0,0.0
17384,0.0,0.0,0.0,0.0,0.0,0.0,0.0,0.0,0.0,0.0,0.0,0.0
17385,0.0,0.0,0.0,0.0,0.0,0.0,0.0,0.0,0.0,0.0,0.0,0.0
17387,0.0,0.0,0.0,0.0,0.0,0.0,0.0,0.0,0.0,0.0,0.0,0.0
17440,0.0,0.0,0.0,0.0,0.0,0.0,0.0,0.0,0.0,0.0,0.0,0.0
17474,0.0,0.0,0.0,0.0,0.0,0.0,0.0,0.0,0.0,0.0,0.0,0.0
17476,0.0,0.0,0.0,0.0,0.0,0.0,0.0,0.0,0.0,0.0,0.0,0.0
17477,0.0,0.0,0.0,0.0,0.0,0.0,0.0,0.0,0.0,0.0,0.0,0.0
17493,0.0,0.0,0.0,0.0,0.0,0.0,0.0,0.0,0.0,0.0,0.0,0.0
17494,0.0,0.0,0.0,0.0,0.0,0.0,0.0,0.0,0.0,0.0,0.0,0.0
17495,0.0,0.0,0.0,0.0,0.0,0.0,0.0,0.0,0.0,0.0,0.0,0.0
17499,0.0,0.0,0.0,0.0,0.0,0.0,0.0,0.0,0.0,0.0,0.0,0.0
17500,0.0,0.0,0.0,0.0,0.0,0.0,0.0,0.0,0.0,0.0,0.0,0.0
17501,0.0,0.0,0.0,0.0,0.0,0.0,0.0,0.0,0.0,0.0,0.0,0.0
17502,0.0,0.0,0.0,0.0,0.0,0.0,0.0,0.0,0.0,0.0,0.0,0.0
17503,0.0,0.0,0.0,0.0,0.0,0.0,0.0,0.0,0.0,0.0,0.0,0.0
17504,0.0,0.0,0.0,0.0,0.0,0.0,0.0,0.0,0.0,0.0,0.0,0.0
17505,0.0,0.0,0.0,0.0,0.0,0.0,0.0,0.0,0.0,0.0,0.0,0.0
17512,0.0,0.0,0.0,0.0,10922.885325014591,347436.65955364704,168618.1180574298,8900.079952478409,25891.759351074696,0.0,0.0,0.0
17513,0.0,0.0,0.0,0.0,6.913592413067818,23381.843403182924,13722.717416897416,408.771792717278,2520.4690756499767,60.89236815273762,0.0,0.0
17514,0.0,0.0,0.0,8388.297486305237,36616.63955640793,122952.94183731079,47782.31389904022,19069.360342502594,55750.207275390625,16.54731297492981,0.0,0.0
17515,0.0,0.0,0.0,0.0,0.0,3989.6886288821697,4184.348273515701,424.0321840941906,948.8463213741779,12.191939890384674,0.0,0.0
17528,0.0,0.0,0.0,0.0,6524.491362929344,43304.93424409628,68536.53111559153,65294.84539473057,8879.804032862186,0.0,0.0,0.0
17529,0.0,0.0,0.0,0.0,0.0,0.0,0.0,0.0,0.0,0.0,0.0,0.0
17530,0.0,0.0,0.0,0.0,0.0,0.0,0.0,0.0,0.0,0.0,0.0,0.0
17531,0.0,0.0,0.0,0.0,0.0,0.0,0.0,0.0,0.0,0.0,0.0,0.0
17532,0.0,0.0,0.0,0.0,0.0,0.0,0.0,0.0,0.0,0.0,0.0,0.0
17533,0.0,0.0,0.0,0.0,0.0,0.0,0.0,0.0,0.0,0.0,0.0,0.0
17534,0.0,0.0,0.0,0.0,0.0,0.0,0.0,0.0,0.0,0.0,0.0,0.0
17536,0.0,0.0,0.0,0.0,0.0,0.0,0.0,0.0,0.0,0.0,0.0,0.0
17540,0.0,0.0,0.0,0.0,0.0,0.0,0.0,0.0,0.0,0.0,0.0,0.0
17541,0.0,0.0,0.0,0.0,0.0,0.0,0.0,0.0,0.0,0.0,0.0,0.0
17542,0.0,0.0,0.0,0.0,0.0,0.0,0.0,0.0,0.0,0.0,0.0,0.0
17770,0.0,0.0,0.0,0.0,0.0,0.0,0.0,0.0,0.0,0.0,0.0,0.0
17771,0.0,0.0,0.0,0.0,0.0,0.0,0.0,0.0,0.0,0.0,0.0,0.0
17772,0.0,0.0,0.0,0.0,0.0,0.0,0.0,0.0,0.0,0.0,0.0,0.0
17773,0.0,0.0,0.0,0.0,0.0,0.0,0.0,0.0,0.0,0.0,0.0,0.0
17774,0.0,0.0,0.0,0.0,0.0,0.0,0.0,0.0,0.0,0.0,0.0,0.0
17775,0.0,0.0,0.0,0.0,0.0,0.0,0.0,0.0,0.0,0.0,0.0,0.0
17776,0.0,0.0,0.0,0.0,0.0,0.0,0.0,0.0,0.0,0.0,0.0,0.0
17777,0.0,0.0,0.0,0.0,0.0,0.0,0.0,0.0,0.0,0.0,0.0,0.0
17778,0.0,0.0,0.0,0.0,0.0,0.0,0.0,0.0,0.0,0.0,0.0,0.0
17779,0.0,0.0,0.0,0.0,0.0,0.0,0.0,0.0,0.0,0.0,0.0,0.0
17780,0.0,0.0,0.0,0.0,0.0,0.0,0.0,0.0,0.0,0.0,0.0,0.0
17781,0.0,0.0,0.0,0.0,0.0,0.0,0.0,0.0,0.0,0.0,0.0,0.0
17782,0.0,0.0,0.0,0.0,0.0,0.0,0.0,0.0,0.0,0.0,0.0,0.0
17783,0.0,0.0,0.0,0.0,0.0,0.0,0.0,0.0,0.0,0.0,0.0,0.0
17784,0.0,0.0,0.0,0.0,0.0,0.0,0.0,0.0,0.0,0.0,0.0,0.0
17785,0.0,0.0,0.0,0.0,0.0,0.0,0.0,0.0,0.0,0.0,0.0,0.0
17786,0.0,0.0,0.0,0.0,0.0,0.0,0.0,0.0,0.0,0.0,0.0,0.0
17787,0.0,0.0,0.0,0.0,0.0,0.0,0.0,0.0,0.0,0.0,0.0,0.0
17788,0.0,0.0,0.0,0.0,0.0,0.0,0.0,0.0,0.0,0.0,0.0,0.0
17789,0.0,0.0,0.0,0.0,0.0,0.0,0.0,0.0,0.0,0.0,0.0,0.0
17790,0.0,0.0,0.0,0.0,0.0,0.0,0.0,0.0,0.0,0.0,0.0,0.0
17791,0.0,0.0,0.0,0.0,0.0,0.0,0.0,0.0,0.0,0.0,0.0,0.0
17792,0.0,0.0,0.0,0.0,0.0,0.0,0.0,0.0,0.0,0.0,0.0,0.0
17793,0.0,0.0,0.0,0.0,0.0,0.0,0.0,0.0,0.0,0.0,0.0,0.0
17794,0.0,0.0,0.0,0.0,0.0,0.0,0.0,0.0,0.0,0.0,0.0,0.0
17795,0.0,0.0,0.0,0.0,0.0,0.0,0.0,0.0,0.0,0.0,0.0,0.0
17796,0.0,0.0,0.0,0.0,0.0,0.0,0.0,0.0,0.0,0.0,0.0,0.0
17801,0.0,0.0,0.0,0.0,0.0,0.0,0.0,0.0,0.0,0.0,0.0,0.0
17802,0.0,0.0,0.0,0.0,0.0,0.0,0.0,0.0,0.0,0.0,0.0,0.0
17803,0.0,0.0,0.0,0.0,0.0,0.0,0.0,0.0,0.0,0.0,0.0,0.0
17804,0.0,0.0,0.0,0.0,0.0,0.0,0.0,0.0,0.0,0.0,0.0,0.0
17805,0.0,0.0,0.0,0.0,0.0,0.0,0.0,0.0,0.0,0.0,0.0,0.0
17806,0.0,0.0,0.0,0.0,0.0,0.0,0.0,0.0,0.0,0.0,0.0,0.0
17807,0.0,0.0,0.0,0.0,0.0,0.0,0.0,0.0,0.0,0.0,0.0,0.0
17808,0.0,0.0,0.0,0.0,0.0,0.0,0.0,0.0,0.0,0.0,0.0,0.0
17809,0.0,0.0,0.0,0.0,0.0,0.0,0.0,0.0,0.0,0.0,0.0,0.0
17810,0.0,0.0,0.0,0.0,0.0,0.0,0.0,0.0,0.0,0.0,0.0,0.0
17811,0.0,0.0,0.0,0.0,0.0,0.0,0.0,0.0,0.0,0.0,0.0,0.0
17812,0.0,0.0,0.0,0.0,0.0,0.0,0.0,0.0,0.0,0.0,0.0,0.0
17813,0.0,0.0,0.0,0.0,0.0,0.0,0.0,0.0,0.0,0.0,0.0,0.0
17814,0.0,0.0,0.0,0.0,0.0,0.0,0.0,0.0,0.0,0.0,0.0,0.0
17821,0.0,0.0,0.0,0.0,0.0,0.0,0.0,0.0,0.0,0.0,0.0,0.0
17825,0.0,0.0,0.0,0.0,0.0,0.0,0.0,0.0,0.0,0.0,0.0,0.0
17829,0.0,0.0,0.0,0.0,0.0,0.0,0.0,0.0,0.0,0.0,0.0,0.0
17830,0.0,0.0,0.0,0.0,0.0,0.0,0.0,0.0,0.0,0.0,0.0,0.0
17879,0.0,0.0,0.0,0.0,0.0,0.0,0.0,0.0,0.0,0.0,0.0,0.0
17912,0.0,0.0,0.0,0.0,0.0,0.0,0.0,0.0,0.0,0.0,0.0,0.0
17913,0.0,0.0,0.0,0.0,0.0,0.0,0.0,0.0,0.0,0.0,0.0,0.0
17914,0.0,0.0,0.0,0.0,0.0,0.0,0.0,0.0,0.0,0.0,0.0,0.0
17915,0.0,0.0,0.0,0.0,0.0,0.0,0.0,0.0,0.0,0.0,0.0,0.0
17916,0.0,0.0,0.0,0.0,0.0,0.0,0.0,0.0,0.0,0.0,0.0,0.0
17917,0.0,0.0,0.0,0.0,0.0,0.0,0.0,0.0,0.0,0.0,0.0,0.0
17918,0.0,0.0,0.0,0.0,0.0,0.0,0.0,0.0,0.0,0.0,0.0,0.0
17934,0.0,0.0,0.0,0.0,0.0,0.0,0.0,0.0,0.0,0.0,0.0,0.0
17935,0.0,0.0,0.0,0.0,0.0,0.0,0.0,0.0,0.0,0.0,0.0,0.0
17936,0.0,0.0,0.0,0.0,0.0,0.0,0.0,0.0,0.0,0.0,0.0,0.0
17937,0.0,0.0,0.0,0.0,0.0,0.0,0.0,0.0,0.0,0.0,0.0,0.0
17938,0.0,0.0,0.0,0.0,0.0,0.0,0.0,0.0,0.0,0.0,0.0,0.0
17939,0.0,0.0,0.0,0.0,0.0,0.0,0.0,0.0,0.0,0.0,0.0,0.0
17940,0.0,0.0,0.0,0.0,0.0,0.0,0.0,0.0,0.0,0.0,0.0,0.0
17945,0.0,0.0,0.0,0.0,0.0,0.0,0.0,0.0,0.0,0.0,0.0,0.0
17946,0.0,0.0,0.0,0.0,0.0,0.0,0.0,0.0,0.0,0.0,0.0,0.0
17947,0.0,0.0,0.0,0.0,0.0,0.0,0.0,0.0,0.0,0.0,0.0,0.0
17948,0.0,0.0,0.0,0.0,0.0,0.0,0.0,0.0,0.0,0.0,0.0,0.0
17949,0.0,0.0,0.0,0.0,0.0,0.0,0.0,0.0,0.0,0.0,0.0,0.0
17950,0.0,0.0,0.0,0.0,0.0,0.0,0.0,0.0,0.0,0.0,0.0,0.0
17951,0.0,0.0,0.0,0.0,0.0,0.0,0.0,0.0,0.0,0.0,0.0,0.0
17952,0.0,0.0,0.0,0.0,0.0,0.0,0.0,0.0,0.0,0.0,0.0,0.0
17953,0.0,0.0,0.0,0.0,0.0,3728.996220201254,6846.0972692370415,211.71904784440994,279.2955955862999,0.0,0.0,0.0
17959,0.0,0.0,0.0,0.0,0.0,0.0,0.0,0.0,0.0,0.0,0.0,0.0
17960,0.0,0.0,0.0,0.0,0.0,0.0,0.0,0.0,0.0,0.0,0.0,0.0
17961,0.0,0.0,0.0,0.0,0.0,0.0,0.0,0.0,0.0,0.0,0.0,0.0
17962,0.0,0.0,0.0,0.0,0.0,0.0,0.0,0.0,0.0,0.0,0.0,0.0
17974,0.0,0.0,0.0,0.0,0.0,0.0,0.0,0.0,0.0,0.0,0.0,0.0
17975,0.0,0.0,0.0,0.0,0.0,0.0,0.0,0.0,0.0,0.0,0.0,0.0
17976,0.0,0.0,0.0,0.0,0.0,0.0,0.0,0.0,0.0,0.0,0.0,0.0
17977,0.0,0.0,0.0,0.0,0.0,0.0,0.0,0.0,0.0,0.0,0.0,0.0
17978,0.0,0.0,0.0,0.0,0.0,0.0,0.0,0.0,0.0,0.0,0.0,0.0
17979,0.0,0.0,0.0,0.0,0.0,0.0,0.0,0.0,0.0,0.0,0.0,0.0
18215,0.0,0.0,0.0,0.0,0.0,0.0,0.0,0.0,0.0,0.0,0.0,0.0
18216,0.0,0.0,0.0,0.0,0.0,0.0,0.0,0.0,0.0,0.0,0.0,0.0
18217,0.0,0.0,0.0,0.0,0.0,0.0,0.0,0.0,0.0,0.0,0.0,0.0
18218,0.0,0.0,0.0,0.0,0.0,0.0,0.0,0.0,0.0,0.0,0.0,0.0
18219,0.0,0.0,0.0,0.0,0.0,0.0,0.0,0.0,0.0,0.0,0.0,0.0
18220,0.0,0.0,0.0,0.0,0.0,0.0,0.0,0.0,0.0,0.0,0.0,0.0
18221,0.0,0.0,0.0,0.0,0.0,0.0,0.0,0.0,0.0,0.0,0.0,0.0
18226,0.0,0.0,0.0,0.0,0.0,0.0,0.0,0.0,0.0,0.0,0.0,0.0
18227,0.0,0.0,0.0,0.0,0.0,0.0,0.0,0.0,0.0,0.0,0.0,0.0
18229,0.0,0.0,0.0,0.0,0.0,0.0,0.0,0.0,0.0,0.0,0.0,0.0
18230,0.0,0.0,0.0,0.0,0.0,0.0,0.0,0.0,0.0,0.0,0.0,0.0
18231,0.0,0.0,0.0,0.0,0.0,0.0,0.0,0.0,0.0,0.0,0.0,0.0
18232,0.0,0.0,0.0,0.0,0.0,0.0,0.0,0.0,0.0,0.0,0.0,0.0
18233,0.0,0.0,0.0,0.0,0.0,0.0,0.0,0.0,0.0,0.0,0.0,0.0
18234,0.0,0.0,0.0,0.0,0.0,0.0,0.0,0.0,0.0,0.0,0.0,0.0
18239,0.0,0.0,0.0,0.0,0.0,0.0,0.0,0.0,0.0,0.0,0.0,0.0
18240,0.0,0.0,0.0,0.0,0.0,0.0,0.0,0.0,0.0,0.0,0.0,0.0
18241,0.0,0.0,0.0,0.0,0.0,0.0,0.0,0.0,0.0,0.0,0.0,0.0
18242,0.0,0.0,0.0,0.0,0.0,0.0,0.0,0.0,0.0,0.0,0.0,0.0
18243,0.0,0.0,0.0,0.0,0.0,0.0,0.0,0.0,0.0,0.0,0.0,0.0
18244,0.0,0.0,0.0,0.0,0.0,0.0,0.0,0.0,0.0,0.0,0.0,0.0
18247,0.0,0.0,0.0,0.0,0.0,0.0,0.0,0.0,0.0,0.0,0.0,0.0
18248,0.0,0.0,0.0,0.0,0.0,0.0,0.0,0.0,0.0,0.0,0.0,0.0
18249,0.0,0.0,0.0,0.0,0.0,0.0,0.0,0.0,0.0,0.0,0.0,0.0
18250,0.0,0.0,0.0,0.0,0.0,0.0,0.0,0.0,0.0,0.0,0.0,0.0
18251,0.0,0.0,0.0,0.0,0.0,0.0,0.0,0.0,0.0,0.0,0.0,0.0
18334,0.0,0.0,0.0,0.0,0.0,0.0,0.0,0.0,0.0,0.0,0.0,0.0
18335,0.0,0.0,0.0,0.0,0.0,0.0,0.0,0.0,0.0,0.0,0.0,0.0
18336,0.0,0.0,0.0,0.0,0.0,0.0,0.0,0.0,0.0,0.0,0.0,0.0
18337,0.0,0.0,0.0,0.0,0.0,0.0,0.0,0.0,0.0,0.0,0.0,0.0
18355,0.0,0.0,0.0,0.0,0.0,0.0,0.0,0.0,0.0,0.0,0.0,0.0
18356,0.0,0.0,0.0,0.0,0.0,0.0,0.0,0.0,0.0,0.0,0.0,0.0
18357,0.0,0.0,0.0,0.0,0.0,0.0,0.0,0.0,0.0,0.0,0.0,0.0
18358,0.0,0.0,0.0,0.0,0.0,0.0,0.0,0.0,0.0,0.0,0.0,0.0
18366,0.0,0.0,0.0,0.0,0.0,0.0,0.0,0.0,0.0,0.0,0.0,0.0
18367,0.0,0.0,0.0,0.0,0.0,0.0,0.0,0.0,0.0,0.0,0.0,0.0
18368,0.0,0.0,0.0,0.0,0.0,0.0,0.0,0.0,0.0,0.0,0.0,0.0
18369,0.0,0.0,0.0,0.0,0.0,0.0,0.0,0.0,0.0,0.0,0.0,0.0
18370,0.0,0.0,0.0,0.0,0.0,0.0,0.0,0.0,0.0,0.0,0.0,0.0
18371,0.0,0.0,0.0,0.0,0.0,0.0,0.0,0.0,0.0,0.0,0.0,0.0
18374,0.0,0.0,0.0,0.0,0.0,0.0,0.0,0.0,0.0,0.0,0.0,0.0
18375,0.0,0.0,0.0,0.0,0.0,0.0,0.0,0.0,0.0,0.0,0.0,0.0
18376,0.0,0.0,0.0,0.0,0.0,0.0,0.0,0.0,0.0,0.0,0.0,0.0
18377,0.0,0.0,0.0,0.0,0.0,0.0,0.0,0.0,0.0,0.0,0.0,0.0
18378,0.0,0.0,0.0,0.0,0.0,0.0,0.0,0.0,0.0,0.0,0.0,0.0
18379,0.0,0.0,0.0,0.0,0.0,0.0,0.0,0.0,0.0,0.0,0.0,0.0
18380,0.0,0.0,0.0,0.0,0.0,0.0,0.0,0.0,0.0,0.0,0.0,0.0
18381,0.0,0.0,0.0,0.0,0.0,0.0,0.0,0.0,0.0,0.0,0.0,0.0
18382,0.0,0.0,0.0,0.0,0.0,0.0,0.0,0.0,0.0,0.0,0.0,0.0
18383,0.0,0.0,0.0,0.0,0.0,0.0,0.0,0.0,0.0,0.0,0.0,0.0
18384,0.0,0.0,0.0,0.0,0.0,0.0,0.0,0.0,0.0,0.0,0.0,0.0
18394,0.0,0.0,0.0,0.0,0.0,0.0,0.0,0.0,0.0,0.0,0.0,0.0
18395,0.0,0.0,0.0,0.0,0.0,0.0,0.0,0.0,0.0,0.0,0.0,0.0
18396,0.0,0.0,0.0,0.0,0.0,0.0,0.0,0.0,0.0,0.0,0.0,0.0
18397,0.0,0.0,0.0,0.0,0.0,0.0,0.0,0.0,0.0,0.0,0.0,0.0
18398,0.0,0.0,0.0,0.0,0.0,0.0,0.0,0.0,0.0,0.0,0.0,0.0
18399,0.0,0.0,0.0,0.0,0.0,0.0,0.0,0.0,0.0,0.0,0.0,0.0
18400,0.0,0.0,0.0,0.0,0.0,0.0,0.0,0.0,0.0,0.0,0.0,0.0
18489,0.0,0.0,0.0,-1630543.837258339,-18840277.20398426,-74131673.03995514,-56548340.88505936,-44378120.25104284,-15472445.293008327,-20039.96564388275,0.0,0.0
18538,0.0,0.0,0.0,-66034.75416374207,-1146245.1912498474,-1927970.055513382,-2477456.03260231,-1700448.7079410553,-605079.6097259521,-17772.320642471313,0.0,0.0
18633,0.0,0.0,0.0,0.0,0.0,0.0,0.0,0.0,0.0,0.0,0.0,0.0
18634,0.0,0.0,0.0,0.0,0.0,0.0,0.0,0.0,0.0,0.0,0.0,0.0
18635,0.0,0.0,0.0,0.0,0.0,0.0,0.0,0.0,0.0,0.0,0.0,0.0
18636,0.0,0.0,0.0,0.0,0.0,0.0,0.0,0.0,0.0,0.0,0.0,0.0
18642,0.0,0.0,0.0,0.0,0.0,0.0,0.0,0.0,0.0,0.0,0.0,0.0
18643,0.0,0.0,0.0,0.0,0.0,0.0,0.0,0.0,0.0,0.0,0.0,0.0
18645,0.0,0.0,0.0,0.0,0.0,0.0,0.0,0.0,0.0,0.0,0.0,0.0
18649,0.0,0.0,0.0,0.0,0.0,0.0,0.0,0.0,0.0,0.0,0.0,0.0
18650,0.0,0.0,0.0,0.0,0.0,0.0,0.0,0.0,0.0,0.0,0.0,0.0
18652,0.0,0.0,0.0,0.0,0.0,0.0,0.0,0.0,0.0,0.0,0.0,0.0
18653,0.0,0.0,0.0,0.0,0.0,0.0,0.0,0.0,0.0,0.0,0.0,0.0
18654,0.0,0.0,0.0,0.0,0.0,0.0,0.0,0.0,0.0,0.0,0.0,0.0
18655,0.0,0.0,0.0,0.0,0.0,0.0,0.0,0.0,0.0,0.0,0.0,0.0
18656,0.0,0.0,0.0,0.0,0.0,0.0,0.0,0.0,0.0,0.0,0.0,0.0
18657,0.0,0.0,0.0,0.0,0.0,0.0,0.0,0.0,0.0,0.0,0.0,0.0
18658,0.0,0.0,0.0,0.0,0.0,0.0,0.0,0.0,0.0,0.0,0.0,0.0
18659,0.0,0.0,0.0,0.0,0.0,0.0,0.0,0.0,0.0,0.0,0.0,0.0
18660,0.0,0.0,0.0,0.0,0.0,0.0,0.0,0.0,0.0,0.0,0.0,0.0
18661,0.0,0.0,0.0,0.0,0.0,0.0,0.0,0.0,0.0,0.0,0.0,0.0
18744,0.0,0.0,0.0,0.0,0.0,0.0,0.0,0.0,0.0,0.0,0.0,0.0
18745,0.0,0.0,0.0,0.0,0.0,0.0,0.0,0.0,0.0,0.0,0.0,0.0
18746,0.0,0.0,0.0,0.0,0.0,0.0,0.0,0.0,0.0,0.0,0.0,0.0
18775,0.0,0.0,0.0,0.0,0.0,0.0,0.0,0.0,0.0,0.0,0.0,0.0
18776,0.0,0.0,0.0,0.0,0.0,0.0,0.0,0.0,0.0,0.0,0.0,0.0
18777,0.0,0.0,0.0,0.0,0.0,0.0,0.0,0.0,0.0,0.0,0.0,0.0
18778,0.0,0.0,0.0,0.0,0.0,0.0,0.0,0.0,0.0,0.0,0.0,0.0
18779,0.0,0.0,0.0,0.0,0.0,0.0,0.0,0.0,0.0,0.0,0.0,0.0
18780,0.0,0.0,0.0,0.0,0.0,0.0,0.0,0.0,0.0,0.0,0.0,0.0
18781,0.0,0.0,0.0,0.0,0.0,0.0,0.0,0.0,0.0,0.0,0.0,0.0
18783,0.0,0.0,0.0,0.0,0.0,0.0,0.0,0.0,0.0,0.0,0.0,0.0
18784,0.0,0.0,0.0,0.0,0.0,0.0,0.0,0.0,0.0,0.0,0.0,0.0
18785,0.0,0.0,0.0,0.0,0.0,0.0,0.0,0.0,0.0,0.0,0.0,0.0
18786,0.0,0.0,0.0,0.0,0.0,0.0,0.0,0.0,0.0,0.0,0.0,0.0
18787,0.0,0.0,0.0,0.0,0.0,0.0,0.0,0.0,0.0,0.0,0.0,0.0
18788,0.0,0.0,0.0,0.0,0.0,0.0,0.0,0.0,0.0,0.0,0.0,0.0
18789,0.0,0.0,0.0,0.0,0.0,0.0,0.0,0.0,0.0,0.0,0.0,0.0
18790,0.0,0.0,0.0,0.0,0.0,0.0,0.0,0.0,0.0,0.0,0.0,0.0
18791,0.0,0.0,0.0,0.0,0.0,0.0,0.0,0.0,0.0,0.0,0.0,0.0
18792,0.0,0.0,0.0,909.7461030483246,3761.5278532505035,9842.292376279831,3480.2888007164,599.0833432674408,267.18701100349426,0.0,0.0,0.0
18802,0.0,0.0,0.0,0.0,0.0,0.0,0.0,0.0,0.0,0.0,0.0,0.0
18803,0.0,0.0,0.0,0.0,0.0,0.0,0.0,0.0,0.0,0.0,0.0,0.0
18804,0.0,0.0,0.0,0.0,0.0,0.0,0.0,0.0,0.0,0.0,0.0,0.0
18805,0.0,0.0,0.0,0.0,0.0,0.0,0.0,0.0,0.0,0.0,0.0,0.0
18806,0.0,0.0,0.0,0.0,0.0,0.0,0.0,0.0,0.0,0.0,0.0,0.0
18807,0.0,0.0,0.0,0.0,0.0,0.0,0.0,0.0,0.0,0.0,0.0,0.0
18808,0.0,0.0,0.0,0.0,0.0,0.0,0.0,0.0,0.0,0.0,0.0,0.0
18809,0.0,0.0,0.0,0.0,0.0,0.0,0.0,0.0,0.0,0.0,0.0,0.0
18896,0.0,0.0,0.0,-13408.227113723755,-184602.46858501434,-1040206.1344447136,-932091.993751049,-552709.8299772739,-200026.53690600395,-27.611500024795532,0.0,0.0
18947,0.0,0.0,0.0,0.0,0.0,0.0,0.0,0.0,0.0,0.0,0.0,0.0
19041,0.0,0.0,0.0,0.0,0.0,0.0,0.0,0.0,0.0,0.0,0.0,0.0
19042,0.0,0.0,0.0,0.0,0.0,0.0,0.0,0.0,0.0,0.0,0.0,0.0
19043,0.0,0.0,0.0,0.0,0.0,0.0,0.0,0.0,0.0,0.0,0.0,0.0
19044,0.0,0.0,0.0,0.0,0.0,0.0,0.0,0.0,0.0,0.0,0.0,0.0
19053,0.0,0.0,0.0,0.0,0.0,0.0,0.0,0.0,0.0,0.0,0.0,0.0
19054,0.0,0.0,0.0,0.0,0.0,0.0,0.0,0.0,0.0,0.0,0.0,0.0
19055,0.0,0.0,0.0,0.0,0.0,0.0,0.0,0.0,0.0,0.0,0.0,0.0
19056,0.0,0.0,0.0,0.0,0.0,0.0,0.0,0.0,0.0,0.0,0.0,0.0
19057,0.0,0.0,0.0,0.0,0.0,0.0,0.0,0.0,0.0,0.0,0.0,0.0
19058,0.0,0.0,0.0,0.0,0.0,0.0,0.0,0.0,0.0,0.0,0.0,0.0
19061,0.0,0.0,0.0,0.0,0.0,0.0,0.0,0.0,0.0,0.0,0.0,0.0
19062,0.0,0.0,0.0,0.0,0.0,0.0,0.0,0.0,0.0,0.0,0.0,0.0
19063,0.0,0.0,0.0,0.0,0.0,0.0,0.0,0.0,0.0,0.0,0.0,0.0
19064,0.0,0.0,0.0,0.0,0.0,0.0,0.0,0.0,0.0,0.0,0.0,0.0
19065,0.0,0.0,0.0,0.0,0.0,0.0,0.0,0.0,0.0,0.0,0.0,0.0
19066,0.0,0.0,0.0,0.0,0.0,0.0,0.0,0.0,0.0,0.0,0.0,0.0
19067,0.0,0.0,0.0,0.0,0.0,0.0,0.0,0.0,0.0,0.0,0.0,0.0
19068,0.0,0.0,0.0,0.0,0.0,0.0,0.0,0.0,0.0,0.0,0.0,0.0
19069,0.0,0.0,0.0,0.0,0.0,0.0,0.0,0.0,0.0,0.0,0.0,0.0
19070,0.0,0.0,0.0,0.0,0.0,0.0,0.0,0.0,0.0,0.0,0.0,0.0
19071,0.0,0.0,0.0,0.0,0.0,0.0,0.0,0.0,0.0,0.0,0.0,0.0
19072,0.0,0.0,0.0,0.0,0.0,0.0,0.0,0.0,0.0,0.0,0.0,0.0
19073,0.0,0.0,0.0,0.0,0.0,0.0,0.0,0.0,0.0,0.0,0.0,0.0
19155,0.0,0.0,0.0,0.0,0.0,0.0,0.0,0.0,0.0,0.0,0.0,0.0
19156,0.0,0.0,0.0,0.0,1345409.7049999237,4450869.080640793,6655427.579240799,4776267.551160812,4554574.589740753,144995.43977165222,0.0,0.0
19157,0.0,0.0,0.0,0.0,0.0,0.0,0.0,0.0,0.0,0.0,0.0,0.0
19158,0.0,0.0,0.0,0.0,0.0,0.0,0.0,0.0,0.0,0.0,0.0,0.0
19159,0.0,0.0,0.0,0.0,0.0,0.0,0.0,0.0,0.0,0.0,0.0,0.0
19160,0.0,0.0,0.0,0.0,0.0,0.0,0.0,0.0,0.0,0.0,0.0,0.0
19161,0.0,0.0,0.0,0.0,0.0,0.0,0.0,0.0,0.0,0.0,0.0,0.0
19191,0.0,0.0,0.0,0.0,0.0,0.0,0.0,0.0,0.0,0.0,0.0,0.0
19192,0.0,0.0,0.0,0.0,0.0,0.0,0.0,0.0,0.0,0.0,0.0,0.0
19193,0.0,0.0,0.0,0.0,0.0,0.0,0.0,0.0,0.0,0.0,0.0,0.0
19194,0.0,0.0,0.0,0.0,0.0,0.0,0.0,0.0,0.0,0.0,0.0,0.0
19195,0.0,0.0,0.0,0.0,0.0,0.0,0.0,0.0,0.0,0.0,0.0,0.0
19196,0.0,0.0,0.0,0.0,0.0,0.0,0.0,0.0,0.0,0.0,0.0,0.0
19203,0.0,0.0,0.0,0.0,0.0,0.0,0.0,0.0,0.0,0.0,0.0,0.0
19204,0.0,0.0,0.0,0.0,0.0,0.0,0.0,0.0,0.0,0.0,0.0,0.0
19205,0.0,0.0,0.0,0.0,0.0,0.0,0.0,0.0,0.0,0.0,0.0,0.0
19206,0.0,0.0,0.0,0.0,0.0,0.0,0.0,0.0,0.0,0.0,0.0,0.0
19207,0.0,0.0,0.0,0.0,0.0,0.0,0.0,0.0,0.0,0.0,0.0,0.0
19208,0.0,0.0,0.0,0.0,-437.503351777792,-15081.677487950772,-30529.579832337797,-11541.688267752528,-6164.389190979302,0.0,0.0,0.0
19209,0.0,0.0,0.0,0.0,0.0,0.0,0.0,0.0,0.0,0.0,0.0,0.0
19210,0.0,0.0,0.0,0.0,0.0,0.0,0.0,0.0,0.0,0.0,0.0,0.0
19211,0.0,0.0,0.0,0.0,0.0,0.0,0.0,0.0,0.0,0.0,0.0,0.0
19212,0.0,0.0,0.0,0.0,0.0,0.0,0.0,0.0,0.0,0.0,0.0,0.0
19220,0.0,0.0,0.0,0.0,0.0,0.0,0.0,0.0,0.0,0.0,0.0,0.0
19221,0.0,0.0,0.0,0.0,0.0,0.0,0.0,0.0,0.0,0.0,0.0,0.0
19222,0.0,0.0,0.0,0.0,0.0,0.0,0.0,0.0,0.0,0.0,0.0,0.0
19223,0.0,0.0,0.0,0.0,0.0,0.0,0.0,0.0,0.0,0.0,0.0,0.0
19224,0.0,0.0,0.0,0.0,0.0,0.0,0.0,0.0,0.0,0.0,0.0,0.0
19225,0.0,0.0,0.0,0.0,0.0,0.0,0.0,0.0,0.0,0.0,0.0,0.0
19226,0.0,0.0,0.0,0.0,0.0,0.0,0.0,0.0,0.0,0.0,0.0,0.0
19228,0.0,0.0,0.0,0.0,0.0,0.0,0.0,0.0,0.0,0.0,0.0,0.0
19229,0.0,0.0,0.0,0.0,0.0,0.0,0.0,0.0,0.0,0.0,0.0,0.0
19230,0.0,0.0,0.0,0.0,0.0,0.0,0.0,0.0,0.0,0.0,0.0,0.0
19459,0.0,0.0,0.0,0.0,0.0,0.0,0.0,0.0,0.0,0.0,0.0,0.0
19460,0.0,0.0,0.0,0.0,0.0,0.0,0.0,0.0,0.0,0.0,0.0,0.0
19461,0.0,0.0,0.0,0.0,0.0,0.0,0.0,0.0,0.0,0.0,0.0,0.0
19462,0.0,0.0,0.0,0.0,0.0,0.0,0.0,0.0,0.0,0.0,0.0,0.0
19474,0.0,0.0,0.0,0.0,0.0,0.0,0.0,0.0,0.0,0.0,0.0,0.0
19476,0.0,0.0,0.0,0.0,0.0,0.0,0.0,0.0,0.0,0.0,0.0,0.0
19477,0.0,0.0,0.0,0.0,0.0,0.0,0.0,0.0,0.0,0.0,0.0,0.0
19478,0.0,0.0,0.0,0.0,0.0,0.0,0.0,0.0,0.0,0.0,0.0,0.0
19480,0.0,0.0,0.0,0.0,0.0,0.0,0.0,0.0,0.0,0.0,0.0,0.0
19481,0.0,0.0,0.0,0.0,0.0,0.0,0.0,0.0,0.0,0.0,0.0,0.0
19482,0.0,0.0,0.0,0.0,0.0,0.0,0.0,0.0,0.0,0.0,0.0,0.0
19484,0.0,0.0,0.0,0.0,0.0,0.0,0.0,0.0,0.0,0.0,0.0,0.0
19485,0.0,0.0,0.0,0.0,0.0,0.0,0.0,0.0,0.0,0.0,0.0,0.0
19486,0.0,0.0,0.0,0.0,0.0,0.0,0.0,0.0,0.0,0.0,0.0,0.0
19487,0.0,0.0,0.0,0.0,0.0,0.0,0.0,0.0,0.0,0.0,0.0,0.0
19488,0.0,0.0,0.0,0.0,0.0,0.0,0.0,0.0,0.0,0.0,0.0,0.0
19489,0.0,0.0,0.0,0.0,0.0,0.0,0.0,0.0,0.0,0.0,0.0,0.0
19490,0.0,0.0,0.0,0.0,0.0,0.0,0.0,0.0,0.0,0.0,0.0,0.0
19491,0.0,0.0,0.0,0.0,0.0,0.0,0.0,0.0,0.0,0.0,0.0,0.0
19492,0.0,0.0,0.0,0.0,0.0,0.0,0.0,0.0,0.0,0.0,0.0,0.0
19577,0.0,0.0,0.0,0.0,0.0,0.0,0.0,0.0,0.0,0.0,0.0,0.0
19578,0.0,0.0,0.0,0.0,0.0,0.0,0.0,0.0,0.0,0.0,0.0,0.0
19579,0.0,0.0,0.0,0.0,0.0,0.0,0.0,0.0,0.0,0.0,0.0,0.0
19580,0.0,0.0,0.0,0.0,0.0,0.0,0.0,0.0,0.0,0.0,0.0,0.0
19581,0.0,0.0,0.0,0.0,0.0,0.0,0.0,0.0,0.0,0.0,0.0,0.0
19582,0.0,0.0,0.0,0.0,0.0,0.0,0.0,0.0,0.0,0.0,0.0,0.0
19583,0.0,0.0,0.0,0.0,0.0,0.0,0.0,0.0,0.0,0.0,0.0,0.0
19612,0.0,0.0,0.0,0.0,0.0,0.0,0.0,0.0,0.0,0.0,0.0,0.0
19613,0.0,0.0,0.0,0.0,0.0,0.0,0.0,0.0,0.0,0.0,0.0,0.0
19614,0.0,0.0,0.0,0.0,0.0,0.0,0.0,0.0,0.0,0.0,0.0,0.0
19615,0.0,0.0,0.0,0.0,0.0,0.0,0.0,0.0,0.0,0.0,0.0,0.0
19616,0.0,0.0,0.0,0.0,0.0,0.0,0.0,0.0,0.0,0.0,0.0,0.0
19617,0.0,0.0,0.0,0.0,0.0,0.0,0.0,0.0,0.0,0.0,0.0,0.0
19618,0.0,0.0,0.0,0.0,0.0,0.0,0.0,0.0,0.0,0.0,0.0,0.0
19624,0.0,0.0,0.0,0.0,0.0,0.0,0.0,0.0,0.0,0.0,0.0,0.0
19625,0.0,0.0,0.0,0.0,0.0,0.0,0.0,0.0,0.0,0.0,0.0,0.0
19626,0.0,0.0,0.0,0.0,-100.67113372683525,-20507.308831572533,-92359.97069308162,-30828.680967748165,-26246.87672716379,0.0,0.0,0.0
19629,0.0,0.0,0.0,0.0,6473.768413171172,182309.28388912976,453707.35752788186,165715.49211223423,85583.93861817569,0.0,0.0,0.0
19630,0.0,0.0,0.0,0.0,0.0,0.0,0.0,0.0,0.0,0.0,0.0,0.0
19631,0.0,0.0,0.0,0.0,-35.08796030282974,-770.4610385298729,-781.0864604711533,-405.84492325782776,-180.06545889377594,0.0,0.0,0.0
19638,0.0,0.0,0.0,0.0,0.0,0.0,0.0,0.0,0.0,0.0,0.0,0.0
19639,0.0,0.0,0.0,0.0,0.0,0.0,0.0,0.0,0.0,0.0,0.0,0.0
19640,0.0,0.0,0.0,0.0,0.0,0.0,0.0,0.0,0.0,0.0,0.0,0.0
19641,0.0,0.0,0.0,0.0,0.0,0.0,0.0,0.0,0.0,0.0,0.0,0.0
19646,0.0,0.0,0.0,0.0,0.0,0.0,0.0,0.0,0.0,0.0,0.0,0.0
19686,0.0,0.0,0.0,0.0,0.0,0.0,0.0,0.0,0.0,0.0,0.0,0.0
19875,0.0,0.0,0.0,0.0,0.0,0.0,0.0,0.0,0.0,0.0,0.0,0.0
19876,0.0,0.0,0.0,0.0,0.0,0.0,0.0,0.0,0.0,0.0,0.0,0.0
19878,0.0,0.0,0.0,0.0,0.0,0.0,0.0,0.0,0.0,0.0,0.0,0.0
19891,0.0,0.0,0.0,0.0,0.0,0.0,0.0,0.0,0.0,0.0,0.0,0.0
19892,0.0,0.0,0.0,0.0,0.0,0.0,0.0,0.0,0.0,0.0,0.0,0.0
19893,0.0,0.0,0.0,0.0,0.0,0.0,0.0,0.0,0.0,0.0,0.0,0.0
19897,0.0,0.0,0.0,0.0,0.0,0.0,0.0,0.0,0.0,0.0,0.0,0.0
19898,0.0,0.0,0.0,0.0,0.0,0.0,0.0,0.0,0.0,0.0,0.0,0.0
19899,0.0,0.0,0.0,0.0,0.0,0.0,0.0,0.0,0.0,0.0,0.0,0.0
19900,0.0,0.0,0.0,0.0,0.0,0.0,0.0,0.0,0.0,0.0,0.0,0.0
19901,0.0,0.0,0.0,0.0,0.0,0.0,0.0,0.0,0.0,0.0,0.0,0.0
19902,0.0,0.0,0.0,0.0,0.0,0.0,0.0,0.0,0.0,0.0,0.0,0.0
19903,0.0,0.0,0.0,0.0,0.0,0.0,0.0,0.0,0.0,0.0,0.0,0.0
19904,0.0,0.0,0.0,0.0,0.0,0.0,0.0,0.0,0.0,0.0,0.0,0.0
19905,0.0,0.0,0.0,0.0,0.0,0.0,0.0,0.0,0.0,0.0,0.0,0.0
19992,0.0,0.0,0.0,0.0,0.0,0.0,0.0,0.0,0.0,0.0,0.0,0.0
19993,0.0,0.0,0.0,0.0,0.0,0.0,0.0,0.0,0.0,0.0,0.0,0.0
19994,0.0,0.0,0.0,0.0,0.0,0.0,0.0,0.0,0.0,0.0,0.0,0.0
19995,0.0,0.0,0.0,0.0,0.0,0.0,0.0,0.0,0.0,0.0,0.0,0.0
19996,0.0,0.0,0.0,0.0,0.0,0.0,0.0,0.0,0.0,0.0,0.0,0.0
19997,0.0,0.0,0.0,0.0,0.0,0.0,0.0,0.0,0.0,0.0,0.0,0.0
20027,0.0,0.0,0.0,0.0,0.0,0.0,0.0,0.0,0.0,0.0,0.0,0.0
20028,0.0,0.0,0.0,0.0,0.0,0.0,0.0,0.0,0.0,0.0,0.0,0.0
20029,0.0,0.0,0.0,0.0,0.0,0.0,0.0,0.0,0.0,0.0,0.0,0.0
20030,0.0,0.0,0.0,0.0,0.0,0.0,0.0,0.0,0.0,0.0,0.0,0.0
20031,0.0,0.0,0.0,0.0,0.0,0.0,0.0,0.0,0.0,0.0,0.0,0.0
20032,0.0,0.0,0.0,0.0,0.0,0.0,0.0,0.0,0.0,0.0,0.0,0.0
20036,0.0,0.0,0.0,0.0,0.0,0.0,0.0,0.0,0.0,0.0,0.0,0.0
20037,0.0,0.0,0.0,0.0,0.0,0.0,0.0,0.0,0.0,0.0,0.0,0.0
20038,0.0,0.0,0.0,0.0,0.0,0.0,0.0,0.0,0.0,0.0,0.0,0.0
20039,0.0,0.0,0.0,0.0,-405.5882506966591,-65261.291312381625,-152840.4012221843,-17742.46090824902,-24646.406798548996,0.0,0.0,0.0
20043,0.0,0.0,0.0,0.0,-566.5615244954824,-8964.122897785157,-17731.70525147766,-8052.34042192623,-4430.23162413761,-66.74882880784571,0.0,0.0
20044,0.0,0.0,0.0,0.0,0.0,0.0,0.0,0.0,0.0,0.0,0.0,0.0
20045,0.0,0.0,0.0,0.0,0.0,0.0,0.0,0.0,0.0,0.0,0.0,0.0
20046,0.0,0.0,0.0,0.0,-467.8569428026676,-5656.09161799401,-11322.120185345411,-6771.382364906371,-2865.3242815434933,0.0,0.0,0.0
20050,0.0,0.0,0.0,0.0,-107.00289785861969,-2332.101040676236,-3675.566776305437,-4648.4303100556135,-904.0679545998573,0.0,0.0,0.0
20051,0.0,0.0,0.0,0.0,0.0,0.0,0.0,0.0,0.0,0.0,0.0,0.0
20052,0.0,0.0,0.0,0.0,0.0,0.0,0.0,0.0,0.0,0.0,0.0,0.0
20053,0.0,0.0,0.0,0.0,0.0,0.0,0.0,0.0,0.0,0.0,0.0,0.0
20054,0.0,0.0,0.0,0.0,0.0,0.0,0.0,0.0,0.0,0.0,0.0,0.0
20055,0.0,0.0,0.0,0.0,0.0,0.0,0.0,0.0,0.0,0.0,0.0,0.0
20099,0.0,0.0,0.0,0.0,0.0,0.0,0.0,0.0,0.0,0.0,0.0,0.0
20287,0.0,0.0,0.0,0.0,0.0,0.0,0.0,0.0,0.0,0.0,0.0,0.0
20288,0.0,0.0,0.0,0.0,0.0,0.0,0.0,0.0,0.0,0.0,0.0,0.0
20289,0.0,0.0,0.0,0.0,0.0,0.0,0.0,0.0,0.0,0.0,0.0,0.0
20290,0.0,0.0,0.0,0.0,0.0,0.0,0.0,0.0,0.0,0.0,0.0,0.0
20303,0.0,0.0,0.0,0.0,0.0,0.0,0.0,0.0,0.0,0.0,0.0,0.0
20304,0.0,0.0,0.0,0.0,0.0,0.0,0.0,0.0,0.0,0.0,0.0,0.0
20305,0.0,0.0,0.0,0.0,0.0,0.0,0.0,0.0,0.0,0.0,0.0,0.0
20306,0.0,0.0,0.0,0.0,0.0,0.0,0.0,0.0,0.0,0.0,0.0,0.0
20307,0.0,0.0,0.0,0.0,0.0,0.0,0.0,0.0,0.0,0.0,0.0,0.0
20308,0.0,0.0,0.0,0.0,0.0,0.0,0.0,0.0,0.0,0.0,0.0,0.0
20309,0.0,0.0,0.0,0.0,0.0,0.0,0.0,0.0,0.0,0.0,0.0,0.0
20310,0.0,0.0,0.0,0.0,0.0,0.0,0.0,0.0,0.0,0.0,0.0,0.0
20311,0.0,0.0,0.0,0.0,0.0,0.0,0.0,0.0,0.0,0.0,0.0,0.0
20312,0.0,0.0,0.0,0.0,0.0,0.0,0.0,0.0,0.0,0.0,0.0,0.0
20313,0.0,0.0,0.0,0.0,0.0,0.0,0.0,0.0,0.0,0.0,0.0,0.0
20315,0.0,0.0,0.0,0.0,0.0,0.0,0.0,0.0,0.0,0.0,0.0,0.0
20316,0.0,0.0,0.0,0.0,0.0,0.0,0.0,0.0,0.0,0.0,0.0,0.0
20317,0.0,0.0,0.0,0.0,0.0,0.0,0.0,0.0,0.0,0.0,0.0,0.0
20318,0.0,0.0,0.0,0.0,0.0,0.0,0.0,0.0,0.0,0.0,0.0,0.0
20319,0.0,0.0,0.0,0.0,0.0,0.0,0.0,0.0,0.0,0.0,0.0,0.0
20320,0.0,0.0,0.0,0.0,0.0,0.0,0.0,0.0,0.0,0.0,0.0,0.0
20321,0.0,0.0,0.0,0.0,0.0,0.0,0.0,0.0,0.0,0.0,0.0,0.0
20322,0.0,0.0,0.0,0.0,0.0,0.0,0.0,0.0,0.0,0.0,0.0,0.0
20409,0.0,0.0,0.0,0.0,0.0,0.0,0.0,0.0,0.0,0.0,0.0,0.0
20410,0.0,0.0,0.0,0.0,0.0,0.0,0.0,0.0,0.0,0.0,0.0,0.0
20411,0.0,0.0,0.0,0.0,0.0,0.0,0.0,0.0,0.0,0.0,0.0,0.0
20412,0.0,0.0,0.0,0.0,0.0,0.0,0.0,0.0,0.0,0.0,0.0,0.0
20413,0.0,0.0,0.0,0.0,0.0,0.0,0.0,0.0,0.0,0.0,0.0,0.0
20414,0.0,0.0,0.0,0.0,0.0,0.0,0.0,0.0,0.0,0.0,0.0,0.0
20415,0.0,0.0,0.0,0.0,0.0,0.0,0.0,0.0,0.0,0.0,0.0,0.0
20416,0.0,0.0,0.0,0.0,0.0,0.0,0.0,0.0,0.0,0.0,0.0,0.0
20448,0.0,0.0,0.0,0.0,0.0,0.0,0.0,0.0,0.0,0.0,0.0,0.0
20449,0.0,0.0,0.0,0.0,0.0,0.0,0.0,0.0,0.0,0.0,0.0,0.0
20450,0.0,0.0,0.0,0.0,0.0,0.0,0.0,0.0,0.0,0.0,0.0,0.0
20451,0.0,0.0,0.0,0.0,0.0,0.0,0.0,0.0,0.0,0.0,0.0,0.0
20452,0.0,0.0,0.0,0.0,0.0,0.0,0.0,0.0,0.0,0.0,0.0,0.0
20453,0.0,0.0,0.0,0.0,0.0,0.0,0.0,0.0,0.0,0.0,0.0,0.0
20458,0.0,0.0,0.0,0.0,0.0,0.0,0.0,0.0,0.0,0.0,0.0,0.0
20459,0.0,0.0,0.0,0.0,0.0,0.0,0.0,0.0,0.0,0.0,0.0,0.0
20460,0.0,0.0,0.0,0.0,-4453.504788428545,-201649.71786548197,-343078.4538395256,-168372.28771559894,-92634.80587463081,0.0,0.0,0.0
20463,0.0,0.0,0.0,0.0,0.0,-22411.281593218446,-39635.90200333297,-27810.242057625204,-13058.694842737168,0.0,0.0,0.0
20464,0.0,0.0,0.0,0.0,0.0,0.0,0.0,0.0,0.0,0.0,0.0,0.0
20465,0.0,0.0,0.0,0.0,0.0,0.0,0.0,0.0,0.0,0.0,0.0,0.0
20466,0.0,0.0,0.0,0.0,0.0,0.0,0.0,0.0,0.0,0.0,0.0,0.0
20467,0.0,0.0,0.0,0.0,0.0,0.0,0.0,0.0,0.0,0.0,0.0,0.0
20468,0.0,0.0,0.0,0.0,0.0,0.0,0.0,0.0,0.0,0.0,0.0,0.0
20469,0.0,0.0,0.0,0.0,-104.31267988681793,-2838.249758578837,-5457.250948429108,-7072.987414799631,-1384.5081289969385,0.0,0.0,0.0
20472,0.0,0.0,0.0,0.0,-4201.670986205339,-74579.24682822824,-103752.64399382472,-137628.96551898122,-25850.846557185054,0.0,0.0,0.0
20473,0.0,0.0,0.0,0.0,0.0,0.0,0.0,0.0,0.0,0.0,0.0,0.0
20529,0.0,0.0,0.0,0.0,0.0,0.0,0.0,0.0,0.0,0.0,0.0,0.0
20577,0.0,0.0,0.0,0.0,0.0,0.0,0.0,0.0,0.0,0.0,0.0,0.0
20703,0.0,0.0,0.0,0.0,0.0,0.0,0.0,0.0,0.0,0.0,0.0,0.0
20704,0.0,0.0,0.0,0.0,0.0,0.0,0.0,0.0,0.0,0.0,0.0,0.0
20705,0.0,0.0,0.0,0.0,0.0,0.0,0.0,0.0,0.0,0.0,0.0,0.0
20706,0.0,0.0,0.0,0.0,0.0,0.0,0.0,0.0,0.0,0.0,0.0,0.0
20718,0.0,0.0,0.0,0.0,0.0,0.0,0.0,0.0,0.0,0.0,0.0,0.0
20721,0.0,0.0,0.0,0.0,0.0,0.0,0.0,0.0,0.0,0.0,0.0,0.0
20722,0.0,0.0,0.0,0.0,0.0,0.0,0.0,0.0,0.0,0.0,0.0,0.0
20723,0.0,0.0,0.0,0.0,0.0,0.0,0.0,0.0,0.0,0.0,0.0,0.0
20724,0.0,0.0,0.0,0.0,0.0,0.0,0.0,0.0,0.0,0.0,0.0,0.0
20725,0.0,0.0,0.0,0.0,0.0,0.0,0.0,0.0,0.0,0.0,0.0,0.0
20726,0.0,0.0,0.0,0.0,0.0,0.0,0.0,0.0,0.0,0.0,0.0,0.0
20728,0.0,0.0,0.0,0.0,0.0,0.0,0.0,0.0,0.0,0.0,0.0,0.0
20729,0.0,0.0,0.0,0.0,0.0,0.0,0.0,0.0,0.0,0.0,0.0,0.0
20730,0.0,0.0,0.0,0.0,0.0,0.0,0.0,0.0,0.0,0.0,0.0,0.0
20731,0.0,0.0,0.0,0.0,0.0,0.0,0.0,0.0,0.0,0.0,0.0,0.0
20732,0.0,0.0,0.0,0.0,0.0,0.0,0.0,0.0,0.0,0.0,0.0,0.0
20733,0.0,0.0,0.0,0.0,0.0,0.0,0.0,0.0,0.0,0.0,0.0,0.0
20734,0.0,0.0,0.0,0.0,0.0,0.0,0.0,0.0,0.0,0.0,0.0,0.0
20735,0.0,0.0,0.0,0.0,0.0,0.0,0.0,0.0,0.0,0.0,0.0,0.0
20736,0.0,0.0,0.0,0.0,0.0,0.0,0.0,0.0,0.0,0.0,0.0,0.0
20826,0.0,0.0,0.0,0.0,0.0,0.0,0.0,0.0,0.0,0.0,0.0,0.0
20827,0.0,0.0,0.0,0.0,0.0,0.0,0.0,0.0,0.0,0.0,0.0,0.0
20828,0.0,0.0,0.0,0.0,0.0,0.0,0.0,0.0,0.0,0.0,0.0,0.0
20829,0.0,0.0,0.0,0.0,0.0,0.0,0.0,0.0,0.0,0.0,0.0,0.0
20830,0.0,0.0,0.0,0.0,0.0,0.0,0.0,0.0,0.0,0.0,0.0,0.0
20831,0.0,0.0,0.0,0.0,0.0,0.0,0.0,0.0,0.0,0.0,0.0,0.0
20832,0.0,0.0,0.0,0.0,0.0,0.0,0.0,0.0,0.0,0.0,0.0,0.0
20833,0.0,0.0,0.0,0.0,0.0,0.0,0.0,0.0,0.0,0.0,0.0,0.0
20834,0.0,0.0,0.0,0.0,0.0,0.0,0.0,0.0,0.0,0.0,0.0,0.0
20868,0.0,0.0,0.0,0.0,0.0,0.0,0.0,0.0,0.0,0.0,0.0,0.0
20869,0.0,0.0,0.0,0.0,0.0,0.0,0.0,0.0,0.0,0.0,0.0,0.0
20870,0.0,0.0,0.0,0.0,0.0,0.0,0.0,0.0,0.0,0.0,0.0,0.0
20871,0.0,0.0,0.0,0.0,0.0,0.0,0.0,0.0,0.0,0.0,0.0,0.0
20872,0.0,0.0,0.0,0.0,0.0,0.0,0.0,0.0,0.0,0.0,0.0,0.0
20873,0.0,0.0,0.0,0.0,0.0,0.0,0.0,0.0,0.0,0.0,0.0,0.0
20874,0.0,0.0,0.0,0.0,0.0,0.0,0.0,0.0,0.0,0.0,0.0,0.0
20875,0.0,0.0,0.0,0.0,0.0,0.0,0.0,0.0,0.0,0.0,0.0,0.0
20876,0.0,0.0,0.0,0.0,0.0,0.0,0.0,0.0,0.0,0.0,0.0,0.0
20877,0.0,0.0,0.0,0.0,0.0,0.0,0.0,0.0,0.0,0.0,0.0,0.0
20878,0.0,0.0,0.0,0.0,0.0,0.0,0.0,0.0,0.0,0.0,0.0,0.0
20879,0.0,0.0,0.0,0.0,0.0,0.0,0.0,0.0,0.0,0.0,0.0,0.0
20886,0.0,0.0,0.0,0.0,0.0,0.0,0.0,0.0,0.0,0.0,0.0,0.0
20887,0.0,0.0,0.0,0.0,0.0,0.0,0.0,0.0,0.0,0.0,0.0,0.0
20888,0.0,0.0,0.0,0.0,0.0,-57252.414737060666,-139066.52344872802,-83086.57614443451,-34144.45545076579,0.0,0.0,0.0
20890,0.0,0.0,0.0,0.0,0.0,0.0,0.0,0.0,0.0,0.0,0.0,0.0
20891,0.0,0.0,0.0,0.0,0.0,0.0,0.0,0.0,0.0,0.0,0.0,0.0
20892,0.0,0.0,0.0,0.0,0.0,0.0,0.0,0.0,0.0,0.0,0.0,0.0
20893,0.0,0.0,0.0,0.0,0.0,0.0,0.0,0.0,0.0,0.0,0.0,0.0
20894,0.0,0.0,0.0,0.0,0.0,0.0,0.0,0.0,0.0,0.0,0.0,0.0
20895,0.0,0.0,0.0,0.0,0.0,0.0,0.0,0.0,0.0,0.0,0.0,0.0
20896,0.0,0.0,0.0,0.0,0.0,0.0,0.0,0.0,0.0,0.0,0.0,0.0
20897,0.0,0.0,0.0,0.0,0.0,0.0,0.0,0.0,0.0,0.0,0.0,0.0
20898,0.0,0.0,0.0,0.0,0.0,0.0,0.0,0.0,0.0,0.0,0.0,0.0
20899,0.0,0.0,0.0,0.0,0.0,0.0,0.0,0.0,0.0,0.0,0.0,0.0
20900,0.0,0.0,0.0,0.0,0.0,0.0,0.0,0.0,0.0,0.0,0.0,0.0
20901,0.0,0.0,0.0,0.0,0.0,0.0,0.0,0.0,0.0,0.0,0.0,0.0
20903,0.0,0.0,0.0,0.0,3.7052760124206543,16.441821336746216,33.769654989242554,68.67150259017944,1.363725185394287,0.0,0.0,0.0
20960,0.0,0.0,0.0,0.0,0.0,0.0,0.0,0.0,0.0,0.0,0.0,0.0
21001,0.0,0.0,0.0,0.0,0.0,0.0,0.0,0.0,0.0,0.0,0.0,0.0
21006,0.0,0.0,0.0,0.0,0.0,0.0,0.0,0.0,0.0,0.0,0.0,0.0
21131,0.0,0.0,0.0,0.0,0.0,0.0,0.0,0.0,0.0,0.0,0.0,0.0
21132,0.0,0.0,0.0,0.0,0.0,0.0,0.0,0.0,0.0,0.0,0.0,0.0
21133,0.0,0.0,0.0,0.0,0.0,0.0,0.0,0.0,0.0,0.0,0.0,0.0
21135,0.0,0.0,0.0,0.0,0.0,0.0,0.0,0.0,0.0,0.0,0.0,0.0
21136,0.0,0.0,0.0,0.0,0.0,0.0,0.0,0.0,0.0,0.0,0.0,0.0
21137,0.0,0.0,0.0,0.0,0.0,0.0,0.0,0.0,0.0,0.0,0.0,0.0
21149,0.0,0.0,0.0,0.0,0.0,0.0,0.0,0.0,0.0,0.0,0.0,0.0
21150,0.0,0.0,0.0,0.0,0.0,0.0,0.0,0.0,0.0,0.0,0.0,0.0
21151,0.0,0.0,0.0,0.0,0.0,0.0,0.0,0.0,0.0,0.0,0.0,0.0
21152,0.0,0.0,0.0,0.0,0.0,0.0,0.0,0.0,0.0,0.0,0.0,0.0
21153,0.0,0.0,0.0,0.0,0.0,0.0,0.0,0.0,0.0,0.0,0.0,0.0
21154,0.0,0.0,0.0,0.0,0.0,0.0,0.0,0.0,0.0,0.0,0.0,0.0
21155,0.0,0.0,0.0,0.0,0.0,0.0,0.0,0.0,0.0,0.0,0.0,0.0
21156,0.0,0.0,0.0,0.0,0.0,0.0,0.0,0.0,0.0,0.0,0.0,0.0
21158,0.0,0.0,0.0,0.0,0.0,0.0,0.0,0.0,0.0,0.0,0.0,0.0
21159,0.0,0.0,0.0,0.0,0.0,0.0,0.0,0.0,0.0,0.0,0.0,0.0
21160,0.0,0.0,0.0,0.0,0.0,0.0,0.0,0.0,0.0,0.0,0.0,0.0
21161,0.0,0.0,0.0,0.0,0.0,0.0,0.0,0.0,0.0,0.0,0.0,0.0
21162,0.0,0.0,0.0,0.0,0.0,0.0,0.0,0.0,0.0,0.0,0.0,0.0
21163,0.0,0.0,0.0,0.0,0.0,0.0,0.0,0.0,0.0,0.0,0.0,0.0
21164,0.0,0.0,0.0,0.0,0.0,0.0,0.0,0.0,0.0,0.0,0.0,0.0
21259,0.0,0.0,0.0,0.0,0.0,0.0,0.0,0.0,0.0,0.0,0.0,0.0
21260,0.0,0.0,0.0,0.0,0.0,0.0,0.0,0.0,0.0,0.0,0.0,0.0
21261,0.0,0.0,0.0,0.0,0.0,0.0,0.0,0.0,0.0,0.0,0.0,0.0
21262,0.0,0.0,0.0,0.0,0.0,0.0,0.0,0.0,0.0,0.0,0.0,0.0
21302,0.0,0.0,0.0,0.0,0.0,0.0,0.0,0.0,0.0,0.0,0.0,0.0
21303,0.0,0.0,0.0,0.0,0.0,0.0,0.0,0.0,0.0,0.0,0.0,0.0
21304,0.0,0.0,0.0,0.0,0.0,0.0,0.0,0.0,0.0,0.0,0.0,0.0
21305,0.0,0.0,0.0,0.0,0.0,0.0,0.0,0.0,0.0,0.0,0.0,0.0
21306,0.0,0.0,0.0,0.0,0.0,0.0,0.0,0.0,0.0,0.0,0.0,0.0
21307,0.0,0.0,0.0,0.0,0.0,0.0,0.0,0.0,0.0,0.0,0.0,0.0
21312,0.0,0.0,0.0,0.0,0.0,0.0,0.0,0.0,0.0,0.0,0.0,0.0
21313,0.0,0.0,0.0,0.0,0.0,0.0,0.0,0.0,0.0,0.0,0.0,0.0
21314,0.0,0.0,0.0,0.0,0.0,0.0,0.0,0.0,0.0,0.0,0.0,0.0
21315,0.0,0.0,0.0,0.0,0.0,0.0,0.0,0.0,0.0,0.0,0.0,0.0
21316,0.0,0.0,0.0,0.0,0.0,0.0,0.0,0.0,0.0,0.0,0.0,0.0
21317,0.0,0.0,0.0,0.0,0.0,0.0,0.0,0.0,0.0,0.0,0.0,0.0
21321,0.0,0.0,0.0,0.0,0.0,0.0,0.0,0.0,0.0,0.0,0.0,0.0
21322,0.0,0.0,0.0,0.0,0.0,0.0,0.0,0.0,0.0,0.0,0.0,0.0
21323,0.0,0.0,0.0,0.0,0.0,0.0,0.0,0.0,0.0,0.0,0.0,0.0
21324,0.0,0.0,0.0,0.0,-180.45449574291706,-9526.99821960926,-32039.669394753873,-33545.146861597896,-11633.717764828354,0.0,0.0,0.0
21326,0.0,0.0,0.0,0.0,0.0,0.0,0.0,0.0,0.0,0.0,0.0,0.0
21327,0.0,0.0,0.0,0.0,0.0,0.0,0.0,0.0,0.0,0.0,0.0,0.0
21328,0.0,0.0,0.0,0.0,0.0,0.0,0.0,0.0,0.0,0.0,0.0,0.0
21329,0.0,0.0,0.0,0.0,0.0,0.0,0.0,0.0,0.0,0.0,0.0,0.0
21330,0.0,0.0,0.0,0.0,0.0,0.0,0.0,0.0,0.0,0.0,0.0,0.0
21331,0.0,0.0,0.0,0.0,0.0,0.0,0.0,0.0,0.0,0.0,0.0,0.0
21332,0.0,0.0,0.0,0.0,0.0,0.0,0.0,0.0,0.0,0.0,0.0,0.0
21333,0.0,0.0,0.0,0.0,0.0,0.0,0.0,0.0,0.0,0.0,0.0,0.0
21334,0.0,0.0,0.0,0.0,0.0,0.0,0.0,0.0,0.0,0.0,0.0,0.0
21335,0.0,0.0,0.0,0.0,0.0,0.0,0.0,0.0,0.0,0.0,0.0,0.0
21336,0.0,0.0,0.0,0.0,0.0,0.0,0.0,0.0,0.0,0.0,0.0,0.0
21337,0.0,0.0,0.0,0.0,0.0,-812.7693367935717,-1342.0188799127936,-2450.191778175533,-392.1197922732681,0.0,0.0,0.0
21338,0.0,0.0,0.0,0.0,0.0,0.0,0.0,0.0,0.0,0.0,0.0,0.0
21339,0.0,0.0,0.0,0.0,0.0,0.0,0.0,0.0,0.0,0.0,0.0,0.0
21340,0.0,0.0,0.0,0.0,0.0,0.0,0.0,0.0,0.0,0.0,0.0,0.0
21341,0.0,0.0,0.0,0.0,0.0,0.0,0.0,0.0,0.0,0.0,0.0,0.0
21437,0.0,0.0,0.0,0.0,0.0,0.0,0.0,0.0,0.0,0.0,0.0,0.0
21444,0.0,0.0,0.0,0.0,0.0,0.0,0.0,0.0,0.0,0.0,0.0,0.0
21454,0.0,0.0,0.0,0.0,0.0,0.0,0.0,0.0,0.0,0.0,0.0,0.0
21571,0.0,0.0,0.0,0.0,0.0,0.0,0.0,0.0,0.0,0.0,0.0,0.0
21572,0.0,0.0,0.0,0.0,0.0,0.0,0.0,0.0,0.0,0.0,0.0,0.0
21573,0.0,0.0,0.0,0.0,0.0,0.0,0.0,0.0,0.0,0.0,0.0,0.0
21574,0.0,0.0,0.0,0.0,0.0,0.0,0.0,0.0,0.0,0.0,0.0,0.0
21575,0.0,0.0,0.0,0.0,0.0,0.0,0.0,0.0,0.0,0.0,0.0,0.0
21576,0.0,0.0,0.0,0.0,0.0,0.0,0.0,0.0,0.0,0.0,0.0,0.0
21577,0.0,0.0,0.0,0.0,0.0,0.0,0.0,0.0,0.0,0.0,0.0,0.0
21578,0.0,0.0,0.0,0.0,0.0,0.0,0.0,0.0,0.0,0.0,0.0,0.0
21588,0.0,0.0,0.0,0.0,0.0,0.0,0.0,0.0,0.0,0.0,0.0,0.0
21589,0.0,0.0,0.0,0.0,0.0,0.0,0.0,0.0,0.0,0.0,0.0,0.0
21590,0.0,0.0,0.0,0.0,0.0,0.0,0.0,0.0,0.0,0.0,0.0,0.0
21591,0.0,0.0,0.0,0.0,0.0,0.0,0.0,0.0,0.0,0.0,0.0,0.0
21592,0.0,0.0,0.0,0.0,0.0,0.0,0.0,0.0,0.0,0.0,0.0,0.0
21593,0.0,0.0,0.0,0.0,0.0,0.0,0.0,0.0,0.0,0.0,0.0,0.0
21595,0.0,0.0,0.0,0.0,0.0,0.0,0.0,0.0,0.0,0.0,0.0,0.0
21596,0.0,0.0,0.0,0.0,0.0,0.0,0.0,0.0,0.0,0.0,0.0,0.0
21597,0.0,0.0,0.0,0.0,0.0,0.0,0.0,0.0,0.0,0.0,0.0,0.0
21600,0.0,0.0,0.0,0.0,0.0,0.0,0.0,0.0,0.0,0.0,0.0,0.0
21601,0.0,0.0,0.0,0.0,0.0,0.0,0.0,0.0,0.0,0.0,0.0,0.0
21602,0.0,0.0,0.0,0.0,0.0,0.0,0.0,0.0,0.0,0.0,0.0,0.0
21603,0.0,0.0,0.0,0.0,0.0,0.0,0.0,0.0,0.0,0.0,0.0,0.0
21604,0.0,0.0,0.0,0.0,0.0,0.0,0.0,0.0,0.0,0.0,0.0,0.0
21605,0.0,0.0,0.0,0.0,0.0,0.0,0.0,0.0,0.0,0.0,0.0,0.0
21606,0.0,0.0,0.0,0.0,0.0,0.0,0.0,0.0,0.0,0.0,0.0,0.0
21701,0.0,0.0,0.0,0.0,0.0,0.0,0.0,0.0,0.0,0.0,0.0,0.0
21704,0.0,0.0,0.0,0.0,0.0,0.0,0.0,0.0,0.0,0.0,0.0,0.0
21745,0.0,0.0,0.0,0.0,0.0,0.0,0.0,0.0,0.0,0.0,0.0,0.0
21746,0.0,0.0,0.0,0.0,0.0,0.0,0.0,0.0,0.0,0.0,0.0,0.0
21747,0.0,0.0,0.0,0.0,0.0,0.0,0.0,0.0,0.0,0.0,0.0,0.0
21748,0.0,0.0,0.0,0.0,0.0,0.0,0.0,0.0,0.0,0.0,0.0,0.0
21749,0.0,0.0,0.0,0.0,0.0,0.0,0.0,0.0,0.0,0.0,0.0,0.0
21750,0.0,0.0,0.0,0.0,0.0,0.0,0.0,0.0,0.0,0.0,0.0,0.0
21751,0.0,0.0,0.0,0.0,0.0,0.0,0.0,0.0,0.0,0.0,0.0,0.0
21752,0.0,0.0,0.0,0.0,0.0,0.0,0.0,0.0,0.0,0.0,0.0,0.0
21753,0.0,0.0,0.0,0.0,0.0,0.0,0.0,0.0,0.0,0.0,0.0,0.0
21758,0.0,0.0,0.0,0.0,0.0,0.0,0.0,0.0,0.0,0.0,0.0,0.0
21759,0.0,0.0,0.0,0.0,0.0,0.0,0.0,0.0,0.0,0.0,0.0,0.0
21760,0.0,0.0,0.0,0.0,0.0,0.0,0.0,0.0,0.0,0.0,0.0,0.0
21761,0.0,0.0,0.0,0.0,0.0,0.0,0.0,0.0,0.0,0.0,0.0,0.0
21762,0.0,0.0,0.0,0.0,0.0,0.0,0.0,0.0,0.0,0.0,0.0,0.0
21763,0.0,0.0,0.0,0.0,0.0,0.0,0.0,0.0,0.0,0.0,0.0,0.0
21768,0.0,0.0,0.0,0.0,0.0,0.0,0.0,0.0,0.0,0.0,0.0,0.0
21769,0.0,0.0,0.0,0.0,0.0,0.0,0.0,0.0,0.0,0.0,0.0,0.0
21772,0.0,0.0,0.0,0.0,0.0,0.0,0.0,0.0,0.0,0.0,0.0,0.0
21773,0.0,0.0,0.0,0.0,0.0,0.0,0.0,0.0,0.0,0.0,0.0,0.0
21774,0.0,0.0,0.0,0.0,0.0,0.0,0.0,0.0,0.0,0.0,0.0,0.0
21775,0.0,0.0,0.0,0.0,0.0,0.0,0.0,0.0,0.0,0.0,0.0,0.0
21776,0.0,0.0,0.0,0.0,0.0,0.0,0.0,0.0,0.0,0.0,0.0,0.0
21777,0.0,0.0,0.0,0.0,0.0,0.0,0.0,0.0,0.0,0.0,0.0,0.0
21778,0.0,0.0,0.0,0.0,0.0,0.0,0.0,0.0,0.0,0.0,0.0,0.0
21779,0.0,0.0,0.0,0.0,0.0,0.0,0.0,0.0,0.0,0.0,0.0,0.0
21780,0.0,0.0,0.0,0.0,0.0,0.0,0.0,0.0,0.0,0.0,0.0,0.0
21781,0.0,0.0,0.0,0.0,0.0,0.0,0.0,0.0,0.0,0.0,0.0,0.0
21782,0.0,0.0,0.0,0.0,0.0,0.0,0.0,0.0,0.0,0.0,0.0,0.0
21783,0.0,0.0,0.0,0.0,0.0,0.0,0.0,0.0,0.0,0.0,0.0,0.0
21784,0.0,0.0,0.0,0.0,0.0,0.0,0.0,0.0,0.0,0.0,0.0,0.0
21789,0.0,0.0,0.0,0.0,56256.689245224,225106.5713224411,1222588.3510599136,1525358.1717619896,450650.4807782173,0.0,0.0,0.0
21790,0.0,0.0,0.0,0.0,0.0,0.0,0.0,0.0,0.0,0.0,0.0,0.0
21791,0.0,0.0,0.0,0.0,0.0,0.0,0.0,0.0,0.0,0.0,0.0,0.0
21886,0.0,0.0,0.0,0.0,0.0,0.0,0.0,0.0,0.0,0.0,0.0,0.0
21891,0.0,0.0,0.0,0.0,0.0,0.0,0.0,0.0,0.0,0.0,0.0,0.0
21892,0.0,0.0,0.0,0.0,0.0,0.0,0.0,0.0,0.0,0.0,0.0,0.0
21893,0.0,0.0,0.0,0.0,0.0,0.0,0.0,0.0,0.0,0.0,0.0,0.0
21894,0.0,0.0,0.0,0.0,0.0,0.0,0.0,0.0,0.0,0.0,0.0,0.0
21898,0.0,0.0,0.0,0.0,0.0,0.0,0.0,0.0,0.0,0.0,0.0,0.0
21899,0.0,0.0,0.0,0.0,0.0,0.0,0.0,0.0,0.0,0.0,0.0,0.0
21902,0.0,0.0,0.0,0.0,0.0,0.0,0.0,0.0,0.0,0.0,0.0,0.0
22025,0.0,0.0,0.0,0.0,0.0,0.0,0.0,0.0,0.0,0.0,0.0,0.0
22026,0.0,0.0,0.0,0.0,0.0,0.0,0.0,0.0,0.0,0.0,0.0,0.0
22027,0.0,0.0,0.0,0.0,0.0,0.0,0.0,0.0,0.0,0.0,0.0,0.0
22028,0.0,0.0,0.0,0.0,0.0,0.0,0.0,0.0,0.0,0.0,0.0,0.0
22029,0.0,0.0,0.0,0.0,0.0,0.0,0.0,0.0,0.0,0.0,0.0,0.0
22030,0.0,0.0,0.0,0.0,0.0,0.0,0.0,0.0,0.0,0.0,0.0,0.0
22031,0.0,0.0,0.0,0.0,0.0,0.0,0.0,0.0,0.0,0.0,0.0,0.0
22032,0.0,0.0,0.0,0.0,0.0,0.0,0.0,0.0,0.0,0.0,0.0,0.0
22033,0.0,0.0,0.0,0.0,0.0,0.0,0.0,0.0,0.0,0.0,0.0,0.0
22034,0.0,0.0,0.0,0.0,0.0,0.0,0.0,0.0,0.0,0.0,0.0,0.0
22042,0.0,0.0,0.0,0.0,0.0,0.0,0.0,0.0,0.0,0.0,0.0,0.0
22043,0.0,0.0,0.0,0.0,0.0,0.0,0.0,0.0,0.0,0.0,0.0,0.0
22044,0.0,0.0,0.0,0.0,0.0,0.0,0.0,0.0,0.0,0.0,0.0,0.0
22045,0.0,0.0,0.0,0.0,0.0,0.0,0.0,0.0,0.0,0.0,0.0,0.0
22047,0.0,0.0,0.0,0.0,0.0,0.0,0.0,0.0,0.0,0.0,0.0,0.0
22048,0.0,0.0,0.0,0.0,0.0,0.0,0.0,0.0,0.0,0.0,0.0,0.0
22049,0.0,0.0,0.0,0.0,0.0,0.0,0.0,0.0,0.0,0.0,0.0,0.0
22050,0.0,0.0,0.0,0.0,0.0,0.0,0.0,0.0,0.0,0.0,0.0,0.0
22051,0.0,0.0,0.0,0.0,0.0,0.0,0.0,0.0,0.0,0.0,0.0,0.0
22052,0.0,0.0,0.0,0.0,0.0,0.0,0.0,0.0,0.0,0.0,0.0,0.0
22053,0.0,0.0,0.0,0.0,0.0,0.0,0.0,0.0,0.0,0.0,0.0,0.0
22054,0.0,0.0,0.0,0.0,0.0,0.0,0.0,0.0,0.0,0.0,0.0,0.0
22055,0.0,0.0,0.0,0.0,0.0,0.0,0.0,0.0,0.0,0.0,0.0,0.0
22056,0.0,0.0,0.0,0.0,0.0,0.0,0.0,0.0,0.0,0.0,0.0,0.0
22057,0.0,0.0,0.0,0.0,0.0,0.0,0.0,0.0,0.0,0.0,0.0,0.0
22058,0.0,0.0,0.0,0.0,0.0,0.0,0.0,0.0,0.0,0.0,0.0,0.0
22151,0.0,0.0,0.0,0.0,0.0,0.0,0.0,0.0,0.0,0.0,0.0,0.0
22152,0.0,0.0,0.0,0.0,0.0,0.0,0.0,0.0,0.0,0.0,0.0,0.0
22190,0.0,0.0,0.0,0.0,0.0,0.0,0.0,0.0,0.0,0.0,0.0,0.0
22191,0.0,0.0,0.0,0.0,0.0,0.0,0.0,0.0,0.0,0.0,0.0,0.0
22192,0.0,0.0,0.0,0.0,0.0,0.0,0.0,0.0,0.0,0.0,0.0,0.0
22193,0.0,0.0,0.0,0.0,0.0,0.0,0.0,0.0,0.0,0.0,0.0,0.0
22196,0.0,0.0,0.0,0.0,0.0,0.0,0.0,0.0,0.0,0.0,0.0,0.0
22197,0.0,0.0,0.0,0.0,0.0,0.0,0.0,0.0,0.0,0.0,0.0,0.0
22198,0.0,0.0,0.0,0.0,0.0,0.0,0.0,0.0,0.0,0.0,0.0,0.0
22199,0.0,0.0,0.0,0.0,0.0,0.0,0.0,0.0,0.0,0.0,0.0,0.0
22200,0.0,0.0,0.0,0.0,0.0,0.0,0.0,0.0,0.0,0.0,0.0,0.0
22207,0.0,0.0,0.0,0.0,0.0,0.0,0.0,0.0,0.0,0.0,0.0,0.0
22208,0.0,0.0,0.0,0.0,0.0,0.0,0.0,0.0,0.0,0.0,0.0,0.0
22209,0.0,0.0,0.0,0.0,0.0,0.0,0.0,0.0,0.0,0.0,0.0,0.0
22213,0.0,0.0,0.0,0.0,0.0,0.0,0.0,0.0,0.0,0.0,0.0,0.0
22214,0.0,0.0,0.0,0.0,0.0,0.0,0.0,0.0,0.0,0.0,0.0,0.0
22215,0.0,0.0,0.0,0.0,0.0,0.0,0.0,0.0,0.0,0.0,0.0,0.0
22216,0.0,0.0,0.0,0.0,0.0,0.0,0.0,0.0,0.0,0.0,0.0,0.0
22217,0.0,0.0,0.0,0.0,0.0,0.0,0.0,0.0,0.0,0.0,0.0,0.0
22218,0.0,0.0,0.0,0.0,-74321.638671875,-326758.6752976179,-1096255.6911954284,-1749579.7300280333,-324397.22493314743,0.0,0.0,0.0
22219,0.0,0.0,0.0,0.0,-45342.39599132538,91671.091183424,800668.8499536514,1524133.0963799953,598935.0431898832,4965.169478297234,0.0,0.0
22230,0.0,0.0,0.0,0.0,0.0,0.0,0.0,0.0,0.0,0.0,0.0,0.0
22231,0.0,0.0,0.0,0.0,-138.11062574386597,-1172.437022447586,-6585.414488792419,-11556.595221281052,-3210.3233137130737,0.0,0.0,0.0
22335,0.0,0.0,0.0,0.0,0.0,0.0,0.0,0.0,0.0,0.0,0.0,0.0
22346,0.0,0.0,0.0,0.0,0.0,0.0,0.0,0.0,0.0,0.0,0.0,0.0
22347,0.0,0.0,0.0,0.0,0.0,0.0,0.0,0.0,0.0,0.0,0.0,0.0
22350,0.0,0.0,0.0,0.0,0.0,0.0,0.0,0.0,0.0,0.0,0.0,0.0
22353,0.0,0.0,0.0,0.0,-545.2497053146362,-1098.6103416979313,-1406.8175458237529,-1568.7580840438604,-294.8102925270796,-13.368030533194542,0.0,0.0
22475,0.0,0.0,0.0,0.0,0.0,0.0,0.0,0.0,0.0,0.0,0.0,0.0
22476,0.0,0.0,0.0,0.0,0.0,0.0,0.0,0.0,0.0,0.0,0.0,0.0
22477,0.0,0.0,0.0,0.0,0.0,0.0,0.0,0.0,0.0,0.0,0.0,0.0
22478,0.0,0.0,0.0,0.0,0.0,0.0,0.0,0.0,0.0,0.0,0.0,0.0
22479,0.0,0.0,0.0,0.0,0.0,0.0,0.0,0.0,0.0,0.0,0.0,0.0
22482,0.0,0.0,0.0,0.0,0.0,0.0,0.0,0.0,0.0,0.0,0.0,0.0
22483,0.0,0.0,0.0,0.0,0.0,0.0,0.0,0.0,0.0,0.0,0.0,0.0
22484,0.0,0.0,0.0,0.0,0.0,0.0,0.0,0.0,0.0,0.0,0.0,0.0
22486,0.0,0.0,0.0,0.0,0.0,0.0,0.0,0.0,0.0,0.0,0.0,0.0
22494,0.0,0.0,0.0,0.0,0.0,0.0,0.0,0.0,0.0,0.0,0.0,0.0
22495,0.0,0.0,0.0,0.0,0.0,0.0,0.0,0.0,0.0,0.0,0.0,0.0
22496,0.0,0.0,0.0,0.0,0.0,0.0,0.0,0.0,0.0,0.0,0.0,0.0
22497,0.0,0.0,0.0,0.0,0.0,0.0,0.0,0.0,0.0,0.0,0.0,0.0
22498,0.0,0.0,0.0,0.0,0.0,0.0,0.0,0.0,0.0,0.0,0.0,0.0
22499,0.0,0.0,0.0,0.0,0.0,0.0,0.0,0.0,0.0,0.0,0.0,0.0
22500,0.0,0.0,0.0,0.0,0.0,0.0,0.0,0.0,0.0,0.0,0.0,0.0
22501,0.0,0.0,0.0,0.0,0.0,0.0,0.0,0.0,0.0,0.0,0.0,0.0
22502,0.0,0.0,0.0,0.0,0.0,0.0,0.0,0.0,0.0,0.0,0.0,0.0
22503,0.0,0.0,0.0,0.0,0.0,0.0,0.0,0.0,0.0,0.0,0.0,0.0
22504,0.0,0.0,0.0,0.0,0.0,0.0,0.0,0.0,0.0,0.0,0.0,0.0
22505,0.0,0.0,0.0,0.0,0.0,0.0,0.0,0.0,0.0,0.0,0.0,0.0
22506,0.0,0.0,0.0,0.0,0.0,0.0,0.0,0.0,0.0,0.0,0.0,0.0
22507,0.0,0.0,0.0,0.0,0.0,0.0,0.0,0.0,0.0,0.0,0.0,0.0
22566,0.0,0.0,0.0,0.0,1345409.7050004005,4450869.080640554,6655427.579241037,4776267.551161051,4554574.589740992,144995.43977189064,0.0,0.0
22599,0.0,0.0,0.0,0.0,0.0,0.0,0.0,0.0,0.0,0.0,0.0,0.0
22600,0.0,0.0,0.0,0.0,0.0,0.0,0.0,0.0,0.0,0.0,0.0,0.0
22601,0.0,0.0,0.0,0.0,0.0,0.0,0.0,0.0,0.0,0.0,0.0,0.0
22604,0.0,0.0,0.0,0.0,0.0,0.0,0.0,0.0,0.0,0.0,0.0,0.0
22642,0.0,0.0,0.0,0.0,0.0,0.0,0.0,0.0,0.0,0.0,0.0,0.0
22651,0.0,0.0,0.0,0.0,0.0,0.0,0.0,0.0,0.0,0.0,0.0,0.0
22652,0.0,0.0,0.0,0.0,0.0,0.0,0.0,0.0,0.0,0.0,0.0,0.0
22653,0.0,0.0,0.0,0.0,0.0,0.0,0.0,0.0,0.0,0.0,0.0,0.0
22654,0.0,0.0,0.0,0.0,0.0,0.0,0.0,0.0,0.0,0.0,0.0,0.0
22660,0.0,0.0,0.0,0.0,0.0,0.0,0.0,0.0,0.0,0.0,0.0,0.0
22661,0.0,0.0,0.0,0.0,0.0,0.0,0.0,0.0,0.0,0.0,0.0,0.0
22662,0.0,0.0,0.0,0.0,0.0,0.0,0.0,0.0,0.0,0.0,0.0,0.0
22663,0.0,0.0,0.0,0.0,0.0,0.0,0.0,0.0,0.0,0.0,0.0,0.0
22664,0.0,0.0,0.0,0.0,0.0,0.0,0.0,0.0,0.0,0.0,0.0,0.0
22671,0.0,0.0,0.0,0.0,-204.62260527536273,-3007.699392389506,-3304.907310686074,-4254.754687659442,-2471.609571808018,-184.17689087800682,0.0,0.0
22672,0.0,0.0,0.0,0.0,0.0,0.0,0.0,0.0,0.0,0.0,0.0,0.0
22673,0.0,0.0,0.0,0.0,0.0,0.0,0.0,0.0,0.0,0.0,0.0,0.0
22674,0.0,0.0,0.0,0.0,0.0,0.0,0.0,0.0,0.0,0.0,0.0,0.0
22675,0.0,0.0,0.0,0.0,0.0,0.0,0.0,0.0,0.0,0.0,0.0,0.0
22676,0.0,0.0,0.0,0.0,0.0,0.0,0.0,0.0,0.0,0.0,0.0,0.0
22677,0.0,0.0,0.0,0.0,0.0,0.0,0.0,0.0,0.0,0.0,0.0,0.0
22794,0.0,0.0,0.0,0.0,0.0,0.0,0.0,0.0,0.0,0.0,0.0,0.0
22809,0.0,0.0,0.0,0.0,-178.07798552513123,-9178.952521003783,-9045.327623657882,-7971.537497095764,-175.2659493610263,-20.928425043821335,0.0,0.0
22810,0.0,0.0,0.0,0.0,0.0,0.0,0.0,0.0,0.0,0.0,0.0,0.0
22812,0.0,0.0,0.0,0.0,0.0,0.0,0.0,0.0,0.0,0.0,0.0,0.0
22816,0.0,0.0,0.0,0.0,0.0,0.0,0.0,0.0,0.0,0.0,0.0,0.0
22944,0.0,0.0,0.0,-282060.4230079651,-16902907.92970276,-32825421.619781494,-57319511.297966,-71464552.55656433,-31327458.00882721,-2886784.119407654,0.0,0.0
22945,0.0,0.0,0.0,0.0,0.0,0.0,0.0,0.0,0.0,0.0,0.0,0.0
22946,0.0,0.0,0.0,0.0,0.0,0.0,0.0,0.0,0.0,0.0,0.0,0.0
22947,0.0,0.0,0.0,0.0,0.0,0.0,0.0,0.0,0.0,0.0,0.0,0.0
22948,0.0,0.0,0.0,0.0,0.0,0.0,0.0,0.0,0.0,0.0,0.0,0.0
22949,0.0,0.0,0.0,0.0,0.0,0.0,0.0,0.0,0.0,0.0,0.0,0.0
22950,0.0,0.0,0.0,0.0,0.0,0.0,0.0,0.0,0.0,0.0,0.0,0.0
22955,0.0,0.0,0.0,0.0,0.0,0.0,0.0,0.0,0.0,0.0,0.0,0.0
22956,0.0,0.0,0.0,0.0,0.0,0.0,0.0,0.0,0.0,0.0,0.0,0.0
22957,0.0,0.0,0.0,0.0,0.0,0.0,0.0,0.0,0.0,0.0,0.0,0.0
22960,0.0,0.0,0.0,0.0,0.0,0.0,0.0,0.0,0.0,0.0,0.0,0.0
22962,0.0,0.0,0.0,0.0,0.0,0.0,0.0,0.0,0.0,0.0,0.0,0.0
22963,0.0,0.0,0.0,0.0,0.0,0.0,0.0,0.0,0.0,0.0,0.0,0.0
22964,0.0,0.0,0.0,0.0,0.0,0.0,0.0,0.0,0.0,0.0,0.0,0.0
22965,0.0,0.0,0.0,0.0,0.0,0.0,0.0,0.0,0.0,0.0,0.0,0.0
22966,0.0,0.0,0.0,0.0,0.0,0.0,0.0,0.0,0.0,0.0,0.0,0.0
22967,0.0,0.0,0.0,0.0,0.0,0.0,0.0,0.0,0.0,0.0,0.0,0.0
23004,0.0,0.0,0.0,0.0,0.0,0.0,0.0,0.0,0.0,0.0,0.0,0.0
23028,0.0,0.0,0.0,0.0,0.0,0.0,0.0,0.0,0.0,0.0,0.0,0.0
23059,0.0,0.0,0.0,0.0,0.0,0.0,0.0,0.0,0.0,0.0,0.0,0.0
23060,0.0,0.0,0.0,0.0,0.0,0.0,0.0,0.0,0.0,0.0,0.0,0.0
23061,0.0,0.0,0.0,0.0,0.0,0.0,0.0,0.0,0.0,0.0,0.0,0.0
23062,0.0,0.0,0.0,0.0,0.0,0.0,0.0,0.0,0.0,0.0,0.0,0.0
23063,0.0,0.0,0.0,0.0,0.0,0.0,0.0,0.0,0.0,0.0,0.0,0.0
23109,0.0,0.0,0.0,0.0,0.0,0.0,0.0,0.0,0.0,0.0,0.0,0.0
23110,0.0,0.0,0.0,0.0,0.0,0.0,0.0,0.0,0.0,0.0,0.0,0.0
23111,0.0,0.0,0.0,0.0,0.0,0.0,0.0,0.0,0.0,0.0,0.0,0.0
23117,0.0,0.0,0.0,0.0,0.0,0.0,0.0,0.0,0.0,0.0,0.0,0.0
23118,0.0,0.0,0.0,0.0,0.0,0.0,0.0,0.0,0.0,0.0,0.0,0.0
23119,0.0,0.0,0.0,0.0,0.0,0.0,0.0,0.0,0.0,0.0,0.0,0.0
23128,0.0,0.0,0.0,0.0,-48572.36939030886,-460843.9879744947,-648255.6974870563,-600899.0837580711,-430077.8650803268,-32120.124412946403,0.0,0.0
23129,0.0,0.0,0.0,0.0,-26454.148742370307,-343612.0212658532,-502453.44476059824,-639152.2361684665,-267814.30798769835,-20823.111411298625,0.0,0.0
23130,0.0,0.0,0.0,0.0,-8963.377018097788,-67427.40579677373,-118343.15549309552,-191395.33388066664,-63713.355402047746,-5386.838371302001,0.0,0.0
23131,0.0,0.0,0.0,0.0,0.0,0.0,0.0,0.0,0.0,0.0,0.0,0.0
23132,0.0,0.0,0.0,0.0,22.444141920655966,417.9763289168477,675.0926129128784,941.8492053262889,182.8208603253588,3.985712744295597,0.0,0.0
23134,0.0,0.0,0.0,0.0,-13040.890599012375,-192580.95774823427,-243462.40073627234,-445876.22967374325,-108372.01740407944,43.59792184829712,0.0,0.0
23254,0.0,0.0,0.0,0.0,0.0,0.0,0.0,0.0,0.0,0.0,0.0,0.0
23271,0.0,0.0,0.0,0.0,-1305901.266957894,-3213414.5877448246,-3913358.5577684045,-3517635.6982246414,-1300577.8267126493,-144487.99924293905,0.0,0.0
23273,0.0,0.0,0.0,0.0,0.0,0.0,0.0,0.0,0.0,0.0,0.0,0.0
23274,0.0,0.0,0.0,0.0,0.0,0.0,0.0,0.0,0.0,0.0,0.0,0.0
23277,0.0,0.0,0.0,0.0,0.0,0.0,0.0,0.0,0.0,0.0,0.0,0.0
23279,0.0,0.0,0.0,0.0,0.0,0.0,0.0,0.0,0.0,0.0,0.0,0.0
23280,0.0,0.0,0.0,0.0,0.0,0.0,0.0,0.0,0.0,0.0,0.0,0.0
23282,0.0,0.0,0.0,0.0,0.0,0.0,0.0,0.0,0.0,0.0,0.0,0.0
23405,0.0,0.0,0.0,0.0,0.0,0.0,0.0,0.0,0.0,0.0,0.0,0.0
23406,0.0,0.0,0.0,0.0,0.0,0.0,0.0,0.0,0.0,0.0,0.0,0.0
23409,0.0,0.0,0.0,0.0,0.0,0.0,0.0,0.0,0.0,0.0,0.0,0.0
23410,0.0,0.0,0.0,0.0,0.0,0.0,0.0,0.0,0.0,0.0,0.0,0.0
23415,0.0,0.0,0.0,0.0,0.0,0.0,0.0,0.0,0.0,0.0,0.0,0.0
23416,0.0,0.0,0.0,0.0,0.0,0.0,0.0,0.0,0.0,0.0,0.0,0.0
23417,0.0,0.0,0.0,0.0,0.0,0.0,0.0,0.0,0.0,0.0,0.0,0.0
23420,0.0,0.0,0.0,0.0,0.0,0.0,0.0,0.0,0.0,0.0,0.0,0.0
23421,0.0,0.0,0.0,0.0,0.0,0.0,0.0,0.0,0.0,0.0,0.0,0.0
23422,0.0,0.0,0.0,0.0,0.0,0.0,0.0,0.0,0.0,0.0,0.0,0.0
23426,0.0,0.0,0.0,0.0,0.0,0.0,0.0,0.0,0.0,0.0,0.0,0.0
23427,0.0,0.0,0.0,0.0,0.0,0.0,0.0,0.0,0.0,0.0,0.0,0.0
23428,0.0,0.0,0.0,0.0,0.0,0.0,0.0,0.0,0.0,0.0,0.0,0.0
23429,0.0,0.0,0.0,0.0,0.0,0.0,0.0,0.0,0.0,0.0,0.0,0.0
23430,0.0,0.0,0.0,0.0,0.0,0.0,0.0,0.0,0.0,0.0,0.0,0.0
23431,0.0,0.0,0.0,0.0,0.0,0.0,0.0,0.0,0.0,0.0,0.0,0.0
23432,0.0,0.0,0.0,0.0,0.0,0.0,0.0,0.0,0.0,0.0,0.0,0.0
23522,0.0,0.0,0.0,0.0,0.0,0.0,0.0,0.0,0.0,0.0,0.0,0.0
23523,0.0,0.0,0.0,0.0,0.0,0.0,0.0,0.0,0.0,0.0,0.0,0.0
23526,0.0,0.0,0.0,0.0,0.0,0.0,0.0,0.0,0.0,0.0,0.0,0.0
23572,0.0,0.0,0.0,0.0,0.0,0.0,0.0,0.0,0.0,0.0,0.0,0.0
23573,0.0,0.0,0.0,0.0,0.0,0.0,0.0,0.0,0.0,0.0,0.0,0.0
23574,0.0,0.0,0.0,0.0,0.0,0.0,0.0,0.0,0.0,0.0,0.0,0.0
23579,0.0,0.0,0.0,0.0,0.0,0.0,0.0,0.0,0.0,0.0,0.0,0.0
23580,0.0,0.0,0.0,0.0,0.0,0.0,0.0,0.0,0.0,0.0,0.0,0.0
23581,0.0,0.0,0.0,0.0,0.0,0.0,0.0,0.0,0.0,0.0,0.0,0.0
23582,0.0,0.0,0.0,0.0,0.0,0.0,0.0,0.0,0.0,0.0,0.0,0.0
23583,0.0,0.0,0.0,0.0,0.0,0.0,0.0,0.0,0.0,0.0,0.0,0.0
23595,0.0,0.0,0.0,0.0,0.0,0.0,0.0,0.0,0.0,0.0,0.0,0.0
23596,0.0,0.0,0.0,-4581.859408378601,-958488.7896690369,-2856057.8608264923,-2526899.8301324844,-5387818.067293644,-801519.893942833,-89854.2340092659,0.0,0.0
23713,0.0,0.0,0.0,0.0,0.0,0.0,0.0,0.0,0.0,0.0,0.0,0.0
23714,0.0,0.0,0.0,0.0,0.0,0.0,0.0,0.0,0.0,0.0,0.0,0.0
23739,0.0,0.0,0.0,0.0,0.0,0.0,0.0,0.0,0.0,0.0,0.0,0.0
23740,0.0,0.0,0.0,0.0,0.0,0.0,0.0,0.0,0.0,0.0,0.0,0.0
23743,0.0,0.0,0.0,0.0,0.0,0.0,0.0,0.0,0.0,0.0,0.0,0.0
23750,0.0,0.0,0.0,0.0,0.0,0.0,0.0,0.0,0.0,0.0,0.0,0.0
23870,0.0,0.0,0.0,0.0,0.0,0.0,0.0,0.0,0.0,0.0,0.0,0.0
23871,0.0,0.0,0.0,0.0,0.0,0.0,0.0,0.0,0.0,0.0,0.0,0.0
23874,0.0,0.0,0.0,0.0,0.0,0.0,0.0,0.0,0.0,0.0,0.0,0.0
23875,0.0,0.0,0.0,0.0,0.0,0.0,0.0,0.0,0.0,0.0,0.0,0.0
23879,0.0,0.0,0.0,0.0,0.0,0.0,0.0,0.0,0.0,0.0,0.0,0.0
23881,0.0,0.0,0.0,0.0,0.0,0.0,0.0,0.0,0.0,0.0,0.0,0.0
23882,0.0,0.0,0.0,0.0,0.0,0.0,0.0,0.0,0.0,0.0,0.0,0.0
23885,0.0,0.0,0.0,0.0,0.0,0.0,0.0,0.0,0.0,0.0,0.0,0.0
23886,0.0,0.0,0.0,0.0,0.0,0.0,0.0,0.0,0.0,0.0,0.0,0.0
23887,0.0,0.0,0.0,0.0,0.0,0.0,0.0,0.0,0.0,0.0,0.0,0.0
23889,0.0,0.0,0.0,0.0,0.0,0.0,0.0,0.0,0.0,0.0,0.0,0.0
23890,0.0,0.0,0.0,0.0,0.0,0.0,0.0,0.0,0.0,0.0,0.0,0.0
23891,0.0,0.0,0.0,0.0,0.0,0.0,0.0,0.0,0.0,0.0,0.0,0.0
23921,0.0,0.0,0.0,0.0,800.5678339307196,2410.861086317338,3760.50335390307,1941.1373925581574,1925.329952353146,0.0,0.0,0.0
23931,0.0,0.0,0.0,0.0,0.0,0.0,0.0,0.0,0.0,0.0,0.0,0.0
23933,0.0,0.0,0.0,0.0,0.0,0.0,0.0,0.0,0.0,0.0,0.0,0.0
23984,0.0,0.0,0.0,0.0,0.0,0.0,0.0,0.0,0.0,0.0,0.0,0.0
23985,0.0,0.0,0.0,0.0,0.0,0.0,0.0,0.0,0.0,0.0,0.0,0.0
23986,0.0,0.0,0.0,0.0,0.0,0.0,0.0,0.0,0.0,0.0,0.0,0.0
23987,0.0,0.0,0.0,0.0,0.0,0.0,0.0,0.0,0.0,0.0,0.0,0.0
24031,0.0,0.0,0.0,0.0,0.0,0.0,0.0,0.0,0.0,0.0,0.0,0.0
24032,0.0,0.0,0.0,0.0,0.0,0.0,0.0,0.0,0.0,0.0,0.0,0.0
24033,0.0,0.0,0.0,0.0,0.0,0.0,0.0,0.0,0.0,0.0,0.0,0.0
24034,0.0,0.0,0.0,0.0,0.0,0.0,0.0,0.0,0.0,0.0,0.0,0.0
24035,0.0,0.0,0.0,0.0,0.0,0.0,0.0,0.0,0.0,0.0,0.0,0.0
24036,0.0,0.0,0.0,0.0,0.0,0.0,0.0,0.0,0.0,0.0,0.0,0.0
24037,0.0,0.0,0.0,0.0,0.0,0.0,0.0,0.0,0.0,0.0,0.0,0.0
24038,0.0,0.0,0.0,0.0,0.0,0.0,0.0,0.0,0.0,0.0,0.0,0.0
24039,0.0,0.0,0.0,0.0,0.0,0.0,0.0,0.0,0.0,0.0,0.0,0.0
24040,0.0,0.0,0.0,0.0,0.0,0.0,0.0,0.0,0.0,0.0,0.0,0.0
24041,0.0,0.0,0.0,0.0,0.0,0.0,0.0,0.0,0.0,0.0,0.0,0.0
24042,0.0,0.0,0.0,0.0,0.0,0.0,0.0,0.0,0.0,0.0,0.0,0.0
24043,0.0,0.0,0.0,0.0,0.0,0.0,0.0,0.0,0.0,0.0,0.0,0.0
24046,0.0,0.0,0.0,0.0,0.0,0.0,0.0,0.0,0.0,0.0,0.0,0.0
24047,0.0,0.0,0.0,0.0,0.0,0.0,0.0,0.0,0.0,0.0,0.0,0.0
24053,0.0,0.0,0.0,0.0,0.0,0.0,0.0,0.0,0.0,0.0,0.0,0.0
24054,0.0,0.0,0.0,0.0,0.0,0.0,0.0,0.0,0.0,0.0,0.0,0.0
24055,0.0,0.0,0.0,0.0,-1300925.2024606466,-4090075.4992728233,-4143664.853366494,-6527118.589259148,-907958.1364459395,-380.6456337571144,0.0,0.0
24200,0.0,0.0,0.0,0.0,0.0,0.0,0.0,0.0,0.0,0.0,0.0,0.0
24201,0.0,0.0,0.0,0.0,-2834.1413772208616,-7482.295264238492,-9745.148237375543,-9637.580078616738,-3574.6170056313276,-344.8022971483879,0.0,0.0
24204,0.0,0.0,0.0,0.0,0.0,0.0,0.0,0.0,0.0,0.0,0.0,0.0
24208,0.0,0.0,0.0,0.0,0.0,0.0,0.0,0.0,0.0,0.0,0.0,0.0
24329,0.0,0.0,0.0,0.0,0.0,0.0,0.0,0.0,0.0,0.0,0.0,0.0
24330,0.0,0.0,0.0,0.0,0.0,0.0,0.0,0.0,0.0,0.0,0.0,0.0
24331,0.0,0.0,0.0,0.0,0.0,0.0,0.0,0.0,0.0,0.0,0.0,0.0
24334,0.0,0.0,0.0,0.0,0.0,0.0,0.0,0.0,0.0,0.0,0.0,0.0
24335,0.0,0.0,0.0,0.0,0.0,0.0,0.0,0.0,0.0,0.0,0.0,0.0
24337,0.0,0.0,0.0,0.0,0.0,0.0,0.0,0.0,0.0,0.0,0.0,0.0
24338,0.0,0.0,0.0,0.0,0.0,0.0,0.0,0.0,0.0,0.0,0.0,0.0
24342,0.0,0.0,0.0,0.0,0.0,0.0,0.0,0.0,0.0,0.0,0.0,0.0
24344,0.0,0.0,0.0,0.0,0.0,0.0,0.0,0.0,0.0,0.0,0.0,0.0
24345,0.0,0.0,0.0,0.0,0.0,0.0,0.0,0.0,0.0,0.0,0.0,0.0
24346,0.0,0.0,0.0,0.0,0.0,0.0,0.0,0.0,0.0,0.0,0.0,0.0
24439,0.0,0.0,0.0,0.0,0.0,0.0,0.0,0.0,0.0,0.0,0.0,0.0
24440,0.0,0.0,0.0,0.0,0.0,0.0,0.0,0.0,0.0,0.0,0.0,0.0
24441,0.0,0.0,0.0,0.0,0.0,0.0,0.0,0.0,0.0,0.0,0.0,0.0
24443,0.0,0.0,0.0,0.0,0.0,0.0,0.0,0.0,0.0,0.0,0.0,0.0
24483,0.0,0.0,0.0,0.0,0.0,0.0,0.0,0.0,0.0,0.0,0.0,0.0
24484,0.0,0.0,0.0,0.0,0.0,0.0,0.0,0.0,0.0,0.0,0.0,0.0
24485,0.0,0.0,0.0,0.0,0.0,0.0,0.0,0.0,0.0,0.0,0.0,0.0
24486,0.0,0.0,0.0,0.0,0.0,0.0,0.0,0.0,0.0,0.0,0.0,0.0
24487,0.0,0.0,0.0,0.0,0.0,0.0,0.0,0.0,0.0,0.0,0.0,0.0
24488,0.0,0.0,0.0,0.0,0.0,0.0,0.0,0.0,0.0,0.0,0.0,0.0
24489,0.0,0.0,0.0,0.0,0.0,0.0,0.0,0.0,0.0,0.0,0.0,0.0
24491,0.0,0.0,0.0,0.0,0.0,0.0,0.0,0.0,0.0,0.0,0.0,0.0
24492,0.0,0.0,0.0,0.0,0.0,0.0,0.0,0.0,0.0,0.0,0.0,0.0
24493,0.0,0.0,0.0,0.0,0.0,0.0,0.0,0.0,0.0,0.0,0.0,0.0
24494,0.0,0.0,0.0,0.0,0.0,0.0,0.0,0.0,0.0,0.0,0.0,0.0
24502,0.0,0.0,0.0,0.0,0.0,0.0,0.0,0.0,0.0,0.0,0.0,0.0
24503,0.0,0.0,0.0,0.0,0.0,0.0,0.0,0.0,0.0,0.0,0.0,0.0
24504,0.0,0.0,0.0,0.0,0.0,0.0,0.0,0.0,0.0,0.0,0.0,0.0
24505,0.0,0.0,0.0,0.0,0.0,0.0,0.0,0.0,0.0,0.0,0.0,0.0
24506,0.0,0.0,0.0,0.0,6044.0170789361,34030.910159528255,38738.23207783699,51476.7305906415,9897.226201817393,157.60204815864563,0.0,0.0
24622,0.0,0.0,0.0,0.0,0.0,0.0,0.0,0.0,0.0,0.0,0.0,0.0
24652,0.0,0.0,0.0,0.0,0.0,0.0,0.0,0.0,0.0,0.0,0.0,0.0
24653,0.0,0.0,0.0,0.0,0.0,0.0,0.0,0.0,0.0,0.0,0.0,0.0
24656,0.0,0.0,0.0,0.0,0.0,0.0,0.0,0.0,0.0,0.0,0.0,0.0
24659,0.0,0.0,0.0,0.0,0.0,0.0,0.0,0.0,0.0,0.0,0.0,0.0
24780,0.0,0.0,0.0,0.0,0.0,0.0,0.0,0.0,0.0,0.0,0.0,0.0
24781,0.0,0.0,0.0,0.0,0.0,0.0,0.0,0.0,0.0,0.0,0.0,0.0
24783,0.0,0.0,0.0,0.0,0.0,0.0,0.0,0.0,0.0,0.0,0.0,0.0
24785,0.0,0.0,0.0,0.0,0.0,0.0,0.0,0.0,0.0,0.0,0.0,0.0
24786,0.0,0.0,0.0,0.0,0.0,0.0,0.0,0.0,0.0,0.0,0.0,0.0
24788,0.0,0.0,0.0,0.0,0.0,0.0,0.0,0.0,0.0,0.0,0.0,0.0
24789,0.0,0.0,0.0,0.0,0.0,0.0,0.0,0.0,0.0,0.0,0.0,0.0
24790,0.0,0.0,0.0,0.0,0.0,0.0,0.0,0.0,0.0,0.0,0.0,0.0
24792,0.0,0.0,0.0,0.0,0.0,0.0,0.0,0.0,0.0,0.0,0.0,0.0
24794,0.0,0.0,0.0,0.0,0.0,0.0,0.0,0.0,0.0,0.0,0.0,0.0
24926,0.0,0.0,0.0,0.0,0.0,0.0,0.0,0.0,0.0,0.0,0.0,0.0
24927,0.0,0.0,0.0,0.0,0.0,0.0,0.0,0.0,0.0,0.0,0.0,0.0
24928,0.0,0.0,0.0,0.0,0.0,0.0,0.0,0.0,0.0,0.0,0.0,0.0
24929,0.0,0.0,0.0,0.0,0.0,0.0,0.0,0.0,0.0,0.0,0.0,0.0
24930,0.0,0.0,0.0,0.0,0.0,0.0,0.0,0.0,0.0,0.0,0.0,0.0
24931,0.0,0.0,0.0,0.0,0.0,0.0,0.0,0.0,0.0,0.0,0.0,0.0
24932,0.0,0.0,0.0,0.0,0.0,0.0,0.0,0.0,0.0,0.0,0.0,0.0
24935,0.0,0.0,0.0,0.0,0.0,0.0,0.0,0.0,0.0,0.0,0.0,0.0
24936,0.0,0.0,0.0,0.0,0.0,0.0,0.0,0.0,0.0,0.0,0.0,0.0
24937,0.0,0.0,0.0,0.0,0.0,0.0,0.0,0.0,0.0,0.0,0.0,0.0
24938,0.0,0.0,0.0,0.0,0.0,0.0,0.0,0.0,0.0,0.0,0.0,0.0
24939,0.0,0.0,0.0,0.0,0.0,0.0,0.0,0.0,0.0,0.0,0.0,0.0
24940,0.0,0.0,0.0,0.0,0.0,0.0,0.0,0.0,0.0,0.0,0.0,0.0
24941,0.0,0.0,0.0,0.0,0.0,0.0,0.0,0.0,0.0,0.0,0.0,0.0
24942,0.0,0.0,0.0,0.0,0.0,0.0,0.0,0.0,0.0,0.0,0.0,0.0
24943,0.0,0.0,0.0,0.0,0.0,0.0,0.0,0.0,0.0,0.0,0.0,0.0
24944,0.0,0.0,0.0,0.0,0.0,0.0,0.0,0.0,0.0,0.0,0.0,0.0
24945,0.0,0.0,0.0,0.0,0.0,0.0,0.0,0.0,0.0,0.0,0.0,0.0
25096,0.0,0.0,0.0,0.0,0.0,0.0,0.0,0.0,0.0,0.0,0.0,0.0
25102,0.0,0.0,0.0,0.0,0.0,0.0,0.0,0.0,0.0,0.0,0.0,0.0
25196,0.0,0.0,0.0,0.0,0.0,0.0,0.0,0.0,0.0,0.0,0.0,0.0
25222,0.0,0.0,0.0,0.0,0.0,0.0,0.0,0.0,0.0,0.0,0.0,0.0
25223,0.0,0.0,0.0,0.0,0.0,0.0,0.0,0.0,0.0,0.0,0.0,0.0
25226,0.0,0.0,0.0,0.0,0.0,0.0,0.0,0.0,0.0,0.0,0.0,0.0
25227,0.0,0.0,0.0,0.0,0.0,0.0,0.0,0.0,0.0,0.0,0.0,0.0
25228,0.0,0.0,0.0,0.0,0.0,0.0,0.0,0.0,0.0,0.0,0.0,0.0
25229,0.0,0.0,0.0,0.0,0.0,0.0,0.0,0.0,0.0,0.0,0.0,0.0
25230,0.0,0.0,0.0,0.0,0.0,0.0,0.0,0.0,0.0,0.0,0.0,0.0
25231,0.0,0.0,0.0,0.0,0.0,0.0,0.0,0.0,0.0,0.0,0.0,0.0
25234,0.0,0.0,0.0,0.0,0.0,0.0,0.0,0.0,0.0,0.0,0.0,0.0
25235,0.0,0.0,0.0,0.0,0.0,0.0,0.0,0.0,0.0,0.0,0.0,0.0
25268,0.0,0.0,0.0,0.0,0.0,0.0,0.0,0.0,0.0,0.0,0.0,0.0
25274,0.0,0.0,0.0,0.0,0.0,0.0,0.0,0.0,0.0,0.0,0.0,0.0
25352,0.0,0.0,0.0,0.0,0.0,0.0,0.0,0.0,0.0,0.0,0.0,0.0
25353,0.0,0.0,0.0,0.0,0.0,0.0,0.0,0.0,0.0,0.0,0.0,0.0
25354,0.0,0.0,0.0,0.0,0.0,0.0,0.0,0.0,0.0,0.0,0.0,0.0
25355,0.0,0.0,0.0,0.0,0.0,0.0,0.0,0.0,0.0,0.0,0.0,0.0
25356,0.0,0.0,0.0,0.0,0.0,0.0,0.0,0.0,0.0,0.0,0.0,0.0
25357,0.0,0.0,0.0,0.0,0.0,0.0,0.0,0.0,0.0,0.0,0.0,0.0
25358,0.0,0.0,0.0,0.0,0.0,0.0,0.0,0.0,0.0,0.0,0.0,0.0
25359,0.0,0.0,0.0,0.0,0.0,0.0,0.0,0.0,0.0,0.0,0.0,0.0
25360,0.0,0.0,0.0,0.0,0.0,0.0,0.0,0.0,0.0,0.0,0.0,0.0
25361,0.0,0.0,0.0,0.0,0.0,0.0,0.0,0.0,0.0,0.0,0.0,0.0
25362,0.0,0.0,0.0,0.0,0.0,0.0,0.0,0.0,0.0,0.0,0.0,0.0
25363,0.0,0.0,0.0,0.0,0.0,0.0,0.0,0.0,0.0,0.0,0.0,0.0
25364,0.0,0.0,0.0,0.0,0.0,0.0,0.0,0.0,0.0,0.0,0.0,0.0
25365,0.0,0.0,0.0,0.0,0.0,0.0,0.0,0.0,0.0,0.0,0.0,0.0
25366,0.0,0.0,0.0,0.0,0.0,0.0,0.0,0.0,0.0,0.0,0.0,0.0
25367,0.0,0.0,0.0,0.0,0.0,0.0,0.0,0.0,0.0,0.0,0.0,0.0
25369,0.0,0.0,0.0,0.0,0.0,0.0,0.0,0.0,0.0,0.0,0.0,0.0
25370,0.0,0.0,0.0,0.0,0.0,0.0,0.0,0.0,0.0,0.0,0.0,0.0
25371,0.0,0.0,0.0,0.0,0.0,0.0,0.0,0.0,0.0,0.0,0.0,0.0
25372,0.0,0.0,0.0,0.0,0.0,0.0,0.0,0.0,0.0,0.0,0.0,0.0
25373,0.0,0.0,0.0,0.0,0.0,0.0,0.0,0.0,0.0,0.0,0.0,0.0
25374,0.0,0.0,0.0,0.0,0.0,0.0,0.0,0.0,0.0,0.0,0.0,0.0
25375,0.0,0.0,0.0,0.0,0.0,0.0,0.0,0.0,0.0,0.0,0.0,0.0
25376,0.0,0.0,0.0,0.0,0.0,0.0,0.0,0.0,0.0,0.0,0.0,0.0
25377,0.0,0.0,0.0,0.0,1914.734604716301,18098.136154174805,19023.127504587173,26144.317649759352,5423.209497854114,507.2577385902405,0.0,0.0
25511,0.0,0.0,0.0,-2406.9773728847504,-476086.6343996525,-1392193.1845463216,-2165991.9819027185,-904216.3695897758,-371075.75989690423,-17535.30677086115,0.0,0.0
25529,0.0,0.0,0.0,0.0,0.0,0.0,0.0,0.0,0.0,0.0,0.0,0.0
25530,0.0,0.0,0.0,0.0,0.0,0.0,0.0,0.0,0.0,0.0,0.0,0.0
25531,0.0,0.0,0.0,0.0,0.0,0.0,0.0,0.0,0.0,0.0,0.0,0.0
25556,0.0,0.0,0.0,0.0,0.0,0.0,0.0,0.0,0.0,0.0,0.0,0.0
25559,0.0,0.0,0.0,3591.1271131038666,749764.9027189016,1872549.374254793,2222733.2280768976,1424924.20793619,575234.4392901883,32226.649233721197,0.0,0.0
25605,0.0,0.0,0.0,0.0,0.0,0.0,0.0,0.0,0.0,0.0,0.0,0.0
25628,0.0,0.0,0.0,0.0,-48915.7354221344,-69274.09180355072,-63278.82560253143,-32954.68649673462,-15685.170272827148,267.6751413345337,0.0,0.0
25655,0.0,0.0,0.0,0.0,0.0,0.0,0.0,0.0,0.0,0.0,0.0,0.0
25656,0.0,0.0,0.0,0.0,0.0,0.0,0.0,0.0,0.0,0.0,0.0,0.0
25659,0.0,0.0,0.0,0.0,0.0,0.0,0.0,0.0,0.0,0.0,0.0,0.0
25660,0.0,0.0,0.0,0.0,0.0,0.0,0.0,0.0,0.0,0.0,0.0,0.0
25661,0.0,0.0,0.0,0.0,0.0,0.0,0.0,0.0,0.0,0.0,0.0,0.0
25662,0.0,0.0,0.0,0.0,0.0,0.0,0.0,0.0,0.0,0.0,0.0,0.0
25663,0.0,0.0,0.0,0.0,0.0,0.0,0.0,0.0,0.0,0.0,0.0,0.0
25664,0.0,0.0,0.0,0.0,0.0,0.0,0.0,0.0,0.0,0.0,0.0,0.0
25665,0.0,0.0,0.0,0.0,0.0,0.0,0.0,0.0,0.0,0.0,0.0,0.0
25667,0.0,0.0,0.0,0.0,0.0,0.0,0.0,0.0,0.0,0.0,0.0,0.0
25668,0.0,0.0,0.0,0.0,0.0,0.0,0.0,0.0,0.0,0.0,0.0,0.0
25669,0.0,0.0,0.0,0.0,0.0,0.0,0.0,0.0,0.0,0.0,0.0,0.0
25670,0.0,0.0,0.0,0.0,0.0,0.0,0.0,0.0,0.0,0.0,0.0,0.0
25671,0.0,0.0,0.0,0.0,0.0,0.0,0.0,0.0,0.0,0.0,0.0,0.0
25783,0.0,0.0,0.0,0.0,0.0,0.0,0.0,0.0,0.0,0.0,0.0,0.0
25784,0.0,0.0,0.0,0.0,0.0,0.0,0.0,0.0,0.0,0.0,0.0,0.0
25785,0.0,0.0,0.0,0.0,0.0,0.0,0.0,0.0,0.0,0.0,0.0,0.0
25786,0.0,0.0,0.0,0.0,0.0,0.0,0.0,0.0,0.0,0.0,0.0,0.0
25787,0.0,0.0,0.0,0.0,0.0,0.0,0.0,0.0,0.0,0.0,0.0,0.0
25788,0.0,0.0,0.0,0.0,0.0,0.0,0.0,0.0,0.0,0.0,0.0,0.0
25790,0.0,0.0,0.0,0.0,0.0,0.0,0.0,0.0,0.0,0.0,0.0,0.0
25792,0.0,0.0,0.0,0.0,0.0,0.0,0.0,0.0,0.0,0.0,0.0,0.0
25793,0.0,0.0,0.0,0.0,0.0,0.0,0.0,0.0,0.0,0.0,0.0,0.0
25794,0.0,0.0,0.0,0.0,0.0,0.0,0.0,0.0,0.0,0.0,0.0,0.0
25795,0.0,0.0,0.0,0.0,0.0,0.0,0.0,0.0,0.0,0.0,0.0,0.0
25796,0.0,0.0,0.0,0.0,0.0,0.0,0.0,0.0,0.0,0.0,0.0,0.0
25798,0.0,0.0,0.0,0.0,0.0,0.0,0.0,0.0,0.0,0.0,0.0,0.0
25799,0.0,0.0,0.0,0.0,0.0,0.0,0.0,0.0,0.0,0.0,0.0,0.0
25800,0.0,0.0,0.0,1306.4808857440948,161502.13239741325,1231241.5326702595,1589652.3380697966,2324458.439593911,471992.9295896888,41185.84293669462,0.0,0.0
25801,0.0,0.0,0.0,0.0,0.0,0.0,0.0,0.0,0.0,0.0,0.0,0.0
25802,0.0,0.0,0.0,0.0,0.0,0.0,0.0,0.0,0.0,0.0,0.0,0.0
25930,0.0,0.0,0.0,0.0,0.0,0.0,0.0,0.0,0.0,0.0,0.0,0.0
25950,0.0,0.0,0.0,0.0,-20.70620910078287,-79.13159110024571,-90.07099779509008,-66.66922006011009,-17.924887001514435,-1.2090271916240454,0.0,0.0
26080,0.0,0.0,0.0,0.0,0.0,0.0,0.0,0.0,0.0,0.0,0.0,0.0
26081,0.0,0.0,0.0,0.0,0.0,0.0,0.0,0.0,0.0,0.0,0.0,0.0
26085,0.0,0.0,0.0,0.0,0.0,0.0,0.0,0.0,0.0,0.0,0.0,0.0
26086,0.0,0.0,0.0,0.0,0.0,0.0,0.0,0.0,0.0,0.0,0.0,0.0
26087,0.0,0.0,0.0,0.0,0.0,0.0,0.0,0.0,0.0,0.0,0.0,0.0
26088,0.0,0.0,0.0,0.0,0.0,0.0,0.0,0.0,0.0,0.0,0.0,0.0
26090,0.0,0.0,0.0,0.0,0.0,0.0,0.0,0.0,0.0,0.0,0.0,0.0
26091,0.0,0.0,0.0,0.0,0.0,0.0,0.0,0.0,0.0,0.0,0.0,0.0
26092,0.0,0.0,0.0,0.0,0.0,0.0,0.0,0.0,0.0,0.0,0.0,0.0
26093,0.0,0.0,0.0,13009.842985153198,494978.8175468445,2425989.3358917236,4899201.62934494,3515815.345274925,667409.266907692,19750.976267814636,0.0,0.0
26118,0.0,0.0,0.0,0.0,0.0,0.0,0.0,0.0,0.0,0.0,0.0,0.0
26202,0.0,0.0,0.0,0.0,0.0,0.0,0.0,0.0,0.0,0.0,0.0,0.0
26203,0.0,0.0,0.0,0.0,0.0,0.0,0.0,0.0,0.0,0.0,0.0,0.0
26204,0.0,0.0,0.0,0.0,0.0,0.0,0.0,0.0,0.0,0.0,0.0,0.0
26205,0.0,0.0,0.0,0.0,0.0,0.0,0.0,0.0,0.0,0.0,0.0,0.0
26206,0.0,0.0,0.0,0.0,0.0,0.0,0.0,0.0,0.0,0.0,0.0,0.0
26207,0.0,0.0,0.0,0.0,0.0,0.0,0.0,0.0,0.0,0.0,0.0,0.0
26208,0.0,0.0,0.0,0.0,0.0,0.0,0.0,0.0,0.0,0.0,0.0,0.0
26209,0.0,0.0,0.0,0.0,0.0,0.0,0.0,0.0,0.0,0.0,0.0,0.0
26210,0.0,0.0,0.0,0.0,0.0,0.0,0.0,0.0,0.0,0.0,0.0,0.0
26211,0.0,0.0,0.0,0.0,0.0,0.0,0.0,0.0,0.0,0.0,0.0,0.0
26212,0.0,0.0,0.0,0.0,0.0,0.0,0.0,0.0,0.0,0.0,0.0,0.0
26213,0.0,0.0,0.0,0.0,0.0,0.0,0.0,0.0,0.0,0.0,0.0,0.0
26214,0.0,0.0,0.0,0.0,0.0,0.0,0.0,0.0,0.0,0.0,0.0,0.0
26215,0.0,0.0,0.0,0.0,0.0,0.0,0.0,0.0,0.0,0.0,0.0,0.0
26216,0.0,0.0,0.0,0.0,0.0,0.0,0.0,0.0,0.0,0.0,0.0,0.0
26222,0.0,0.0,0.0,0.0,0.0,0.0,0.0,0.0,0.0,0.0,0.0,0.0
26223,0.0,0.0,0.0,0.0,0.0,0.0,0.0,0.0,0.0,0.0,0.0,0.0
26224,0.0,0.0,0.0,0.0,0.0,0.0,0.0,0.0,0.0,0.0,0.0,0.0
26225,0.0,0.0,0.0,0.0,0.0,0.0,0.0,0.0,0.0,0.0,0.0,0.0
26226,0.0,0.0,0.0,0.0,0.0,0.0,0.0,0.0,0.0,0.0,0.0,0.0
26227,0.0,0.0,0.0,0.0,0.0,0.0,0.0,0.0,0.0,0.0,0.0,0.0
26228,0.0,0.0,0.0,0.0,0.0,0.0,0.0,0.0,0.0,0.0,0.0,0.0
26229,0.0,0.0,0.0,0.0,0.0,0.0,0.0,0.0,0.0,0.0,0.0,0.0
26230,0.0,0.0,0.0,0.0,0.0,0.0,0.0,0.0,0.0,0.0,0.0,0.0
26231,0.0,0.0,0.0,0.0,0.0,0.0,0.0,0.0,0.0,0.0,0.0,0.0
26324,0.0,0.0,0.0,2647.0238842368126,9628.595966681838,24110.62293495238,30227.978015884757,13848.12304391712,3822.580171301961,19.03870060108602,0.0,0.0
26327,0.0,0.0,0.0,0.0,0.0,0.0,0.0,0.0,0.0,0.0,0.0,0.0
26335,0.0,0.0,0.0,0.0,0.0,0.0,0.0,0.0,0.0,0.0,0.0,0.0
26417,0.0,0.0,0.0,4212.925796568394,520484.93497259915,1242087.9333432466,1807709.2109450847,1525769.4722818956,567622.4850028828,85485.95637968183,354.60445692390203,0.0
26422,0.0,0.0,0.0,0.0,0.0,0.0,0.0,0.0,0.0,0.0,0.0,0.0
26424,0.0,0.0,0.0,0.0,0.0,0.0,0.0,0.0,0.0,0.0,0.0,0.0
26429,0.0,0.0,0.0,0.0,0.0,0.0,0.0,0.0,0.0,0.0,0.0,0.0
26466,0.0,0.0,0.0,0.0,101559.79032597691,219173.20321193337,280427.3801771924,272917.9336145595,114864.13477449119,12947.109624043107,0.0,0.0
26511,0.0,0.0,0.0,0.0,0.0,0.0,0.0,0.0,0.0,0.0,0.0,0.0
26512,0.0,0.0,0.0,0.0,0.0,0.0,0.0,0.0,0.0,0.0,0.0,0.0
26514,0.0,0.0,0.0,0.0,0.0,0.0,0.0,0.0,0.0,0.0,0.0,0.0
26515,0.0,0.0,0.0,0.0,0.0,0.0,0.0,0.0,0.0,0.0,0.0,0.0
26516,0.0,0.0,0.0,0.0,0.0,0.0,0.0,0.0,0.0,0.0,0.0,0.0
26518,0.0,0.0,0.0,0.0,0.0,0.0,0.0,0.0,0.0,0.0,0.0,0.0
26519,0.0,0.0,0.0,0.0,0.0,0.0,0.0,0.0,0.0,0.0,0.0,0.0
26520,0.0,0.0,0.0,0.0,0.0,0.0,0.0,0.0,0.0,0.0,0.0,0.0
26522,0.0,0.0,0.0,0.0,3346.278502166271,14918.972681060433,38896.75987312198,27756.043446682394,5337.251353040338,433.0475420951843,0.0,0.0
26523,0.0,0.0,0.0,0.0,1690.126030843705,10480.851723492611,27060.31743641477,19751.23931097891,5054.579414063599,946.3864749353379,0.0,0.0
26524,0.0,0.0,0.0,0.0,8440.27555719018,125048.90664637089,292567.0247577578,192627.58577708155,45292.95469762385,1293.2829650565982,0.0,0.0
26631,0.0,0.0,0.0,0.0,0.0,0.0,0.0,0.0,0.0,0.0,0.0,0.0
26632,0.0,0.0,0.0,0.0,0.0,0.0,0.0,0.0,0.0,0.0,0.0,0.0
26633,0.0,0.0,0.0,0.0,0.0,0.0,0.0,0.0,0.0,0.0,0.0,0.0
26634,0.0,0.0,0.0,0.0,0.0,0.0,0.0,0.0,0.0,0.0,0.0,0.0
26635,0.0,0.0,0.0,0.0,0.0,0.0,0.0,0.0,0.0,0.0,0.0,0.0
26641,0.0,0.0,0.0,0.0,0.0,0.0,0.0,0.0,0.0,0.0,0.0,0.0
26642,0.0,0.0,0.0,0.0,0.0,0.0,0.0,0.0,0.0,0.0,0.0,0.0
26643,0.0,0.0,0.0,0.0,0.0,0.0,0.0,0.0,0.0,0.0,0.0,0.0
26653,0.0,0.0,0.0,0.0,0.0,0.0,0.0,0.0,0.0,0.0,0.0,0.0
26654,0.0,0.0,0.0,0.0,0.0,0.0,0.0,0.0,0.0,0.0,0.0,0.0
26655,0.0,0.0,0.0,0.0,0.0,0.0,0.0,0.0,0.0,0.0,0.0,0.0
26656,0.0,0.0,0.0,0.0,0.0,0.0,0.0,0.0,0.0,0.0,0.0,0.0
26657,0.0,0.0,0.0,0.0,0.0,0.0,0.0,0.0,0.0,0.0,0.0,0.0
26658,0.0,0.0,0.0,0.0,0.0,0.0,0.0,0.0,0.0,0.0,0.0,0.0
26659,0.0,0.0,0.0,0.0,0.0,0.0,0.0,0.0,0.0,0.0,0.0,0.0
26660,0.0,0.0,0.0,0.0,0.0,0.0,0.0,0.0,0.0,0.0,0.0,0.0
26661,0.0,0.0,0.0,0.0,0.0,0.0,0.0,0.0,0.0,0.0,0.0,0.0
26758,0.0,0.0,0.0,9.89447537320666,37.631417226744816,81.2568388992222,95.54944581841119,41.75446577032562,9.104200932604726,0.0,0.0,0.0
26765,0.0,0.0,0.0,983.7689106576145,-899250.8144507408,-3984905.874007128,-3793448.549809683,-1983208.7234646128,180.43336201738566,0.0,0.0,0.0
26769,0.0,0.0,0.0,0.0,0.0,0.0,0.0,0.0,0.0,0.0,0.0,0.0
26792,0.0,0.0,0.0,0.0,0.0,0.0,0.0,0.0,0.0,0.0,0.0,0.0
26859,0.0,0.0,0.0,0.0,0.0,0.0,0.0,0.0,0.0,0.0,0.0,0.0
26893,0.0,0.0,0.0,0.0,0.0,0.0,0.0,0.0,0.0,0.0,0.0,0.0
26945,0.0,0.0,0.0,0.0,0.0,0.0,0.0,0.0,0.0,0.0,0.0,0.0
26946,0.0,0.0,0.0,0.0,0.0,0.0,0.0,0.0,0.0,0.0,0.0,0.0
26947,0.0,0.0,0.0,0.0,0.0,0.0,0.0,0.0,0.0,0.0,0.0,0.0
26948,0.0,0.0,0.0,0.0,0.0,0.0,0.0,0.0,0.0,0.0,0.0,0.0
26952,0.0,0.0,0.0,0.0,0.0,0.0,0.0,0.0,0.0,0.0,0.0,0.0
26953,0.0,0.0,0.0,0.0,0.0,0.0,0.0,0.0,0.0,0.0,0.0,0.0
26954,0.0,0.0,0.0,0.0,0.0,0.0,0.0,0.0,0.0,0.0,0.0,0.0
26955,0.0,0.0,0.0,0.0,0.0,0.0,0.0,0.0,0.0,0.0,0.0,0.0
26956,0.0,0.0,0.0,0.0,0.0,0.0,0.0,0.0,0.0,0.0,0.0,0.0
26957,0.0,0.0,0.0,0.0,7051.357525110245,67437.53337430954,171102.86339998245,121060.41165864468,27958.85683363676,751.3429408073425,0.0,0.0
27003,0.0,0.0,0.0,0.0,0.0,0.0,0.0,0.0,0.0,0.0,0.0,0.0
27062,0.0,0.0,0.0,0.0,0.0,0.0,0.0,0.0,0.0,0.0,0.0,0.0
27063,0.0,0.0,0.0,0.0,0.0,0.0,0.0,0.0,0.0,0.0,0.0,0.0
27064,0.0,0.0,0.0,0.0,0.0,0.0,0.0,0.0,0.0,0.0,0.0,0.0
27068,0.0,0.0,0.0,0.0,0.0,0.0,0.0,0.0,0.0,0.0,0.0,0.0
27069,0.0,0.0,0.0,0.0,0.0,0.0,0.0,0.0,0.0,0.0,0.0,0.0
27070,0.0,0.0,0.0,0.0,0.0,0.0,0.0,0.0,0.0,0.0,0.0,0.0
27071,0.0,0.0,0.0,0.0,0.0,0.0,0.0,0.0,0.0,0.0,0.0,0.0
27072,0.0,0.0,0.0,0.0,0.0,0.0,0.0,0.0,0.0,0.0,0.0,0.0
27073,0.0,0.0,0.0,0.0,0.0,0.0,0.0,0.0,0.0,0.0,0.0,0.0
27074,0.0,0.0,0.0,0.0,0.0,0.0,0.0,0.0,0.0,0.0,0.0,0.0
27075,0.0,0.0,0.0,0.0,0.0,0.0,0.0,0.0,0.0,0.0,0.0,0.0
27085,0.0,0.0,0.0,0.0,0.0,0.0,0.0,0.0,0.0,0.0,0.0,0.0
27086,0.0,0.0,0.0,0.0,0.0,0.0,0.0,0.0,0.0,0.0,0.0,0.0
27087,0.0,0.0,0.0,0.0,0.0,0.0,0.0,0.0,0.0,0.0,0.0,0.0
27088,0.0,0.0,0.0,0.0,0.0,0.0,0.0,0.0,0.0,0.0,0.0,0.0
27089,0.0,0.0,0.0,0.0,0.0,0.0,0.0,0.0,0.0,0.0,0.0,0.0
27191,0.0,0.0,0.0,0.0,0.0,0.0,0.0,0.0,0.0,0.0,0.0,0.0
27203,0.0,0.0,0.0,0.0,0.0,0.0,0.0,0.0,0.0,0.0,0.0,0.0
27224,0.0,0.0,0.0,0.0,0.0,0.0,0.0,0.0,0.0,0.0,0.0,0.0
27377,0.0,0.0,0.0,0.0,0.0,0.0,0.0,0.0,0.0,0.0,0.0,0.0
27378,0.0,0.0,0.0,0.0,0.0,0.0,0.0,0.0,0.0,0.0,0.0,0.0
27379,0.0,0.0,0.0,0.0,0.0,0.0,0.0,0.0,0.0,0.0,0.0,0.0
27380,0.0,0.0,0.0,0.0,0.0,0.0,0.0,0.0,0.0,0.0,0.0,0.0
27381,0.0,0.0,0.0,0.0,0.0,0.0,0.0,0.0,0.0,0.0,0.0,0.0
27382,0.0,0.0,0.0,0.0,0.0,0.0,0.0,0.0,0.0,0.0,0.0,0.0
27383,0.0,0.0,0.0,0.0,0.0,0.0,0.0,0.0,0.0,0.0,0.0,0.0
27386,0.0,0.0,0.0,0.0,0.0,0.0,0.0,0.0,0.0,0.0,0.0,0.0
27387,0.0,0.0,0.0,0.0,0.0,0.0,0.0,0.0,0.0,0.0,0.0,0.0
27491,0.0,0.0,0.0,0.0,0.0,0.0,0.0,0.0,0.0,0.0,0.0,0.0
27492,0.0,0.0,0.0,0.0,0.0,0.0,0.0,0.0,0.0,0.0,0.0,0.0
27500,0.0,0.0,0.0,0.0,0.0,0.0,0.0,0.0,0.0,0.0,0.0,0.0
27501,0.0,0.0,0.0,0.0,0.0,0.0,0.0,0.0,0.0,0.0,0.0,0.0
27502,0.0,0.0,0.0,0.0,0.0,0.0,0.0,0.0,0.0,0.0,0.0,0.0
27503,0.0,0.0,0.0,0.0,0.0,0.0,0.0,0.0,0.0,0.0,0.0,0.0
27504,0.0,0.0,0.0,0.0,0.0,0.0,0.0,0.0,0.0,0.0,0.0,0.0
27505,0.0,0.0,0.0,0.0,0.0,0.0,0.0,0.0,0.0,0.0,0.0,0.0
27506,0.0,0.0,0.0,0.0,0.0,0.0,0.0,0.0,0.0,0.0,0.0,0.0
27507,0.0,0.0,0.0,0.0,0.0,0.0,0.0,0.0,0.0,0.0,0.0,0.0
27508,0.0,0.0,0.0,0.0,0.0,0.0,0.0,0.0,0.0,0.0,0.0,0.0
27509,0.0,0.0,0.0,0.0,0.0,0.0,0.0,0.0,0.0,0.0,0.0,0.0
27510,0.0,0.0,0.0,0.0,0.0,0.0,0.0,0.0,0.0,0.0,0.0,0.0
27511,0.0,0.0,0.0,0.0,0.0,0.0,0.0,0.0,0.0,0.0,0.0,0.0
27512,0.0,0.0,0.0,0.0,0.0,0.0,0.0,0.0,0.0,0.0,0.0,0.0
27513,0.0,0.0,0.0,0.0,0.0,0.0,0.0,0.0,0.0,0.0,0.0,0.0
27514,0.0,0.0,0.0,0.0,0.0,0.0,0.0,0.0,0.0,0.0,0.0,0.0
27515,0.0,0.0,0.0,0.0,0.0,0.0,0.0,0.0,0.0,0.0,0.0,0.0
27516,0.0,0.0,0.0,0.0,0.0,0.0,0.0,0.0,0.0,0.0,0.0,0.0
27517,0.0,0.0,0.0,0.0,0.0,0.0,0.0,0.0,0.0,0.0,0.0,0.0
27518,0.0,0.0,0.0,0.0,0.0,0.0,0.0,0.0,0.0,0.0,0.0,0.0
27519,0.0,0.0,0.0,0.0,0.0,0.0,0.0,0.0,0.0,0.0,0.0,0.0
27520,0.0,0.0,0.0,0.0,0.0,0.0,0.0,0.0,0.0,0.0,0.0,0.0
27521,0.0,0.0,0.0,0.0,0.0,0.0,0.0,0.0,0.0,0.0,0.0,0.0
27648,0.0,0.0,0.0,0.0,0.0,0.0,0.0,0.0,0.0,0.0,0.0,0.0
27655,0.0,0.0,0.0,0.0,0.0,0.0,0.0,0.0,0.0,0.0,0.0,0.0
27789,0.0,0.0,0.0,0.0,-36391.8423538208,-67923.20534515381,-61018.46078491211,-20579.97887802124,-9284.26517868042,2021.2292251586914,0.0,0.0
27804,0.0,0.0,0.0,0.0,0.0,0.0,0.0,0.0,0.0,0.0,0.0,0.0
27806,0.0,0.0,0.0,0.0,0.0,0.0,0.0,0.0,0.0,0.0,0.0,0.0
27807,0.0,0.0,0.0,0.0,0.0,0.0,0.0,0.0,0.0,0.0,0.0,0.0
27810,0.0,0.0,0.0,0.0,0.0,0.0,0.0,0.0,0.0,0.0,0.0,0.0
27813,0.0,0.0,0.0,0.0,0.0,0.0,0.0,0.0,0.0,0.0,0.0,0.0
27814,0.0,0.0,0.0,0.0,0.0,0.0,0.0,0.0,0.0,0.0,0.0,0.0
27917,0.0,0.0,0.0,0.0,0.0,0.0,0.0,0.0,0.0,0.0,0.0,0.0
27918,0.0,0.0,0.0,0.0,0.0,0.0,0.0,0.0,0.0,0.0,0.0,0.0
27928,0.0,0.0,0.0,0.0,0.0,0.0,0.0,0.0,0.0,0.0,0.0,0.0
27929,0.0,0.0,0.0,0.0,0.0,0.0,0.0,0.0,0.0,0.0,0.0,0.0
27930,0.0,0.0,0.0,0.0,0.0,0.0,0.0,0.0,0.0,0.0,0.0,0.0
27931,0.0,0.0,0.0,0.0,0.0,0.0,0.0,0.0,0.0,0.0,0.0,0.0
27932,0.0,0.0,0.0,0.0,0.0,0.0,0.0,0.0,0.0,0.0,0.0,0.0
27933,0.0,0.0,0.0,0.0,0.0,0.0,0.0,0.0,0.0,0.0,0.0,0.0
27934,0.0,0.0,0.0,0.0,0.0,0.0,0.0,0.0,0.0,0.0,0.0,0.0
27935,0.0,0.0,0.0,0.0,0.0,0.0,0.0,0.0,0.0,0.0,0.0,0.0
27936,0.0,0.0,0.0,0.0,0.0,0.0,0.0,0.0,0.0,0.0,0.0,0.0
27937,0.0,0.0,0.0,0.0,0.0,0.0,0.0,0.0,0.0,0.0,0.0,0.0
27938,0.0,0.0,0.0,0.0,0.0,0.0,0.0,0.0,0.0,0.0,0.0,0.0
27939,0.0,0.0,0.0,-26254.55681371689,-131835.70558547974,-262003.27118706703,-3531907.7850728035,-3940704.000281632,226576.0099759698,7937.958349227905,0.0,0.0
28019,0.0,0.0,0.0,0.0,0.0,0.0,0.0,0.0,0.0,0.0,0.0,0.0
28020,0.0,0.0,0.0,0.0,0.0,0.0,0.0,0.0,0.0,0.0,0.0,0.0
28021,0.0,0.0,0.0,-114.89203882217407,-213.94246518611908,-1205.488563284278,-1111.0221992060542,-802.5474566146731,-54.54742193967104,0.0,0.0,0.0
28022,0.0,0.0,0.0,67.01804733276367,927.0010738372803,21838.990948200226,40856.41397571564,30226.729771614075,9656.98273897171,298.1470398902893,0.0,0.0
28046,0.0,0.0,0.0,0.0,0.0,0.0,0.0,0.0,0.0,0.0,0.0,0.0
28118,0.0,0.0,0.0,-966375.7998302961,0.0,0.0,0.0,0.0,0.0,22635.357254770584,0.0,0.0
28132,0.0,0.0,0.0,0.0,0.0,0.0,0.0,0.0,0.0,0.0,0.0,0.0
28208,0.0,0.0,0.0,-282060.4230070114,-16849337.055788517,-32753800.245174408,-57232831.43340683,-71399738.49245071,-31315048.62016487,-2885813.5244112015,0.0,0.0
28221,0.0,0.0,0.0,0.0,0.0,0.0,0.0,0.0,0.0,0.0,0.0,0.0
28222,0.0,0.0,0.0,0.0,0.0,0.0,0.0,0.0,0.0,0.0,0.0,0.0
28224,0.0,0.0,0.0,0.0,0.0,0.0,0.0,0.0,0.0,0.0,0.0,0.0
28225,0.0,0.0,0.0,0.0,0.0,0.0,0.0,0.0,0.0,0.0,0.0,0.0
28226,0.0,0.0,0.0,0.0,0.0,0.0,0.0,0.0,0.0,0.0,0.0,0.0
28227,0.0,0.0,0.0,0.0,0.0,0.0,0.0,0.0,0.0,0.0,0.0,0.0
28332,0.0,0.0,0.0,2796.2360076904297,341997.3517303467,1599609.663444519,3030914.055541992,1038846.0234146118,469791.3653373718,0.0,0.0,0.0
28333,0.0,0.0,0.0,0.0,0.0,0.0,0.0,0.0,0.0,0.0,0.0,0.0
28345,0.0,0.0,0.0,0.0,0.0,0.0,0.0,0.0,0.0,0.0,0.0,0.0
28346,0.0,0.0,0.0,0.0,0.0,0.0,0.0,0.0,0.0,0.0,0.0,0.0
28347,0.0,0.0,0.0,0.0,0.0,0.0,0.0,0.0,0.0,0.0,0.0,0.0
28348,0.0,0.0,0.0,0.0,0.0,0.0,0.0,0.0,0.0,0.0,0.0,0.0
28349,0.0,0.0,0.0,0.0,0.0,0.0,0.0,0.0,0.0,0.0,0.0,0.0
28350,0.0,0.0,0.0,0.0,0.0,0.0,0.0,0.0,0.0,0.0,0.0,0.0
28351,0.0,0.0,0.0,0.0,0.0,0.0,0.0,0.0,0.0,0.0,0.0,0.0
28352,0.0,0.0,0.0,0.0,0.0,0.0,0.0,0.0,0.0,0.0,0.0,0.0
28353,0.0,0.0,0.0,0.0,0.0,0.0,0.0,0.0,0.0,0.0,0.0,0.0
28354,0.0,0.0,0.0,0.0,0.0,0.0,0.0,0.0,0.0,0.0,0.0,0.0
28355,0.0,0.0,0.0,0.0,0.0,0.0,0.0,0.0,0.0,0.0,0.0,0.0
28356,0.0,0.0,0.0,0.0,0.0,0.0,0.0,0.0,0.0,0.0,0.0,0.0
28357,0.0,0.0,0.0,0.0,0.0,0.0,0.0,0.0,0.0,0.0,0.0,0.0
28358,0.0,0.0,0.0,0.0,0.0,0.0,0.0,0.0,0.0,0.0,0.0,0.0
28359,0.0,0.0,0.0,0.0,0.0,-2014543.5234237835,-3614626.6063024253,-1892019.125,0.0,0.0,0.0,0.0
28424,0.0,0.0,0.0,0.0,0.0,0.0,0.0,0.0,0.0,0.0,0.0,0.0
28425,0.0,0.0,0.0,0.0,0.0,0.0,0.0,0.0,0.0,0.0,0.0,0.0
28426,0.0,0.0,0.0,135.91643857955933,383.6897282600403,705.0031107664108,-208.57740253210068,-112274.48724117875,-372594.3340059072,-95.86617846786976,0.0,0.0
28427,0.0,0.0,0.0,-3388.117872238159,158310.68957138062,532420.7298765182,1557759.185128212,1343391.1919941902,725860.7238950729,34469.694435596466,0.0,0.0
28434,0.0,0.0,0.0,0.0,0.0,0.0,0.0,0.0,0.0,0.0,0.0,0.0
28435,0.0,0.0,0.0,0.0,0.0,0.0,0.0,0.0,0.0,0.0,0.0,0.0
28436,0.0,0.0,0.0,0.0,0.0,0.0,0.0,0.0,0.0,0.0,0.0,0.0
28437,0.0,0.0,0.0,0.0,0.0,0.0,0.0,0.0,0.0,0.0,0.0,0.0
28438,0.0,0.0,0.0,0.0,0.0,0.0,0.0,0.0,0.0,0.0,0.0,0.0
28439,0.0,0.0,0.0,0.0,0.0,0.0,0.0,0.0,0.0,0.0,0.0,0.0
28440,0.0,0.0,0.0,0.0,0.0,0.0,0.0,0.0,0.0,0.0,0.0,0.0
28462,0.0,0.0,0.0,0.0,0.0,0.0,0.0,0.0,0.0,0.0,0.0,0.0
28463,0.0,0.0,0.0,0.0,0.0,0.0,0.0,0.0,0.0,0.0,0.0,0.0
28464,0.0,0.0,0.0,-236743.92477837764,-189459.203125,0.0,0.0,0.0,-420303.1083637411,0.0,0.0,0.0
28466,0.0,0.0,0.0,-795827.7952809036,-6334870.363234758,-20252678.17124641,-19466671.474289775,-9004461.388450176,-1685628.5045607686,0.0,0.0,0.0
28467,0.0,0.0,0.0,0.0,0.0,0.0,0.0,0.0,0.0,0.0,0.0,0.0
28468,0.0,0.0,0.0,0.0,0.0,0.0,0.0,0.0,0.0,0.0,0.0,0.0
28469,0.0,0.0,0.0,0.0,0.0,0.0,0.0,0.0,0.0,0.0,0.0,0.0
28480,0.0,0.0,0.0,0.0,0.0,0.0,0.0,0.0,0.0,0.0,0.0,0.0
28492,0.0,0.0,0.0,0.0,0.0,0.0,0.0,0.0,0.0,0.0,0.0,0.0
28524,0.0,0.0,0.0,-10204.288056612015,-202999.00258120894,-351600.66846980155,-582526.6311262846,-390774.22098352015,-85986.76807801425,-280.0590163692832,0.0,0.0
28549,0.0,0.0,0.0,0.0,0.0,0.0,0.0,0.0,0.0,0.0,0.0,0.0
28577,0.0,0.0,0.0,0.0,0.0,0.0,0.0,0.0,0.0,0.0,0.0,0.0
28578,0.0,0.0,0.0,0.0,0.0,0.0,0.0,0.0,0.0,0.0,0.0,0.0
28585,0.0,0.0,0.0,0.0,0.0,0.0,0.0,0.0,0.0,0.0,0.0,0.0
28590,0.0,0.0,0.0,0.0,0.0,0.0,0.0,0.0,0.0,0.0,0.0,0.0
28599,0.0,0.0,0.0,0.0,0.0,0.0,0.0,0.0,0.0,0.0,0.0,0.0
28639,0.0,0.0,0.0,0.0,0.0,0.0,0.0,0.0,0.0,0.0,0.0,0.0
28640,0.0,0.0,0.0,0.0,0.0,0.0,0.0,0.0,0.0,0.0,0.0,0.0
28642,0.0,0.0,0.0,0.0,0.0,0.0,0.0,0.0,0.0,0.0,0.0,0.0
28643,0.0,0.0,0.0,0.0,0.0,0.0,0.0,0.0,0.0,0.0,0.0,0.0
28644,0.0,0.0,0.0,0.0,0.0,0.0,0.0,0.0,0.0,0.0,0.0,0.0
28646,0.0,0.0,0.0,-1273884.3416099548,-8547504.38999176,-8860790.172992706,7689150.606422424,1191071.744972229,7423659.767220497,360356.7724838257,0.0,0.0
28764,0.0,0.0,0.0,0.0,0.0,0.0,0.0,0.0,0.0,0.0,0.0,0.0
28765,0.0,0.0,0.0,0.0,0.0,0.0,0.0,0.0,0.0,0.0,0.0,0.0
28766,0.0,0.0,0.0,0.0,0.0,0.0,0.0,0.0,0.0,0.0,0.0,0.0
28767,0.0,0.0,0.0,0.0,0.0,0.0,0.0,0.0,0.0,0.0,0.0,0.0
28768,0.0,0.0,0.0,0.0,0.0,0.0,0.0,0.0,0.0,0.0,0.0,0.0
28769,0.0,0.0,0.0,0.0,0.0,0.0,0.0,0.0,0.0,0.0,0.0,0.0
28770,0.0,0.0,0.0,0.0,0.0,0.0,0.0,0.0,0.0,0.0,0.0,0.0
28771,0.0,0.0,0.0,0.0,0.0,0.0,0.0,0.0,0.0,0.0,0.0,0.0
28772,0.0,0.0,0.0,0.0,0.0,0.0,0.0,0.0,0.0,0.0,0.0,0.0
28773,0.0,0.0,0.0,0.0,0.0,0.0,0.0,0.0,0.0,0.0,0.0,0.0
28774,0.0,0.0,0.0,0.0,0.0,0.0,0.0,-25966.03515625,0.0,0.0,0.0,0.0
28775,0.0,0.0,0.0,295.7109380364418,-521192.75847673416,-1686445.0224585459,55734.28106210381,-1475040.34588328,-731564.0806260072,0.0,0.0,0.0
28838,0.0,0.0,0.0,2677.170295715332,-46899.65471601486,-114456.97401821613,-607423.8700771332,-548950.902162075,-6331.538265705109,-236.373433470726,0.0,0.0
28839,0.0,0.0,0.0,0.0,0.0,0.0,0.0,0.0,0.0,0.0,0.0,0.0
28840,0.0,0.0,0.0,0.0,0.0,0.0,0.0,0.0,0.0,0.0,0.0,0.0
28841,0.0,0.0,0.0,251.39498213445768,1350.7422322425991,0.0,0.0,0.0,1091.036502001807,0.0,0.0,0.0
28842,0.0,0.0,0.0,-868.2933875743765,-11722.69914872665,-685.7305297851562,0.0,0.0,-4027.6462741538417,0.0,0.0,0.0
28843,0.0,0.0,0.0,247.46882471255958,0.0,0.0,0.0,0.0,121.32054216065444,0.0,0.0,0.0
28844,0.0,0.0,0.0,-2043.9884238643572,-6892.123736133799,-31132.398332545534,-19647.4609375,-28746.396484375,-960.4148906660266,0.0,0.0,0.0
28845,0.0,0.0,0.0,-2616.866336043924,-11644.692799374461,-28917.42324629426,-44215.938970312476,-25865.081625450402,-891.5541261211038,0.0,0.0,0.0
28846,0.0,0.0,0.0,-1200.212478980422,0.0,0.0,0.0,0.0,96071.98781174794,0.0,0.0,0.0
28847,0.0,0.0,0.0,0.0,0.0,0.0,0.0,0.0,0.0,0.0,0.0,0.0
28848,0.0,0.0,0.0,0.0,0.0,0.0,0.0,0.0,0.0,0.0,0.0,0.0
28849,0.0,0.0,0.0,0.0,0.0,0.0,0.0,0.0,0.0,0.0,0.0,0.0
28850,0.0,0.0,0.0,0.0,0.0,0.0,0.0,0.0,0.0,0.0,0.0,0.0
28871,0.0,0.0,0.0,407.38416059245355,0.0,0.0,0.0,1439.469843114959,252.35186880890979,0.0,0.0,0.0
28872,0.0,0.0,0.0,0.0,0.0,0.0,0.0,0.0,0.0,0.0,0.0,0.0
28880,0.0,0.0,0.0,0.0,0.0,0.0,0.0,0.0,0.0,0.0,0.0,0.0
28937,0.0,0.0,0.0,-115005.3077159524,-718817.6629608572,0.0,0.0,0.0,-10506.845411559567,-329.2592985481024,0.0,0.0
28964,0.0,0.0,0.0,0.0,46236.604362953454,104902.26804786641,113771.97034175647,99613.69432893582,50900.930240299145,21107.355248186155,0.0,0.0
28981,0.0,0.0,0.0,0.0,0.0,0.0,0.0,0.0,0.0,0.0,0.0,0.0
28984,0.0,0.0,0.0,0.0,0.0,0.0,0.0,0.0,0.0,0.0,0.0,0.0
28987,0.0,0.0,0.0,0.0,0.0,0.0,0.0,0.0,0.0,0.0,0.0,0.0
28998,0.0,0.0,0.0,0.0,0.0,0.0,0.0,0.0,0.0,0.0,0.0,0.0
29049,0.0,0.0,0.0,0.0,0.0,0.0,0.0,0.0,0.0,0.0,0.0,0.0
29050,0.0,0.0,0.0,0.0,0.0,0.0,0.0,0.0,0.0,0.0,0.0,0.0
29051,0.0,0.0,0.0,0.0,0.0,0.0,0.0,0.0,0.0,0.0,0.0,0.0
29052,0.0,0.0,0.0,0.0,0.0,0.0,0.0,0.0,0.0,0.0,0.0,0.0
29053,0.0,0.0,0.0,0.0,0.0,0.0,0.0,0.0,0.0,0.0,0.0,0.0
29055,0.0,0.0,0.0,0.0,0.0,0.0,0.0,0.0,0.0,0.0,0.0,0.0
29056,0.0,0.0,0.0,0.0,7910.2979388237,58986.701586186886,118762.00386759639,75142.54536309838,17145.576281413436,0.0,0.0,0.0
29174,0.0,0.0,0.0,0.0,0.0,0.0,0.0,0.0,0.0,0.0,0.0,0.0
29175,0.0,0.0,0.0,0.0,0.0,0.0,0.0,0.0,0.0,0.0,0.0,0.0
29176,0.0,0.0,0.0,0.0,0.0,0.0,0.0,0.0,0.0,0.0,0.0,0.0
29177,0.0,0.0,0.0,0.0,0.0,0.0,0.0,0.0,0.0,0.0,0.0,0.0
29178,0.0,0.0,0.0,0.0,0.0,0.0,0.0,0.0,0.0,0.0,0.0,0.0
29179,0.0,0.0,0.0,0.0,0.0,0.0,0.0,0.0,0.0,0.0,0.0,0.0
29180,0.0,0.0,0.0,0.0,0.0,0.0,0.0,0.0,0.0,0.0,0.0,0.0
29181,0.0,0.0,0.0,0.0,0.0,0.0,0.0,0.0,0.0,0.0,0.0,0.0
29182,0.0,0.0,0.0,0.0,0.0,0.0,0.0,0.0,0.0,0.0,0.0,0.0
29183,0.0,0.0,0.0,0.0,0.0,0.0,0.0,0.0,0.0,0.0,0.0,0.0
29184,0.0,0.0,0.0,0.0,0.0,0.0,0.0,0.0,0.0,0.0,0.0,0.0
29185,0.0,0.0,0.0,543.4706788063049,-176255.00411748886,-2500239.268694669,-5216995.457160227,-2714446.088296633,-1542349.8307976127,-281793.75603980944,0.0,0.0
29213,0.0,0.0,0.0,113655.1754887104,1740827.1262607574,921494.3925058842,2833472.194913447,2577493.3417242467,302053.27372193336,7236.414199739695,0.0,0.0
29214,0.0,0.0,0.0,79229.39968180656,1200503.971562922,1054462.693404913,1579543.7585618496,1406504.5090059638,54891.7567730844,0.0,0.0,0.0
29215,0.0,0.0,0.0,0.0,118518.5386602357,98162.3728095144,155817.631406866,165441.2418532595,4630.921052068472,0.0,0.0,0.0
29247,0.0,0.0,0.0,623.6992484927177,3895.616831764579,12339.919430077076,12797.686464205384,9908.251451916993,1942.5827141404152,88.72992312163115,0.0,0.0
29248,0.0,0.0,0.0,0.0,0.0,0.0,0.0,0.0,0.0,0.0,0.0,0.0
29249,0.0,0.0,0.0,0.0,0.0,0.0,0.0,0.0,0.0,0.0,0.0,0.0
29250,0.0,0.0,0.0,-1916.4537607249804,0.0,0.0,0.0,0.0,0.0,0.0,0.0,0.0
29251,0.0,0.0,0.0,-1875.1664352403022,0.0,0.0,0.0,0.0,-290.48834228515625,0.0,0.0,0.0
29253,0.0,0.0,0.0,0.0,0.0,0.0,0.0,0.0,0.0,0.0,0.0,0.0
29254,0.0,0.0,0.0,-695.1502293944359,-4327.399211935699,-19851.790708839893,-21448.95251544006,0.0,-8160.444611932151,-902.2057486027479,0.0,0.0
29255,0.0,0.0,0.0,87.8653139770031,3671.3367829322815,736661.5811410844,1369578.848143205,1890685.374876842,707724.2428769469,119047.18246214092,0.0,0.0
29275,0.0,0.0,0.0,-297.19792331475765,-979.3338278010488,-2160.2650669813156,0.0,0.0,-176.28685800288804,0.0,0.0,0.0
29276,0.0,0.0,0.0,0.0,0.0,0.0,0.0,0.0,0.0,0.0,0.0,0.0
29277,0.0,0.0,0.0,319.0806293487549,866.9337768554688,-10087.487102508545,-12061.94889831543,750.2523155212402,392.1370677947998,0.13477325439453125,0.0,0.0
29284,0.0,0.0,0.0,0.0,0.0,0.0,0.0,0.0,0.0,0.0,0.0,0.0
29285,0.0,0.0,0.0,0.0,0.0,0.0,0.0,0.0,0.0,0.0,0.0,0.0
29294,0.0,0.0,0.0,0.0,0.0,0.0,0.0,0.0,0.0,0.0,0.0,0.0
29301,0.0,0.0,160759.8440796733,418021.757088542,-3502736.949263096,-1275632.05618006,-2426606.4440253675,-1305059.9353093654,389350.32690665126,11930.950246617198,-66.7604561522603,0.0
29312,0.0,0.0,0.0,0.0,0.0,0.0,0.0,0.0,0.0,0.0,0.0,0.0
29327,0.0,0.0,-11680.189701199532,1755128.137925148,11920994.406103134,17035072.378704786,19553875.03235972,12997925.588175893,79007.10523748398,-24742.544569969177,0.0,0.0
29351,0.0,0.0,-6488.757064521313,-599137.813013941,0.0,0.0,0.0,0.0,-203592.93516790308,0.0,0.0,0.0
29363,0.0,0.0,0.0,3097.046629888937,14766.080874758307,33919.79072401469,37760.328484267,31789.79795992514,68101.49881195731,0.0,0.0,0.0
29374,0.0,0.0,0.0,0.0,0.0,0.0,0.0,0.0,0.0,0.0,0.0,0.0
29378,0.0,0.0,0.0,0.0,0.0,0.0,0.0,0.0,0.0,0.0,0.0,0.0
29389,0.0,0.0,0.0,0.0,0.0,0.0,0.0,0.0,0.0,0.0,0.0,0.0
29391,0.0,0.0,0.0,0.0,0.0,0.0,0.0,0.0,0.0,0.0,0.0,0.0
29397,0.0,0.0,0.0,0.0,0.0,0.0,0.0,0.0,0.0,0.0,0.0,0.0
29405,0.0,0.0,0.0,0.0,0.0,0.0,0.0,0.0,0.0,0.0,0.0,0.0
29407,0.0,0.0,0.0,0.0,0.0,0.0,0.0,0.0,0.0,0.0,0.0,0.0
29416,0.0,0.0,0.0,0.0,0.0,0.0,0.0,0.0,0.0,0.0,0.0,0.0
29454,0.0,0.0,0.0,0.0,0.0,0.0,0.0,0.0,0.0,0.0,0.0,0.0
29455,0.0,0.0,0.0,0.0,0.0,0.0,0.0,0.0,0.0,0.0,0.0,0.0
29457,0.0,0.0,0.0,0.0,0.0,0.0,0.0,0.0,0.0,0.0,0.0,0.0
29458,0.0,0.0,0.0,0.0,0.0,0.0,0.0,0.0,0.0,0.0,0.0,0.0
29459,0.0,0.0,0.0,0.0,0.0,0.0,0.0,0.0,0.0,0.0,0.0,0.0
29573,0.0,0.0,0.0,0.0,0.0,0.0,0.0,0.0,0.0,0.0,0.0,0.0
29574,0.0,0.0,0.0,0.0,0.0,0.0,0.0,0.0,0.0,0.0,0.0,0.0
29575,0.0,0.0,0.0,0.0,0.0,0.0,0.0,0.0,0.0,0.0,0.0,0.0
29576,0.0,0.0,0.0,0.0,0.0,0.0,0.0,0.0,0.0,0.0,0.0,0.0
29577,0.0,0.0,0.0,0.0,0.0,0.0,0.0,0.0,0.0,0.0,0.0,0.0
29578,0.0,0.0,0.0,0.0,0.0,0.0,0.0,0.0,0.0,0.0,0.0,0.0
29579,0.0,0.0,0.0,0.0,0.0,0.0,0.0,0.0,0.0,0.0,0.0,0.0
29583,0.0,0.0,0.0,0.0,0.0,0.0,0.0,0.0,0.0,0.0,0.0,0.0
29584,0.0,0.0,0.0,0.0,0.0,0.0,0.0,0.0,0.0,0.0,0.0,0.0
29585,0.0,0.0,0.0,0.0,0.0,0.0,0.0,0.0,0.0,0.0,0.0,0.0
29586,0.0,0.0,0.0,-2935.8229808807373,-318831.84503364563,-1273801.3799943924,-1224353.0616189241,-790823.6457173824,-195622.75560617447,2168.464704632759,0.0,0.0
29612,0.0,0.0,0.0,-44222.88786649704,-1363798.468082428,-2095427.2106080055,-2865708.6864812374,-8680211.043341696,-4368353.3953973055,-1558492.4051604867,-25959.330990970135,0.0
29613,0.0,0.0,0.0,0.0,0.0,0.0,0.0,0.0,0.0,0.0,0.0,0.0
29614,0.0,0.0,0.0,0.0,0.0,0.0,0.0,0.0,0.0,0.0,0.0,0.0
29615,0.0,0.0,0.0,0.0,0.0,0.0,0.0,0.0,0.0,0.0,0.0,0.0
29616,0.0,0.0,0.0,0.0,0.0,0.0,0.0,0.0,0.0,0.0,0.0,0.0
29646,0.0,0.0,0.0,190860.19569778442,720145.2039031982,1898856.6135196686,-4321101.973962784,-3758001.8723449707,-3855855.9431877136,-402754.0288763046,0.0,0.0
29647,0.0,0.0,0.0,0.0,0.0,-16406.955078125,-55.1852912902832,-19.975725173950195,0.0,0.0,0.0,0.0
29648,0.0,0.0,0.0,1951.3371362620965,6547.549877014011,13780.32068005018,0.0,9712.34613610059,3043.3095149043947,0.0,0.0,0.0
29652,0.0,0.0,0.0,0.0,0.0,0.0,0.0,0.0,0.0,0.0,0.0,0.0
29653,0.0,0.0,0.0,0.0,0.0,0.0,0.0,0.0,0.0,0.0,0.0,0.0
29654,0.0,0.0,0.0,-65.76999772433192,-234.50684677949175,-754.1061844262294,-301.2640075683594,-0.00657174177467823,-114.63428602507338,0.0,0.0,0.0
29655,0.0,0.0,0.0,0.0,0.0,0.0,0.0,0.0,0.0,0.0,0.0,0.0
29656,0.0,0.0,0.0,40186.360818862915,78675.46435523033,652223.2331869602,990366.9576222897,482764.2873259783,61107.985494315624,1740.8033422231674,0.0,0.0
29676,0.0,0.0,0.0,0.0,0.0,0.0,0.0,0.0,0.0,0.0,0.0,0.0
29677,0.0,0.0,0.0,0.0,-310.4755430598743,-1567.8679329007864,-4783.830839143135,-1085.6794395940378,-632.0295419010799,0.0,0.0,0.0
29685,0.0,0.0,0.0,0.0,0.0,0.0,0.0,0.0,0.0,0.0,0.0,0.0
29686,0.0,0.0,0.0,0.0,0.0,0.0,0.0,0.0,0.0,0.0,0.0,0.0
29687,0.0,0.0,0.0,0.0,0.0,0.0,0.0,0.0,0.0,0.0,0.0,0.0
29702,0.0,-397.4953029155731,-1238266.5705022812,-7026866.914378166,-21399099.279727936,-32429667.40250802,-10730813.233208545,-4254641.579479143,389350.32690665126,-80695.33020350337,-1458.1071348190308,0.0
29714,0.0,0.0,-19.563066005706787,-156189.970911026,-1595910.3300418854,-2036106.222841978,-1060019.2638863325,-1125805.0333853364,73253.58627690375,1976.2315326929092,0.0,0.0
29770,0.0,0.0,0.0,0.0,0.0,0.0,0.0,0.0,0.0,0.0,0.0,0.0
29778,0.0,0.0,0.0,0.0,0.0,0.0,0.0,0.0,0.0,0.0,0.0,0.0
29781,0.0,0.0,0.0,0.0,0.0,0.0,0.0,0.0,0.0,0.0,0.0,0.0
29783,0.0,0.0,0.0,0.0,0.0,0.0,0.0,0.0,0.0,0.0,0.0,0.0
29784,0.0,0.0,0.0,0.0,0.0,0.0,0.0,0.0,0.0,0.0,0.0,0.0
29786,0.0,0.0,0.0,0.0,0.0,0.0,0.0,0.0,0.0,0.0,0.0,0.0
29787,0.0,0.0,0.0,0.0,0.0,0.0,0.0,0.0,0.0,0.0,0.0,0.0
29794,0.0,0.0,0.0,0.0,0.0,0.0,0.0,0.0,0.0,0.0,0.0,0.0
29796,0.0,0.0,0.0,0.0,0.0,0.0,0.0,0.0,0.0,0.0,0.0,0.0
29797,0.0,0.0,0.0,0.0,0.0,0.0,0.0,0.0,0.0,0.0,0.0,0.0
29800,0.0,0.0,0.0,0.0,0.0,0.0,0.0,0.0,0.0,0.0,0.0,0.0
29802,0.0,0.0,0.0,0.0,0.0,0.0,0.0,0.0,0.0,0.0,0.0,0.0
29807,0.0,0.0,0.0,0.0,0.0,0.0,0.0,0.0,0.0,0.0,0.0,0.0
29815,0.0,0.0,0.0,0.0,-4878.189561473206,0.0,0.0,0.0,0.0,0.0,0.0,0.0
29855,0.0,0.0,0.0,0.0,0.0,0.0,0.0,0.0,0.0,0.0,0.0,0.0
29856,0.0,0.0,0.0,0.0,0.0,0.0,0.0,0.0,0.0,0.0,0.0,0.0
29859,0.0,0.0,0.0,0.0,0.0,0.0,0.0,0.0,0.0,0.0,0.0,0.0
29860,0.0,0.0,0.0,0.0,0.0,0.0,0.0,0.0,0.0,0.0,0.0,0.0
29861,0.0,0.0,0.0,0.0,0.0,0.0,0.0,0.0,0.0,0.0,0.0,0.0
29862,0.0,0.0,0.0,0.0,0.0,0.0,0.0,0.0,0.0,0.0,0.0,0.0
29863,0.0,0.0,0.0,0.0,0.0,0.0,0.0,0.0,0.0,0.0,0.0,0.0
29864,0.0,0.0,0.0,0.0,0.0,0.0,0.0,0.0,0.0,0.0,0.0,0.0
29865,0.0,0.0,0.0,0.0,0.0,0.0,0.0,0.0,0.0,0.0,0.0,0.0
29978,0.0,0.0,0.0,0.0,0.0,0.0,0.0,0.0,0.0,0.0,0.0,0.0
29979,0.0,0.0,0.0,0.0,0.0,0.0,0.0,0.0,0.0,0.0,0.0,0.0
29980,0.0,0.0,0.0,0.0,0.0,0.0,0.0,0.0,0.0,0.0,0.0,0.0
29981,0.0,0.0,0.0,0.0,0.0,0.0,0.0,0.0,0.0,0.0,0.0,0.0
29983,0.0,0.0,0.0,0.0,0.0,0.0,0.0,0.0,0.0,0.0,0.0,0.0
29984,0.0,0.0,0.0,0.0,0.0,0.0,0.0,0.0,0.0,0.0,0.0,0.0
29985,0.0,0.0,0.0,0.0,0.0,0.0,0.0,0.0,0.0,0.0,0.0,0.0
29986,0.0,0.0,0.0,0.0,0.0,0.0,0.0,0.0,0.0,0.0,0.0,0.0
29987,0.0,0.0,0.0,0.0,0.0,0.0,0.0,0.0,0.0,0.0,0.0,0.0
29988,0.0,0.0,0.0,0.0,1592.5042685717344,6312.745846644044,5265.377902593464,4486.114125728607,927.0586936809123,0.0,0.0,0.0
30015,0.0,0.0,0.0,956718.5027065277,33902372.43533516,49491850.597792625,62843031.96340275,48209549.86583805,8169778.24546957,149034.74131393433,-5.0268707275390625,0.0
30016,0.0,0.0,0.0,0.0,0.0,0.0,0.0,0.0,0.0,0.0,0.0,0.0
30017,0.0,0.0,0.0,0.0,0.0,0.0,0.0,0.0,0.0,0.0,0.0,0.0
30018,0.0,0.0,0.0,0.0,0.0,0.0,0.0,0.0,0.0,0.0,0.0,0.0
30019,0.0,0.0,0.0,0.0,0.0,0.0,0.0,0.0,0.0,0.0,0.0,0.0
30047,0.0,0.0,0.0,0.0,0.0,0.0,0.0,0.0,0.0,0.0,0.0,0.0
30048,0.0,0.0,0.0,0.0,0.0,0.0,0.0,0.0,0.0,0.0,0.0,0.0
30049,0.0,0.0,0.0,0.0,-1.3797181844711304,0.0,-567.8042602539062,0.0,0.0,0.0,0.0,0.0
30050,0.0,0.0,0.0,0.0,-3167.810241056606,0.0,-3388.90576171875,0.0,0.0,0.0,0.0,0.0
30051,0.0,0.0,0.0,0.0,0.0,0.0,0.0,0.0,0.0,0.0,0.0,0.0
30052,0.0,0.0,0.0,0.0,0.0,0.0,0.0,0.0,0.0,0.0,0.0,0.0
30053,0.0,0.0,0.0,0.0,0.0,0.0,0.0,0.0,0.0,0.0,0.0,0.0
30054,0.0,0.0,0.0,0.0,0.0,0.0,0.0,0.0,0.0,0.0,0.0,0.0
30055,0.0,0.0,0.0,0.0,0.0,0.0,0.0,0.0,0.0,0.0,0.0,0.0
30073,0.0,0.0,0.0,2830.507261157036,9816.902742058039,38923.924885332584,50638.4446670413,18299.822961330414,7629.756326705217,42.725122183561325,0.0,0.0
30074,0.0,0.0,0.0,0.0,0.0,0.0,-3362.815577186644,0.0,-950.0318094342947,0.0,0.0,0.0
30080,0.0,0.0,0.0,0.0,0.0,0.0,0.0,0.0,0.0,0.0,0.0,0.0
30081,0.0,0.0,0.0,0.0,0.0,0.0,0.0,0.0,0.0,0.0,0.0,0.0
30082,0.0,0.0,0.0,0.0,0.0,0.0,0.0,0.0,0.0,0.0,0.0,0.0
30099,0.0,-397.4953029155731,-1097509.9758806229,-5146029.692543983,-12604115.9634161,-24016138.3952775,-767395.4768176675,115811.1752941832,0.0,-92626.28045013547,-1391.3466787338257,0.0
30142,0.0,0.0,0.0,-1097.823753207922,-13303.501905886456,-40514.99168976396,-76845.17117638513,-62185.07877201587,0.0,0.0,0.0,0.0
30145,0.0,0.0,-0.07811345160007477,-190877.50962215662,-1501779.6124580503,0.0,0.0,0.0,0.0,-145.43002812750638,0.0,0.0
30157,0.0,0.0,0.0,0.0,0.0,0.0,-64424.1484375,0.0,0.0,0.0,0.0,0.0
30159,0.0,0.0,0.0,0.0,0.0,0.0,0.0,-79188.0625,0.0,0.0,0.0,0.0
30160,0.0,0.0,0.0,0.0,-4023757.539583221,0.0,-2375747.75,-58452.53515625,0.0,0.0,0.0,0.0
30162,0.0,0.0,0.0,0.0,0.0,0.0,0.0,0.0,0.0,0.0,0.0,0.0
30163,0.0,0.0,0.0,0.0,0.0,0.0,0.0,0.0,0.0,0.0,0.0,0.0
30165,0.0,0.0,0.0,0.0,0.0,0.0,0.0,0.0,0.0,0.0,0.0,0.0
30172,0.0,0.0,0.0,0.0,0.0,0.0,0.0,0.0,0.0,0.0,0.0,0.0
30178,0.0,0.0,0.0,0.0,0.0,0.0,0.0,0.0,0.0,0.0,0.0,0.0
30187,0.0,0.0,0.0,0.0,0.0,0.0,0.0,0.0,0.0,0.0,0.0,0.0
30192,0.0,0.0,0.0,0.0,0.0,0.0,0.0,0.0,0.0,0.0,0.0,0.0
30194,0.0,0.0,0.0,0.0,0.0,0.0,0.0,0.0,0.0,0.0,0.0,0.0
30196,0.0,0.0,0.0,0.0,0.0,0.0,0.0,0.0,0.0,0.0,0.0,0.0
30197,0.0,0.0,0.0,0.0,0.0,0.0,0.0,0.0,0.0,0.0,0.0,0.0
30199,0.0,0.0,0.0,0.0,0.0,0.0,0.0,0.0,0.0,0.0,0.0,0.0
30200,0.0,0.0,0.0,0.0,0.0,0.0,0.0,0.0,0.0,0.0,0.0,0.0
30202,0.0,0.0,0.0,0.0,0.0,0.0,0.0,0.0,0.0,0.0,0.0,0.0
30206,0.0,0.0,0.0,0.0,0.0,0.0,0.0,0.0,0.0,0.0,0.0,0.0
30252,0.0,0.0,0.0,0.0,0.0,0.0,0.0,0.0,0.0,0.0,0.0,0.0
30253,0.0,0.0,0.0,0.0,0.0,1817.2539842128754,3179.522348880768,17060.947137773037,6782.4588614702225,0.0,0.0,0.0
30255,0.0,0.0,0.0,0.0,0.0,0.0,0.0,0.0,0.0,0.0,0.0,0.0
30258,0.0,0.0,0.0,0.0,0.0,0.0,0.0,0.0,0.0,0.0,0.0,0.0
30259,0.0,0.0,0.0,0.0,0.0,0.0,0.0,0.0,0.0,0.0,0.0,0.0
30260,0.0,0.0,0.0,0.0,0.0,0.0,0.0,0.0,0.0,0.0,0.0,0.0
30371,0.0,0.0,0.0,0.0,0.0,0.0,0.0,0.0,0.0,0.0,0.0,0.0
30372,0.0,0.0,0.0,0.0,0.0,0.0,0.0,0.0,0.0,0.0,0.0,0.0
30373,0.0,0.0,0.0,0.0,0.0,0.0,0.0,0.0,0.0,0.0,0.0,0.0
30374,0.0,0.0,0.0,0.0,0.0,0.0,0.0,0.0,0.0,0.0,0.0,0.0
30377,0.0,0.0,0.0,0.0,0.0,0.0,0.0,0.0,0.0,0.0,0.0,0.0
30378,0.0,0.0,0.0,0.0,0.0,0.0,0.0,0.0,0.0,0.0,0.0,0.0
30379,0.0,0.0,0.0,0.0,0.0,0.0,0.0,0.0,0.0,0.0,0.0,0.0
30380,0.0,0.0,0.0,0.0,0.0,0.0,0.0,0.0,0.0,0.0,0.0,0.0
30399,0.0,0.0,0.0,0.0,0.0,0.0,0.0,0.0,0.0,0.0,0.0,0.0
30400,0.0,0.0,0.0,0.0,0.0,0.0,0.0,0.0,0.0,0.0,0.0,0.0
30401,0.0,0.0,0.0,0.0,0.0,0.0,0.0,0.0,0.0,0.0,0.0,0.0
30402,0.0,0.0,0.0,0.0,0.0,0.0,0.0,0.0,0.0,0.0,0.0,0.0
30407,0.0,0.0,0.0,-8600.76459992677,-241872.11029802635,-361482.6649024561,0.0,0.0,-42240.689723150805,0.0,0.0,0.0
30408,0.0,0.0,0.0,0.0,0.0,0.0,0.0,0.0,0.0,0.0,0.0,0.0
30409,0.0,0.0,0.0,0.0,-6140.845561698079,-6740.555448040366,-15210.528611674905,-12003.769212067127,-1481.6085109338164,0.0,0.0,0.0
30436,0.0,0.0,0.0,0.0,0.0,0.0,0.0,0.0,0.0,0.0,0.0,0.0
30437,0.0,0.0,0.0,0.0,0.0,0.0,0.0,0.0,0.0,0.0,0.0,0.0
30438,0.0,0.0,0.0,0.0,0.0,0.0,0.0,0.0,0.0,0.0,0.0,0.0
30439,0.0,0.0,0.0,0.0,0.0,0.0,0.0,0.0,0.0,0.0,0.0,0.0
30440,0.0,0.0,0.0,0.0,0.0,0.0,0.0,0.0,0.0,0.0,0.0,0.0
30457,0.0,0.0,0.0,14627.937550643459,687.1364437306765,0.0,0.0,67903.82810164266,19608.423781717487,0.0,0.0,0.0
30458,0.0,0.0,0.0,0.0,0.0,0.0,0.0,0.0,0.0,0.0,0.0,0.0
30463,0.0,0.0,0.0,0.0,0.0,0.0,0.0,0.0,0.0,0.0,0.0,0.0
30464,0.0,0.0,0.0,0.0,0.0,0.0,0.0,0.0,0.0,0.0,0.0,0.0
30502,0.0,0.0,21339.61264538765,-154288.6901795864,-1347552.54616189,-2773301.0344343185,-1277210.5426102951,-548595.0505908187,0.0,0.0,0.0,0.0
30550,0.0,0.0,0.0,0.0,0.0,0.0,-4865518.167625964,-134877.50401290506,0.0,0.0,0.0,0.0
30558,0.0,0.0,0.0,0.0,0.0,0.0,0.0,0.0,0.0,0.0,0.0,0.0
30566,0.0,0.0,0.0,0.0,0.0,0.0,0.0,0.0,0.0,0.0,0.0,0.0
30573,0.0,0.0,0.0,0.0,0.0,0.0,0.0,0.0,0.0,0.0,0.0,0.0
30575,0.0,0.0,0.0,0.0,0.0,0.0,0.0,0.0,0.0,0.0,0.0,0.0
30583,0.0,0.0,0.0,0.0,0.0,0.0,0.0,0.0,0.0,0.0,0.0,0.0
30586,0.0,0.0,0.0,0.0,0.0,0.0,0.0,0.0,0.0,0.0,0.0,0.0
30590,0.0,0.0,0.0,0.0,0.0,0.0,0.0,0.0,0.0,0.0,0.0,0.0
30634,0.0,0.0,0.0,0.0,0.0,0.0,0.0,0.0,0.0,0.0,0.0,0.0
30635,0.0,0.0,0.0,0.0,0.0,1703.7952431589365,2140.853036597371,10003.000940077007,2765.2518981844187,0.0,0.0,0.0
30638,0.0,0.0,0.0,0.0,0.0,0.0,0.0,0.0,0.0,0.0,0.0,0.0
30639,0.0,0.0,0.0,0.0,0.0,0.0,0.0,0.0,0.0,0.0,0.0,0.0
30640,0.0,0.0,0.0,0.0,0.0,920.746493652463,851.1261311024427,4888.435083076358,730.2694008201361,0.0,0.0,0.0
30642,0.0,0.0,0.0,0.0,0.0,0.0,0.0,0.0,0.0,0.0,0.0,0.0
30643,0.0,0.0,0.0,0.0,0.0,0.0,0.0,0.0,0.0,0.0,0.0,0.0
30644,0.0,0.0,0.0,0.0,0.0,0.0,0.0,0.0,0.0,0.0,0.0,0.0
30645,0.0,0.0,0.0,0.0,0.0,-1471369.913546443,-4225332.8357465565,-3381843.8660882413,-2051349.6776959747,0.0,0.0,0.0
30753,0.0,0.0,0.0,0.0,0.0,0.0,0.0,0.0,0.0,0.0,0.0,0.0
30754,0.0,0.0,0.0,0.0,0.0,0.0,0.0,0.0,0.0,0.0,0.0,0.0
30755,0.0,0.0,0.0,0.0,0.0,0.0,0.0,0.0,0.0,0.0,0.0,0.0
30756,0.0,0.0,0.0,0.0,0.0,0.0,0.0,0.0,0.0,0.0,0.0,0.0
30757,0.0,0.0,0.0,0.0,0.0,0.0,0.0,0.0,0.0,0.0,0.0,0.0
30758,0.0,0.0,0.0,0.0,0.0,0.0,0.0,0.0,0.0,0.0,0.0,0.0
30759,0.0,0.0,0.0,0.0,0.0,0.0,0.0,0.0,0.0,0.0,0.0,0.0
30760,0.0,0.0,0.0,0.0,0.0,0.0,0.0,0.0,0.0,0.0,0.0,0.0
30761,0.0,0.0,0.0,0.0,0.0,0.0,0.0,0.0,0.0,0.0,0.0,0.0
30762,0.0,0.0,0.0,0.0,0.0,0.0,0.0,0.0,0.0,0.0,0.0,0.0
30763,0.0,0.0,0.0,0.0,0.0,0.0,0.0,0.0,0.0,0.0,0.0,0.0
30764,0.0,0.0,0.0,0.0,26790.372946977615,141377.70547103882,181753.36470261216,159858.36913892627,44864.08207282424,4355.904174298048,0.0,0.0
30781,0.0,0.0,0.0,0.0,0.0,0.0,0.0,0.0,0.0,0.0,0.0,0.0
30782,0.0,0.0,0.0,0.0,0.0,0.0,0.0,0.0,0.0,0.0,0.0,0.0
30783,0.0,0.0,0.0,0.0,0.0,0.0,0.0,0.0,0.0,0.0,0.0,0.0
30784,0.0,0.0,0.0,0.0,283171.8087027073,361721.42722103,570861.175532639,430671.09683446586,79501.30075840652,0.0,0.0,0.0
30790,0.0,0.0,0.0,18725.90277263522,170257.11731430143,174583.28470861167,331247.600029096,199702.6819815021,25252.68720800802,0.0,0.0,0.0
30791,0.0,0.0,0.0,0.0,0.0,0.0,0.0,0.0,0.0,0.0,0.0,0.0
30792,0.0,0.0,0.0,0.0,0.0,0.0,0.0,0.0,0.0,0.0,0.0,0.0
30793,0.0,0.0,0.0,-282.13220167160034,-7840.673723444343,-5118.90592032671,-11318.01272636652,-6223.212898604572,0.0,0.0,0.0,0.0
30819,0.0,0.0,0.0,0.0,0.0,0.0,0.0,0.0,0.0,0.0,0.0,0.0
30820,0.0,0.0,0.0,0.0,0.0,0.0,0.0,0.0,0.0,0.0,0.0,0.0
30836,0.0,0.0,0.0,200571.08519554138,1645908.2534723282,4881986.58501339,7422200.663797855,3805155.3256635666,1675075.6076686382,858.4680690765381,0.0,0.0
30844,0.0,0.0,0.0,0.0,0.0,0.0,0.0,0.0,0.0,0.0,0.0,0.0
30925,0.0,0.0,0.0,0.0,0.0,0.0,0.0,0.0,0.0,0.0,0.0,0.0
30927,0.0,0.0,0.0,-187248.5310438946,-1065301.25,0.0,0.0,-3484774.75,-729232.5967760533,0.0,0.0,0.0
30932,0.0,0.0,0.0,0.0,0.0,0.0,0.0,0.0,0.0,0.0,0.0,0.0
30937,0.0,0.0,0.0,0.0,0.0,0.0,0.0,0.0,0.0,0.0,0.0,0.0
30940,0.0,0.0,0.0,0.0,0.0,0.0,0.0,0.0,0.0,0.0,0.0,0.0
30947,0.0,0.0,0.0,0.0,0.0,0.0,0.0,0.0,0.0,0.0,0.0,0.0
30950,0.0,0.0,0.0,0.0,0.0,0.0,0.0,0.0,0.0,0.0,0.0,0.0
30958,0.0,0.0,0.0,0.0,0.0,0.0,0.0,0.0,0.0,0.0,0.0,0.0
30960,0.0,0.0,0.0,0.0,0.0,0.0,0.0,0.0,0.0,0.0,0.0,0.0
30963,0.0,0.0,0.0,0.0,0.0,0.0,0.0,0.0,0.0,0.0,0.0,0.0
30966,0.0,0.0,0.0,0.0,0.0,0.0,0.0,0.0,0.0,0.0,0.0,0.0
30968,0.0,0.0,0.0,0.0,0.0,0.0,0.0,0.0,0.0,0.0,0.0,0.0
31012,0.0,0.0,0.0,0.0,0.0,0.0,0.0,0.0,0.0,0.0,0.0,0.0
31013,0.0,0.0,0.0,0.0,0.0,0.0,0.0,0.0,0.0,0.0,0.0,0.0
31020,0.0,0.0,0.0,0.0,0.0,0.0,0.0,0.0,0.0,0.0,0.0,0.0
31021,0.0,0.0,0.0,0.0,0.0,0.0,0.0,0.0,0.0,0.0,0.0,0.0
31023,0.0,0.0,0.0,0.0,0.0,0.0,0.0,0.0,0.0,0.0,0.0,0.0
31028,0.0,0.0,0.0,0.0,0.0,0.0,0.0,0.0,0.0,0.0,0.0,0.0
31030,0.0,0.0,0.0,0.0,95513.549797941,296858.7908586804,1158528.7867556687,945146.2382149082,629843.2189020258,75630.08213523205,0.0,0.0
31032,0.0,0.0,0.0,0.0,0.0,0.0,0.0,0.0,0.0,0.0,0.0,0.0
31034,0.0,0.0,0.0,0.0,243899.78576524276,468245.1919342526,1317157.091830194,1014364.5521052312,969124.0715136072,87968.8632093255,0.0,0.0
31130,0.0,0.0,0.0,0.0,0.0,0.0,0.0,0.0,0.0,0.0,0.0,0.0
31131,0.0,0.0,0.0,0.0,0.0,0.0,0.0,0.0,0.0,0.0,0.0,0.0
31132,0.0,0.0,0.0,0.0,0.0,0.0,0.0,0.0,0.0,0.0,0.0,0.0
31133,0.0,0.0,0.0,0.0,0.0,0.0,0.0,0.0,0.0,0.0,0.0,0.0
31137,0.0,0.0,0.0,0.0,0.0,0.0,0.0,0.0,0.0,0.0,0.0,0.0
31138,0.0,0.0,0.0,0.0,0.0,0.0,0.0,0.0,0.0,0.0,0.0,0.0
31140,0.0,0.0,0.0,0.0,0.0,0.0,0.0,0.0,0.0,0.0,0.0,0.0
31141,0.0,0.0,0.0,0.0,0.0,0.0,0.0,0.0,0.0,0.0,0.0,0.0
31142,0.0,0.0,0.0,0.0,0.0,0.0,0.0,0.0,0.0,0.0,0.0,0.0
31143,0.0,0.0,0.0,0.0,0.0,0.0,0.0,0.0,0.0,0.0,0.0,0.0
31144,0.0,0.0,0.0,0.0,0.0,0.0,0.0,0.0,0.0,0.0,0.0,0.0
31145,0.0,0.0,0.0,0.0,0.0,0.0,0.0,0.0,0.0,0.0,0.0,0.0
31146,0.0,0.0,0.0,0.0,0.0,0.0,0.0,0.0,0.0,0.0,0.0,0.0
31147,0.0,0.0,0.0,0.0,0.0,0.0,0.0,0.0,0.0,0.0,0.0,0.0
31157,0.0,0.0,0.0,0.0,35779.88461780548,76261.56882581115,86272.86425381899,59906.96276451647,5825.491242915392,0.0,0.0,0.0
31158,0.0,0.0,0.0,0.0,0.0,0.0,0.0,0.0,0.0,0.0,0.0,0.0
31159,0.0,0.0,0.0,0.0,0.0,0.0,38630.954792290926,23581.92212960869,298.4854121468961,0.0,0.0,0.0
31160,0.0,0.0,0.0,2.144166946411133,-2308963.2193260193,-3977409.2310886383,-2497968.1891658306,-2106455.4404592514,-809267.6877160072,-6683.582327127457,0.0,0.0
31161,0.0,0.0,0.0,0.0,0.0,0.0,0.0,0.0,0.0,0.0,0.0,0.0
31162,0.0,0.0,0.0,0.0,0.0,0.0,0.0,0.0,0.0,0.0,0.0,0.0
31163,0.0,0.0,0.0,0.0,0.0,0.0,0.0,0.0,0.0,0.0,0.0,0.0
31164,0.0,0.0,0.0,0.0,0.0,0.0,0.0,0.0,0.0,0.0,0.0,0.0
31165,0.0,0.0,0.0,0.0,-1339742.3710085526,-1523723.5065456554,-3028415.6757275537,-2139685.3154494837,-418445.40403580293,0.0,0.0,0.0
31172,0.0,0.0,0.0,-29150.974873110652,-990335.2476838008,-1018096.9360471219,-2061197.3705721851,-1332122.880182445,-127781.4780251272,0.0,0.0,0.0
31173,0.0,0.0,0.0,0.0,0.0,0.0,0.0,0.0,0.0,0.0,0.0,0.0
31174,0.0,0.0,0.0,0.0,-2235.4811616539955,-3852.9769998192787,-11133.098005831242,-11232.911680392921,-3152.8589191250503,-88.12734568119049,0.0,0.0
31175,0.0,0.0,0.0,0.0,-2277431.252108276,-3255743.5226640105,-6367165.143262386,-4357327.281033576,-481923.6618581116,0.0,0.0,0.0
31196,0.0,0.0,0.0,0.0,0.0,0.0,0.0,0.0,0.0,0.0,0.0,0.0
31197,0.0,0.0,0.0,0.0,0.0,0.0,0.0,0.0,0.0,0.0,0.0,0.0
31198,0.0,0.0,0.0,0.0,0.0,0.0,0.0,0.0,0.0,0.0,0.0,0.0
31199,0.0,0.0,0.0,0.0,0.0,0.0,0.0,0.0,0.0,0.0,0.0,0.0
31200,0.0,0.0,0.0,0.0,0.0,0.0,0.0,0.0,0.0,0.0,0.0,0.0
31201,0.0,0.0,0.0,0.0,0.0,0.0,0.0,0.0,0.0,0.0,0.0,0.0
31222,0.0,0.0,0.0,0.0,0.0,0.0,0.0,0.0,0.0,0.0,0.0,0.0
31223,0.0,0.0,0.0,0.0,0.0,0.0,0.0,0.0,0.0,0.0,0.0,0.0
31228,0.0,0.0,0.0,0.0,0.0,0.0,0.0,0.0,0.0,0.0,0.0,0.0
31235,0.0,0.0,0.0,0.0,0.0,0.0,0.0,0.0,0.0,0.0,0.0,0.0
31322,0.0,0.0,0.0,0.0,0.0,0.0,0.0,0.0,0.0,0.0,0.0,0.0
31325,0.0,0.0,0.0,0.0,0.0,0.0,0.0,0.0,0.0,0.0,0.0,0.0
31326,0.0,0.0,0.0,0.0,0.0,0.0,0.0,0.0,0.0,0.0,0.0,0.0
31329,0.0,0.0,0.0,0.0,0.0,0.0,0.0,0.0,0.0,0.0,0.0,0.0
31335,0.0,0.0,0.0,0.0,0.0,0.0,0.0,0.0,0.0,0.0,0.0,0.0
31343,0.0,0.0,0.0,0.0,0.0,0.0,0.0,0.0,0.0,0.0,0.0,0.0
31346,0.0,0.0,0.0,0.0,0.0,0.0,0.0,0.0,0.0,0.0,0.0,0.0
31347,0.0,0.0,0.0,0.0,0.0,0.0,0.0,0.0,0.0,0.0,0.0,0.0
31348,0.0,0.0,0.0,0.0,0.0,0.0,0.0,0.0,0.0,0.0,0.0,0.0
31349,0.0,0.0,0.0,0.0,0.0,0.0,0.0,0.0,0.0,0.0,0.0,0.0
31353,0.0,0.0,0.0,0.0,0.0,0.0,0.0,0.0,0.0,0.0,0.0,0.0
31383,0.0,0.0,0.0,0.0,-444.8414725214243,-118.90924140810966,-776.694483757019,-1645.3856959342957,-796.663356333971,-145.8836427628994,0.0,0.0
31384,0.0,0.0,0.0,0.0,0.0,0.0,0.0,0.0,0.0,0.0,0.0,0.0
31388,0.0,0.0,0.0,0.0,0.0,0.0,0.0,0.0,0.0,0.0,0.0,0.0
31389,0.0,0.0,0.0,0.0,0.0,0.0,0.0,0.0,0.0,0.0,0.0,0.0
31390,0.0,0.0,0.0,0.0,0.0,0.0,0.0,0.0,0.0,0.0,0.0,0.0
31391,0.0,0.0,0.0,0.0,0.0,259.15367394313216,685.0449585616589,5945.642068315297,2436.51157431677,32.313796266913414,0.0,0.0
31392,0.0,0.0,0.0,0.0,2842.56072974205,54674.60331988335,54705.40369987488,210980.9226089716,77851.79600393772,0.0,0.0,0.0
31398,0.0,0.0,0.0,0.0,0.0,77.30104148387909,406.1426247358322,4911.383057117462,808.4804785251617,10.331258118152618,0.0,0.0
31399,0.0,0.0,0.0,0.0,0.0,0.0,0.0,0.0,0.0,0.0,0.0,0.0
31400,0.0,0.0,0.0,0.0,0.0,0.0,0.0,0.0,0.0,0.0,0.0,0.0
31401,0.0,0.0,0.0,0.0,0.0,0.0,0.0,0.0,0.0,0.0,0.0,0.0
31402,0.0,0.0,0.0,0.0,0.0,0.0,0.0,0.0,0.0,0.0,0.0,0.0
31403,0.0,0.0,0.0,0.0,-525861.2067652941,76809.43013611436,171111.75199726224,134433.5603840202,67158.61108332872,-223613.95252917707,0.0,0.0
31410,0.0,0.0,0.0,0.0,0.0,0.0,0.0,0.0,0.0,0.0,0.0,0.0
31411,0.0,0.0,0.0,0.0,12083.57081006281,50542.09735578066,214800.4629323911,169335.65309333336,115893.16071448196,16927.927715223283,0.0,0.0
31412,0.0,0.0,0.0,0.0,17998.389372833073,51995.08994777128,261999.23132825643,217646.64379405975,140034.9175880542,18722.095614748076,0.0,0.0
31415,0.0,0.0,0.0,0.0,0.0,0.0,0.0,0.0,0.0,0.0,0.0,0.0
31510,0.0,0.0,0.0,0.0,0.0,0.0,0.0,0.0,0.0,0.0,0.0,0.0
31511,0.0,0.0,0.0,0.0,0.0,0.0,0.0,0.0,0.0,0.0,0.0,0.0
31512,0.0,0.0,0.0,0.0,0.0,0.0,0.0,0.0,0.0,0.0,0.0,0.0
31536,0.0,0.0,0.0,0.0,10503.133192658424,25377.39575535059,29065.1709850803,22090.92702192068,3107.0376907102764,0.0,0.0,0.0
31537,0.0,0.0,0.0,0.0,0.0,0.0,0.0,0.0,0.0,0.0,0.0,0.0
31538,0.0,0.0,0.0,1.1288805454969406,104.91125603765249,163.2711583059281,232.26830149255693,157.0606585945934,28.05458478908986,0.0,0.0,0.0
31539,0.0,0.0,0.0,0.0,0.0,0.0,0.0,0.0,0.0,0.0,0.0,0.0
31540,0.0,0.0,0.0,18387.761043593287,192600.04117092118,174619.04853957333,277414.5714631714,165274.13818101538,0.0,0.0,0.0,0.0
31541,0.0,0.0,0.0,19115.09450364113,789704.7658011019,835444.8676105887,1395132.6508973166,999644.5470407456,142613.23295318335,0.0,0.0,0.0
31546,0.0,0.0,0.0,0.0,-752446.7500406504,-764221.6769532561,-1594538.6164944023,-1175013.8981483802,-73404.92898696661,0.0,0.0,0.0
31547,0.0,0.0,0.0,0.0,0.0,0.0,0.0,0.0,0.0,0.0,0.0,0.0
31548,0.0,0.0,0.0,0.0,0.0,0.0,0.0,0.0,0.0,0.0,0.0,0.0
31549,0.0,0.0,0.0,0.0,0.0,0.0,0.0,0.0,0.0,0.0,0.0,0.0
31550,0.0,0.0,0.0,0.0,0.0,0.0,0.0,0.0,0.0,0.0,0.0,0.0
31551,0.0,0.0,0.0,0.0,0.0,0.0,0.0,0.0,0.0,0.0,0.0,0.0
31570,0.0,0.0,0.0,0.0,0.0,0.0,0.0,0.0,0.0,0.0,0.0,0.0
31571,0.0,0.0,0.0,0.0,0.0,0.0,0.0,0.0,0.0,0.0,0.0,0.0
31584,0.0,0.0,0.0,0.0,-1471.4549040813,-6860.432597102132,-1980.1024169921875,-4544.2906788182445,-1998.8705491274595,-11.31918915361166,0.0,0.0
31585,0.0,0.0,0.0,0.0,0.0,0.0,0.0,0.0,0.0,0.0,0.0,0.0
31592,0.0,0.0,0.0,0.0,0.0,0.0,0.0,0.0,0.0,0.0,0.0,0.0
31593,0.0,0.0,0.0,0.0,0.0,0.0,0.0,0.0,0.0,0.0,0.0,0.0
31594,0.0,0.0,0.0,0.0,0.0,0.0,0.0,0.0,0.0,0.0,0.0,0.0
31667,0.0,0.0,0.0,0.0,0.0,0.0,0.0,0.0,0.0,0.0,0.0,0.0
31671,0.0,0.0,0.0,0.0,0.0,0.0,0.0,0.0,0.0,0.0,0.0,0.0
31673,0.0,0.0,0.0,359.99414784414694,41485.180845432915,61804.02092897985,65928.3270808477,66603.4685627222,5967.186890312005,0.0,0.0,0.0
31688,0.0,0.0,0.0,0.0,0.0,0.0,0.0,0.0,0.0,0.0,0.0,0.0
31695,0.0,0.0,0.0,0.0,0.0,0.0,0.0,0.0,0.0,0.0,0.0,0.0
31708,0.0,0.0,0.0,0.0,0.0,0.0,0.0,0.0,0.0,0.0,0.0,0.0
31711,0.0,0.0,0.0,0.0,0.0,0.0,0.0,0.0,0.0,0.0,0.0,0.0
31714,0.0,0.0,0.0,0.0,1244.9271827023476,5534.044881688431,7735.36907619983,4660.3402804564685,2293.636765310541,249.90881749149412,0.0,0.0
31718,0.0,0.0,0.0,0.0,2242.006184642669,5905.423644062132,7814.853245245293,5705.080056846142,2220.5264215175994,0.0,0.0,0.0
31719,0.0,0.0,0.0,0.0,0.0,0.0,0.0,0.0,0.0,0.0,0.0,0.0
31720,0.0,0.0,0.0,0.0,0.0,0.0,0.0,0.0,0.0,0.0,0.0,0.0
31750,0.0,0.0,0.0,0.0,93.70752275921404,38.74872441217303,54.211002625525,237.062763761729,86.39628054574132,0.0,0.0,0.0
31751,0.0,0.0,0.0,0.0,0.0,0.0,0.0,0.0,0.0,0.0,0.0,0.0
31752,0.0,0.0,0.0,0.0,0.0,0.0,0.0,0.0,0.0,0.0,0.0,0.0
31753,0.0,0.0,0.0,0.0,0.0,0.0,0.0,0.0,0.0,0.0,0.0,0.0
31754,0.0,0.0,0.0,0.0,0.0,0.0,0.0,0.0,0.0,0.0,0.0,0.0
31755,0.0,0.0,0.0,0.0,0.0,0.0,0.0,0.0,0.0,0.0,0.0,0.0
31756,0.0,0.0,0.0,0.0,0.0,0.0,0.0,0.0,0.0,0.0,0.0,0.0
31757,0.0,0.0,0.0,0.0,0.0,280.5865393579006,318.97068759799004,1079.6123074665666,611.6299360357225,2.3269283697009087,0.0,0.0
31758,0.0,0.0,0.0,0.0,0.0,1882.895366370678,2302.516004577279,13437.819479092956,6123.956587776542,0.0,0.0,0.0
31759,0.0,0.0,0.0,0.0,0.0,0.0,0.0,0.0,0.0,0.0,0.0,0.0
31760,0.0,0.0,0.0,0.0,0.0,300.2647236585617,5635.806586265564,16207.43948829174,7594.961874932051,0.0,0.0,0.0
31764,0.0,0.0,0.0,0.0,0.0,0.0,1949.72682762146,6053.924643278122,1818.3777559995651,0.0,0.0,0.0
31765,0.0,0.0,0.0,0.0,0.0,0.0,0.0,0.0,0.0,0.0,0.0,0.0
31775,0.0,0.0,0.0,0.0,0.0,0.0,0.0,0.0,0.0,0.0,0.0,0.0
31872,0.0,0.0,0.0,0.0,0.0,0.0,0.0,0.0,0.0,0.0,0.0,0.0
31873,0.0,0.0,0.0,0.0,458.5262347459793,2369.552492380142,3448.0716956555843,4122.432392686605,2087.4653061777353,45.12704437971115,0.0,0.0
31897,0.0,0.0,0.0,141.0339514017105,-169716.18610215187,-446375.05362044275,-3423605.4996186197,-3313710.9479696676,-1069572.2640991062,-169194.37411708385,0.0,0.0
31898,0.0,0.0,0.0,0.0,10019.468245744705,20598.17367787659,28945.986876510084,21810.246118877083,4482.976222615689,0.0,0.0,0.0
31900,0.0,0.0,0.0,0.0,24878.18478754908,55983.94397892803,88623.46452216245,73573.41912137531,20192.299143318087,23.261611457914114,0.0,0.0
31901,0.0,0.0,0.0,9087.25806356594,114752.09091537446,106682.28004684113,170905.27610464022,102060.28149068495,0.0,0.0,0.0,0.0
31902,0.0,0.0,0.0,3862.226063489914,365403.6840391606,414621.4413362816,836084.9240581505,598096.1330880597,114882.90976539999,0.0,0.0,0.0
31907,0.0,0.0,0.0,0.0,-27286.175076738,-156175.144326061,-466494.73113043606,-425647.60768353194,-36854.968433603644,0.0,0.0,0.0
31908,0.0,0.0,0.0,10301.427402406931,157746.9924118966,137505.2148779258,203882.93242771924,118568.4867432937,0.0,0.0,0.0,0.0
31909,0.0,0.0,0.0,0.0,0.0,0.0,0.0,0.0,0.0,0.0,0.0,0.0
31910,0.0,0.0,0.0,0.0,0.0,0.0,0.0,0.0,0.0,0.0,0.0,0.0
31928,0.0,0.0,0.0,0.0,0.0,0.0,0.0,0.0,0.0,0.0,0.0,0.0
31929,0.0,0.0,0.0,0.0,0.0,0.0,0.0,0.0,0.0,0.0,0.0,0.0
31930,0.0,0.0,0.0,-8.063831806182861,-1405.8244457244873,-4168.8538999557495,-7791.471801280975,-2638.9226726293564,-2610.3770084381104,-29.541070818901062,0.0,0.0
31943,0.0,0.0,0.0,324.2537400610745,1380.7044739802368,0.0,0.0,0.0,-453.31863271445036,0.0,0.0,0.0
31951,0.0,0.0,0.0,0.0,0.0,0.0,0.0,0.0,0.0,0.0,0.0,0.0
31972,0.0,0.0,0.0,0.0,0.0,0.0,0.0,0.0,0.0,0.0,0.0,0.0
32033,0.0,0.0,0.0,0.0,0.0,0.0,0.0,0.0,0.0,0.0,0.0,0.0
32045,0.0,0.0,0.0,0.0,0.0,0.0,0.0,0.0,0.0,0.0,0.0,0.0
32047,0.0,0.0,0.0,0.0,0.0,0.0,0.0,0.0,0.0,0.0,0.0,0.0
32048,0.0,0.0,0.0,25685.725123559125,103760.13767279137,0.0,482067.807440849,0.0,34846.26005556248,1584.3327994626015,0.0,0.0
32049,0.0,0.0,0.0,0.0,0.0,0.0,0.0,0.0,0.0,0.0,0.0,0.0
32052,0.0,0.0,0.0,0.0,0.0,0.0,0.0,0.0,0.0,0.0,0.0,0.0
32057,0.0,0.0,0.0,0.0,0.0,0.0,0.0,0.0,0.0,0.0,0.0,0.0
32059,0.0,0.0,0.0,0.0,0.0,0.0,0.0,0.0,0.0,0.0,0.0,0.0
32064,0.0,0.0,0.0,0.0,0.0,0.0,0.0,0.0,0.0,0.0,0.0,0.0
32068,0.0,0.0,0.0,0.0,0.0,0.0,0.0,0.0,0.0,0.0,0.0,0.0
32107,0.0,0.0,0.0,0.0,0.0,0.0,0.0,0.0,0.0,0.0,0.0,0.0
32108,0.0,0.0,0.0,0.0,-197394.55549308658,-58886.41511619091,-341772.5406279564,-852966.4393036962,-372584.74908316135,-85921.9508370161,0.0,0.0
32109,0.0,0.0,0.0,0.0,0.0,0.0,0.0,0.0,0.0,0.0,0.0,0.0
32110,0.0,0.0,0.0,0.0,21.41141572035849,696.0324907507747,788.7015747576952,1791.9468303602189,886.426799881272,0.0,0.0,0.0
32111,0.0,0.0,0.0,0.0,0.0,2113.360908679664,2051.6266273856163,8150.646956533194,4520.356853283942,0.0,0.0,0.0
32112,0.0,0.0,0.0,0.0,0.0,0.0,0.0,0.0,0.0,0.0,0.0,0.0
32113,0.0,0.0,0.0,0.0,0.0,0.0,0.0,0.0,0.0,0.0,0.0,0.0
32114,0.0,0.0,0.0,0.0,0.0,0.0,0.0,0.0,0.0,0.0,0.0,0.0
32115,0.0,0.0,0.0,0.0,0.0,0.0,1429.8073931336403,2769.116428732872,582.7013894021511,0.0,0.0,0.0
32116,0.0,0.0,0.0,0.0,0.0,0.0,0.0,0.0,0.0,0.0,0.0,0.0
32117,0.0,0.0,0.0,0.0,654991.1869363785,1342039.2847851515,4569055.735319078,2745487.9485082626,2364709.3327993304,524228.30501687527,0.0,0.0
32122,0.0,0.0,0.0,0.0,65802.43371195346,217294.4372402951,872758.6180431694,744456.6391810179,475476.17962365225,69983.72888916172,0.0,0.0
32123,0.0,0.0,0.0,0.0,133647.8895755401,331464.5632484015,1000000.0019737333,777390.1106855348,476510.81211062893,66800.8932995703,0.0,0.0
32125,0.0,0.0,0.0,0.0,-247727.41898878664,-634086.1737631317,642007.0063922629,533536.3117049038,340569.57593136653,-145070.22725337557,0.0,0.0
32126,0.0,0.0,0.0,0.0,0.0,0.0,0.0,0.0,0.0,0.0,0.0,0.0
32128,0.0,0.0,0.0,0.0,0.0,0.0,0.0,0.0,0.0,0.0,0.0,0.0
32149,0.0,0.0,0.0,0.0,0.0,0.0,0.0,0.0,0.0,0.0,0.0,0.0
32173,0.0,0.0,0.0,49144.7952504158,-1861417.744196415,-5437702.619355202,-11387551.275944233,-2963906.500488758,-1885177.5566487312,214680.1186027527,0.0,0.0
32223,0.0,0.0,0.0,0.0,0.0,0.0,0.0,0.0,0.0,0.0,0.0,0.0
32224,0.0,0.0,0.0,0.0,0.0,0.0,0.0,0.0,0.0,0.0,0.0,0.0
32225,0.0,0.0,0.0,0.0,0.0,0.0,0.0,0.0,0.0,0.0,0.0,0.0
32226,0.0,0.0,0.0,0.0,0.0,0.0,0.0,0.0,0.0,0.0,0.0,0.0
32227,0.0,0.0,0.0,2341.9249113202095,238229.29649744928,726031.6580607444,857784.1423204169,970359.8301965222,285958.1602841653,5801.016619116068,0.0,0.0
32250,0.0,0.0,0.0,45.596972212195396,14122.636454820633,37121.40172213316,42856.91631174646,33309.03786362894,4853.139327796176,0.0,0.0,0.0
32251,0.0,0.0,0.0,0.0,0.0,0.0,0.0,0.0,0.0,0.0,0.0,0.0
32252,0.0,0.0,0.0,8516.287865430117,100261.62470403314,174570.77770659048,209000.05660292227,144678.18560098298,20450.756600022316,0.0,0.0,0.0
32253,0.0,0.0,0.0,591.3464010059834,78890.77757689357,141803.16363438964,203139.889122108,150924.62027371302,25359.818448394537,0.0,0.0,0.0
32254,0.0,0.0,0.0,-220846.8866995573,-2639608.526529312,-1687672.3292441368,-4532762.657546163,-2804863.0370690227,300011.3075286746,10297.787592053413,0.0,0.0
32260,0.0,0.0,-45.61501085758209,-5642.147601366043,70602.23151621222,100970.88242655247,193394.23636536673,181303.17632086016,29165.164851177484,0.0,0.0,0.0
32261,0.0,0.0,0.0,-1775.1874423325062,32460.487109184265,-2854.299766438082,40011.8991197804,32903.87616006285,2202.8177752010524,0.0,0.0,0.0
32262,0.0,0.0,0.0,0.0,0.0,0.0,0.0,0.0,0.0,0.0,0.0,0.0
32263,0.0,0.0,0.0,956.8185856342316,51330.33275985718,84434.28642416,245376.19758069515,271454.604678154,111823.57677733898,3861.0685827732086,0.0,0.0
32281,0.0,0.0,0.0,0.0,0.0,0.0,0.0,0.0,0.0,0.0,0.0,0.0
32282,0.0,0.0,0.0,0.0,10891.547876179218,43138.27441987395,47717.55265671015,65705.0674945116,12145.44407723844,3011.5447521954775,0.0,0.0
32283,0.0,0.0,0.0,0.0,0.0,0.0,0.0,0.0,0.0,0.0,0.0,0.0
32284,0.0,0.0,0.0,0.0,0.0,0.0,0.0,0.0,0.0,0.0,0.0,0.0
32285,0.0,0.0,0.0,0.0,0.0,0.0,0.0,0.0,0.0,0.0,0.0,0.0
32286,0.0,0.0,0.0,0.0,2770.9003483578563,10450.712818212807,18972.083441779017,30247.47430434823,10296.49204391241,565.5156866908073,0.0,0.0
32287,0.0,0.0,0.0,0.0,10218.62782728672,36421.07836277783,40244.669863164425,55302.05225716531,16379.615870408714,100.00153444334865,0.0,0.0
32288,0.0,0.0,0.0,0.0,0.0,0.0,0.0,0.0,0.0,0.0,0.0,0.0
32289,0.0,0.0,0.0,-17554.04437458515,-1014989.6072064638,-5105099.741812706,-5964978.68021965,-6882063.6180615425,-2048967.671141386,-93775.6380366087,0.0,0.0
32290,0.0,0.0,0.0,4228.836887046695,23747.151034012437,80774.1653114669,55304.348311036825,56844.33192048222,9275.780466221273,0.0,0.0,0.0
32291,0.0,0.0,0.0,0.0,45072.296533584595,151564.3535606861,351288.3808606267,309479.1562265754,108176.15227770805,14693.365314662457,0.0,0.0
32305,0.0,0.0,0.0,-43584.302595317364,-251414.5133470297,-521273.9382175803,0.0,0.0,-15577.379426717758,0.0,0.0,0.0
32322,0.0,0.0,52349.965598762035,345806.936152488,-39374.73809821904,-638.3030395507812,564768.1892572753,631953.7413599268,0.0,0.0,0.0,0.0
32338,0.0,0.0,0.0,0.0,0.0,0.0,0.0,0.0,0.0,0.0,0.0,0.0
32386,0.0,0.0,0.0,0.0,0.0,0.0,0.0,0.0,0.0,0.0,0.0,0.0
32406,0.0,0.0,0.0,0.0,0.0,0.0,-1255190.3642510548,0.0,0.0,0.0,0.0,0.0
32410,0.0,0.0,0.0,0.0,0.0,0.0,0.0,0.0,0.0,0.0,0.0,0.0
32437,0.0,0.0,0.0,0.0,0.0,0.0,0.0,0.0,0.0,0.0,0.0,0.0
32467,0.0,0.0,0.0,0.0,-2069.881789829582,-1150.2202777639031,-19600.664676170796,-73140.3376557082,0.0,-10059.648601683788,0.0,0.0
32469,0.0,0.0,0.0,0.0,0.0,0.0,0.0,0.0,0.0,0.0,0.0,0.0
32470,0.0,0.0,0.0,0.0,189.53135173767805,10104.967599194497,6799.9356217980385,12794.755685538054,7518.810751941055,0.0,0.0,0.0
32471,0.0,0.0,0.0,0.0,0.0,0.0,0.0,0.0,0.0,0.0,0.0,0.0
32472,0.0,0.0,0.0,0.0,0.0,0.0,0.0,0.0,0.0,0.0,0.0,0.0
32481,0.0,0.0,0.0,0.0,0.0,0.0,0.0,0.0,0.0,0.0,0.0,0.0
32482,0.0,0.0,0.0,0.0,0.0,0.0,0.0,0.0,0.0,0.0,0.0,0.0
32483,0.0,0.0,0.0,0.0,-198462.86911991984,0.0,0.0,0.0,-11059.591796875,-70514.578125,0.0,0.0
32495,0.0,0.0,0.0,2343.1131076812744,-609359.4476380348,-27356.951483249664,-4043550.9061670303,-2528511.1292603016,-1568539.3953778148,60566.346863627434,0.0,0.0
32528,0.0,0.0,0.0,75429.05996537209,660580.831512332,2780042.9468286037,7823870.118146002,12317935.176212907,2923109.6911457777,153359.0498328805,942.093648314476,0.0
32574,0.0,0.0,0.0,0.0,0.0,0.0,0.0,0.0,0.0,0.0,0.0,0.0
32575,0.0,0.0,0.0,0.0,0.0,0.0,0.0,0.0,0.0,0.0,0.0,0.0
32576,0.0,0.0,0.0,0.0,0.0,0.0,0.0,0.0,0.0,0.0,0.0,0.0
32577,0.0,0.0,0.0,0.0,0.0,0.0,0.0,0.0,0.0,0.0,0.0,0.0
32578,0.0,0.0,0.0,0.0,0.0,0.0,0.0,0.0,0.0,0.0,0.0,0.0
32579,0.0,0.0,0.0,0.0,0.0,0.0,0.0,0.0,0.0,0.0,0.0,0.0
32580,0.0,0.0,0.0,0.0,0.0,0.0,0.0,0.0,0.0,0.0,0.0,0.0
32581,0.0,0.0,0.0,806316.0754364729,18976676.944057226,57912241.81986588,86692998.86589941,68212967.22501351,29658817.15709115,385818.8377108723,0.0,0.0
32601,0.0,0.0,0.0,2317.759152688086,32856.52700860053,0.0,55000.39728023857,35480.377740662545,3170.463362885639,0.0,0.0,0.0
32602,0.0,0.0,0.0,0.0,0.0,0.0,0.0,0.0,0.0,0.0,0.0,0.0
32603,0.0,0.0,0.0,0.0,0.0,0.0,0.0,0.0,0.0,0.0,0.0,0.0
32604,0.0,0.0,0.0,0.0,0.0,0.0,0.0,0.0,0.0,0.0,0.0,0.0
32605,0.0,0.0,0.0,0.0,0.0,0.0,0.0,0.0,0.0,0.0,0.0,0.0
32606,0.0,0.0,0.0,28397.177512973547,319406.6777350246,414488.583208092,525865.5960488031,330007.4497932873,10269.625448546372,0.0,0.0,0.0
32607,0.0,0.0,0.0,0.0,0.0,0.0,0.0,0.0,0.0,0.0,0.0,0.0
32608,0.0,0.0,0.0,-83960.67973835766,-880971.1812242754,-744232.4389188774,314865.96364149265,498754.9092510883,97935.51909256727,0.0,0.0,0.0
32609,0.0,0.0,0.0,59224.44277770072,730177.3849755339,800856.8953477778,1146932.0253830738,738665.9959376622,0.0,0.0,0.0,0.0
32610,0.0,0.0,0.0,-3984.6164079904556,1230251.5557899475,1520403.1376768649,2512978.663880557,2202920.853374213,306997.2763877511,0.0,0.0,0.0
32615,0.0,0.0,0.0,171885.13284455985,1908590.4499552697,2125013.664102845,2707387.0872645974,1690340.0438987836,0.0,0.0,0.0,0.0
32616,0.0,0.0,0.0,87506.91947647184,1117272.50432349,1173843.1206854433,1345425.1254038028,812030.9342580326,0.0,0.0,0.0,0.0
32617,0.0,0.0,0.0,19486.655066119623,283941.5410082219,0.0,0.0,0.0,6463.938402700878,0.0,0.0,0.0
32618,0.0,0.0,0.0,3625.227661192417,47437.95488217473,45331.22910492122,93817.97033445537,57850.3331989795,8730.70653630048,228.53503185510635,0.0,0.0
32636,0.0,0.0,0.0,0.0,0.0,0.0,0.0,0.0,0.0,0.0,0.0,0.0
32637,0.0,0.0,0.0,855.7596519589424,15648.250184237957,31526.17496009916,33300.00449681468,18705.708056258038,2676.698139280081,0.0,0.0,0.0
32638,0.0,0.0,0.0,0.0,0.0,0.0,0.0,0.0,0.0,0.0,0.0,0.0
32639,0.0,0.0,0.0,0.0,0.0,0.0,0.0,0.0,0.0,0.0,0.0,0.0
32640,0.0,0.0,0.0,0.0,0.0,0.0,0.0,0.0,0.0,0.0,0.0,0.0
32641,0.0,0.0,0.0,-28884.024294137955,-537899.687153697,-1446141.6756582856,-1518420.6750539541,-1496162.0155118108,-178760.27510374784,537.2538932561874,0.0,0.0
32642,0.0,0.0,0.0,157.97993038594723,19723.322169572115,46019.7429151535,40733.07943075895,43317.03636294603,6417.587907798588,0.0,0.0,0.0
32643,0.0,0.0,0.0,0.0,0.0,0.0,0.0,0.0,0.0,0.0,0.0,0.0
32653,0.0,0.0,0.0,34387.654094576836,423583.67432928085,839927.7342902422,358103.65674608946,437511.099752903,552220.7089580297,65098.64488631487,0.0,0.0
32654,0.0,0.0,0.0,0.0,111.60334692150354,435.32408821210265,469.34896206855774,632.8640600442886,260.55932084843516,0.0,0.0,0.0
32655,0.0,0.0,0.0,0.0,0.0,0.0,0.0,0.0,0.0,0.0,0.0,0.0
32656,0.0,0.0,0.0,0.0,0.0,0.0,0.0,0.0,0.0,0.0,0.0,0.0
32657,0.0,0.0,0.0,0.0,0.0,0.0,0.0,0.0,0.0,0.0,0.0,0.0
32658,0.0,0.0,0.0,0.0,0.0,0.0,0.0,0.0,0.0,0.0,0.0,0.0
32674,0.0,0.0,0.0,-24222.329553499818,-251711.4127908647,0.0,0.0,0.0,-84283.27190676518,0.0,0.0,0.0
32681,0.0,0.0,0.0,0.0,0.0,0.0,0.0,0.0,0.0,0.0,0.0,0.0
32683,0.0,0.0,0.0,0.0,0.0,0.0,0.0,0.0,0.0,0.0,0.0,0.0
32688,0.0,0.0,0.0,0.0,0.0,0.0,0.0,0.0,0.0,0.0,0.0,0.0
32762,0.0,0.0,0.0,0.0,0.0,0.0,0.0,0.0,0.0,0.0,0.0,0.0
32780,0.0,0.0,0.0,0.0,0.0,0.0,0.0,0.0,0.0,0.0,0.0,0.0
32781,0.0,0.0,0.0,0.0,0.0,0.0,0.0,0.0,0.0,0.0,0.0,0.0
32782,0.0,0.0,0.0,0.0,0.0,0.0,0.0,0.0,0.0,0.0,0.0,0.0
32786,0.0,0.0,0.0,0.0,0.0,0.0,0.0,0.0,0.0,0.0,0.0,0.0
32804,0.0,0.0,0.0,0.0,0.0,0.0,0.0,0.0,0.0,0.0,0.0,0.0
32835,0.0,0.0,0.0,0.0,-71827.03222940117,-104816.81356548518,-113020.06931003928,-186383.87066490203,-1351.9337158203125,-2002.0026158727705,0.0,0.0
32836,0.0,0.0,0.0,0.0,195.85623782873154,4379.924196567386,1321.59370341897,4284.213574074209,2147.9967682622373,160.37749586999416,0.0,0.0
32837,0.0,0.0,0.0,0.0,0.0,0.0,0.0,0.0,0.0,0.0,0.0,0.0
32838,0.0,0.0,0.0,0.0,0.0,0.0,0.0,0.0,0.0,0.0,0.0,0.0
32839,0.0,0.0,0.0,0.0,24840.619215905666,125425.06239962578,288477.4535268992,254428.09316708148,154551.7259079367,32380.537461027503,0.0,0.0
32846,0.0,0.0,0.0,0.0,31364.148365137167,101801.4730142341,381139.70240311977,316689.50536224805,206241.11000895454,33528.516690898454,0.0,0.0
32848,0.0,0.0,0.0,0.0,0.0,0.0,0.0,0.0,0.0,0.0,0.0,0.0
32849,0.0,0.0,0.0,0.0,0.0,0.0,0.0,0.0,0.0,0.0,0.0,0.0
32858,0.0,0.0,0.0,0.0,15354.38723564148,35072.16302646138,167342.30334732495,0.0,0.0,4057.6346361448523,0.0,0.0
32860,0.0,0.0,0.0,0.0,0.0,0.0,0.0,0.0,0.0,0.0,0.0,0.0
32939,0.0,0.0,0.0,0.0,0.0,0.0,0.0,0.0,0.0,0.0,0.0,0.0
32940,0.0,0.0,0.0,0.0,0.0,0.0,0.0,0.0,0.0,0.0,0.0,0.0
32941,0.0,0.0,0.0,0.0,0.0,0.0,0.0,0.0,0.0,0.0,0.0,0.0
32942,0.0,0.0,0.0,0.0,11793.824345730245,15178.403792414814,42004.868423547596,45075.29524565488,3638.1930621117353,0.0,0.0,0.0
32943,0.0,0.0,0.0,0.0,0.0,0.0,0.0,0.0,0.0,0.0,0.0,0.0
32944,0.0,0.0,4032.2477609068155,15889.33079971373,105683.55573131144,130636.04741015285,142070.3133523669,85685.02920351364,0.0,0.0,0.0,0.0
32963,0.0,0.0,4710.231825828552,711205.0423686504,2313470.591416478,6498876.752008826,29268663.552876275,19370026.675409365,5274934.610491142,392654.10913501884,0.0,0.0
32964,0.0,0.0,0.0,30448.56951079145,434842.1074855495,558622.0076048002,0.0,377035.9292516578,0.0,0.0,0.0,0.0
32965,0.0,0.0,0.0,7128.894651263952,146574.54829496145,280156.5991723761,389491.90667408705,280371.04772802815,47592.3639818728,0.0,0.0,0.0
32967,0.0,0.0,0.0,11628.611147645861,178873.4802693394,222295.55766557343,277895.01882916037,162416.2561899242,0.0,0.0,0.0,0.0
32968,0.0,0.0,0.0,46417.22557669878,575263.5996367261,476298.62501419336,736250.8795509823,317880.5505234115,0.0,0.0,0.0,0.0
32969,0.0,0.0,0.0,38609.91280466318,920690.0300178975,983507.5110165328,1655784.076565601,1197882.616595924,123648.8721062392,0.0,0.0,0.0
32974,0.0,0.0,0.0,-7350.550038844347,-177197.05523326993,-2729830.5,0.0,0.0,-1927.7252197265625,0.0,0.0,0.0
32975,0.0,0.0,0.0,-80823.18460392766,-650898.4483133107,0.0,0.0,0.0,0.0,0.0,0.0,0.0
32976,0.0,0.0,0.0,3590.674561767839,55777.45435976982,-730407.0,-27538.0078125,0.0,0.0,0.0,0.0,0.0
32977,0.0,0.0,0.0,6928.715198338032,84932.65592053533,75917.46071213484,138258.47070855647,72149.31521847844,11835.093216843903,358.40243458747864,0.0,0.0
32981,0.0,0.0,0.0,0.0,24504.64220962301,54497.09341046959,117662.80846175179,73993.017261222,16713.096236435696,977.0164443850517,0.0,0.0
32982,0.0,0.0,0.0,0.0,1121842.1614800803,2958676.4956956245,4171928.1068619564,2636970.0649461336,457795.96212594956,0.0,0.0,0.0
32984,0.0,0.0,0.0,1331436.0900468826,6273665.596996903,8256855.519653998,9766046.004438255,4785107.505784392,-45841.37580806017,937.851877450943,0.0,0.0
32986,0.0,0.0,0.0,756132.34148705,5055223.220474422,7914297.302547544,9205889.191177383,5001291.157645918,423189.2548543662,0.0,0.0,0.0
32987,0.0,0.0,0.0,4540.9113013399765,30264.761191764846,58722.91085155308,68374.57070012763,51792.07544732466,3209.240565254353,0.0,0.0,0.0
32988,0.0,0.0,0.0,150778.4490148872,1968306.7089670077,4697506.07550358,5662390.972486418,4948745.6826804355,590873.8707654923,0.0,0.0,0.0
32989,0.0,0.0,0.0,729.8073464259505,988936.835724242,3200215.7349490337,4297708.468768569,4543251.001508504,1107926.9809276662,93654.3160587512,0.0,0.0
32990,0.0,0.0,0.0,842796.9964811839,4181567.2896422157,4894879.263800183,3729441.1902477695,2731029.179817586,293635.14798272215,0.0,0.0,0.0
32991,0.0,0.0,345.3486680984497,351349.15477228165,-5444105.477514029,-9518513.459032327,-13700073.433369398,-8458722.330574304,-1857959.4675415754,14398.8661621809,0.0,0.0
32992,0.0,0.0,0.0,2976.349483564496,33874.29221705347,55878.00958942622,52913.34967073798,42962.554092757404,3467.556547947228,0.0,0.0,0.0
32993,0.0,0.0,0.0,0.0,0.0,0.0,0.0,0.0,0.0,0.0,0.0,0.0
32994,0.0,0.0,0.0,0.0,0.0,0.0,0.0,0.0,0.0,0.0,0.0,0.0
32995,0.0,0.0,0.0,0.0,0.0,0.0,0.0,0.0,0.0,0.0,0.0,0.0
32996,0.0,0.0,0.0,0.0,0.0,0.0,0.0,0.0,0.0,0.0,0.0,0.0
32997,0.0,0.0,0.0,225.04160507023335,4428.1641745865345,0.0,0.0,6648.20942950435,931.9619543906301,0.0,0.0,0.0
33014,0.0,0.0,0.0,0.0,0.0,0.0,0.0,0.0,0.0,0.0,0.0,0.0
33015,0.0,0.0,0.0,0.0,-186674.81647354364,-884860.8519513533,-1271784.212498486,9425.508489578962,-526592.7485172898,-3920.6698411256075,0.0,0.0
33017,0.0,0.0,0.0,0.0,1258.6915113180876,7118.802465412766,7499.640964027494,-1558584.7519268095,2592.946430504322,62.41065211594105,0.0,0.0
33018,0.0,0.0,0.0,0.0,0.0,0.0,0.0,0.0,0.0,0.0,0.0,0.0
33037,0.0,0.0,0.0,69456.90461249842,0.0,17606.085811314173,1855896.4931290695,1300761.9109390818,0.0,0.0,0.0,0.0
33038,0.0,0.0,0.0,0.0,0.0,0.0,0.0,0.0,0.0,0.0,0.0,0.0
33043,0.0,0.0,0.0,0.0,0.0,0.0,0.0,0.0,0.0,0.0,0.0,0.0
33051,0.0,0.0,0.0,0.0,0.0,0.0,0.0,0.0,0.0,0.0,0.0,0.0
33064,0.0,0.0,0.0,0.0,0.0,0.0,0.0,0.0,0.0,0.0,0.0,0.0
33066,0.0,0.0,0.0,0.0,0.0,0.0,0.0,0.0,0.0,0.0,0.0,0.0
33073,0.0,0.0,24805.942999243736,138588.99613046646,329853.1974452436,249319.46100883186,0.0,620198.8508284464,-130557.0269010067,-3297.6021884977818,0.0,0.0
33140,0.0,0.0,0.0,0.0,0.0,0.0,0.0,0.0,0.0,0.0,0.0,0.0
33146,0.0,0.0,0.0,0.0,0.0,0.0,0.0,0.0,0.0,0.0,0.0,0.0
33149,0.0,0.0,0.0,0.0,0.0,0.0,0.0,0.0,0.0,0.0,0.0,0.0
33163,0.0,0.0,0.0,-212.75223911833018,0.0,0.0,0.0,0.0,0.0,0.0,0.0,0.0
33164,0.0,0.0,0.0,0.0,0.0,0.0,0.0,0.0,0.0,-774184.2655127335,0.0,0.0
33179,0.0,0.0,0.0,159.93208132870495,5035.574930681847,11443.785939302295,3020.7860286887735,6186.084451949224,967.9874919746071,-1111.9567614896223,0.0,0.0
33180,0.0,0.0,0.0,35.196583177894354,967.9572871029377,2880.741628405638,2269.413415554911,3128.8345520421863,1452.0476135197096,0.0,0.0,0.0
33181,0.0,0.0,0.0,-77808.2193596065,-3096934.996046841,-3258127.0871708402,0.0,0.0,0.0,36011.68074021721,0.0,0.0
33182,0.0,0.0,0.0,-59418.81069102883,-2212056.588193059,-7179470.976490136,170416.109687984,178572.44126302004,0.0,7652.711527058855,0.0,0.0
33195,0.0,0.0,0.0,0.0,-399.4732480496168,-11612.361246705055,-20173.299909323454,-36267.099143102765,-29721.48045670986,-6824.906796740368,0.0,0.0
33196,0.0,0.0,0.0,0.0,-1610.8117711544037,-41657.57336452603,-56067.188825927675,-111438.68979403749,-68932.47191596217,-16675.993499808945,0.0,0.0
33197,0.0,0.0,0.0,0.0,0.0,0.0,0.0,0.0,0.0,0.0,0.0,0.0
33198,0.0,0.0,0.0,0.0,0.0,0.0,0.0,0.0,0.0,0.0,0.0,0.0
33199,0.0,0.0,0.0,0.0,3636.9851064682007,71166.05625360459,19785.671690046787,64727.68240985274,46037.76521009207,3012.1013663709164,0.0,0.0
33200,0.0,0.0,0.0,0.0,1436.7595327794552,36970.62694475055,10673.040562808514,31411.828453838825,15010.173915430903,1336.017657995224,0.0,0.0
33201,0.0,0.0,0.0,0.0,1604.6223645061255,62678.71500234306,30181.50875209272,52405.581903383136,14513.813694015145,1005.5193452835083,0.0,0.0
33202,0.0,0.0,0.0,0.0,410.3914097994566,13811.709002107382,9954.215944111347,14668.73093418777,2707.637987434864,0.0,0.0,0.0
33203,0.0,0.0,0.0,0.0,0.0,0.0,0.0,0.0,0.0,0.0,0.0,0.0
33211,0.0,0.0,0.0,0.0,52086.828090770636,131665.2162309708,272878.10546865314,221538.2148165442,128597.90981982742,15129.830074056983,0.0,0.0
33214,0.0,0.0,0.0,0.0,71556.01298537944,146000.22210369352,0.0,0.0,88744.41714021843,0.0,0.0,0.0
33221,0.0,0.0,0.0,0.0,91674.46674817055,93939.29692590982,504930.18444997445,396099.2347890623,220528.7173292823,2818.3217168012634,0.0,0.0
33222,0.0,0.0,0.0,0.0,0.0,0.0,0.0,0.0,0.0,0.0,0.0,0.0
33303,0.0,0.0,0.0,0.0,0.0,0.0,0.0,0.0,0.0,0.0,0.0,0.0
33304,0.0,0.0,119940.63484027982,304185.52624091506,2097946.3236739635,2866716.826002218,3057587.1398963816,1531128.6229425315,3635.844291508198,0.0,0.0,0.0
33322,0.0,0.0,65280.52093413845,785450.0764578655,4452766.761499933,4661600.381656038,5111742.387093443,2399007.136885958,0.0,0.0,0.0,0.0
33324,0.0,0.0,0.0,14585.488411664963,291103.6385177225,576015.4109599218,807231.4978141859,536659.3786587361,80548.972208336,0.0,0.0,0.0
33327,0.0,0.0,0.0,0.0,0.0,0.0,0.0,0.0,0.0,0.0,0.0,0.0
33328,0.0,0.0,0.0,-154275.63701964915,-4456993.439834274,-5062144.259783842,-8473069.520644426,-6135868.906133488,-518959.84301528335,0.0,0.0,0.0
33331,0.0,0.0,0.0,193525.65962934494,519808.2351665795,451636.6001497656,1733502.0768189244,2465618.1964342557,-230691.52631399035,0.0,0.0,0.0
33332,0.0,0.0,0.0,13675.066037374316,270793.8153224364,0.0,0.0,0.0,0.0,0.0,0.0,0.0
33333,0.0,0.0,0.0,-463786.18379184604,-4454416.812932992,-1934884.375,0.0,0.0,0.0,0.0,0.0,0.0
33334,0.0,0.0,0.0,334919.46714292467,1838985.649889037,1016000.8241999671,0.0,0.0,0.0,0.0,0.0,0.0
33335,0.0,0.0,0.0,0.0,0.0,0.0,0.0,0.0,0.0,0.0,0.0,0.0
33336,0.0,0.0,0.0,0.0,0.0,0.0,0.0,0.0,0.0,0.0,0.0,0.0
33337,0.0,0.0,0.0,0.0,0.0,0.0,0.0,0.0,0.0,0.0,0.0,0.0
33343,0.0,0.0,293.2330817580223,48395.511598944664,747889.714825809,3254753.937592335,5130480.501884133,4495617.813091528,1331014.3582453653,57835.62908911705,0.0,0.0
33344,0.0,0.0,0.0,6876.297497600317,36283.87937296927,55033.419245209545,58685.07686243579,33117.62642460223,926.9501301904675,0.0,0.0,0.0
33345,0.0,0.0,0.0,0.0,0.0,0.0,0.0,0.0,0.0,0.0,0.0,0.0
33346,0.0,0.0,0.0,0.0,0.0,0.0,0.0,0.0,0.0,0.0,0.0,0.0
33347,0.0,0.0,0.0,0.0,0.0,0.0,0.0,0.0,0.0,0.0,0.0,0.0
33348,0.0,0.0,0.0,0.0,0.0,0.0,0.0,0.0,0.0,0.0,0.0,0.0
33349,0.0,0.0,0.0,0.0,0.0,0.0,0.0,0.0,0.0,0.0,0.0,0.0
33350,0.0,0.0,0.0,24616.945275515318,192393.01213565096,291291.3083712943,282869.8216263354,133110.56673361734,0.0,0.0,0.0,0.0
33351,0.0,0.0,270.10204327106476,43713.713250130415,170661.58379280567,278820.94166335464,281690.9433902316,118852.10257057473,14257.29501928389,0.0,0.0,0.0
33352,0.0,0.0,0.0,58994.40106320381,477689.6761095524,962683.2458808422,1081392.1703197062,657990.2571968585,67412.16529497504,0.0,0.0,0.0
33353,0.0,0.0,0.0,5456.864932894707,53589.81093135476,146746.15968871117,157281.5793082267,123950.93678434938,19669.359690323472,0.0,0.0,0.0
33386,0.0,0.0,0.0,0.0,-29579.03376790881,-34258.23974794522,-268273.8123564399,-170813.330676476,-123825.01640383154,-1489.9520788788795,0.0,0.0
33395,0.0,0.0,0.0,-5041.894375063479,-52224.208090782166,0.0,0.0,0.0,0.0,0.0,0.0,0.0
33396,0.0,0.0,0.0,0.0,0.0,0.0,0.0,0.0,0.0,0.0,0.0,0.0
33401,0.0,0.0,0.0,0.0,0.0,0.0,0.0,0.0,0.0,0.0,0.0,0.0
33406,0.0,0.0,0.0,0.0,0.0,0.0,0.0,0.0,0.0,0.0,0.0,0.0
33412,0.0,-66.93130886554718,-3344.409776210785,-44489.311288416386,-84296.7409273386,-48180.3239124082,-32831.56821221672,4065.5086957775056,0.0,0.0,0.0,0.0
33422,0.0,0.0,33590.92869743705,134514.55075477064,0.0,0.0,240039.55076295882,0.0,0.0,0.0,0.0,0.0
33450,0.0,0.0,0.0,0.0,0.0,0.0,0.0,0.0,0.0,0.0,0.0,0.0
33477,0.0,0.0,0.0,-696204.0654977039,-8850763.740679301,-3650529.941699654,131267.23276020586,79884.61012972891,-305058.88838297874,1049.3316429555416,0.0,0.0
33492,0.0,0.0,0.0,0.0,0.0,0.0,-752328.25,0.0,-1201873.2191249058,0.0,0.0,0.0
33501,0.0,0.0,0.0,0.0,0.0,0.0,0.0,0.0,0.0,0.0,0.0,0.0
33503,0.0,0.0,0.0,0.0,0.0,0.0,0.0,0.0,0.0,0.0,0.0,0.0
33511,0.0,0.0,0.0,0.0,0.0,0.0,0.0,0.0,0.0,0.0,0.0,0.0
33512,0.0,0.0,0.0,0.0,0.0,0.0,0.0,0.0,0.0,0.0,0.0,0.0
33536,0.0,0.0,0.0,-278.28441882133484,-9636.863347098231,-21526.522864902392,-21080.78676443547,-41463.958985308185,-5241.51025390625,0.0,0.0,0.0
33537,0.0,0.0,0.0,0.0,0.0,0.0,0.0,0.0,0.0,0.0,0.0,0.0
33539,0.0,0.0,0.0,-29238.756651595235,-2018950.634309046,-3979861.319248954,-3984234.036949225,-46168.82421875,-4742.1279296875,-480.3438415527344,0.0,0.0
33551,0.0,0.0,0.0,0.0,-5504.1206795573235,-30641.350910149515,-58351.411378776655,-110210.94160958007,-129086.42776763998,-23219.48351373663,0.0,0.0
33552,0.0,0.0,0.0,0.0,-1463.3037929832935,-46946.739859440364,-58779.1347965179,-45442.50390625,0.0,-24517.93353498727,0.0,0.0
33553,0.0,0.0,0.0,0.0,2112.1595615446568,44832.43415406346,20634.406064271927,55004.66625696421,36248.77105769515,4090.5510555505753,0.0,0.0
33557,0.0,0.0,0.0,0.0,0.0,0.0,0.0,0.0,0.0,0.0,0.0,0.0
33558,0.0,0.0,0.0,0.0,0.0,0.0,0.0,0.0,0.0,0.0,0.0,0.0
33568,0.0,0.0,0.0,62235.395019471645,1200506.5970679224,2477042.6961120963,4051594.2179627866,4101463.2980662733,2436443.761495918,159298.90445807576,0.0,0.0
33570,0.0,0.0,0.0,0.0,0.0,0.0,0.0,0.0,0.0,0.0,0.0,0.0
33572,0.0,0.0,0.0,0.0,0.0,0.0,0.0,0.0,0.0,0.0,0.0,0.0
33573,0.0,0.0,0.0,0.0,32255.247450874187,70259.6213739654,263605.6555274967,218944.1513487231,137668.54939855356,21993.357947230805,0.0,0.0
33574,0.0,0.0,0.0,0.0,50878.8558805529,134697.91884935275,507600.35016064346,428741.1156267151,275044.9251347631,45094.04063769616,0.0,0.0
33575,0.0,0.0,0.0,0.0,0.0,0.0,0.0,0.0,0.0,0.0,0.0,0.0
33655,0.0,0.0,0.0,0.0,0.0,0.0,0.0,0.0,0.0,0.0,0.0,0.0
33657,0.0,0.0,0.0,0.0,0.0,0.0,0.0,0.0,0.0,0.0,0.0,0.0
33658,0.0,0.0,1101.91807372123,4030.804561190307,51120.67568028718,103843.70780238137,129267.01730844751,100404.87236954086,23067.127360955812,0.0,0.0,0.0
33676,0.0,0.0,277619.94691577554,965688.8217775188,3825901.3882076405,4481810.871109783,4014719.898881251,1133912.4465203444,15842.1396086053,0.0,0.0,0.0
33678,0.0,0.0,0.0,0.0,0.0,0.0,0.0,0.0,0.0,0.0,0.0,0.0
33679,0.0,0.0,0.0,1175.664605230093,21887.818311918527,41191.63293580897,44673.74576100521,30486.486604990438,4227.802322164178,0.0,0.0,0.0
33680,0.0,0.0,0.0,-1606.951513685286,-14287.966580759734,-20173.81739874184,-20832.033989382908,-10873.143201595172,0.0,0.0,0.0,0.0
33681,0.0,0.0,0.0,0.0,0.0,0.0,0.0,0.0,0.0,0.0,0.0,0.0
33682,0.0,0.0,0.0,0.0,0.0,0.0,0.0,0.0,0.0,0.0,0.0,0.0
33683,0.0,0.0,21891.981189489365,154051.8438795656,1705996.3797431136,1131331.5714686974,380694.3987826473,100908.06086851843,26427.276696637273,0.0,0.0,0.0
33686,0.0,0.0,0.0,10000.164638552815,179404.50349705247,0.0,0.0,156092.68192898715,0.0,0.0,0.0,0.0
33687,0.0,0.0,0.0,0.0,0.0,0.0,0.0,0.0,0.0,0.0,0.0,0.0
33689,0.0,0.0,0.0,24810.052350327373,774558.9063340276,1058001.3892139122,1292133.4661911763,911387.5059701074,107522.63447223604,0.0,0.0,0.0
33690,0.0,0.0,0.0,24782.92532428913,274851.89752317313,505054.3714167364,0.0,0.0,0.0,0.0,0.0,0.0
33691,0.0,0.0,0.0,684.3699846714735,18661.408021178097,17736.836050339043,26130.834943899885,8478.258923891932,0.0,0.0,0.0,0.0
33692,0.0,0.0,0.0,481.4519916176796,401832.43603625894,679190.1730437428,968477.908375442,645421.2099801004,84283.78105960041,0.0,0.0,0.0
33697,0.0,0.0,433.82816582918167,786049.5780453235,4862241.282137513,8091421.527491339,8385057.4910472855,5907810.420848507,460371.7551108033,0.0,0.0,0.0
33698,0.0,0.0,0.0,0.0,0.0,0.0,0.0,0.0,0.0,0.0,0.0,0.0
33699,0.0,0.0,0.0,0.0,0.0,0.0,0.0,0.0,0.0,0.0,0.0,0.0
33700,0.0,0.0,0.0,0.0,0.0,0.0,0.0,0.0,0.0,0.0,0.0,0.0
33701,0.0,0.0,0.0,41189.54577212036,201641.60389333963,270811.2579687452,270149.3286078675,94096.08738012053,0.0,0.0,0.0,0.0
33747,0.0,0.0,-4012.0217441229615,-18020.902389000636,0.0,0.0,0.0,0.0,0.0,0.0,0.0,0.0
33748,0.0,0.0,0.0,0.0,-108323.19140356407,-4.872635327046737e-05,-2.9853274099878035e-05,-1.9088503904640675e-05,0.0,0.0,0.0,0.0
33755,0.0,0.0,0.0,0.0,0.0,0.0,0.0,0.0,0.0,0.0,0.0,0.0
33855,0.0,0.0,0.0,4956.515008813236,0.0,156240.23643791862,161806.40558711812,109584.04455763102,30269.68561644107,0.0,0.0,0.0
33857,0.0,0.0,0.0,0.0,0.0,0.0,0.0,0.0,0.0,0.0,0.0,0.0
33860,0.0,0.0,0.0,-54.31689108489081,-2040.2622516527772,0.0,-12928.473708212376,-10618.07815617323,-4807.088544011116,0.0,0.0,0.0
33887,0.0,0.0,0.0,63.279980055987835,2460.616203650832,7099.748572662473,12622.211254060268,14892.319762945175,6202.212713479996,2227.7534697428346,0.0,0.0
33888,0.0,0.0,0.0,30.708321142941713,1533.7224460355937,3794.978550184518,5983.329571560025,8015.503179162741,3156.336273116991,899.0083921216428,0.0,0.0
33889,0.0,0.0,0.0,0.0,0.0,0.0,0.0,0.0,0.0,0.0,0.0,0.0
33890,0.0,0.0,0.0,-151.50545926392078,-9134.11556608975,-24609.82721827738,-35473.51214727759,-4034205.935469337,-1994174.671511707,0.0,0.0,0.0
33892,0.0,0.0,0.0,0.0,-6696.1389105618,-16602.752528835088,-15852.778959274292,-17626.686992660165,-9342.020261418074,-2449.9092621859163,0.0,0.0
33893,0.0,0.0,0.0,175.95279730670154,21732.912222974002,33217.919588459656,28855.479225877672,34763.03419118002,8559.044459080324,0.0,0.0,0.0
33894,0.0,0.0,0.0,1171.5627763271332,-23855.605149418116,-157611.86945545673,-625258.1553474963,-686480.9299865961,-145407.43524904177,-213665.5730289258,0.0,0.0
33895,0.0,0.0,0.0,0.0,-379853.49169778824,-554433.482562542,-519273.5393047333,-1597188.2620108128,-657530.0140452385,-82153.93443322182,0.0,0.0
33896,0.0,0.0,0.0,0.0,4648.1653187945485,40407.71860314533,54661.630499243736,-4122.773951031268,0.0,19997.062027115375,0.0,0.0
33897,0.0,0.0,0.0,0.0,-40611.07887083292,-157259.1820179224,-201449.7039027214,942099.8472104073,696788.1173626184,199378.5019738078,0.0,0.0
33901,0.0,0.0,0.0,0.0,-11765.320105709136,-33557.15043514222,-39216.97978720069,-107418.9465755485,-80089.16145000607,-19012.816149771214,0.0,0.0
33902,0.0,0.0,0.0,0.0,49484.28781603277,364496.5493233055,666311.0324305966,1338008.4606128447,892479.5542730056,425540.47983384784,0.0,0.0
33903,0.0,0.0,0.0,0.0,2869.5288069844246,53239.92646199465,27912.54200053215,99447.94804608822,68521.09579119086,7677.59154689312,0.0,0.0
33907,0.0,0.0,0.0,0.0,0.0,0.0,0.0,0.0,0.0,0.0,0.0,0.0
33908,0.0,0.0,0.0,0.0,0.0,0.0,0.0,0.0,0.0,0.0,0.0,0.0
33919,0.0,0.0,0.0,0.0,0.0,0.0,0.0,0.0,0.0,0.0,0.0,0.0
33928,0.0,0.0,0.0,0.0,147459.83364722878,482318.6978369355,795302.1494165659,695434.6305019408,393983.95345937833,37030.1722513102,0.0,0.0
33975,0.0,0.0,0.0,0.0,106306.08232688904,-453337.2870750427,-1116281.1425991058,268342.1561422348,-918912.791226387,0.0,0.0,0.0
34003,0.0,0.0,0.0,0.0,0.0,0.0,0.0,0.0,0.0,0.0,0.0,0.0
34005,0.0,0.0,0.0,0.0,0.0,0.0,0.0,0.0,0.0,0.0,0.0,0.0
34006,0.0,0.0,0.0,0.0,0.0,821.8950107842684,44846.856846004725,23614.434874802828,10556.229789942503,2028.205019056797,0.0,0.0
34007,0.0,0.0,0.0,0.0,33733.006833449006,43926.772924244404,158142.21985445917,17505.643548876047,1123.5113221406937,0.0,0.0,0.0
34008,0.0,0.0,0.0,0.0,0.0,0.0,0.0,0.0,0.0,0.0,0.0,0.0
34026,0.0,0.0,13662.78222683072,748743.0585257858,4598666.040184226,9213647.234410495,10810936.966892526,7798663.457595192,1830790.3860329771,0.0,0.0,0.0
34027,0.0,0.0,0.0,0.0,0.0,0.0,0.0,0.0,0.0,0.0,0.0,0.0
34028,0.0,0.0,0.0,0.0,0.0,0.0,0.0,0.0,0.0,0.0,0.0,0.0
34029,0.0,0.0,0.0,0.0,0.0,0.0,0.0,0.0,0.0,0.0,0.0,0.0
34030,0.0,0.0,0.0,0.0,0.0,0.0,0.0,0.0,0.0,0.0,0.0,0.0
34031,0.0,0.0,0.0,0.0,-485473.1699394025,-761686.875,-26652.6015625,0.0,0.0,0.0,0.0,0.0
34033,0.0,0.0,5948.6174769848585,-38916.95542234182,-452889.0289213173,602790.7584992349,656881.2968509644,327619.5503175771,0.0,0.0,0.0,0.0
34034,0.0,0.0,0.0,206.19648605585098,134344.92175467312,233371.7158574015,294248.6373255439,67882.3210874768,15110.714348264039,0.0,0.0,0.0
34035,0.0,0.0,0.0,0.0,283600.39028295875,416352.3535351008,699649.6082368232,589870.370892996,146712.91664735973,0.0,0.0,0.0
34037,0.0,0.0,0.0,0.0,361521.0083588734,705813.0060703829,904701.4753211178,827507.9740511095,242222.77487841249,0.0,0.0,0.0
34038,0.0,0.0,0.0,0.0,0.0,0.0,0.0,0.0,0.0,0.0,0.0,0.0
34039,0.0,0.0,0.0,0.0,0.0,0.0,0.0,0.0,0.0,0.0,0.0,0.0
34040,0.0,0.0,0.0,0.0,1072241.1555489153,1794168.203788489,2635997.291257441,1702488.740102157,327464.5147676021,0.0,0.0,0.0
34044,0.0,0.0,0.0,1160531.6013872996,7698148.79407594,13170959.865926623,13527271.439660814,9523097.213291436,1046447.5664597838,0.0,0.0,0.0
34045,0.0,0.0,41.019923623651266,7801.933928385377,34500.07213647477,46114.3694564458,44390.25964420475,22708.158371713944,0.0,0.0,0.0,0.0
34046,0.0,0.0,5246.097706486005,271952.3208037829,1592725.0620327538,1569788.422382815,1473703.7131641328,565818.3547585472,0.0,0.0,0.0,0.0
34047,0.0,0.0,0.0,0.0,0.0,0.0,0.0,0.0,0.0,0.0,0.0,0.0
34048,0.0,0.0,0.0,0.0,0.0,0.0,0.0,0.0,0.0,0.0,0.0,0.0
34049,0.0,0.0,0.0,83953.88731569052,400855.03176148236,588965.6542142704,583109.479246336,188276.62282333686,0.0,0.0,0.0,0.0
34094,0.0,0.0,-127624.40313124657,-954867.1854858398,-13897126.686974168,-5441807.733221859,0.0,252337.88290073723,-237756.22608208656,51483.699756622314,0.0,0.0
34102,0.0,0.0,0.0,0.0,0.0,0.0,0.0,0.0,0.0,0.0,0.0,0.0
34103,0.0,-2321.9982850338565,43993.02874528803,28721.651686429977,336587.19926285744,760231.5210905597,913450.0213053627,622540.6022129369,51950.60221050307,3281.0246072097216,0.0,0.0
34142,0.0,0.0,0.0,0.0,0.0,0.0,0.0,0.0,0.0,0.0,0.0,0.0
34204,0.0,0.0,0.0,-61524.20468863845,-704789.0009351745,0.0,-2733475.7774330415,-1590575.0110062957,-1577302.5837607086,-150372.39247649908,0.0,0.0
34205,0.0,0.0,0.0,0.0,0.0,0.0,0.0,0.0,0.0,0.0,0.0,0.0
34214,0.0,0.0,0.0,0.0,0.0,0.0,0.0,0.0,0.0,0.0,0.0,0.0
34231,0.0,0.0,0.0,216.21209040284157,9060.890819996595,16407.266918182373,15641.348957300186,16481.14033704996,13002.693838745356,3443.01053494215,-59.10382252931595,0.0
34232,0.0,0.0,0.0,2854.9847527444363,70176.4970202893,161968.75961580873,146883.39553695917,141103.36990565062,61084.02539381385,6981.830574393272,0.0,0.0
34233,0.0,0.0,0.0,544.8426641896367,13782.34147946164,37902.588908433914,48349.64874237776,48941.07690433413,21822.360354185104,10541.561221407726,0.0,0.0
34234,0.0,0.0,0.0,142.30390591919422,-535213.5088048577,-1214829.4080867618,-2564882.3195456266,-4237941.709223688,-2701353.6054928154,-1947883.3049993366,-25872.952371545136,0.0
34235,0.0,0.0,0.0,0.0,0.0,0.0,0.0,0.0,0.0,0.0,0.0,0.0
34236,0.0,0.0,0.0,146.8395903557539,5109.493676727638,25230.139147661626,24062.110344961286,38181.56466399506,22060.970444131643,8686.043784180656,244.7581899939105,0.0
34237,0.0,0.0,0.0,64.6517725456506,4090.325457024388,17452.302247349173,18542.591715037823,28988.182173499838,17714.829270306975,5984.06172227487,0.0,0.0
34238,0.0,0.0,0.0,-191.86673165298998,-39245.22500707302,0.0,-75187.71619999409,-48709.0,0.0,-30949.956030376256,0.0,0.0
34242,0.0,0.0,0.0,0.0,79889.20129910111,848343.6444522962,1040696.727622509,1350921.0334543288,1514996.4666493163,417368.4782079309,0.0,0.0
34243,0.0,0.0,0.0,0.0,-1503.860295470804,-19262.58799406141,-21667.111336156726,-29348.37763451785,-33920.09011760261,-10020.991209231317,0.0,0.0
34244,0.0,0.0,0.0,0.0,2311.275396823883,42466.375045746565,15673.443102955818,78248.86611926556,59427.68497258425,5860.188126504421,0.0,0.0
34248,0.0,0.0,0.0,0.0,0.0,0.0,0.0,0.0,0.0,0.0,0.0,0.0
34249,0.0,0.0,0.0,0.0,0.0,0.0,0.0,0.0,0.0,0.0,0.0,0.0
34250,0.0,0.0,0.0,0.0,0.0,0.0,0.0,0.0,0.0,0.0,0.0,0.0
34260,0.0,0.0,0.0,0.0,0.0,0.0,0.0,0.0,0.0,0.0,0.0,0.0
34268,0.0,0.0,0.0,0.0,0.0,0.0,0.0,0.0,0.0,0.0,0.0,0.0
34270,0.0,0.0,0.0,0.0,-2540972.289459169,0.0,913643.5724827647,745884.6056999713,399251.7215838032,31814.396188707673,0.0,0.0
34315,0.0,0.0,0.0,126581.99130439758,-5939667.622385025,-13026693.402557373,-17910332.594548225,-3306113.573975563,-4313136.999176025,-669741.8024406433,942.0936489105225,0.0
34342,0.0,0.0,0.0,0.0,0.0,0.0,0.0,0.0,0.0,0.0,0.0,0.0
34344,0.0,0.0,0.0,0.0,0.0,0.0,0.0,0.0,0.0,0.0,0.0,0.0
34346,0.0,0.0,0.0,0.0,0.0,0.0,0.0,0.0,0.0,0.0,0.0,0.0
34348,0.0,670.9090950489044,297794.12399721146,3343526.1252007484,18915074.743985474,27211776.87544918,32348377.430012405,19518640.019883156,1676335.297356367,0.0,0.0,0.0
34367,0.0,0.0,126393.71145896614,275022.3970300276,1183065.8762457734,1371891.4884319622,1216229.674856891,233527.9573284582,0.0,0.0,0.0,0.0
34368,0.0,0.0,0.0,0.0,0.0,0.0,0.0,0.0,0.0,0.0,0.0,0.0
34370,0.0,0.0,0.0,0.0,0.0,0.0,0.0,-6740.61181640625,0.0,0.0,0.0,0.0
34371,0.0,0.0,71.2137153018266,18984.12004318461,119574.54999103304,108469.19614066603,140207.0291858823,49422.873242408736,0.0,0.0,0.0,0.0
34372,0.0,0.0,0.0,18187.41304372251,506147.72020316124,452485.8101195451,739925.9934744313,378449.063211116,0.0,0.0,0.0,0.0
34373,0.0,0.0,0.0,0.0,-1419370.4010862075,-3747481.617480878,-1920940.875,-9927.4912109375,-1684215.8208988719,0.0,0.0,0.0
34374,0.0,0.0,1260.5404315171763,21416.88378553791,84844.98588925088,282525.56380429585,351156.3781722067,282879.53820976894,110062.67265026877,0.0,0.0,0.0
34375,0.0,0.0,0.0,0.0,0.0,0.0,0.0,0.0,0.0,0.0,0.0,0.0
34379,0.0,0.0,0.0,1939289.7801693678,9742327.260324985,17126396.913469616,18770792.15439449,12730175.60154458,1452776.6409419803,0.0,0.0,0.0
34380,0.0,0.0,0.0,19876.709170259535,103317.20176908746,170933.2478350848,179021.73698611557,118888.57660181075,9150.467467880808,0.0,0.0,0.0
34381,0.0,0.0,0.0,10726.503031276166,57718.67650630139,89329.00331015512,92520.42835276201,59720.23375172727,2225.6090023084544,0.0,0.0,0.0
34382,0.0,0.0,0.0,0.0,0.0,0.0,0.0,0.0,0.0,0.0,0.0,0.0
34383,0.0,0.0,0.0,0.0,0.0,0.0,0.0,0.0,0.0,0.0,0.0,0.0
34384,0.0,0.0,0.0,0.0,0.0,0.0,0.0,0.0,0.0,0.0,0.0,0.0
34385,0.0,0.0,0.0,0.0,0.0,0.0,0.0,0.0,0.0,0.0,0.0,0.0
34386,0.0,0.0,0.0,348849.8655757606,1811857.612344712,1946926.1306417696,319747.92940912396,682195.2149825264,10130.966986133251,0.0,0.0,0.0
34395,0.0,0.0,0.0,-51762.96261557937,-1333526.3329838589,0.0,0.0,0.0,-6720.90380859375,0.0,0.0,0.0
34399,0.0,0.0,0.0,-7595.168205857277,276263.6539763212,1518214.720103681,1649332.3420713358,1503135.838590867,436243.4430661928,0.0,0.0,0.0
34418,0.0,0.0,0.0,0.0,103069.1295362711,186361.5142042935,-2688045.9766658526,107202.39280153066,250108.62210345268,39207.97121788561,0.0,0.0
34430,0.0,0.0,-467.6069490760565,-1802.5311211310327,-566531.5343211722,0.0,0.0,-2741.63330078125,-19196.686377502978,-714.3752407811116,0.0,0.0
34440,0.0,0.0,0.0,0.0,0.0,0.0,0.0,0.0,0.0,0.0,0.0,0.0
34512,0.0,0.0,0.0,0.0,0.0,0.0,0.0,0.0,0.0,0.0,0.0,0.0
34517,0.0,0.0,0.0,0.0,0.0,0.0,0.0,0.0,0.0,0.0,0.0,0.0
34519,0.0,0.0,0.0,0.0,0.0,0.0,0.0,0.0,0.0,0.0,0.0,0.0
34520,0.0,0.0,0.0,0.0,0.0,0.0,0.0,0.0,0.0,0.0,0.0,0.0
34537,0.0,0.0,0.0,0.0,11328.317375823855,0.0,0.0,-695609.99100817,20107.906660472043,4126.905454909429,0.0,0.0
34550,0.0,0.0,0.0,0.0,0.0,0.0,0.0,0.0,0.0,0.0,0.0,0.0
34568,-631352.8505656719,-280883.14901685715,-91845.04732871056,-1331783.1263968945,-14604128.234504223,-31064765.074920654,-24802901.814085007,-15802823.869960785,-2414949.378713608,-5065272.985993862,-446506.1848526001,-859164.2552566528
34569,0.0,0.0,0.0,0.0,295.2865677899681,3796.51997736888,9094.111889444292,20271.736669428647,11910.084089136682,8604.143576398492,94.66948995925486,0.0
34570,0.0,0.0,0.0,-5579.071863280609,-168982.31743587926,-896631.7807894982,-657037.4331802838,-788340.2149059251,-419747.56743577495,0.0,0.0,0.0
34571,0.0,0.0,0.0,0.0,-102988.31743788719,-491550.7034885287,-715360.8298249245,-1109234.0662150383,-1548756.5682342052,-435123.53309106827,0.0,0.0
34577,0.0,0.0,0.0,0.0,0.0,0.0,0.0,0.0,0.0,0.0,0.0,0.0
34578,0.0,0.0,0.0,0.0,5625.681912183762,78689.94021609426,50347.820142269135,171163.6559278369,133870.79445266724,19598.373778045177,0.0,0.0
34582,0.0,0.0,0.0,0.0,0.0,0.0,0.0,0.0,0.0,0.0,0.0,0.0
34583,0.0,0.0,0.0,116609.3254891187,528161.4179163873,1007485.6418051049,1190048.8227843866,824074.0500090029,139541.8591208104,0.0,0.0,0.0
34584,0.0,0.0,0.0,92416.18725529313,344101.6385812983,776089.5633093677,847524.4447824024,636475.4482425265,161048.42668830045,0.0,0.0,0.0
34585,0.0,0.0,0.0,175208.34373363853,751248.8817049675,1475380.6133923754,1611263.1098040268,1164222.5029330924,253727.88626465574,0.0,0.0,0.0
34586,0.0,0.0,3318370.342778206,23020250.73855114,52170321.75785267,61884160.71735531,70921876.29523307,30942769.093738772,2918273.962758407,262783.78140449524,0.0,0.0
34592,0.0,0.0,0.0,0.0,0.0,0.0,0.0,0.0,0.0,0.0,0.0,0.0
34593,0.0,0.0,0.0,0.0,0.0,0.0,0.0,0.0,0.0,0.0,0.0,0.0
34594,0.0,0.0,0.0,0.0,0.0,0.0,0.0,0.0,0.0,0.0,0.0,0.0
34597,0.0,0.0,0.0,0.0,0.0,0.0,0.0,0.0,0.0,0.0,0.0,0.0
34598,0.0,0.0,0.0,0.0,0.0,0.0,0.0,0.0,0.0,0.0,0.0,0.0
34675,0.0,0.0,0.0,0.0,0.0,0.0,0.0,0.0,0.0,0.0,0.0,0.0
34676,0.0,0.0,0.0,0.0,0.0,0.0,0.0,0.0,0.0,0.0,0.0,0.0
34677,0.0,0.0,0.0,0.0,0.0,0.0,0.0,0.0,0.0,0.0,0.0,0.0
34678,0.0,0.0,0.0,0.0,0.0,0.0,0.0,0.0,0.0,0.0,0.0,0.0
34679,0.0,0.0,0.0,0.0,0.0,0.0,0.0,0.0,0.0,0.0,0.0,0.0
34680,0.0,0.0,0.0,0.0,0.0,0.0,0.0,0.0,0.0,0.0,0.0,0.0
34681,0.0,0.0,79611.71122726798,197787.12949352432,596133.8887981549,332938.8012368381,651762.0813725218,157258.59325741138,0.0,0.0,0.0,0.0
34697,0.0,0.0,934887.4461326804,5073322.739232471,23337457.035157856,32186777.268964745,32333230.830535285,15877355.212678341,932331.6526345881,0.0,0.0,0.0
34698,0.0,0.0,43885.54425098805,138067.23478006362,590531.4470061758,698971.3542352151,645791.907171356,176981.1330365563,0.0,0.0,0.0,0.0
34699,0.0,0.0,0.0,0.0,0.0,0.0,0.0,0.0,0.0,0.0,0.0,0.0
34700,0.0,0.0,0.0,18704.576885686256,227956.31672229804,344400.87349484675,368164.347571386,186793.86839604285,30287.8337076623,0.0,0.0,0.0
34701,0.0,0.0,0.0,0.0,0.0,0.0,0.0,0.0,0.0,0.0,0.0,0.0
34702,0.0,0.0,0.0,0.0,0.0,0.0,0.0,0.0,0.0,0.0,0.0,0.0
34703,0.0,0.0,0.0,0.0,0.0,0.0,0.0,0.0,0.0,0.0,0.0,0.0
34704,0.0,0.0,1759.963316589594,127905.05635513738,685600.1530661602,667243.5357820299,835868.4433804601,306643.8957776427,0.0,0.0,0.0,0.0
34705,0.0,0.0,0.0,0.0,113843.97312802821,710461.0672582723,956941.6894420721,912360.713822566,343479.9792647064,0.0,0.0,0.0
34706,0.0,0.0,0.0,0.0,0.0,0.0,0.0,0.0,0.0,0.0,0.0,0.0
34707,0.0,0.0,0.0,0.0,0.0,0.0,0.0,0.0,0.0,0.0,0.0,0.0
34708,0.0,0.0,0.0,0.0,0.0,0.0,0.0,0.0,0.0,0.0,0.0,0.0
34709,0.0,0.0,0.0,39638.074802577496,2385818.848278165,5957243.681408972,7848392.099099293,5739118.829431146,977552.6624917239,0.0,0.0,0.0
34710,0.0,0.0,0.0,365155.7727858424,1985661.3415160067,2321662.854148645,2211859.469279159,538579.2329203514,0.0,0.0,0.0,0.0
34711,0.0,0.0,0.0,319991.1457213387,3396712.0527890343,5552882.534886438,6282296.076127328,4340059.185618587,616882.3811131441,0.0,0.0,0.0
34712,0.0,0.0,0.0,7743.462652046233,38743.271320037544,57560.38821717352,63860.52340032533,41185.455565586686,2217.5210748470854,0.0,0.0,0.0
34713,0.0,0.0,0.0,1156323.7689002566,5947464.303685173,9235524.766549192,9556818.705104418,6396919.528243482,348306.7447096724,0.0,0.0,0.0
34714,0.0,0.0,0.0,16219.44870531559,59418.493714511395,75333.08973324671,69583.16390313953,27419.504613336176,0.0,0.0,0.0,0.0
34715,0.0,0.0,0.0,0.0,0.0,0.0,0.0,0.0,0.0,0.0,0.0,0.0
34716,0.0,0.0,0.0,0.0,0.0,0.0,0.0,0.0,0.0,0.0,0.0,0.0
34717,0.0,0.0,0.0,0.0,0.0,0.0,0.0,0.0,0.0,0.0,0.0,0.0
34718,0.0,0.0,0.0,0.0,0.0,0.0,0.0,0.0,0.0,0.0,0.0,0.0
34719,0.0,0.0,0.0,6169.301683031023,32711.897164929658,46324.828544831835,46277.312168704346,17840.325652796775,0.0,0.0,0.0,0.0
34720,0.0,0.0,0.0,-146584.53363496065,-1943028.846750155,-1841.3614501953125,0.0,0.0,0.0,0.0,0.0,0.0
34727,0.0,0.0,0.0,13773.831447899342,134831.88374952972,0.0,0.0,0.0,74045.8695471324,0.0,0.0,0.0
34729,0.0,0.0,0.0,0.0,15506.46430374682,114373.44217462093,144138.46800773218,138957.72615225427,42167.91043436993,2676.7781543117017,0.0,0.0
34736,0.0,0.0,0.0,1617.7156234644353,42432.19130628742,0.0,0.0,0.0,0.0,0.0,0.0,0.0
34763,0.0,0.0,0.0,0.0,-9410.951640978456,-51842.75603056513,0.0,0.0,-15512.445491890423,0.0,0.0,0.0
34764,0.0,0.0,0.0,0.0,0.0,0.0,0.0,0.0,0.0,0.0,0.0,0.0
34773,0.0,0.0,0.0,0.0,0.0,0.0,0.0,0.0,0.0,0.0,0.0,0.0
34815,0.0,0.0,0.0,0.0,0.0,0.0,0.0,0.0,0.0,0.0,0.0,0.0
34847,0.0,0.0,0.0,0.0,0.0,0.0,0.0,0.0,0.0,0.0,0.0,0.0
34849,0.0,0.0,0.0,0.0,0.0,0.0,0.0,0.0,0.0,0.0,0.0,0.0
34853,0.0,0.0,0.0,0.0,0.0,0.0,0.0,0.0,0.0,0.0,0.0,0.0
34861,0.0,0.0,0.0,0.0,0.0,0.0,0.0,0.0,0.0,0.0,0.0,0.0
34882,0.0,0.0,0.0,0.0,0.0,0.0,0.0,0.0,0.0,0.0,0.0,0.0
34901,0.0,0.0,0.0,-210827.6624248922,-5508945.180108219,-9490359.85543251,-8080201.957130313,-6162813.728486538,-1630135.313272953,-26507.927556723356,-2.1440961956977844,0.0
34902,0.0,0.0,0.0,-56443.88687309623,-1478298.3483504057,-3139065.006445676,-2678121.935660243,-2499156.3449831605,-977477.3373777866,-125243.43201941252,952.7397454977036,792.2576275467873
34903,0.0,0.0,0.0,0.0,0.0,0.0,0.0,0.0,0.0,0.0,0.0,0.0
34904,0.0,0.0,0.0,0.0,0.0,0.0,0.0,0.0,0.0,0.0,0.0,0.0
34905,0.0,0.0,0.0,0.0,-13338.23623952642,-86925.12782574631,-146125.98492497206,-141769.3825941682,-264824.43298214674,-51295.66259984672,0.0,0.0
34912,0.0,0.0,0.0,0.0,3044.7403683718294,32338.131036715582,24254.11244018376,36562.08951951563,36011.95253688283,2870.5720729036257,0.0,0.0
34913,0.0,0.0,0.0,0.0,0.0,0.0,0.0,0.0,0.0,0.0,0.0,0.0
34914,0.0,0.0,0.0,0.0,0.0,0.0,0.0,0.0,0.0,0.0,0.0,0.0
34915,0.0,0.0,0.0,0.0,1754.9780617058277,29217.550469726324,18204.012348920107,41844.63037765026,32707.862645320594,2121.708643898368,0.0,0.0
34918,0.0,0.0,0.0,0.0,8961.743332922459,66030.92863678932,64967.679333508015,194505.31663870811,185552.31493133307,31822.698810636997,0.0,0.0
34919,0.0,0.0,0.0,0.0,8099.614798426628,116103.44083082676,120694.32402825356,300207.8036314845,242111.6012598276,52443.35309803486,0.0,0.0
34920,0.0,0.0,0.0,0.0,0.0,0.0,0.0,0.0,0.0,0.0,0.0,0.0
34921,0.0,0.0,0.0,0.0,0.0,0.0,0.0,0.0,0.0,0.0,0.0,0.0
34930,0.0,0.0,0.0,0.0,0.0,0.0,0.0,0.0,0.0,0.0,0.0,0.0
34931,0.0,0.0,0.0,0.0,0.0,0.0,0.0,0.0,0.0,0.0,0.0,0.0
34933,0.0,0.0,0.0,0.0,0.0,0.0,0.0,0.0,0.0,0.0,0.0,0.0
34934,0.0,0.0,0.0,0.0,0.0,0.0,0.0,0.0,0.0,0.0,0.0,0.0
34935,0.0,0.0,0.0,0.0,16755.806879647076,53205.29742565006,139497.88816627115,122704.93827725016,78638.77983261086,8233.700012119487,0.0,0.0
34936,0.0,0.0,0.0,0.0,0.0,0.0,0.0,0.0,0.0,0.0,0.0,0.0
34986,0.0,0.0,0.0,126581.99130630493,-5833361.540058136,-13480030.689632416,-19026613.737146378,-3037771.4178333282,-5232049.790403366,-669741.8024406433,942.0936470031738,0.0
35012,0.0,0.0,0.0,0.0,0.0,0.0,0.0,0.0,0.0,0.0,0.0,0.0
35013,0.0,0.0,0.0,0.0,0.0,0.0,0.0,0.0,0.0,0.0,0.0,0.0
35014,0.0,0.0,0.0,0.0,0.0,0.0,0.0,0.0,0.0,0.0,0.0,0.0
35015,0.0,0.0,0.0,0.0,0.0,0.0,0.0,0.0,0.0,0.0,0.0,0.0
35016,0.0,0.0,189912.48005434498,435725.36366838124,1236300.6538055874,1362933.407468968,1262041.8090930255,243205.66784174799,0.0,0.0,0.0,0.0
35032,0.0,0.0,140915.0611765748,430829.369528912,1278075.3010466993,1481109.635359645,1296650.9868974537,258204.6927433964,0.0,0.0,0.0,0.0
35033,0.0,0.0,0.0,0.0,0.0,0.0,0.0,0.0,0.0,0.0,0.0,0.0
35034,0.0,0.0,0.0,-1733768.5361406207,-17207780.26024554,-469654.46875,0.0,0.0,0.0,0.0,0.0,0.0
35037,0.0,0.0,0.0,0.0,0.0,-1585373.5,-5134.17919921875,-3027.8486328125,-1040102.875,0.0,0.0,0.0
35039,0.0,0.0,13111.02933697775,156334.46305273287,1185009.4524234422,0.0,0.0,0.0,0.0,0.0,0.0,0.0
35040,0.0,0.0,0.0,0.0,0.0,0.0,0.0,0.0,0.0,0.0,0.0,0.0
35041,0.0,0.0,0.0,0.0,0.0,0.0,0.0,0.0,0.0,0.0,0.0,0.0
35042,0.0,0.0,0.0,0.0,0.0,0.0,0.0,0.0,0.0,0.0,0.0,0.0
35043,0.0,0.0,3828.86373513937,558254.5157181025,3974238.9335436225,4617403.725315213,4703295.173208494,1438800.662961199,714.216066353023,0.0,0.0,0.0
35046,0.0,0.0,0.0,9454.996455356479,90838.73893090338,177951.73013136536,199639.82660520822,152846.40875091404,0.0,0.0,0.0,0.0
35047,0.0,0.0,0.0,0.0,0.0,0.0,0.0,0.0,0.0,0.0,0.0,0.0
35048,0.0,0.0,0.0,0.0,0.0,0.0,0.0,0.0,0.0,0.0,0.0,0.0
35049,0.0,0.0,0.0,0.0,0.0,0.0,0.0,0.0,0.0,0.0,0.0,0.0
35050,0.0,0.0,0.0,0.0,0.0,0.0,0.0,0.0,0.0,0.0,0.0,0.0
35051,0.0,0.0,0.0,0.0,0.0,0.0,0.0,0.0,0.0,0.0,0.0,0.0
35052,0.0,0.0,0.0,0.0,0.0,0.0,0.0,0.0,0.0,0.0,0.0,0.0
35053,0.0,0.0,0.0,0.0,0.0,0.0,0.0,0.0,0.0,0.0,0.0,0.0
35054,0.0,0.0,0.0,537065.8140752316,2685300.2129029743,2708619.940681684,3850466.860037027,2185304.4631690565,262706.5026422922,0.0,0.0,0.0
35059,0.0,0.0,0.0,2530.4120007380843,11354.5526657179,42754.528974176385,48531.48952542059,38447.14031635085,7405.481570953969,0.0,0.0,0.0
35060,0.0,0.0,0.0,33342.57524226606,214819.0655979365,839948.0445151404,294106.32716547325,794504.202770859,181449.1131726941,0.0,0.0,0.0
35066,0.0,0.0,0.0,73711.97240275145,692580.6043778658,2040806.9700012086,2000554.4819860496,1877767.7424522173,466546.44800129766,0.0,0.0,0.0
35067,0.0,0.0,0.0,50968.93104597926,-197348.78224271536,1220844.2409424942,1197635.1779876775,1157221.1715746913,323569.43506428576,2061.0524558331817,0.0,0.0
35090,0.0,0.0,0.0,-530021.8956837654,64084.67549678683,118820.09336228669,0.0,0.0,32289.363469388336,-101389.19515191764,0.0,0.0
35098,0.0,0.0,29.699373453855515,131.46110996603966,-6469.641177043319,-57348.642603337765,-103540.69241426513,-71322.79488066584,-3994.2408590354025,0.0,0.0,0.0
35099,0.0,0.0,-1621.3065077066422,-1891.0730965733528,-33272.200032018125,0.0,0.0,-2575.7728704269975,0.0,0.0,0.0,0.0
35100,0.0,0.0,-60577.24312824011,-430463.7948553562,-5566615.182490587,-5554688.572775483,-2542337.282248795,-2236646.6102645397,0.0,0.0,0.0,0.0
35107,0.0,0.0,0.0,0.0,0.0,0.0,0.0,0.0,0.0,0.0,0.0,0.0
35178,0.0,0.0,0.0,0.0,0.0,0.0,0.0,0.0,0.0,0.0,0.0,0.0
35186,0.0,0.0,0.0,0.0,0.0,0.0,0.0,0.0,0.0,0.0,0.0,0.0
35190,0.0,0.0,0.0,0.0,0.0,0.0,0.0,0.0,0.0,0.0,0.0,0.0
35216,0.0,0.0,0.0,0.0,0.0,0.0,0.0,0.0,0.0,0.0,0.0,0.0
35237,14809.227203845978,-13930.933844089508,-2444.897431373596,-216344.31628465652,-7637071.966583729,-31387958.862957478,-2812225.352874756,-3541827.755221367,-6733524.253828526,-2201202.069776058,39831.942051410675,-30366.420930862427
35238,0.0,0.0,0.0,-689.9482260923833,-20502.451042938977,-56382.49783500098,-51879.55173365772,-181025.71957106143,-15739.1689453125,-84240.90219525527,-988.920509996824,0.0
35239,0.0,0.0,0.0,60.086259447038174,1790.5367455780506,5779.326545409858,6479.589661836624,23158.128615178168,21322.95721679181,12166.281287435442,88.70517697930336,0.0
35240,0.0,0.0,0.0,-32.08351647853851,-3184.9312683045864,-15477.627089433372,-4466.211223244667,663.884353429079,-84.87050292640924,6617.181900925934,29.266132846474648,0.0
35241,0.0,0.0,0.0,0.0,-1195.4037233283743,-14052.067256730516,-29415.088767692447,-31082.89125467837,-45407.696338549256,-11966.104612811469,0.0,0.0
35242,0.0,0.0,0.0,0.0,-2535.853163654916,-24117.172675598413,-47571.806687407196,-53285.270996302366,0.0,-14368.794325176626,0.0,0.0
35243,0.0,0.0,0.0,0.0,-20540.823658794165,-202822.17379271984,-248809.0280585289,-291324.53423571587,-497376.5684130043,-104691.89498481154,0.0,0.0
35244,0.0,0.0,0.0,0.0,436111.77292609215,5005164.656765461,3439724.2851638794,2097021.2452859879,6948506.613531947,1903033.2239581347,0.0,0.0
35248,0.0,0.0,0.0,0.0,82944.60123511404,1410170.3020412177,1194990.003868103,2020849.9163704813,2383019.9810670987,488569.74496940523,0.0,0.0
35249,0.0,0.0,0.0,0.0,0.0,0.0,0.0,0.0,0.0,0.0,0.0,0.0
35251,0.0,0.0,0.0,0.0,0.0,0.0,0.0,0.0,0.0,0.0,0.0,0.0
35252,0.0,0.0,0.0,633.9723417758942,57969.64152228832,199858.46090090275,65307.137211084366,256241.18074655533,169397.80741024017,7549.25052022934,0.0,0.0
35253,0.0,0.0,0.0,0.0,6568.3634395599365,100495.58025819063,61954.61338865757,199751.64639306068,172311.24954661727,16023.058727383614,0.0,0.0
35256,0.0,0.0,0.0,0.0,426.6165104210377,12650.945073537529,15117.990506067872,32802.08535139263,30832.968318253756,8188.916984647512,0.0,0.0
35257,0.0,0.0,0.0,0.0,-1316978.7612880245,0.0,-2731045.5,-75582.28125,-1384023.254620133,0.0,0.0,0.0
35267,0.0,0.0,0.0,0.0,0.0,0.0,0.0,0.0,0.0,0.0,0.0,0.0
35270,0.0,0.0,0.0,0.0,0.0,0.0,0.0,0.0,0.0,0.0,0.0,0.0
35324,0.0,0.0,0.0,0.0,0.0,0.0,0.0,0.0,0.0,0.0,0.0,0.0
35348,0.0,0.0,0.0,0.0,0.0,0.0,0.0,0.0,0.0,0.0,0.0,0.0
35349,0.0,0.0,0.0,0.0,0.0,0.0,0.0,0.0,0.0,0.0,0.0,0.0
35350,0.0,0.0,0.0,0.0,0.0,0.0,0.0,0.0,0.0,0.0,0.0,0.0
35351,0.0,0.0,7530.029910143465,21532.78415249195,74234.65772883594,89326.98542503733,88956.28968261182,30037.421585588716,0.0,0.0,0.0,0.0
35352,0.0,0.0,393480.9955130443,1176121.9482483268,4429722.057380937,5263667.3970938325,5448687.410660073,1817083.7210482731,0.0,0.0,0.0,0.0
35354,0.0,0.0,21931.80558219552,2053042.257654041,12322609.730790839,17232568.668821365,31003363.20923372,20123342.872956935,1093131.7539660977,0.0,0.0,0.0
35355,0.0,55740.260495871305,627035.2971668541,1885338.0192350782,5359450.319978276,9547963.547909059,9384497.807527274,6986081.911586646,2517153.644620914,0.0,0.0,0.0
35365,0.0,0.0,0.0,543364.8995400342,4434105.762449272,5310586.875390802,5166887.287607506,1570575.7483498082,0.0,0.0,0.0,0.0
35367,0.0,0.0,0.0,0.0,0.0,0.0,-168.9239951185882,0.0,0.0,0.0,0.0,0.0
35368,0.0,0.0,0.0,-0.17132724821567535,-70.87301940470934,-148.60675421915948,0.0,-102.2477948172018,-7.047548986971378,0.0,0.0,0.0
35369,0.0,0.0,0.0,32.34712301194668,2694.4038928747177,5397.130633696914,5977.201959580183,3291.50966296345,0.0,0.0,0.0,0.0
35370,0.0,0.0,0.0,0.0,0.0,0.0,0.0,0.0,0.0,0.0,0.0,0.0
35371,0.0,0.0,0.0,0.0,0.0,0.0,0.0,0.0,0.0,0.0,0.0,0.0
35372,0.0,0.0,0.0,0.0,0.0,0.0,0.0,0.0,0.0,0.0,0.0,0.0
35373,0.0,0.0,42222.125551730394,70452.5310934931,554569.4708232768,697305.6787920482,616887.6253828071,92465.16292501613,0.0,0.0,0.0,0.0
35374,0.0,0.0,14065.280819952488,10395.476964831352,3216280.785136491,5012940.31127882,5318399.217645515,2356089.9036001936,526.5718173980713,0.0,0.0,0.0
35375,0.0,0.0,0.0,0.0,0.0,0.0,0.0,0.0,0.0,0.0,0.0,0.0
35376,0.0,0.0,0.0,0.0,0.0,0.0,0.0,0.0,0.0,0.0,0.0,0.0
35377,0.0,0.0,176.8582457602024,77449.7051249668,745022.6218287535,-1906933.375,0.0,0.0,-3739786.75,0.0,0.0,0.0
35378,0.0,0.0,0.0,0.0,134022.3864683956,-133019.15625,0.0,0.0,0.0,0.0,0.0,0.0
35381,0.0,0.0,12855.457208812237,73615.91560474038,1204412.8728866167,0.0,0.0,0.0,0.0,0.0,0.0,0.0
35382,0.0,0.0,0.0,282822.7815395966,4158929.135157522,5443471.596120667,6018446.3283615485,2433389.258740333,0.0,0.0,0.0,0.0
35384,0.0,0.0,0.0,0.0,0.0,0.0,0.0,0.0,0.0,0.0,0.0,0.0
35385,0.0,0.0,0.0,0.0,0.0,0.0,0.0,0.0,0.0,0.0,0.0,0.0
35386,0.0,0.0,0.0,0.0,0.0,0.0,0.0,0.0,0.0,0.0,0.0,0.0
35387,0.0,0.0,0.0,0.0,0.0,0.0,0.0,0.0,0.0,0.0,0.0,0.0
35388,0.0,0.0,0.0,0.0,0.0,0.0,0.0,0.0,0.0,0.0,0.0,0.0
35389,0.0,0.0,0.0,0.0,0.0,0.0,0.0,0.0,0.0,0.0,0.0,0.0
35390,0.0,0.0,0.0,0.0,0.0,0.0,0.0,0.0,0.0,0.0,0.0,0.0
35391,0.0,0.0,0.0,0.0,0.0,0.0,0.0,0.0,0.0,0.0,0.0,0.0
35392,0.0,0.0,0.0,34496.68587973714,140489.65293122083,211643.82446619123,204536.9933349006,67293.79300050624,0.0,0.0,0.0,0.0
35437,0.0,0.0,-2330.088412374258,-4043.662994414568,-61775.61482721567,-79081.55373626947,-34162.062621220946,-12078.783203125,-14539.561175070703,0.0,0.0,0.0
35444,0.0,0.0,1845040.823300682,2453050.7881249366,38751222.20431613,47237184.03816066,48471137.46139912,20283999.235241033,0.0,0.0,0.0,0.0
35513,0.0,0.0,0.0,0.0,0.0,0.0,0.0,0.0,0.0,0.0,0.0,0.0
35522,0.0,0.0,0.0,0.0,0.0,0.0,0.0,0.0,0.0,0.0,0.0,0.0
35526,0.0,0.0,0.0,3196.376280143857,9719.375172421336,0.0,53848.69357146323,64565.01600009203,83093.68759779632,4922.403419449925,0.0,0.0
35530,0.0,0.0,0.0,0.0,-6588.399379044771,-30399.326545216143,-23191.94155162573,-30552.1810503304,-9886.770174920559,-370.5979840308428,0.0,0.0
35574,0.0,0.0,0.0,49.961150750517845,1601.3345176577568,1114.2230248302221,-2495.216243863106,-1077.6017971038818,-989.4339640215039,-52.974234864115715,-2.5137715339660645,0.0
35575,0.0,0.0,0.0,-57516.86204776168,-1168043.4910544902,-2567758.707755182,-1573731.3689911366,-1664133.3185100555,66292.25774934143,-58107.419422507286,730.6435585916042,0.0
35576,0.0,0.0,0.0,535.6789273768663,7596.937315940857,14798.01086641103,8061.821394920349,9533.08295020461,11670.071186833084,-3389.9589154347777,-29.67682681977749,0.0
35577,0.0,0.0,0.0,-59.801190823316574,-1495.8776184469461,-3999.6904242113233,-2850.4522648453712,-8575.849483758211,-149668.0556418877,-4616.269689746201,-189.81241364777088,0.0
35580,0.0,0.0,0.0,0.0,167.8346586972475,2573.13733536005,1655.724018573761,2219.3128015846014,3138.3154778815806,464.92851208150387,0.0,0.0
35581,0.0,0.0,0.0,0.0,-1339.0543293952942,-16352.242230638862,-13047.561661362648,-20198.629435911775,-23954.244817778468,-2921.3331772461534,0.0,0.0
35582,0.0,0.0,0.0,0.0,0.0,0.0,0.0,0.0,0.0,0.0,0.0,0.0
35583,0.0,0.0,0.0,28149.03169849515,1463431.573155865,2693290.2657963037,1127466.7281143665,1799818.4155851007,1593859.3042744547,8736.452217578888,0.0,0.0
35588,0.0,0.0,0.0,0.0,0.0,0.0,0.0,0.0,0.0,0.0,0.0,0.0
35589,0.0,0.0,0.0,124.65418180823326,2702.6591671928763,15938.684186387807,4773.923412024975,23243.310145035386,18147.10235123709,2020.6429741159081,0.0,0.0
35590,0.0,0.0,0.0,0.0,0.0,0.0,0.0,0.0,0.0,0.0,0.0,0.0
35591,0.0,0.0,0.0,0.0,3974.8311247220263,10035.797615444288,685.4540132470429,4574.194039030001,1681.367645634804,171.30473278928548,0.0,0.0
35592,0.0,0.0,0.0,0.0,2110.589734338224,49140.439174592495,12739.336837336421,71689.40142314881,49717.64308536053,4332.66044408083,0.0,0.0
35597,0.0,0.0,0.0,0.0,1568.0461695194244,7739.6669795662165,10761.375023946166,22687.09434759617,24082.084225475788,2422.3602029383183,0.0,0.0
35598,0.0,0.0,0.0,0.0,0.0,0.0,0.0,0.0,0.0,0.0,0.0,0.0
35599,0.0,0.0,0.0,191214.25587526895,907371.640137502,1386910.0832858905,1629696.228508249,1325702.9991190583,544026.0683642924,192099.43421578454,0.0,0.0
35607,0.0,0.0,0.0,0.0,0.0,0.0,0.0,0.0,0.0,0.0,0.0,0.0
35611,0.0,0.0,0.0,0.0,0.0,0.0,0.0,0.0,0.0,0.0,0.0,0.0
35612,0.0,0.0,0.0,0.0,0.0,0.0,0.0,0.0,0.0,0.0,0.0,0.0
35690,0.0,0.0,0.0,0.0,0.0,0.0,0.0,0.0,0.0,0.0,0.0,0.0
35691,0.0,0.0,2466.17770472914,24531.535707347095,112601.6715990454,140055.96866912954,155405.121276306,78541.81712709554,0.0,0.0,0.0,0.0
35693,0.0,0.0,1048747.0511078835,3773907.0864089727,14164930.26735754,15860392.400648912,16741410.93904892,5153575.656978908,89505.38454902358,0.0,0.0,0.0
35697,0.0,0.0,322738.58775138855,1007378.6661725119,2795858.2189573646,3268274.020388238,3025902.0763818957,656752.6083163144,0.0,0.0,0.0,0.0
35698,0.0,0.0,0.0,1001884.9672906008,5366902.902247939,7264556.537306417,7897895.261368897,4535445.914042328,0.0,0.0,0.0,0.0
35699,0.0,0.0,0.0,-3947.042937599588,0.0,0.0,0.0,0.0,0.0,0.0,0.0,0.0
35700,0.0,0.0,-744.0932951564901,0.0,0.0,0.0,0.0,0.0,0.0,0.0,0.0,0.0
35701,0.0,0.0,607482.9047730013,3241427.04004841,5638524.493221421,6221087.800519496,4224542.682302417,0.0,0.0,0.0,0.0,0.0
35702,0.0,0.0,0.0,0.0,0.0,0.0,0.0,0.0,0.0,0.0,0.0,0.0
35703,0.0,0.0,0.0,0.0,-182022.671875,-12690.5029296875,-7925.4658203125,-5161.8916015625,0.0,0.0,0.0,0.0
35704,0.0,0.0,0.0,0.0,0.0,0.0,0.0,0.0,0.0,0.0,0.0,0.0
35705,0.0,0.0,856.782270476222,1226.431704832241,8235.372944892384,10704.518066253513,9605.001648474485,2401.9330542557873,0.0,0.0,0.0,0.0
35706,0.0,0.0,5291.73157139495,13687.297278741375,55474.94191065431,71605.10754364729,58233.77873133123,0.0,0.0,0.0,0.0,0.0
35707,0.0,0.0,4723.909200839698,11549.773836184293,50337.86969734728,64047.3313023299,54622.88499097526,8458.202559888363,0.0,0.0,0.0,0.0
35708,0.0,0.0,0.0,101.44521445780993,8604.937187345698,15796.44556645304,17229.58184897527,10677.727251917124,701.5857180966996,0.0,0.0,0.0
35709,0.0,0.0,0.0,-4.043496489524841,-1184.520644776523,-2305.854036519304,-2527.4649895904586,0.0,0.0,0.0,0.0,0.0
35710,0.0,0.0,0.0,133.59033751487732,-651019.4345543087,-213689.42298630998,-144467.91538837925,-124482.56257076375,-39414.538665130734,0.0,0.0,0.0
35711,0.0,0.0,0.0,0.0,0.0,0.0,0.0,0.0,0.0,0.0,0.0,0.0
35712,0.0,0.0,0.0,0.0,0.0,0.0,0.0,0.0,0.0,0.0,0.0,0.0
35713,0.0,0.0,0.0,36.36882820725441,4593.037678092718,-737431.5773913264,-897965.8610283136,-540501.1178101897,1159.0862963795662,0.0,0.0,0.0
35716,0.0,0.0,315.8242880702019,375.6600832641125,33513.22432783246,64701.31779336184,70231.21331203356,34031.310058292,462.1372268423438,0.0,0.0,0.0
35717,0.0,0.0,0.0,0.0,0.0,0.0,0.0,0.0,0.0,0.0,0.0,0.0
35721,0.0,0.0,113926.07109957933,196932.84837026894,1520806.5190995485,1908009.0217608884,1705099.4118970856,285575.99892384,0.0,0.0,0.0,0.0
35722,0.0,0.0,87757.60085130483,329879.0954304673,1519708.684807852,1892289.1318215728,1665256.9436894655,216645.3027376216,0.0,0.0,0.0,0.0
35723,0.0,0.0,8302.128320162185,43823.50958629162,141749.2498469595,179305.99254507571,150376.83937957138,0.0,0.0,0.0,0.0,0.0
35724,0.0,0.0,0.0,0.0,0.0,0.0,0.0,0.0,0.0,0.0,0.0,0.0
35725,0.0,0.0,1127.1480574281886,7624.254575558472,159776.51419703243,0.0,0.0,0.0,0.0,0.0,0.0,0.0
35726,0.0,0.0,14915.131904877722,157546.17869067192,1141616.9749168716,0.0,0.0,0.0,0.0,0.0,0.0,0.0
35727,0.0,0.0,0.0,691.2609426081181,80543.19728809455,0.0,0.0,0.0,0.0,5405.563881264185,11306.614522737102,1369.48013383738
35728,0.0,0.0,0.0,0.0,0.0,0.0,0.0,0.0,0.0,0.0,0.0,0.0
35729,0.0,0.0,9.206248119473457,381.01392048504204,1882.330158754252,2326.2749947682023,2362.4912289809436,957.6310019423254,0.0,0.0,0.0,0.0
35730,0.0,0.0,49232.65431877971,1697796.3331903517,7498439.133426957,9339111.84950978,9401831.705813859,3965706.8625943456,4566.322330112103,0.0,0.0,0.0
35731,0.0,0.0,0.0,0.0,0.0,0.0,0.0,0.0,0.0,0.0,0.0,0.0
35732,0.0,0.0,0.0,0.0,0.0,0.0,0.0,0.0,0.0,0.0,0.0,0.0
35733,0.0,0.0,0.0,0.0,0.0,0.0,0.0,0.0,0.0,0.0,0.0,0.0
35734,0.0,0.0,0.0,0.0,0.0,0.0,0.0,0.0,0.0,0.0,0.0,0.0
35735,0.0,0.0,0.0,0.0,0.0,0.0,0.0,0.0,0.0,0.0,0.0,0.0
35736,0.0,0.0,0.0,0.0,0.0,0.0,0.0,0.0,0.0,0.0,0.0,0.0
35738,0.0,0.0,0.0,0.0,0.0,0.0,0.0,0.0,0.0,0.0,0.0,0.0
35739,0.0,0.0,0.0,0.0,0.0,0.0,0.0,0.0,0.0,0.0,0.0,0.0
35740,0.0,0.0,0.0,0.0,0.0,0.0,0.0,0.0,0.0,0.0,0.0,0.0
35741,0.0,0.0,0.0,41593.80466136336,142801.6988864094,426807.3265218958,450312.7045168914,265957.6054401221,50858.32543089986,0.0,0.0,0.0
35745,0.0,0.0,0.0,79483.82325226068,275811.31364797056,594408.7019508928,561762.4471347965,282887.9691738263,29175.614128030837,0.0,0.0,0.0
35746,0.0,0.0,-1319.357556462288,-449251.38313898444,-1082803.2969722003,-1881556.985995613,-1591899.9821702149,-197409.31379178166,13193.96586932242,500.53201104700565,0.0,0.0
35747,0.0,0.0,0.0,16830.746111690998,42487.1614280045,74746.73578544706,68909.51743207872,16091.493588782847,253.03577940165997,19.172749876976013,0.0,0.0
35752,0.0,0.0,0.0,29601.16130810976,87645.56408974528,170640.9065683484,165108.09146336094,90753.34250472672,0.0,0.0,0.0,0.0
35753,0.0,0.0,2127.691927790642,395041.7009473145,753439.7187042683,1073610.9133440703,805146.5752903931,111498.72297234833,7610.304184362292,0.0,0.0,0.0
35754,0.0,0.0,57088.2770472765,1130618.3259431124,2279473.083258748,229533.1119226683,237193.66078393906,-2957710.8746623993,-1054044.7102906108,3132.0000333189964,0.0,0.0
35755,0.0,0.0,0.0,371763.5747923851,2187258.214365959,3931353.5222491026,3964974.882777691,2274505.4473271966,525963.2749460936,103389.52296084166,0.0,0.0
35756,0.0,0.0,0.0,26497.39021077752,163935.90047159046,261138.70229027793,191339.88309314847,47843.18396550603,0.0,0.0,0.0,0.0
35785,0.0,0.0,0.0,0.0,0.0,0.0,-91486.27336914465,-22783.227757290006,0.0,0.0,0.0,0.0
35786,0.0,0.0,-184.6812174320221,-850.8202154040337,-9374.396084159613,-16445.603571217507,-22179.76648971811,-9580.09372288175,-3296.7538764383644,0.0,0.0,0.0
35787,0.0,0.0,0.0,0.0,-9354.531313836575,-38732.9566100277,-160244.3576239841,-111004.3840345107,-44368.772961396724,-1341.9367618076503,0.0,0.0
35788,0.0,0.0,0.0,0.0,0.0,0.0,0.0,0.0,0.0,0.0,0.0,0.0
35789,0.0,0.0,0.0,0.0,0.0,0.0,0.0,0.0,0.0,0.0,0.0,0.0
35790,0.0,-166.2339574098587,-9306.958888620138,-15400.877566844225,-78434.04964128137,0.0,0.0,20733.72062679939,0.0,0.0,0.0,0.0
35880,0.0,0.0,0.0,0.0,0.0,0.0,0.0,0.0,0.0,0.0,0.0,0.0
35882,0.0,0.0,0.0,0.0,0.0,0.0,0.0,0.0,0.0,0.0,0.0,0.0
35884,0.0,0.0,0.0,0.0,-1603.4537004828453,-10145.107647716999,-8771.913044452667,-9750.978432238102,-3269.8879430294037,-879.5123509168625,0.0,0.0
35925,0.0,0.0,0.0,-1886.1047486066818,-35412.84191814065,-99030.07446601987,-42192.297446489334,-46469.416143894196,-34904.397967383265,0.0,0.0,0.0
35926,0.0,0.0,0.0,-71.05408108234406,-2266.6969781145453,-5005.947996407747,-5001.807598114014,-11134.134793996811,-19524.956065054983,-8872.798123933375,0.0,0.0
35927,0.0,0.0,0.0,0.0,255.63192297518253,2257.273558445275,4292.663667067885,9637.939987629652,15675.912310540676,5904.778315539472,0.0,0.0
35928,0.0,0.0,0.0,0.0,94.81322870030999,531.99356623739,801.8605273216963,1992.5628841109574,2404.298192177899,606.1502792648971,0.0,0.0
35929,0.0,0.0,0.0,0.0,5209.818343167193,44721.40138396295,62472.47971740365,93001.61116526276,170297.62155832723,51409.53916851524,0.0,0.0
35930,0.0,0.0,0.0,4581.451018135995,185516.3911105916,383045.23757359385,197601.85527545214,263897.18694753945,300988.7718330398,16198.528017625213,0.0,0.0
35935,0.0,0.0,0.0,0.0,0.0,0.0,0.0,0.0,0.0,0.0,0.0,0.0
35936,0.0,0.0,0.0,4329.640380054712,31502.8041664809,86923.1061873883,7604.702815443277,58739.45467206836,42614.73297484219,1656.1225310117006,0.0,0.0
35937,0.0,0.0,0.0,0.0,4357.494115680456,114965.37847533822,15351.850679159164,119267.98519170284,109055.42624604702,927.8179895877838,0.0,0.0
35938,0.0,0.0,0.0,0.0,235.24838703870773,6906.916289046407,1109.9285815358162,10674.930016696453,8928.929677680135,302.52484960854053,0.0,0.0
35944,624.175003759563,3181.5669899731874,0.0,0.0,1160.8210560753942,9783.520249858499,16616.98516921699,31501.61023709178,32269.84880289063,2203.6247783750296,0.0,0.0
35945,0.0,0.0,0.0,0.0,0.0,-3014007.344427064,-69646.703125,0.0,0.0,0.0,0.0,0.0
35949,0.0,0.0,3207267.1804345846,14416988.759812199,29773248.41706565,31752895.87752801,29642047.237958197,6898664.623307022,32882.401606557425,0.0,0.0,0.0
35953,0.0,0.0,0.0,0.0,195775.59047707915,602297.3526916355,1215842.5325655192,1062960.9186386615,619519.032753408,91948.46700026095,0.0,0.0
35954,0.0,0.0,0.0,0.0,0.0,0.0,0.0,0.0,0.0,0.0,0.0,0.0
35955,0.0,0.0,0.0,39229.738006055355,178309.2868728405,311471.5571709126,340934.44434511475,254937.24154530093,68951.78127660765,0.0,0.0,0.0
35958,0.0,0.0,0.0,0.0,0.0,0.0,0.0,0.0,0.0,0.0,0.0,0.0
36035,0.0,0.0,0.0,0.0,0.0,0.0,0.0,0.0,0.0,0.0,0.0,0.0
36036,0.0,0.0,0.0,0.0,0.0,0.0,0.0,0.0,0.0,0.0,0.0,0.0
36037,0.0,0.0,0.0,0.0,0.0,0.0,0.0,0.0,0.0,0.0,0.0,0.0
36038,0.0,0.0,553377.1986895204,1450469.081352353,4515705.953009188,5283765.771923751,4834843.258202203,750120.4980636667,0.0,0.0,0.0,0.0
36039,0.0,0.0,4720.923415541649,13278.302031449974,33868.712764792144,38458.611712656915,32954.621091183275,3695.7982460185885,0.0,0.0,0.0,0.0
36040,0.0,0.0,0.0,0.0,0.0,0.0,0.0,0.0,0.0,0.0,0.0,0.0
36042,0.0,420.5837213099003,254193.097034052,553352.904066734,1066755.766193972,1077896.7428733744,890789.5706535736,50047.9296514974,0.0,0.0,0.0,0.0
36043,0.0,0.0,-236508.3887503529,-484340.79473122116,-16777.76171875,0.0,0.0,0.0,0.0,0.0,0.0,0.0
36063,0.0,0.0,61098.92359632626,99828.03105321899,517387.0590569414,638078.3690864667,535931.8151306622,49142.96014556149,0.0,0.0,0.0,0.0
36064,0.0,0.0,0.0,0.0,0.0,0.0,0.0,0.0,0.0,0.0,0.0,0.0
36065,0.0,0.0,0.0,0.0,0.0,0.0,0.0,0.0,0.0,0.0,0.0,0.0
36066,0.0,0.0,0.0,0.0,0.0,0.0,0.0,0.0,0.0,0.0,0.0,0.0
36067,0.0,0.0,0.0,0.0,0.0,0.0,0.0,0.0,0.0,0.0,0.0,0.0
36068,0.0,0.0,0.0,0.0,0.0,0.0,0.0,0.0,0.0,0.0,0.0,0.0
36069,0.0,0.0,0.0,0.0,0.0,0.0,0.0,0.0,0.0,0.0,0.0,0.0
36070,0.0,0.0,0.0,41887.28519257903,138510.70427157916,221311.78394002933,218475.35327933263,80673.76445861906,0.0,0.0,0.0,0.0
36071,0.0,0.0,0.0,6824.680379651487,27967.272331357002,46049.81418313272,47643.74549468234,23982.99371097423,0.0,0.0,0.0,0.0
36072,0.0,0.0,248.89267176389694,7625.119797557592,22503.396309778094,32717.563927218318,27639.772122113034,4352.570744746365,0.0,0.0,0.0,0.0
36074,0.0,0.0,0.0,1688.6742179617286,5651.50381539017,9693.230406068265,8530.464545043185,2127.428565636743,0.0,0.0,0.0,0.0
36075,0.0,0.0,0.0,27682.528095275164,335054.9809771031,1004570.9975123405,1060988.7329577748,798954.8024449088,152767.01406569593,0.0,0.0,0.0
36076,0.0,0.0,0.0,422485.5808722824,1569389.2906865478,2867711.9574493095,2714892.1734473202,1077456.2088510827,0.0,0.0,0.0,0.0
36077,0.0,0.0,-15568.562148451805,-291274.1277115047,-304805.27658617496,-373644.9269964546,-33176.32554849982,131933.53846423328,31581.859101638198,0.0,0.0,0.0
36078,0.0,0.0,2070.209476539865,78829.35020905547,86094.48985784966,0.0,48830.385655246675,0.0,0.0,0.0,0.0,0.0
36079,0.0,0.0,-2731.86505651474,1130235.384557724,4266260.04734005,5490400.239138128,6062893.500113053,2918607.63281699,4329.762214226648,0.0,0.0,0.0
36184,0.0,0.0,0.0,0.0,0.0,0.0,0.0,0.0,0.0,0.0,0.0,0.0
36185,0.0,0.0,0.0,0.0,0.0,0.0,0.0,0.0,0.0,0.0,0.0,0.0
36186,0.0,0.0,0.0,0.0,0.0,0.0,0.0,0.0,0.0,0.0,0.0,0.0
36248,0.0,0.0,0.0,400.9523885846138,11047.706458032131,24311.339033722878,19969.09407067299,38575.70688712597,29456.650572754443,23707.16792333871,1539.458943247795,146.82202512025833
36249,0.0,0.0,0.0,-14.099636558443308,-1009.1624154597521,-2576.1387006752193,-3978.9130987524986,-7287.97872633487,-8714.704827357084,-4619.498079684563,-28.14387473836541,0.0
36250,0.0,0.0,0.0,0.0,465.6247391793877,4224.4306484338595,6765.038960434496,11998.58202115586,18753.290890074568,6978.281072803889,0.0,0.0
36256,0.0,0.0,0.0,0.0,4899.018458090723,47565.78387597017,13944.069251000881,74799.30260366201,75633.73296654597,17677.03860417381,0.0,0.0
36258,0.0,0.0,0.0,0.0,0.0,0.0,0.0,0.0,0.0,0.0,0.0,0.0
36259,0.0,0.0,0.0,1044.706395715475,28466.636825084686,102148.41193255782,26839.66501788795,84642.23937025666,60761.010224319994,53.353026881814,0.0,0.0
36260,0.0,0.0,0.0,0.0,196.2531012892723,8101.022013366222,950.6662840843201,15235.329624652863,19337.54564678669,3303.8979331552982,0.0,0.0
36268,436.58367145061493,4466.426756322384,0.0,1227.4521599709988,31982.581133931875,28619.834450036287,59289.46627762914,89750.238532722,81201.26651595533,10785.626342177391,0.0,575.4971502423286
36269,0.0,0.0,0.0,0.0,60706.31282205973,177285.67731832433,294962.3240527082,262917.49042645097,169072.9294774849,28828.826453014743,0.0,0.0
36276,0.0,0.0,0.0,0.0,0.0,0.0,0.0,0.0,0.0,0.0,0.0,0.0
36277,0.0,0.0,0.0,0.0,0.0,0.0,0.0,0.0,0.0,0.0,0.0,0.0
36281,0.0,0.0,0.0,0.0,0.0,0.0,0.0,0.0,0.0,0.0,0.0,0.0
36358,0.0,0.0,0.0,0.0,0.0,0.0,0.0,0.0,0.0,0.0,0.0,0.0
36359,0.0,0.0,0.0,0.0,0.0,0.0,0.0,0.0,0.0,0.0,0.0,0.0
36360,0.0,0.0,0.0,0.0,0.0,0.0,0.0,0.0,0.0,0.0,0.0,0.0
36361,0.0,0.0,0.0,0.0,0.0,0.0,-50017.625775791705,-18267.97378460318,0.0,0.0,0.0,0.0
36362,0.0,0.0,-5438.427689194679,-12649.82495995611,-56287.908073737286,0.0,0.0,0.0,0.0,0.0,0.0,0.0
36363,0.0,0.0,0.0,0.0,0.0,0.0,0.0,0.0,0.0,0.0,0.0,0.0
36364,0.0,0.0,0.0,0.0,0.0,0.0,0.0,0.0,0.0,0.0,0.0,0.0
36365,0.0,0.0,7962.179008990526,27168.44126188755,-56001.247184123844,29649.296156078577,23315.32983364165,1.6322637312114239,0.0,0.0,0.0,0.0
36380,0.0,0.0,0.0,-91538.66517535597,-4566594.923651833,-4988026.0,-246492.109375,-18471.0,-608927.7822564924,0.0,0.0,0.0
36387,0.0,9614.91268825531,355701.56883877516,335187.7483086586,3010712.991238028,2322087.8139516115,1722449.1848481447,278130.39373343624,0.0,0.0,0.0,0.0
36388,0.0,0.0,0.0,0.0,0.0,0.0,0.0,0.0,0.0,0.0,0.0,0.0
36389,0.0,0.0,0.0,0.0,0.0,0.0,0.0,0.0,0.0,0.0,0.0,0.0
36390,0.0,0.0,0.0,0.0,0.0,0.0,0.0,0.0,0.0,0.0,0.0,0.0
36391,0.0,0.0,0.0,372.11238303082064,6993.611046312493,16812.274070754647,19138.32651954703,16817.73376494879,3744.2649525254965,0.0,0.0,0.0
36392,0.0,0.0,0.0,0.0,0.0,0.0,0.0,0.0,0.0,0.0,0.0,0.0
36393,0.0,0.0,0.0,0.0,0.0,0.0,0.0,0.0,0.0,0.0,0.0,0.0
36394,0.0,0.0,0.0,0.0,0.0,0.0,-34809.5859375,0.0,0.0,0.0,0.0,0.0
36395,0.0,0.0,0.0,2203065.792655356,0.0,0.0,2603517.575956965,0.0,0.0,0.0,0.0,0.0
36399,0.0,0.0,160207.234698534,903883.0666191727,1767246.3415981382,1935664.2205179818,996548.9768819269,40996.33088216465,0.0,0.0,0.0,0.0
36407,0.0,0.0,0.0,0.0,0.0,0.0,0.0,0.0,0.0,0.0,0.0,0.0
36433,0.0,0.0,-150835.34322675318,-819853.4478323907,-53416.71801608801,0.0,0.0,0.0,0.0,0.0,0.0,0.0
36489,0.0,0.0,0.0,0.0,0.0,0.0,0.0,0.0,0.0,0.0,0.0,0.0
36491,0.0,0.0,0.0,0.0,0.0,0.0,0.0,0.0,0.0,0.0,0.0,0.0
36492,0.0,0.0,0.0,0.0,0.0,0.0,0.0,0.0,0.0,0.0,0.0,0.0
36493,0.0,0.0,0.0,0.0,0.0,0.0,0.0,0.0,0.0,0.0,0.0,0.0
36498,0.0,0.0,0.0,0.0,0.0,0.0,0.0,0.0,0.0,0.0,0.0,0.0
36502,0.0,0.0,0.0,0.0,0.0,0.0,0.0,0.0,0.0,0.0,0.0,0.0
36504,0.0,0.0,0.0,0.0,0.0,0.0,0.0,0.0,0.0,0.0,0.0,0.0
36506,0.0,0.0,0.0,0.0,0.0,0.0,0.0,0.0,0.0,0.0,0.0,0.0
36509,0.0,0.0,0.0,0.0,0.0,0.0,0.0,0.0,0.0,0.0,0.0,0.0
36510,0.0,0.0,0.0,0.0,0.0,0.0,0.0,0.0,0.0,0.0,0.0,0.0
36563,0.0,0.0,0.0,73.85906965658069,1792.682103395462,4251.845639973879,2722.6530885100365,3567.125259131193,1522.731255993247,0.0,0.0,0.0
36564,0.0,0.0,0.0,0.0,0.0,0.0,0.0,0.0,0.0,0.0,0.0,0.0
36565,0.0,0.0,0.0,5717.064077824354,-795045.8888050616,-9668378.350781929,-5045647.367371559,-10565256.927505732,-15367651.865546227,-3236060.4787569046,0.0,0.0
36570,0.0,0.0,0.0,57641.04750660993,531895.6451995634,1981348.296271231,326416.222320199,2614644.232050702,2145278.827039033,638722.9167343862,0.0,0.0
36571,0.0,0.0,0.0,0.0,0.0,0.0,0.0,0.0,0.0,0.0,0.0,0.0
36572,0.0,0.0,0.0,0.0,0.0,0.0,0.0,0.0,0.0,0.0,0.0,0.0
36573,0.0,0.0,0.0,0.0,0.0,0.0,0.0,0.0,0.0,0.0,0.0,0.0
36575,0.0,0.0,0.0,0.0,65.63035842776299,2257.35642446205,1013.5319426879287,2504.6478907093406,2221.989040222019,105.70494099706411,0.0,0.0
36576,0.0,0.0,0.0,0.0,35.32136492431164,5027.939928472042,4123.365746051073,11595.43150627613,12830.588603794575,2694.7452915906906,0.0,0.0
36577,0.0,0.0,0.0,0.0,28.642673760652542,1366.0942776054144,762.348021030426,2452.900541603565,2255.5752232521772,283.6215257048607,0.0,0.0
36578,0.0,0.0,0.0,0.0,0.0,0.0,0.0,0.0,0.0,0.0,0.0,0.0
36579,0.0,0.0,0.0,0.0,145.2074598968029,4678.386878550053,3298.9699573516846,12011.540083229542,14621.651481360197,2732.5341869443655,0.0,0.0
36586,2774.768819987774,43.84759223461151,0.0,7666.513440608978,113498.29219889641,44172.057896494865,151926.09058341384,159506.41951817274,45240.63836863637,11987.925714850426,0.0,3120.7372894883156
36588,11220.99477148056,44893.41773247719,44.698092460632324,26445.150584936142,194306.81198108196,174121.7970136404,360534.03649258614,611151.3650445938,602670.3031539321,49334.95794248581,0.0,7481.4610159397125
36589,0.0,0.0,0.0,0.0,0.0,0.0,0.0,0.0,0.0,0.0,0.0,0.0
36591,0.0,0.0,0.0,90452.62887255661,351359.2582678851,569907.6000052616,651789.2307404801,476193.6204207316,103727.56517113,0.0,0.0,0.0
36595,0.0,0.0,0.0,0.0,0.0,0.0,0.0,0.0,0.0,0.0,0.0,0.0
36596,0.0,0.0,0.0,0.0,0.0,0.0,0.0,0.0,0.0,0.0,0.0,0.0
36598,0.0,0.0,0.0,0.0,0.0,0.0,0.0,0.0,0.0,0.0,0.0,0.0
36677,0.0,0.0,0.0,0.0,0.0,0.0,0.0,0.0,0.0,0.0,0.0,0.0
36678,0.0,0.0,0.0,0.0,0.0,0.0,0.0,0.0,0.0,0.0,0.0,0.0
36679,0.0,0.0,-3837.8953537344933,-13050.257441565394,-263735.25998552144,-309454.7245942019,0.0,0.0,0.0,0.0,0.0,0.0
36682,0.0,0.0,0.0,0.0,0.0,0.0,0.0,0.0,0.0,0.0,0.0,0.0
36683,0.0,0.0,0.0,0.0,0.0,0.0,0.0,0.0,0.0,0.0,0.0,0.0
36684,0.0,0.0,-9648.102732110769,-30660.48487425875,0.0,0.0,0.0,0.0,0.0,0.0,0.0,0.0
36685,0.0,0.0,-390.74432326853275,-14184.986341029406,-33888.15625,0.0,-66.55293273925781,0.0,0.0,0.0,0.0,0.0
36686,0.0,0.0,-5815.2961145062,-18392.42104966007,0.0,0.0,0.0,0.0,0.0,0.0,0.0,0.0
36687,0.0,-1104.2447556257248,11885.299685031176,102979.5037008375,68034.23390884697,-34298.515328362584,137714.7045385614,-59917.28509214055,5501.955638313666,0.0,0.0,0.0
36688,0.0,0.0,374.33638324122876,1108.8442642344162,3195.1456487644464,0.0,0.0,-24202.220703125,-3244.486850278452,0.0,0.0,0.0
36689,0.0,0.0,34.54331412911415,122.7910306379199,2700.157424842939,9689.851193057373,10308.00888809748,5460.377268152311,951.2213371503167,0.0,0.0,0.0
36699,0.0,0.0,0.0,0.0,0.0,0.0,0.0,0.0,0.0,0.0,0.0,0.0
36701,0.0,0.0,1152.4983441904187,-30989.47648254037,20497.39079495892,25417.453630797565,25933.94134971127,12794.742515360937,310.02245543152094,0.0,0.0,0.0
36714,0.0,0.0,0.0,0.0,0.0,0.0,0.0,0.0,0.0,0.0,0.0,0.0
36715,0.0,0.0,0.0,0.0,844170.8029231876,2531138.1617766432,2821595.4453860596,2594831.5914436355,664689.4241279662,0.0,0.0,0.0
36716,0.0,0.0,111895.08396832645,1809646.2058617212,6451227.222883385,9040239.829377498,8729158.73954726,3006340.739674613,0.0,0.0,0.0,0.0
36717,0.0,0.0,774.5009094923735,20569.070610679686,87755.096337758,123390.24126982689,122203.48425629735,49487.840995593,0.0,0.0,0.0,0.0
36718,0.0,0.0,1398.9405160620809,25676.98600698635,91632.02959682792,128524.8772392124,123840.28481902927,45237.493797238916,0.0,0.0,0.0,0.0
36719,0.0,0.0,94906.93104752153,905453.3927605851,2604946.270472426,3369700.3588476107,3162701.805599928,974153.0313292854,0.0,0.0,0.0,0.0
36720,0.0,0.0,493066.29050118243,1434499.2817996885,2027735.0934320455,2522301.182822616,1244173.7774773967,476153.2792124158,251130.00744961377,0.0,0.0,0.0
36721,0.0,0.0,0.0,0.0,0.0,0.0,0.0,0.0,0.0,0.0,0.0,0.0
36722,0.0,0.0,0.0,0.0,0.0,0.0,0.0,0.0,0.0,0.0,0.0,0.0
36723,0.0,0.0,-6656.227017177269,-156844.44801698974,-371032.0625,-1728.0308837890625,0.0,0.0,0.0,0.0,0.0,0.0
36724,0.0,0.0,-24929.169447619468,-174169.3475831207,-79454.5703125,0.0,0.0,0.0,0.0,0.0,0.0,0.0
36725,0.0,0.0,330759.27254636213,1211018.2274897168,458120.3407214619,268178.1552676894,0.0,0.0,0.0,0.0,0.0,0.0
36726,0.0,0.0,-59368.638291174546,-105201.390625,0.0,0.0,0.0,0.0,0.0,0.0,0.0,0.0
36727,0.0,792.4492932911962,146467.42784812488,509590.25035276846,761968.1214100923,625283.4339411088,0.0,0.0,0.0,0.0,0.0,0.0
36728,0.0,0.0,668.9354582130909,19251.98146250844,33541.28295943886,35186.84836012125,11931.36874922365,0.0,0.0,0.0,0.0,0.0
36736,0.0,0.0,0.0,0.0,0.0,0.0,0.0,0.0,0.0,0.0,0.0,0.0
36816,0.0,0.0,0.0,0.0,0.0,0.0,0.0,0.0,0.0,0.0,0.0,0.0
36823,0.0,0.0,0.0,0.0,0.0,0.0,0.0,0.0,0.0,0.0,0.0,0.0
36824,0.0,0.0,0.0,0.0,0.0,0.0,0.0,0.0,0.0,0.0,0.0,0.0
36826,0.0,0.0,0.0,0.0,0.0,0.0,0.0,0.0,0.0,0.0,0.0,0.0
36829,0.0,0.0,0.0,0.0,0.0,0.0,0.0,0.0,0.0,0.0,0.0,0.0
36830,0.0,0.0,0.0,0.0,0.0,0.0,0.0,0.0,0.0,0.0,0.0,0.0
36831,0.0,0.0,0.0,0.0,0.0,0.0,0.0,0.0,0.0,0.0,0.0,0.0
36833,0.0,0.0,0.0,0.0,0.0,0.0,0.0,0.0,0.0,0.0,0.0,0.0
36835,0.0,0.0,0.0,0.0,0.0,0.0,0.0,0.0,0.0,0.0,0.0,0.0
36837,0.0,0.0,0.0,0.0,0.0,0.0,0.0,0.0,0.0,0.0,0.0,0.0
36895,0.0,0.0,0.0,-33067.98091138154,-510660.64774917066,-1005767.659584552,-693103.6419540644,-722256.2023622394,-292841.1904795915,0.0,0.0,0.0
36896,0.0,0.0,0.0,0.0,0.0,0.0,0.0,0.0,0.0,0.0,0.0,0.0
36897,4783.239398594946,1028.4578602910042,0.0,2460.1571889966726,86365.2254522182,315774.0434153974,92364.51000928879,263508.0571859181,411966.0442356616,81355.95017730445,3822.209466405213,1659.1884562969208
36902,0.0,0.0,0.0,6637.120556414127,421805.9326427281,6229629.636689648,2142650.8798685074,7218823.91959548,9530279.2814852,1850607.9940102696,66114.07516536117,0.0
36903,438300.1295592133,83809.56680139899,0.0,72673.09335135296,2052584.827515088,4296049.416084051,663645.761749506,3577475.516860336,2345632.5474554785,1286997.2333423086,541740.6724368259,235817.01083624363
36904,0.0,0.0,0.0,0.0,0.0,0.0,0.0,0.0,0.0,0.0,0.0,0.0
36905,0.0,11.802540183067322,0.0,1346.4273253679276,7360.565264374018,17037.272487074137,9182.798204183578,29881.04054954648,25087.335544407368,4595.164215505123,0.0,11.903124988079071
36906,0.0,0.0,0.0,0.0,515.6443917155266,23785.85901875794,15447.487017095089,52734.85388195515,41953.50012938678,5347.9892286509275,0.0,0.0
36907,0.0,0.0,0.0,0.0,5276.201008677483,30060.465976580977,12230.034657597542,38701.79280230403,39351.14261423051,4745.495787128806,0.0,0.0
36913,-2858.8027560710907,-15212.375262975693,0.0,-17418.544414043427,99756.37366640568,749.1308928728104,6523.094176769257,-118889.38870692253,-240468.80816331506,3860.5021802186966,0.0,-504.9328228235245
36917,0.0,0.0,0.0,0.0,0.0,19.5560359954834,3994.367268562317,15675.95457136631,12411.480609863997,1190.6783654689789,0.0,0.0
36918,-112.31216903030872,-488.47861325740814,-13.504622340202332,-893.9112682044506,-643.2703032940626,-2911.017471924424,-6062.30479516089,-9366.446003720164,-9520.384369261563,-147.46536211669445,0.0,-150.56043168902397
36919,769.1608699262142,2312.0073760822415,0.0,5142.578354135156,18493.451206848025,18636.846827059984,40786.859589770436,39934.58404369652,41077.818625986576,8163.8035344183445,0.0,1061.841470837593
36920,416.3299902677536,1560.3441349565983,0.0,5864.068301528692,34573.62963335216,22923.756382644176,69032.6504740566,38577.97413131595,37733.01326794922,12819.067512512207,0.0,541.3708559572697
36921,0.0,0.0,0.0,0.0,175541.63322180696,557184.4111501956,999933.0835245252,914593.9333091807,606037.5534613645,98023.01049553975,0.0,0.0
36927,0.0,0.0,0.0,36134.8747858298,254706.26006578468,505344.8616301678,603307.5755040348,493873.6554065943,178941.3340827152,0.0,0.0,0.0
36951,0.0,0.0,0.0,0.0,0.0,77184.19753674604,178327.54091730714,255094.07243900932,150089.16470085643,66825.80566694634,10413.226548985345,0.0
37008,0.0,0.0,0.0,0.0,0.0,0.0,0.0,0.0,0.0,0.0,0.0,0.0
37009,0.0,0.0,0.0,0.0,0.0,0.0,0.0,0.0,0.0,0.0,0.0,0.0
37010,0.0,0.0,0.0,0.0,0.0,0.0,0.0,0.0,0.0,0.0,0.0,0.0
37011,0.0,0.0,-23289.149227663875,-75914.59479983151,0.0,0.0,0.0,0.0,0.0,0.0,0.0,0.0
37029,0.0,0.0,0.0,0.0,0.0,0.0,0.0,0.0,0.0,0.0,0.0,0.0
37045,0.0,16889.66057854332,99899.72749387473,180655.9263800755,309833.16176187806,317440.59984591976,115595.19511388335,0.0,0.0,0.0,0.0,0.0
37046,0.0,0.0,0.0,0.0,0.0,0.0,0.0,0.0,0.0,0.0,0.0,0.0
37047,0.0,0.0,0.0,0.0,0.0,0.0,0.0,0.0,0.0,0.0,0.0,0.0
37048,0.0,0.0,0.0,0.0,0.0,0.0,0.0,0.0,0.0,0.0,0.0,0.0
37049,0.0,0.0,-15922.091198488139,-90152.5234375,0.0,0.0,0.0,0.0,0.0,0.0,0.0,0.0
37050,0.0,0.0,0.0,-344610.689411968,-86516.3984375,0.0,0.0,0.0,0.0,0.0,0.0,0.0
37051,0.0,0.0,-66732.03155529499,-543081.341254889,0.0,0.0,0.0,0.0,0.0,0.0,0.0,0.0
37052,0.0,0.0,-22414.144976574928,-1223.1385498046875,0.0,0.0,0.0,0.0,0.0,0.0,0.0,0.0
37053,0.0,0.0,90401.18991398811,4837106.742127158,8528222.694189647,8935152.962534692,3260652.6466409527,12664.035748450086,0.0,0.0,0.0,0.0
37062,0.0,0.0,0.0,0.0,0.0,0.0,0.0,0.0,0.0,0.0,0.0,0.0
37087,0.0,1232.7741134688258,2407.236767411232,5709.159599483013,-6900.5786518752575,-1055716.5770223513,-20314.74990201369,-3954.553125021048,0.0,0.0,0.0,0.0
37094,0.0,750.2368125617504,10756.69634988904,-2635.998444467783,65372.05601140857,104576.38426305354,86761.61565831304,15688.456129312515,0.0,0.0,0.0,0.0
37097,0.0,-697.1780874207616,-10530.698482200503,-42846.91450724751,-986074.9759200662,-516716.81767672766,-14826.314217617735,-5669.122870294377,0.0,0.0,0.0,0.0
37140,0.0,0.0,0.0,0.0,0.0,0.0,0.0,0.0,0.0,0.0,0.0,0.0
37141,0.0,0.0,0.0,0.0,0.0,0.0,0.0,0.0,0.0,0.0,0.0,0.0
37142,0.0,0.0,0.0,0.0,0.0,0.0,0.0,0.0,0.0,0.0,0.0,0.0
37145,0.0,0.0,0.0,0.0,0.0,0.0,0.0,0.0,0.0,0.0,0.0,0.0
37146,0.0,0.0,0.0,0.0,0.0,0.0,0.0,0.0,0.0,0.0,0.0,0.0
37149,0.0,0.0,0.0,0.0,0.0,0.0,0.0,0.0,0.0,0.0,0.0,0.0
37156,0.0,0.0,0.0,0.0,0.0,0.0,0.0,0.0,0.0,0.0,0.0,0.0
37159,0.0,0.0,0.0,0.0,0.0,0.0,0.0,0.0,0.0,0.0,0.0,0.0
37162,0.0,0.0,0.0,0.0,0.0,0.0,0.0,0.0,0.0,0.0,0.0,0.0
37176,0.0,0.0,0.0,0.0,0.0,0.0,0.0,0.0,0.0,0.0,0.0,0.0
37220,0.0,0.0,0.0,304.9074825718999,5614.497622385621,12179.30931713432,7957.047101378441,6468.00813177228,5162.220917135477,0.0,0.0,0.0
37222,71286.79774423852,11846.588662468828,0.0,43627.69269223744,1194109.8018654394,2464286.082470348,829013.693749398,1707699.2819613125,1277122.2855009902,314558.5543048931,138240.9371840167,40016.829897726886
37223,0.0,0.0,0.0,0.0,23116.178890563548,242193.92156212777,84858.10623800755,234051.53159722686,283527.91994816065,26406.945430874825,1008.2789134159684,0.0
37224,0.0,0.0,0.0,0.0,47225.36496574432,498307.1000018474,121145.79666173458,637168.6500229537,890745.7855728343,203705.4161573425,25194.14896434918,0.0
37225,22304.054487053305,3581.3480435460806,0.0,1617.3736324924976,96328.06005732715,474570.84125196934,61594.60684943199,308893.38371807337,642736.179682456,164022.5985642001,28394.250235944986,10115.76784016192
37226,124276.4065925926,7807.877393192612,0.0,17763.432035556063,559637.931024123,1025088.5738199819,250390.9612172842,743825.4359777309,488829.71524254046,345052.3552056253,137004.55315547436,58813.30386636779
37227,0.0,0.0,0.0,0.0,0.0,0.0,0.0,0.0,0.0,0.0,0.0,0.0
37228,0.0,0.0,0.0,0.0,0.0,0.0,0.0,0.0,0.0,0.0,0.0,0.0
37229,0.0,0.0,0.0,0.0,0.0,0.0,0.0,0.0,0.0,0.0,0.0,0.0
37230,0.0,0.0,0.0,0.0,740.9228790253401,18362.08603725955,6393.6715596318245,20563.111477568746,19232.000284671783,1561.7354152053595,0.0,0.0
37231,0.0,0.0,0.0,0.0,453.86244824528694,16730.203317195177,7054.854399681091,30247.494046151638,23536.66827660799,2845.4923944473267,0.0,0.0
37235,1372.4359763264656,514.9002162218094,417.5949664115906,11391.06015098095,72500.90847456455,187127.00757175684,86655.4210524559,208535.2038295269,164314.77470967174,51306.82362219691,2433.3373811244965,5461.556952059269
37236,2809.77857670933,0.0,0.0,12464.22078936547,65832.29759453796,146705.11072346568,47716.0309150964,134001.60629773885,97926.37583740056,26794.634589491412,0.0,2843.4516962207854
37237,1517.6450501680374,968.7248365879059,0.0,3357.0558004379272,99518.49207150936,252579.11531114578,93423.73670578003,270130.65335059166,249794.0272025168,20424.96313506365,0.0,3282.7427854537964
37240,1511.2214537411928,2161.1394176632166,0.0,0.0,9203.351025521755,90592.23314343393,44486.71803857386,150804.86177239567,124668.6358448267,5225.785492002964,0.0,3299.05250300467
37241,494.0694748312235,1420.9810450077057,0.0,31554.004154920578,17844.42743974924,30499.798966512084,13589.794703140855,79022.28171534836,106733.19997934252,9921.156812310219,0.0,1213.3044351488352
37242,2078.761165857315,6384.395282745361,0.0,0.0,1331.8087655305862,27855.88386774063,37736.26163816452,147315.0802295208,146146.0578083992,6009.466479539871,0.0,5378.6158412098885
37243,-4494.426817625761,-12648.042183697224,0.0,-78093.41872131824,-24424.76517045498,-170997.16394370794,-146593.80676865578,-478267.48282146454,-412333.9244503081,-44059.74337494373,0.0,-13533.130201399326
37244,259.85763823986053,1315.2881084382534,0.0,0.0,230.96217148005962,5641.096095278859,11066.559985503554,26987.00974237919,17634.024451613426,1216.3911335766315,0.0,915.4189490899444
37245,0.0,0.0,0.0,0.0,0.0,0.0,0.0,0.0,0.0,0.0,0.0,0.0
37246,2.5347252786159515,133.07551645487547,0.0,4405.071945687756,18496.108615599573,12807.086812749505,12227.089735232294,16428.393900073133,11433.353815422393,5208.503591623157,0.0,50.418285420164466
37247,0.0,0.0,0.0,0.0,0.0,0.0,0.0,0.0,0.0,0.0,0.0,0.0
37248,0.0,0.0,0.0,0.0,0.0,0.0,0.0,0.0,0.0,0.0,0.0,0.0
37249,0.0,0.0,88087.5081415493,394901.1526429411,873570.028844662,845663.8403962031,862882.0591234565,257292.17834450118,0.0,0.0,0.0,0.0
37250,0.0,0.0,0.0,84684.22501192987,522027.09447549284,1069552.829661686,1618721.740322411,1370190.2469987161,653115.4103943855,90001.42157405615,0.0,0.0
37256,0.0,0.0,0.0,0.0,0.0,0.0,0.0,0.0,0.0,0.0,0.0,0.0
37257,0.0,0.0,0.0,0.0,0.0,0.0,0.0,0.0,0.0,0.0,0.0,0.0
37305,0.0,0.0,25924.02862548828,866189.6250934601,-2985233.362876892,-687220.8796920776,-17464621.05671501,-21755674.842895985,-11299408.55369091,-2933745.5389060974,-288330.6964073181,0.0
37306,0.0,0.0,156172.85371398926,1750653.2485046387,434699.9652786255,10453577.917144775,-1340437.031112671,-1722936.829536438,-5232049.790401459,-669741.8024406433,942.0936508178711,0.0
37332,0.0,0.0,0.0,0.0,0.0,0.0,0.0,0.0,0.0,0.0,0.0,0.0
37333,0.0,-9268.976962566376,-449668.3884022236,-1688586.153330505,-3398611.0866144,-423852.41376656014,-494844.6195055181,-280175.0824736655,-8504.654108673334,0.0,0.0,0.0
37348,0.0,0.0,0.0,-64.41541200876236,-1629.1302654147148,-2408.86760994792,-2617.750500485301,-1762.2132255136967,-226.77726125717163,0.0,0.0,0.0
37360,15875.08715248108,-121760.79648637772,-529180.2288937569,-740250.1419143677,-4948673.263090134,-3636780.0076026917,525786.379199028,426395.6681302786,404577.79156160355,566126.9535080194,324321.01720392704,148181.3814611435
37367,0.0,0.0,0.0,0.0,0.0,0.0,0.0,0.0,0.0,0.0,0.0,0.0
37368,0.0,0.0,0.0,-2599.167753443122,-122527.71875,0.0,0.0,0.0,0.0,0.0,0.0,0.0
37374,0.0,0.0,0.0,0.0,0.0,0.0,0.0,0.0,0.0,0.0,0.0,0.0
37396,0.0,0.0,-229.24918936751783,-52882.7268678993,0.0,0.0,0.0,0.0,0.0,0.0,0.0,0.0
37400,0.0,-44056.006319344044,-378897.2321456075,-1307041.254780531,-6642006.498696029,-7757263.989695728,-3123149.625604704,-1912764.8453523517,-52057.57363164425,0.0,0.0,0.0
37405,0.0,0.0,0.0,0.0,0.0,0.0,0.0,0.0,0.0,0.0,0.0,0.0
37456,0.0,0.0,0.0,0.0,0.0,0.0,0.0,0.0,0.0,0.0,0.0,0.0
37458,0.0,0.0,0.0,0.0,0.0,0.0,0.0,0.0,0.0,0.0,0.0,0.0
37460,0.0,0.0,0.0,0.0,0.0,0.0,0.0,0.0,0.0,0.0,0.0,0.0
37461,0.0,0.0,0.0,0.0,0.0,0.0,0.0,0.0,0.0,0.0,0.0,0.0
37463,0.0,0.0,0.0,0.0,0.0,0.0,0.0,0.0,0.0,0.0,0.0,0.0
37464,0.0,0.0,0.0,0.0,0.0,0.0,0.0,0.0,0.0,0.0,0.0,0.0
37465,0.0,0.0,0.0,0.0,0.0,0.0,0.0,0.0,0.0,0.0,0.0,0.0
37466,0.0,0.0,0.0,0.0,0.0,0.0,0.0,0.0,0.0,0.0,0.0,0.0
37467,0.0,0.0,0.0,0.0,0.0,0.0,0.0,0.0,0.0,0.0,0.0,0.0
37468,0.0,0.0,0.0,0.0,0.0,0.0,0.0,0.0,0.0,0.0,0.0,0.0
37472,0.0,0.0,0.0,0.0,0.0,0.0,0.0,0.0,0.0,0.0,0.0,0.0
37536,9615.212384462357,3792.260347008705,0.0,-13144.974011003971,-256610.65691167116,-1072773.350914538,-751872.9930050373,-948074.7322180271,-1363808.3057863712,-522811.7996287942,1587.236718416214,1339.9336332678795
37537,-896736.7570743561,-334167.5402549505,-1478.5905500650406,-401029.88799250126,-4496911.107671499,-7673293.7516675,-6613138.310706139,-3976562.296201706,-2053072.7553219795,-3330596.0190315247,-393036.7069680691,-300161.0325257778
37538,0.0,0.0,0.0,0.0,0.0,0.0,0.0,0.0,0.0,0.0,0.0,0.0
37539,3798.7988152368926,0.0,0.0,1218.994780424051,30837.010937647894,59363.442310434766,20244.346125736833,36303.31190488301,21057.793434937485,11548.651982397772,5421.767879324034,3297.714062991552
37540,0.0,0.0,0.0,0.0,0.0,0.0,0.0,0.0,0.0,0.0,0.0,0.0
37541,0.0,0.0,0.0,0.0,0.0,0.0,0.0,0.0,0.0,0.0,0.0,0.0
37542,12.820431023836136,0.0,973.1897633075714,13298.438860222697,31874.73462384194,40099.885158114135,8184.427032351494,45340.74046897888,63728.42020892352,15769.804725006223,134.13495379686356,153.5277542322874
37543,0.0,0.0,0.0,0.0,708.4675085693598,23345.091575205326,5512.830761790276,29105.728851675987,29070.453340873122,1710.7216972708702,0.0,34.44445122778416
37544,59.0692383274436,0.0,70.80836206674576,1944.0032136440277,3591.6178663522005,11195.664349988103,3043.082699537277,17645.77213937044,17368.27582190931,2804.737755559385,153.1706067919731,133.2093113064766
37545,357.92171035706997,0.0,119.84493446350098,13846.941973160952,49985.19730453193,45615.5088393949,4604.665748596191,24072.67844349146,31920.170283276588,15990.114276565611,2880.6036709994078,960.6378315873444
37546,61.81396609917283,1.8489696234464645,0.0,0.0,113.11823314521462,1350.8881925274618,394.92161270976067,1394.771784255281,1149.8304348387755,171.13182107172906,8.527441646903753,59.63919343799353
37547,567.7751303464174,42.37763501703739,0.0,0.0,940.5178691707551,32981.049569828436,13834.069010362029,35034.5061109364,32083.079871833324,3951.0799909606576,0.0,1048.7685304060578
37548,646.545343130827,0.0,0.0,1542.1639026477933,25564.601314872503,46653.17762650177,21564.78578607738,26244.83372053504,18084.40470430255,10586.563453406096,0.0,1386.9955201745033
37549,563.333199094981,93.71559306234121,0.0,0.0,878.1602152455598,26969.583014694043,15636.360239449888,27137.383943576366,30778.984370548278,2080.456937417388,0.0,1149.8172053992748
37550,66.64729568362236,122.63250660896301,0.0,806.7502124905586,9722.834711283445,58486.89770935476,30632.773203074932,66967.18497645855,60310.93436294794,4898.788137435913,0.0,296.53674030303955
37552,0.0,0.0,0.0,0.0,0.0,0.0,0.0,0.0,0.0,0.0,0.0,0.0
37553,83.89432686567307,94.61193838715553,0.0,714.8315630182624,1570.284450493753,5519.438589606434,3324.575629107654,8050.091951750219,8696.243626469746,923.5715658664703,0.0,264.6619725562632
37554,0.0,0.0,0.0,0.0,0.0,0.0,0.0,0.0,0.0,0.0,0.0,0.0
37555,0.0,0.0,0.0,0.0,0.0,0.0,0.0,0.0,0.0,0.0,0.0,0.0
37556,0.0,0.0,0.0,0.0,0.0,0.0,0.0,0.0,0.0,0.0,0.0,0.0
37557,0.0,0.0,112576.08053648472,551713.4907504469,1378358.3945806175,1544541.309925031,316771.2537575476,769306.5650335401,167533.66565409303,0.0,0.0,0.0
37562,0.0,0.0,0.0,0.0,0.0,0.0,0.0,0.0,0.0,0.0,0.0,0.0
37585,0.0,0.0,0.0,0.0,0.0,0.0,0.0,0.0,0.0,0.0,0.0,0.0
37635,0.0,0.0,0.0,0.0,0.0,0.0,0.0,0.0,0.0,0.0,0.0,0.0
37636,0.0,0.0,0.0,0.0,0.0,0.0,0.0,0.0,0.0,0.0,0.0,0.0
37637,0.0,-1455.9219624996185,-5199.836143404245,-17189.73466059938,-25765.779787300155,-25634.519444682635,-10571.974668763578,0.0,0.0,0.0,0.0,0.0
37638,0.0,-2671.135899603367,-11182.13119199872,-58936.375534415245,-96985.9748121947,-103039.21024912223,-64860.49070096202,0.0,0.0,0.0,0.0,0.0
37639,0.0,0.0,-363261.2309191823,-1346750.1480384916,-3354650.0739566237,-3725252.4374981523,-3689991.66151233,-787682.8403167576,0.0,0.0,0.0,0.0
37649,0.0,0.0,0.0,0.0,0.0,0.0,0.0,0.0,0.0,0.0,0.0,0.0
37673,6387.118256926537,0.0,0.0,0.0,0.0,0.0,0.0,79793.16644843714,97401.47252328694,139526.31325217243,76297.65847045742,40875.671055905754
37674,0.0,0.0,0.0,0.0,0.0,0.0,0.0,0.0,0.0,0.0,0.0,0.0
37675,0.0,0.0,0.0,0.0,0.0,0.0,0.0,0.0,0.0,0.0,0.0,0.0
37676,0.0,0.0,1545.0618852823973,-40755.325258352794,0.0,0.0,0.0,0.0,0.0,0.0,0.0,0.0
37679,0.0,0.0,591.9432887732983,292790.76928975247,1534516.1892868187,3340848.943644561,3740545.2952978364,3404369.8110674247,877209.7566599157,0.0,0.0,0.0
37692,-17609.949553728104,-5835571.925294325,-24903303.239466608,-37509521.58628121,-2470124.0,0.0,-1716708.297558749,23345.82219439,0.0,0.0,0.0,0.0
37711,0.0,725.256516456604,9943.133288800716,24973.29839453101,56360.972223524004,70631.72831237689,54401.25525753014,11740.809355351143,0.0,0.0,0.0,0.0
37727,0.0,2230.2681670561433,31150.174675539136,61305.22943007946,-369332.1216716096,155832.89490182465,132727.18393743923,0.0,0.0,0.0,0.0,0.0
37741,0.0,0.0,0.0,-412.45706301927567,-4285.158487021923,-10591.399233303964,-39061.51790543087,0.0,-17794.18461767584,0.0,0.0,0.0
37763,0.0,0.0,0.0,0.0,0.0,0.0,0.0,0.0,0.0,0.0,0.0,0.0
37772,0.0,0.0,0.0,0.0,0.0,0.0,0.0,0.0,0.0,0.0,0.0,0.0
37774,0.0,0.0,0.0,0.0,0.0,0.0,0.0,0.0,0.0,0.0,0.0,0.0
37777,0.0,0.0,0.0,0.0,0.0,0.0,0.0,0.0,0.0,0.0,0.0,0.0
37780,0.0,0.0,0.0,0.0,0.0,0.0,0.0,0.0,0.0,0.0,0.0,0.0
37782,0.0,0.0,0.0,0.0,0.0,0.0,0.0,0.0,0.0,0.0,0.0,0.0
37783,0.0,0.0,0.0,0.0,0.0,0.0,0.0,0.0,0.0,0.0,0.0,0.0
37785,0.0,0.0,0.0,0.0,0.0,0.0,0.0,0.0,0.0,0.0,0.0,0.0
37846,-3736.38799983263,-1171.5797476097941,0.0,-1821.787230156362,-32499.861904755235,-49206.74953977764,-33563.54408919811,-31703.19778266549,-17419.364558398724,-18196.08152064681,-826.4309917390347,-367.38994881510735
37847,0.0,0.0,0.0,0.0,0.0,0.0,0.0,0.0,0.0,0.0,0.0,0.0
37848,0.0,0.0,0.0,0.0,0.0,0.0,0.0,0.0,0.0,0.0,0.0,0.0
37849,0.0,0.0,0.0,0.0,0.0,0.0,0.0,0.0,0.0,0.0,0.0,0.0
37850,0.0,0.0,0.0,0.0,0.0,0.0,0.0,0.0,0.0,0.0,0.0,0.0
37851,254.88600684702396,0.0,5007.156429588795,23912.957530021667,69517.45333476365,56856.118193119764,11282.713236927986,50537.42031234503,51189.06536881626,23686.138750374317,140.90774935483932,1039.4926857948303
37852,13.668122366070747,0.0,3496.866817742586,25655.287432665005,48425.93850853667,33355.8886776045,3307.404672086239,32581.87893921882,60120.30017109588,15217.182819290087,917.7866926416755,1025.5059448853135
37853,1095.0993418805301,493.88956870511174,0.0,0.0,733.3234243094921,13537.881104394794,3470.0906516313553,17813.908040508628,16751.48579244502,1072.68879282102,506.46001590415835,539.1641836836934
37854,52.91889198496938,0.0,0.0,0.0,174.01186684519053,4245.51198589243,1610.933960005641,5540.745501682162,4731.039566738531,509.0725520066917,0.0,98.50324507523328
37855,150.11084160208702,0.0,0.0,4350.563768237829,32521.45238365233,37687.702509738505,13034.162317156792,33468.78880959749,20212.657344099134,11101.659329667687,0.0,823.4307904839516
37856,187.26278741657734,0.0,0.0,0.0,202.48961667716503,5677.856856107712,2225.239276468754,7227.4141083955765,8910.591984704137,633.9464429616928,0.0,293.0467290431261
37857,411.69973926246166,0.0,0.0,0.0,181.40262477099895,8684.046441182494,4535.298338115215,14971.83267134428,22213.218344688416,5544.27841001749,0.0,589.935511380434
37858,220.32851204276085,0.0,0.0,0.0,33.97102469205856,1322.6136708408594,1038.0861095190048,2385.423464536667,3656.2818824648857,785.8157646656036,0.0,131.43513968586922
37859,1344.1372439991683,15.465818218886852,0.0,0.0,1505.9071650123224,14867.11250936985,8365.661910014227,11456.880527876318,14999.15050391294,776.8603085801005,0.0,915.383367843926
37860,0.0,44.95995666086674,0.0,0.0,1686.3159060254693,17964.35111680627,6586.354133725166,21235.835154995322,18373.304235309362,829.2561155557632,0.0,0.0
37861,0.0,0.0,0.0,0.0,0.0,0.0,0.0,0.0,0.0,0.0,0.0,0.0
37862,0.0,0.0,0.0,0.0,0.0,0.0,0.0,0.0,0.0,0.0,0.0,0.0
37863,0.0,0.0,0.0,0.0,0.0,0.0,0.0,0.0,0.0,0.0,0.0,0.0
37864,0.0,0.0,0.0,0.0,0.0,0.0,0.0,0.0,0.0,0.0,0.0,0.0
37865,0.0,0.0,0.0,0.0,0.0,0.0,0.0,0.0,0.0,0.0,0.0,0.0
37866,0.0,0.0,129052.60198959708,800654.7404564526,1896905.7847032305,1987872.8763813898,2164244.146419788,862864.2801284585,79455.91734005744,0.0,0.0,0.0
37869,190907.7982700579,369805.521231737,1028523.3356587738,1504511.3562114313,1817138.3474176824,6202762.156856416,52249.78630684316,0.0,0.0,0.0,0.0,0.0
37942,0.0,0.0,0.0,0.0,0.0,0.0,0.0,0.0,0.0,0.0,0.0,0.0
37943,0.0,0.0,-79320.8781273067,-244818.73183314502,-345159.1157479882,-320213.5594805777,-123030.95472989976,0.0,0.0,0.0,0.0,0.0
37944,0.0,92019.6886194814,458198.9465985034,1451030.451520311,2159384.7525485996,2142360.925581483,968952.022272055,0.0,0.0,0.0,0.0,0.0
37983,0.0,0.0,0.0,0.0,0.0,0.0,0.0,0.0,0.0,0.0,0.0,0.0
37984,0.0,0.0,0.0,0.0,0.0,0.0,0.0,0.0,0.0,0.0,0.0,0.0
37985,0.0,0.0,39266.69945433736,87193.3756050244,0.0,0.0,0.0,0.0,0.0,0.0,0.0,0.0
37989,0.0,0.0,0.0,0.0,0.0,0.0,0.0,0.0,0.0,0.0,0.0,0.0
38029,0.0,0.0,0.0,0.0,0.0,0.0,0.0,0.0,0.0,0.0,0.0,0.0
38070,0.0,0.0,0.0,0.0,0.0,0.0,0.0,0.0,0.0,0.0,0.0,0.0
38077,0.0,0.0,0.0,0.0,0.0,0.0,0.0,0.0,0.0,0.0,0.0,0.0
38080,0.0,0.0,0.0,0.0,0.0,0.0,0.0,0.0,0.0,0.0,0.0,0.0
38083,0.0,0.0,0.0,0.0,0.0,0.0,0.0,0.0,0.0,0.0,0.0,0.0
38091,0.0,0.0,0.0,0.0,0.0,0.0,0.0,0.0,0.0,0.0,0.0,0.0
38092,0.0,0.0,0.0,0.0,0.0,0.0,0.0,0.0,0.0,0.0,0.0,0.0
38094,0.0,0.0,0.0,0.0,0.0,0.0,0.0,0.0,0.0,0.0,0.0,0.0
38156,11552.007055670023,1894.5543321073055,-7.178696483373642,1624.261364042759,50026.666294276714,157485.19272997975,106625.55963397026,70316.64280718565,46670.54454654455,26561.749284744263,1221.2037056088448,4326.743211388588
38157,0.0,0.0,0.0,0.0,0.0,0.0,0.0,0.0,0.0,0.0,0.0,0.0
38158,0.0,0.0,0.0,0.0,0.0,0.0,0.0,0.0,0.0,0.0,0.0,0.0
38159,0.0,0.0,0.0,0.0,0.0,0.0,0.0,0.0,0.0,0.0,0.0,0.0
38160,62.52858917415142,0.907088965177536,0.0,0.0,350.17110327631235,2214.491184204817,716.6598526239395,2841.5473939478397,2302.3347126469016,253.37006151676178,21.757048666477203,85.28922173380852
38161,7797.579596072435,267.61352241039276,1179.0007792711258,22636.482678711414,86705.29396006465,213393.5226227492,50638.60613703728,260578.44998300076,244644.88526557386,38277.930666059256,4660.003213644028,7353.501205414534
38164,4797.01279720664,2193.803960621357,666.0760260820389,13589.198331326246,28998.427575543523,20845.731505930424,16288.82072687149,52914.9992877841,81137.30220356584,20137.232707977295,2095.870787501335,3224.1337818205357
38165,49.2909471988678,0.0,0.0,0.0,109.54777623992413,2297.190375570208,1462.17301690951,3171.1789102107286,3106.0774674378335,203.50356917083263,0.0,88.47361013945192
38166,740.8399857133627,0.0,0.0,4516.838122963905,22171.385603800416,22791.76830266416,11024.600524187088,19336.321927428246,22501.97029618919,6556.154457807541,0.0,1295.0352384746075
38167,1490.9025954157114,20.47827735543251,0.0,733.5549912005663,3860.2839931696653,10673.396199546754,4910.591829389334,11533.775848418474,15237.934130437672,1955.8649864196777,0.0,1609.9570565223694
38168,0.0,0.0,0.0,0.0,0.0,0.0,0.0,0.0,0.0,0.0,0.0,0.0
38169,0.0,0.0,0.0,0.0,0.0,0.0,0.0,0.0,0.0,0.0,0.0,0.0
38170,0.0,0.0,0.0,0.0,0.0,0.0,0.0,0.0,0.0,0.0,0.0,0.0
38171,0.0,0.0,0.0,0.0,0.0,0.0,0.0,0.0,0.0,0.0,0.0,0.0
38172,0.0,0.0,0.0,-1060.9003370329738,-5652.37439789623,-6342.080070320517,-7338.7967335134745,-5699.686597384512,-8482.313424687833,0.0,0.0,0.0
38193,0.0,0.0,0.0,0.0,0.0,0.0,0.0,0.0,0.0,0.0,0.0,0.0
38194,0.0,0.0,14313.060644309968,89018.52476039901,211881.0351009937,227066.06083565112,178892.22865057364,85576.7422475908,0.0,0.0,0.0,0.0
38199,0.0,0.0,0.0,0.0,0.0,0.0,0.0,0.0,0.0,0.0,0.0,0.0
38245,0.0,0.0,0.0,0.0,0.0,0.0,0.0,0.0,0.0,0.0,0.0,0.0
38246,0.0,0.0,0.0,0.0,0.0,0.0,0.0,0.0,0.0,0.0,0.0,0.0
38247,0.0,0.0,0.0,0.0,0.0,0.0,0.0,0.0,0.0,0.0,0.0,0.0
38248,0.0,0.0,0.0,0.0,0.0,0.0,0.0,0.0,0.0,0.0,0.0,0.0
38249,0.0,0.0,0.0,0.0,0.0,0.0,0.0,0.0,0.0,0.0,0.0,0.0
38250,0.0,-12504.24783718586,-58787.36314107478,-213697.27493898198,-294522.81109818816,-255627.76749296114,-150685.5195184201,-165856.9743910879,-158891.6227400899,-141086.67993469536,-63284.34192996472,-4196.997810246423
38293,0.0,-654.9048597104847,-3372.162492096424,-6849.062344562262,-8346.903164371848,-7964.15536788106,-1947.8553974768147,0.0,0.0,0.0,0.0,0.0
38294,0.0,-1002.3637451953255,-6828.508213378489,-16014.938272811472,-19616.265623688698,-60068.616279970855,-6673.263432361186,1931.7483777822927,1741.3210800569504,1025.3589866235852,424.46580201014876,41.80441007763147
38295,0.0,14421.105377344415,59896.2136193756,76112.12893972173,86124.18834316358,79031.98342449963,-80446.68615879305,0.0,0.0,0.0,0.0,0.0
38296,0.0,136.52268932247534,1349.619362900965,3246.166583901271,4227.7064113505185,4083.109340665862,1280.0575085058808,0.0,0.0,0.0,0.0,0.0
38297,0.0,0.0,0.0,0.0,0.0,0.0,0.0,0.0,0.0,0.0,0.0,0.0
38298,0.0,0.0,-2025.73483869154,-8300.634177302942,-224.16604614257812,0.0,-4442.464353384916,0.0,0.0,0.0,0.0,0.0
38299,0.0,0.0,0.0,0.0,0.0,0.0,0.0,0.0,0.0,0.0,0.0,0.0
38300,0.0,0.0,-307.6397561430931,-4687.654752612114,-7259.283504331484,-9259.99916638434,-7319.94010527432,-666.9342045378871,0.0,0.0,0.0,0.0
38301,0.0,0.0,0.0,0.0,0.0,0.0,0.0,0.0,0.0,0.0,0.0,0.0
38302,0.0,0.0,0.0,0.0,0.0,0.0,0.0,0.0,0.0,0.0,0.0,0.0
38303,0.0,0.0,0.0,0.0,0.0,0.0,0.0,0.0,0.0,0.0,0.0,0.0
38304,0.0,0.0,-215986.91267429292,-69095.0625,0.0,0.0,0.0,0.0,0.0,0.0,0.0,0.0
38322,-993384.1335808113,-7034230.717882165,-7732124.0,-5636917.0,-3888024.0,-10815671.0,-1594736.375,0.0,0.0,0.0,0.0,0.0
38344,0.0,1442.7544673085213,-147143.35422694683,-527305.870349884,-657949.8313983679,-235633.3302687183,-95505.49759667367,62306.71797352657,0.0,0.0,0.0,0.0
38356,0.0,0.0,-1459.935384079814,822.5108105540276,19215.522578276694,0.0,0.0,0.0,0.0,0.0,0.0,0.0
38391,0.0,0.0,0.0,0.0,0.0,0.0,0.0,0.0,0.0,0.0,0.0,0.0
38398,0.0,0.0,0.0,0.0,0.0,0.0,0.0,0.0,0.0,0.0,0.0,0.0
38399,0.0,0.0,0.0,0.0,0.0,0.0,0.0,0.0,0.0,0.0,0.0,0.0
38401,0.0,0.0,0.0,0.0,0.0,0.0,0.0,0.0,0.0,0.0,0.0,0.0
38402,0.0,0.0,0.0,0.0,0.0,0.0,0.0,0.0,0.0,0.0,0.0,0.0
38403,0.0,0.0,0.0,0.0,0.0,0.0,0.0,0.0,0.0,0.0,0.0,0.0
38405,0.0,0.0,0.0,0.0,0.0,0.0,0.0,0.0,0.0,0.0,0.0,0.0
38407,0.0,0.0,0.0,0.0,0.0,0.0,0.0,0.0,0.0,0.0,0.0,0.0
38408,0.0,0.0,0.0,0.0,0.0,0.0,0.0,0.0,0.0,0.0,0.0,0.0
38409,0.0,0.0,0.0,0.0,0.0,0.0,0.0,0.0,0.0,0.0,0.0,0.0
38410,0.0,0.0,0.0,0.0,0.0,0.0,0.0,0.0,0.0,0.0,0.0,0.0
38411,0.0,0.0,0.0,0.0,0.0,0.0,0.0,0.0,0.0,0.0,0.0,0.0
38476,-2407.3652464151382,-1137.5567109286785,-106.17333334684372,-5800.224979251623,-36206.3788793385,-64914.55251990259,-45744.123973965645,-34856.35428619385,-22413.120016038418,-25405.616269499063,-3652.4472254514694,-1470.4185791015625
38478,0.0,0.0,0.0,0.0,0.0,0.0,0.0,0.0,0.0,0.0,0.0,0.0
38479,0.0,0.0,0.0,0.0,0.0,0.0,0.0,0.0,0.0,0.0,0.0,0.0
38480,0.0,0.0,0.0,0.0,0.0,0.0,0.0,0.0,0.0,0.0,0.0,0.0
38481,3301.7936123907566,0.0,0.0,66030.8988969028,126027.59647779167,134449.64167171717,32635.72758960724,192719.114087075,287174.62269486114,50680.000097721815,4127.179028391838,3053.820137411356
38484,5187.844273358583,1846.8392592668533,0.0,0.0,4980.225640594959,24983.545234262943,18475.933065772057,49544.59254002571,61619.22025883198,7659.747626423836,0.0,2699.4065143465996
38485,1006.211327560246,22.234700724482536,0.0,0.0,1292.3727177754045,8965.161914937198,7092.269997693598,10302.753888309002,11056.219836030155,972.5551391094923,0.0,858.9885543137789
38486,0.0,0.0,0.0,0.0,0.0,0.0,0.0,0.0,0.0,0.0,0.0,0.0
38489,0.0,0.0,0.0,0.0,0.0,0.0,-20759.51250057295,0.0,0.0,0.0,0.0,0.0
38501,0.0,0.0,0.0,0.0,0.0,0.0,106003.18159420416,381533.0734861903,422952.5510022789,316681.1817748863,153819.04140486103,0.0
38503,0.0,0.0,0.0,0.0,0.0,0.0,0.0,0.0,0.0,0.0,0.0,0.0
38559,0.0,0.0,0.0,0.0,0.0,0.0,0.0,0.0,0.0,0.0,0.0,0.0
38560,0.0,-11858.693419627845,-43327.30078125,-11620.95336961653,-15435.207109492272,-44169.15625,-25585.951171875,-15356.724609375,0.0,0.0,0.0,0.0
38608,0.0,0.0,0.0,0.0,0.0,0.0,0.0,0.0,0.0,0.0,0.0,0.0
38609,91.79127442277968,771.8164157029241,4034.1214597616345,6656.687121838331,7031.9082600958645,6057.3044095262885,4644.098906870931,8468.164535233751,6369.028584330343,3118.440818372648,1011.5569588281214,0.0
38610,0.0,0.0,5258.90820235759,16822.349043130875,10957.770277206786,10250.126006655395,7479.71314893011,0.0,0.0,0.0,0.0,0.0
38616,0.0,0.0,0.0,0.0,0.0,0.0,0.0,0.0,0.0,0.0,0.0,0.0
38617,0.0,0.0,0.0,0.0,0.0,0.0,0.0,0.0,0.0,0.0,0.0,0.0
38618,0.0,0.0,-190626.83433777094,-1958633.4509593155,0.0,0.0,0.0,0.0,0.0,0.0,0.0,0.0
38654,0.0,0.0,-60174.96065104008,-439238.5334441662,-2110026.4896733016,204778.17152489536,225557.0192069579,112391.40834658127,0.0,0.0,0.0,0.0
38713,0.0,0.0,0.0,0.0,0.0,0.0,0.0,0.0,0.0,0.0,0.0,0.0
38716,0.0,0.0,0.0,0.0,0.0,0.0,0.0,0.0,0.0,0.0,0.0,0.0
38718,0.0,0.0,0.0,0.0,0.0,0.0,0.0,0.0,0.0,0.0,0.0,0.0
38721,0.0,0.0,0.0,0.0,0.0,0.0,0.0,0.0,0.0,0.0,0.0,0.0
38722,0.0,0.0,0.0,0.0,0.0,0.0,0.0,0.0,0.0,0.0,0.0,0.0
38725,0.0,0.0,0.0,0.0,0.0,0.0,0.0,0.0,0.0,0.0,0.0,0.0
38791,-22209.362799435854,-5773.7070071697235,-358.3320151567459,-27804.205843687057,-351282.3481425345,-522793.6372189522,-489796.482909441,-507539.85415410995,-229595.9595915079,-242016.63724836707,-39428.89910572767,-37999.02763456106
38792,66.81927216984332,24.957171257585287,0.0,16.853239635005593,371.1872731000185,1345.5226362235844,1232.087537355721,1669.3711780533195,847.1488496698439,360.4943616716191,83.97766190953553,136.4763429351151
38793,428.1266125738621,0.0,0.0,3261.0664770901203,29407.225860580802,27799.228971153498,6876.812471628189,33425.84231874347,37213.559358000755,10869.669234603643,559.3531394302845,1194.7982224822044
38796,7476.472500652075,1461.7811888456345,0.0,230.01061698794365,11494.61511644721,36675.10582911968,31297.275075376034,45646.901927948,54197.8935059458,6452.208085119724,1.5792984366416931,5119.805069923401
38797,0.0,404.43116656690836,9051.104444484692,18819.149022569647,6854.134831962176,-2828.4560546875,-15533.71875,-20880.474609375,0.0,0.0,0.0,0.0
38800,0.0,0.0,0.0,0.0,-1478.4534912109375,0.0,0.0,0.0,0.0,0.0,0.0,0.0
38801,103694.26744824275,-1655110.4776061699,-931583.2854189724,-3053968.09793726,-1228803.28247682,3743039.693394512,12946010.44144106,11879332.991252936,8055712.739747345,779071.9050244093,282588.823943682,1386.3265656009316
38802,0.0,0.0,0.0,0.0,0.0,0.0,0.0,0.0,0.0,0.0,0.0,0.0
38803,0.0,0.0,0.0,0.0,0.0,0.0,0.0,0.0,0.0,0.0,0.0,0.0
38820,0.0,0.0,56390.96515736729,200032.0466225557,307196.20890695415,318989.68526748195,186599.88082219288,4686.555164972786,0.0,0.0,0.0,0.0
38824,0.0,0.0,-60582.26276660594,-215781.05793712102,-363766.6471244104,-418875.625,-712488.625,-523274.84375,-474732.03125,0.0,0.0,0.0
38825,0.0,0.0,0.0,0.0,0.0,0.0,0.0,0.0,0.0,0.0,0.0,0.0
38868,0.0,0.0,0.0,0.0,0.0,0.0,0.0,0.0,0.0,0.0,0.0,0.0
38869,0.0,0.0,0.0,0.0,0.0,0.0,0.0,0.0,0.0,0.0,0.0,0.0
38919,0.0,0.0,0.0,0.0,0.0,0.0,0.0,0.0,0.0,0.0,0.0,0.0
38920,0.0,0.0,0.0,0.0,0.0,0.0,0.0,0.0,0.0,0.0,0.0,0.0
38921,0.0,-16.746019922196865,-7172.450807381421,-17394.68246081099,0.0,0.0,-3140.413872516714,0.0,0.0,0.0,0.0,0.0
38930,0.0,0.0,0.0,0.0,0.0,0.0,0.0,0.0,0.0,0.0,0.0,0.0
38931,0.0,0.0,0.0,-74660.4371490106,-216365.04857940972,0.0,0.0,0.0,0.0,0.0,0.0,0.0
38932,-35344.30190394004,-99460.9921875,-537984.7244444322,-581886.25,-864257.0,-940861.6875,-696562.375,-768201.3927936358,-764883.9375,-1046752.5985016823,-343897.3052510582,-106549.1401052163
38933,0.0,-28201.017578125,-127789.1328125,-283293.53125,-438751.5,-435247.15625,-220363.75,-89456.046875,-24383.279296875,0.0,0.0,0.0
38934,-39080.61972387601,-155341.72912197188,-634222.6135743521,-720036.75,-1202948.875,-1233417.875,-889572.5,-871405.0625,-801136.3125,-1248846.331587173,-382596.8192668967,-103261.99688125774
38935,-13238394.025727272,-32108090.058433533,-109890637.72342873,-177929856.81961763,0.0,0.0,294110.3844424747,357910.5369710829,-137989913.09931302,-125579698.51132107,-54787820.37733269,-20824207.946757317
38936,0.0,0.0,-217125.72178529203,-339267.03125,0.0,0.0,0.0,0.0,0.0,0.0,0.0,0.0
39033,0.0,0.0,0.0,0.0,0.0,0.0,0.0,0.0,0.0,0.0,0.0,0.0
39041,0.0,0.0,0.0,0.0,0.0,0.0,0.0,0.0,0.0,0.0,0.0,0.0
39045,0.0,0.0,0.0,0.0,0.0,0.0,0.0,0.0,0.0,0.0,0.0,0.0
39047,0.0,0.0,0.0,0.0,0.0,0.0,0.0,0.0,0.0,0.0,0.0,0.0
39049,0.0,0.0,0.0,0.0,0.0,0.0,0.0,0.0,0.0,0.0,0.0,0.0
39108,-12079223.786003113,-11498049.638195038,-9111272.291374207,-14319595.44632721,-61513596.84051514,-122834411.90388489,-162115599.8241272,-116640682.32722473,-64643506.54411316,-45830813.86817169,-16593049.173690796,-11020736.693344116
39109,414.63905911147594,119.20471438765526,8.992485627532005,780.2808411121368,8531.574609860778,10668.599261939526,9666.183667361736,5849.346190214157,4267.822304368019,5293.6968051716685,1288.1530017852783,1206.6905212402344
39110,348.58206263929605,94.53156770765781,4.090010434389114,344.52358478307724,4804.14875485003,7972.516209617257,7499.675210088491,7468.466306388378,3928.340255230665,3073.049326173961,935.220332339406,942.3619456142187
39112,476.40742556750774,0.0,0.0,0.0,6544.401007838547,60205.031141996384,50264.47801801562,107847.95576626062,105421.2877743356,8375.047135848552,855.6941959410906,3298.2761269062757
39113,1866.1736340373755,0.0,0.0,0.0,2048.9418514966965,20500.323233485222,15813.65581703186,34019.05111859739,37131.979248568416,2590.7221163213253,38.34276244044304,2039.7895938456059
39114,10782.294375061989,408.9723936319351,0.0,521.1970118880272,16370.157597243786,65026.990481734276,73151.30796971917,89221.95541611314,84719.76253087819,8531.353968888521,0.0,8645.270899146795
39115,0.0,0.0,0.0,0.0,-8404.27734375,-4888.6357421875,-3056.18798828125,-1991.89208984375,-1128.9583740234375,0.0,0.0,0.0
39116,0.0,0.0,-714.1764728003182,-6334.220771804452,0.0,0.0,0.0,0.0,0.0,0.0,0.0,0.0
39118,0.0,0.0,0.0,0.0,0.0,0.0,0.0,0.0,0.0,0.0,0.0,0.0
39119,0.0,0.0,0.0,0.0,0.0,0.0,0.0,0.0,0.0,0.0,0.0,0.0
39120,0.0,0.0,0.0,0.0,0.0,0.0,0.0,0.0,0.0,0.0,0.0,0.0
39121,0.0,0.0,0.0,0.0,0.0,0.0,0.0,-106.45480346679688,-44.61798095703125,-26.75333023071289,-19.767505645751953,-14.840286254882812
39133,0.0,0.0,14561.004602544941,96622.49287592154,228499.7455577273,320163.20375292026,441627.46381280385,501353.2454223661,244840.8420039937,134828.05422610044,27853.648462669924,-50.31163549423218
39134,0.0,0.0,0.0,1.9602099657058716,47.366104394197464,257.22017171420157,14200.313812665641,34803.83894884586,33319.503111973405,22056.507288366556,12087.176277950406,-957.1829669848084
39185,0.0,0.0,0.0,0.0,0.0,72774.49664449692,244690.83029711246,272000.93085223436,367950.7611525059,114280.98926496506,30201.79008436203,0.0
39186,0.0,0.0,0.0,-93590.75956639275,-212528.32474544644,-126142.9453125,-50470.96484375,-46196.02734375,0.0,0.0,0.0,0.0
39237,0.0,831.4531953185797,3729.3729905858636,6735.373582854867,8123.050774633884,7145.841461585835,1294.9014756903052,0.0,0.0,0.0,0.0,0.0
39238,0.0,0.0,0.0,0.0,0.0,0.0,0.0,0.0,0.0,0.0,0.0,0.0
39239,0.0,0.0,0.0,0.0,0.0,0.0,0.0,0.0,0.0,0.0,0.0,0.0
39240,0.0,0.0,0.0,0.0,0.0,0.0,0.0,0.0,0.0,0.0,0.0,0.0
39241,0.0,0.0,0.0,0.0,-12434.688218619674,-12493.775534927845,0.0,0.0,0.0,0.0,0.0,0.0
39254,0.0,-143410.1444435157,-535779.8910951465,-2373137.057314601,-1149802.625,-872282.1875,-560487.875,-251490.59375,-117689.0390625,0.0,0.0,0.0
39255,0.0,132926.13445912488,567122.6049867608,1536259.1195719005,1227508.8482032665,951499.5476383031,371330.39624685247,0.0,0.0,0.0,0.0,0.0
39256,0.0,5330.961692206562,28688.340475931764,99362.04634639993,191061.12352187745,197839.33785506524,136775.9771388946,62376.5261938218,0.0,0.0,0.0,0.0
39257,0.0,-20651.72758864239,-114556.52771733887,-301824.63496358134,-255855.0625,-295582.21875,-213618.18063092395,-122103.90239081066,-17700.97900613601,0.0,0.0,0.0
39258,20173.934211684158,13496.070884555578,68453.87956643663,148867.8910933677,149512.31442146702,155374.8770319689,186647.2604129929,241003.95995557122,193565.58671079343,169345.06023633853,60589.01145296171,30622.760097213206
39259,0.0,0.0,0.0,0.0,0.0,0.0,0.0,0.0,0.0,0.0,0.0,0.0
39260,0.0,0.0,0.0,0.0,0.0,0.0,0.0,0.0,0.0,0.0,0.0,0.0
39261,-1609502.7312122695,-3381563.0,0.0,0.0,0.0,0.0,0.0,0.0,0.0,0.0,0.0,-1908306.133332882
39263,-386387.5,-12493.0703125,0.0,0.0,0.0,0.0,0.0,0.0,0.0,0.0,0.0,-649438.25
39264,37941.40537844412,80517.65038162342,117958.97363645374,0.0,0.0,0.0,0.0,0.0,0.0,0.0,0.0,126952.59281327983
39265,2851.0901662196266,58691.147441929206,204363.14702157117,0.0,0.0,0.0,0.0,0.0,0.0,192853.96300177556,0.0,6046.123551079771
39266,2918.0532997936825,9368.82489454803,51396.68198387345,56112.10966110148,171009.07881384366,247564.9413981298,221444.36975429964,190955.22918850812,-32.426448822021484,40629.50927628041,-18.403276443481445,4437.49702988605
39267,-5128.5129732511705,303619.39748148713,1660319.6651639715,4775934.867099864,9026378.794385713,9153283.687134905,6940023.938427957,3033994.2583387317,-1811.5379638671875,-3465.496826171875,-3120.2529296875,-20652.687196111074
39268,0.0,-12853.141294904053,-489944.94275307655,-350566.125,0.0,0.0,0.0,0.0,0.0,0.0,0.0,0.0
39270,0.0,8152.447040081024,1437648.0232636333,8723548.00587913,16646551.757712215,18101307.185619973,13816098.708999151,5473884.034704454,0.0,0.0,0.0,0.0
39278,0.0,0.0,0.0,0.0,0.0,0.0,0.0,0.0,0.0,0.0,0.0,0.0
39294,-609415.8015501499,-8188306.974428177,-77110345.98100686,-175627039.324031,-36239779.251221895,-22051181.00067562,-57999334.048244715,7751007.726467252,102963.17656552792,13054.52729177475,0.0,0.0
39322,113696.27696323395,2156548.9791965485,8161341.110282898,8499164.049995422,13955617.663776398,7713323.525165856,-2000798.9276737869,-898517.96098876,75889.54840040207,-1801.3321162462234,0.0,0.0
39366,0.0,0.0,0.0,0.0,0.0,0.0,0.0,0.0,0.0,0.0,0.0,0.0
39368,0.0,0.0,0.0,0.0,0.0,0.0,0.0,0.0,0.0,0.0,0.0,0.0
39371,0.0,0.0,0.0,0.0,0.0,0.0,0.0,0.0,0.0,0.0,0.0,0.0
39373,0.0,0.0,0.0,0.0,0.0,0.0,0.0,0.0,0.0,0.0,0.0,0.0
39374,0.0,0.0,0.0,0.0,0.0,0.0,0.0,0.0,0.0,0.0,0.0,0.0
39381,0.0,0.0,0.0,0.0,0.0,0.0,0.0,0.0,0.0,0.0,0.0,0.0
39382,0.0,0.0,0.0,0.0,0.0,0.0,0.0,0.0,0.0,0.0,0.0,0.0
39443,-1759.2560095787048,1432.1898674964905,-43.82534837722778,-17339.579337477684,-150438.89347231388,-110977.05158472061,-52602.20439696312,11040.731862068176,-26855.72322309017,-113643.19591736794,-18249.94330239296,-7728.269021987915
39444,1422.1772447898984,81.43803296983242,0.0,0.0,2520.9971742406487,23256.79502646625,43521.40958959609,66801.81187208556,59931.514001544565,5946.183080539107,95.17913575470448,2491.272270925343
39445,0.0,0.0,0.0,0.0,0.0,0.0,0.0,0.0,0.0,0.0,0.0,0.0
39446,0.0,0.0,0.0,0.0,0.0,0.0,0.0,0.0,0.0,0.0,0.0,0.0
39447,0.0,5.740168820484541,47.58772584889084,7403.418245130219,26366.98974366393,35879.84286331572,42259.94751615403,26910.20408473164,5672.861289574299,0.0,0.0,0.0
39450,0.0,0.0,0.0,0.0,0.0,0.0,0.0,0.0,0.0,0.0,0.0,0.0
39451,-241090.09174417658,-560122.1419905238,-1062197.6511465907,-2011078.478689529,-3518433.978546067,-1007379.3120649112,5231.919321600813,32195.16624799883,73744.76273677032,56288.05841913773,30480.20541145536,-1417.217041015625
39502,0.0,0.0,0.0,0.0,0.0,0.0,0.0,0.0,0.0,0.0,0.0,0.0
39515,0.0,0.0,0.0,0.0,0.0,0.0,0.0,0.0,0.0,0.0,0.0,0.0
39516,0.0,0.0,0.0,0.0,0.0,0.0,0.0,0.0,0.0,0.0,0.0,0.0
39571,0.0,0.0,0.0,0.0,0.0,0.0,0.0,0.0,0.0,0.0,0.0,0.0
39572,0.0,0.0,0.0,0.0,0.0,0.0,0.0,0.0,0.0,0.0,0.0,0.0
39573,0.0,0.0,0.0,0.0,0.0,0.0,0.0,0.0,0.0,0.0,0.0,0.0
39574,0.0,0.0,0.0,0.0,0.0,0.0,0.0,0.0,0.0,0.0,0.0,0.0
39592,-29596.42143090535,-29507.060925171245,-1438256.375,-167.5355682373047,-366.18145751953125,-342.0331115722656,-319.42626953125,-354.1613464355469,-227.60569763183594,-224.46568298339844,-71.90170288085938,-27015.095716840588
39598,0.0,0.0,0.0,0.0,0.0,0.0,0.0,0.0,0.0,0.0,0.0,0.0
39609,0.0,-3239.4417884550057,-789919.095483155,-3055105.5527763776,-806546.2432585955,-260996.828125,-1835934.125,-345.88873291015625,0.0,0.0,0.0,0.0
39628,5565728.785437971,19369558.9686051,47966320.69890803,92231609.20433545,174228594.6552602,148920530.42324275,68105321.2003476,6640307.446060061,-1024945.7475321293,-217012.50589716434,0.0,0.0
39701,0.0,0.0,0.0,0.0,0.0,0.0,0.0,0.0,0.0,0.0,0.0,0.0
39705,0.0,0.0,0.0,0.0,0.0,0.0,0.0,0.0,0.0,0.0,0.0,0.0
39715,0.0,0.0,0.0,0.0,0.0,0.0,0.0,0.0,0.0,0.0,0.0,0.0
39776,-9571.848767742515,-7245.762287035584,0.0,-13613.072241991758,-174890.48247760534,-255889.24627235532,-235340.5271972865,-141454.23295110464,-128365.5678986758,-81933.55890610814,-37662.26272132993,-20405.532411426306
39777,1138.9778223596513,1782.0826010778546,1887.7138743251562,4120.212195716798,11467.332429543138,0.0,21583.609252534807,18936.72457125038,17294.260321073234,4066.8809243515134,1571.6835825815797,1471.3082221224904
39778,0.0,0.0,0.0,0.0,0.0,0.0,0.0,0.0,0.0,0.0,0.0,0.0
39779,0.0,0.0,0.0,0.0,0.0,0.0,0.0,0.0,0.0,0.0,0.0,0.0
39780,0.0,0.0,1066.8977139338385,3384.0611172886565,4507.35140916612,4282.633493258618,2596.9090334288776,0.0,0.0,0.0,0.0,0.0
39782,0.0,0.0,0.0,0.0,0.0,0.0,0.0,0.0,0.0,0.0,0.0,0.0
39783,0.0,0.0,0.0,0.0,0.0,0.0,0.0,0.0,0.0,0.0,0.0,0.0
39798,0.0,0.0,0.0,0.0,0.0,0.0,0.0,0.0,0.0,0.0,0.0,0.0
39828,0.0,0.0,0.0,0.0,0.0,0.0,0.0,0.0,0.0,0.0,0.0,0.0
39829,0.0,0.0,0.0,0.0,0.0,0.0,0.0,0.0,0.0,0.0,0.0,0.0
39830,0.0,0.0,0.0,0.0,0.0,0.0,0.0,0.0,0.0,0.0,0.0,0.0
39831,0.0,0.0,0.0,0.0,0.0,0.0,0.0,0.0,0.0,0.0,0.0,0.0
39832,0.0,0.0,0.0,0.0,0.0,0.0,0.0,0.0,0.0,0.0,0.0,0.0
39833,0.0,0.0,0.0,0.0,0.0,0.0,0.0,0.0,0.0,0.0,0.0,0.0
39834,0.0,0.0,0.0,0.0,0.0,0.0,0.0,0.0,0.0,0.0,0.0,0.0
39835,0.0,0.0,0.0,0.0,0.0,0.0,0.0,0.0,0.0,0.0,0.0,0.0
39836,0.0,0.0,0.0,0.0,0.0,0.0,0.0,0.0,0.0,0.0,0.0,0.0
39837,0.0,0.0,0.0,0.0,0.0,0.0,0.0,0.0,0.0,0.0,0.0,0.0
39846,0.0,0.0,0.0,0.0,0.0,329.26121869683266,144044.99177631736,59506.971998900175,74303.88156697154,63229.52670350671,367.6909748017788,0.0
39847,0.0,0.0,21150.076278347522,27343.8169978112,28227.33126166463,14849.062502611428,28227.798656336963,35402.63044617325,26398.063848547637,17255.155402284116,1677.2328753387555,0.0
39904,0.0,0.0,0.0,0.0,0.0,0.0,0.0,0.0,0.0,0.0,0.0,0.0
39905,0.0,0.0,0.0,0.0,0.0,0.0,0.0,0.0,0.0,0.0,0.0,0.0
39906,0.0,42573.29120656848,154580.07611763477,253772.70724648237,305084.586597085,237945.49291455746,0.0,0.0,0.0,0.0,0.0,0.0
39927,0.0,151466.20978961978,0.0,0.0,0.0,0.0,0.0,0.0,0.0,0.0,0.0,-466649.20853729546
39931,0.0,0.0,0.0,0.0,0.0,0.0,0.0,0.0,0.0,0.0,0.0,0.0
39932,0.0,0.0,0.0,0.0,0.0,0.0,0.0,0.0,0.0,0.0,0.0,0.0
39939,0.0,-16436.66867949025,-166923.47504999768,0.0,0.0,0.0,0.0,-3293.947998046875,0.0,0.0,0.0,0.0
39964,-56484.49469231814,-479873.6374370754,-181944.35637533665,-363679.24533088505,-227723.375,-60359.9765625,20616.29292709939,2883.2591527216136,0.0,0.0,0.0,0.0
39965,0.0,0.0,0.0,0.0,0.0,0.0,0.0,0.0,0.0,0.0,0.0,0.0
39966,-3251.0286153350025,-38419.567592850886,-107898.50780984154,-629542.0272497535,0.0,0.0,0.0,0.0,0.0,0.0,0.0,0.0
39984,0.0,0.0,-531628.4857260436,-1247047.1618994772,-16576225.988453776,-1264696.1697529852,-1041960.5554281473,-133313.74821674824,0.0,0.0,0.0,0.0
40036,0.0,0.0,0.0,0.0,0.0,0.0,0.0,0.0,0.0,0.0,0.0,0.0
40039,0.0,0.0,0.0,0.0,0.0,0.0,0.0,0.0,0.0,0.0,0.0,0.0
40108,-759282.7980877161,-388603.95481824875,-3539.7158813476562,-880128.1731328964,-8569843.276399136,-11258605.87408638,-17357102.194943428,-9670167.172171116,-9882782.08452177,-6806427.293518543,-2602946.0240044594,-1411667.2527766228
40109,1634.8172441348433,2046.238902658224,0.0,1097.7231598645449,14506.602632343769,29959.489121101797,43034.54034008086,28563.774345219135,22922.84246364236,12118.453038334846,5052.235098928213,3225.445637628436
40110,95.31677414570004,14.41108002513647,0.0,85.40351456031203,1467.069238764234,2207.6895261332393,3230.7225954569876,1638.4201627001166,1064.84730450809,988.8613335117698,305.1197180747986,238.6604622118175
40111,0.0,0.0,0.0,0.0,0.0,0.0,0.0,0.0,0.0,0.0,0.0,0.0
40112,0.0,0.0,0.0,0.0,0.0,0.0,0.0,0.0,0.0,0.0,0.0,0.0
40113,0.0,0.0,0.0,0.0,0.0,0.0,0.0,0.0,0.0,0.0,0.0,0.0
40114,0.0,0.0,0.0,0.0,0.0,0.0,0.0,0.0,0.0,0.0,0.0,0.0
40117,0.0,0.0,0.0,0.0,0.0,0.0,0.0,0.0,0.0,0.0,0.0,0.0
40118,0.0,0.0,0.0,0.0,0.0,0.0,0.0,0.0,0.0,0.0,0.0,0.0
40119,0.0,0.0,0.0,0.0,0.0,0.0,0.0,0.0,0.0,0.0,0.0,0.0
40120,0.0,0.0,0.0,0.0,0.0,0.0,0.0,0.0,0.0,0.0,0.0,0.0
40133,0.0,0.0,0.0,0.0,0.0,0.0,0.0,0.0,0.0,0.0,0.0,0.0
40155,0.0,0.0,0.0,0.0,0.0,0.0,0.0,0.0,0.0,0.0,0.0,0.0
40156,0.0,0.0,0.0,0.0,0.0,0.0,0.0,0.0,0.0,0.0,0.0,0.0
40157,0.0,0.0,0.0,0.0,0.0,0.0,0.0,0.0,0.0,0.0,0.0,0.0
40158,0.0,115.57450088858604,1265.563850402832,1659.3370699882507,22000.413183033466,177737.4537512064,111132.4505431056,107911.40993648767,32678.409167051315,0.0,0.0,0.0
40159,0.0,-1047.610527932644,-15381.583797454834,-13025.243460446596,-97587.99636662006,-919684.9708786011,-796365.9936662614,-926935.5976451188,-353725.5832334459,-10407.672521173954,453.60027649998665,0.0
40160,0.0,0.0,0.0,0.0,0.0,227804.46062967926,188103.86899773404,170334.2092313096,67826.44411132485,0.0,48.66578732430935,0.0
40161,0.0,0.0,0.0,0.0,0.0,0.0,0.0,0.0,0.0,0.0,0.0,0.0
40166,0.0,0.0,0.0,0.0,0.0,0.0,0.0,0.0,0.0,0.0,0.0,0.0
40167,0.0,0.0,-90049.84516334534,-848834.4034738541,-610827.7281517982,-120841.00830984116,1055180.3155388832,1819758.7282425165,1434885.0175025463,222558.03155708313,39613.143216609955,0.0
40168,0.0,0.0,1243.2238722741604,8480.675876438618,18893.716551572084,147620.94776919484,105348.87154120207,117628.58187176287,83757.33590637147,8518.174192667007,0.0,0.0
40169,0.0,0.0,0.0,0.0,0.0,0.0,0.0,0.0,0.0,0.0,0.0,0.0
40170,0.0,0.0,0.0,0.0,0.0,0.0,0.0,0.0,0.0,0.0,0.0,0.0
40171,0.0,0.0,0.0,0.0,0.0,0.0,0.0,0.0,0.0,0.0,0.0,0.0
40175,0.0,0.0,0.0,0.0,0.0,28954.848870825022,50691.7331223432,52470.44438567944,51479.79270945117,28965.75515269302,0.0,0.0
40176,0.0,0.0,-27976.8203125,-1300.8489990234375,-1387.5709228515625,-1300.8489990234375,-1300.8499755859375,0.0,0.0,0.0,0.0,0.0
40177,0.0,885.1824781903997,4434.361709220335,0.0,0.0,0.0,1901.8348763464019,7372.276035863906,5701.6342256795615,4200.221326635685,1045.1816712233704,0.0
40246,-14777.826536885463,-24210.281751393806,-91986.40407579998,-119062.31994628906,-144745.7109375,-172879.91772460938,-185470.3377685547,-185700.98040771484,-168553.7323322296,-181796.82267394662,-75635.53774168342,-28508.740633192472
40251,15406.915390081704,-843922.4150592387,-5094821.676681653,-185812.63886412978,-16146.854391770437,143776.45292010717,156203.2118535135,218834.5331030544,170124.05491525494,210637.76677190792,101051.14259064943,28799.935728415847
40261,0.0,-0.0526043176651001,0.0,0.0,0.0,0.0,0.0,0.0,0.0,0.0,0.0,0.0
40262,5409.520157351741,0.0,0.0,0.0,0.0,0.0,0.0,0.0,0.0,0.0,0.0,18015.80230300117
40277,0.0,0.0,0.0,0.0,0.0,0.0,0.0,0.0,0.0,0.0,0.0,0.0
40292,-25863.82301046839,-11412.298828125,-163394.54602984525,-198147.75805422664,-338186.59437403455,0.0,0.0,0.0,0.0,0.0,0.0,0.0
40293,150502.09671863914,-519414.805047974,1961315.3541437276,4312627.401769221,-16811014.487656265,-10819564.54260385,0.0,0.0,0.0,0.0,0.0,0.0
40294,4345932.663258076,7317998.4795742035,-43535923.02331066,-99014142.97123921,121032276.45688581,120468012.0622909,829901.967959404,14206262.43305242,-1225974.6595128775,-203957.9786055088,0.0,0.0
40295,0.0,0.0,0.0,0.0,0.0,0.0,0.0,0.0,0.0,0.0,0.0,0.0
40313,536.9966211915016,-146972.87051083148,-676428.4142760634,-1330685.7932271957,-2315423.8099677637,186515.55331941321,66153.8829330653,23840.61070926627,0.0,0.0,0.0,0.0
40336,4971332.717164993,0.0,11172801.34349823,22937344.014987946,56854231.83956909,68223271.79070854,84706326.53887558,58330778.090108395,84228250.38346386,76828256.9736352,27577767.872728825,16660190.560542107
40366,0.0,0.0,0.0,0.0,0.0,0.0,0.0,0.0,0.0,0.0,0.0,0.0
40420,-9125177.861909866,-10306458.647697449,-8706299.664678574,-10409949.670818329,-24848803.747421265,-66051905.625133514,-85429509.86135101,-60573109.53704834,-37768540.65223694,-12982074.100868225,-8790086.866886139,-7703622.874427795
40438,-15573.589648753405,-21404.604402393103,0.0,-6681.2972458302975,-84539.91620671749,-263837.3544972688,-393245.93243644387,-273476.4054091573,-207871.7807242833,-72527.24887695909,-33466.713082790375,-29476.27294114232
40439,170.13362443749793,169.76815823093057,0.0,243.45516646839678,3461.890524795279,4568.754997952841,6003.4565130621195,2280.4454118516296,3433.0093799568713,2581.0435556941666,747.8922443818301,548.316323088482
40440,0.0,0.0,0.0,0.0,0.0,0.0,0.0,0.0,0.0,0.0,0.0,0.0
40441,0.0,0.0,0.0,0.0,0.0,0.0,0.0,0.0,0.0,0.0,0.0,0.0
40443,0.0,0.0,0.0,0.0,0.0,0.0,0.0,0.0,0.0,0.0,0.0,0.0
40444,0.0,0.0,0.0,0.0,0.0,0.0,0.0,0.0,0.0,0.0,0.0,0.0
40445,0.0,0.0,0.0,0.0,0.0,0.0,0.0,0.0,0.0,0.0,0.0,0.0
40454,0.0,0.0,0.0,0.0,0.0,0.0,43.70263201370835,110.34144925698638,110.87587559688836,65.1733794757165,39.93700902815908,0.0
40457,551.5098992418498,0.0,0.0,0.0,0.0,0.0,0.0,10005.950868702494,18953.967120919377,20492.817002214026,16165.499017299153,5909.909692779533
40458,0.0,0.0,0.0,0.0,0.0,0.0,0.0,0.0,0.0,0.0,0.0,0.0
40479,0.0,0.0,0.0,0.0,0.0,0.0,0.0,0.0,0.0,0.0,0.0,0.0
40480,0.0,0.0,0.0,0.0,0.0,0.0,0.0,0.0,0.0,0.0,0.0,0.0
40481,0.0,0.0,0.0,0.0,0.0,0.0,0.0,0.0,0.0,0.0,0.0,0.0
40482,0.0,0.0,0.0,0.0,0.0,0.0,0.0,0.0,0.0,0.0,0.0,0.0
40483,0.0,0.0,0.0,0.0,0.0,0.0,0.0,0.0,0.0,0.0,0.0,0.0
40484,0.0,0.0,0.0,0.0,0.0,0.0,0.0,0.0,0.0,0.0,0.0,0.0
40485,0.0,34.25682067871094,274416.17265319824,1337298.1331481934,-5405796.341079712,6361158.471038818,-20494579.01006317,-24359812.79950714,-16078225.075115204,-3538862.3757247925,-287388.60275268555,0.0
40486,0.0,0.0,23485.03808104992,257503.42619395256,457201.2023880482,1207439.8530884385,795961.1673310399,661377.7024146914,560406.9712917805,75234.14614588022,0.0,0.0
40487,0.0,0.0,0.0,0.0,0.0,0.0,0.0,0.0,0.0,0.0,0.0,0.0
40490,0.0,0.0,0.0,0.0,0.0,20501.73939831555,47958.573762983084,46778.18339276314,43196.59502694011,20497.688193149865,0.0,0.0
40491,0.0,0.0,0.0,0.0,0.0,0.0,0.0,0.0,0.0,0.0,0.0,0.0
40493,-118.97207402437925,-10618.301102563739,-12778.686341270804,0.0,0.0,0.0,0.0,0.0,0.0,0.0,0.0,0.0
40505,0.0,0.0,92413.68263798952,352117.8022956252,600415.8732426018,639297.2166755833,491440.9466059953,0.0,-4163.018380045891,0.0,0.0,0.0
40548,0.0,0.0,0.0,0.0,0.0,0.0,0.0,0.0,0.0,0.0,0.0,0.0
40565,11837.38587301936,47551.56392082528,163420.76430589997,346549.66988597205,479061.3084360943,440852.420636914,400318.4734796714,394610.03735043365,358264.0472640414,286826.63307372434,119954.37238023267,40797.66799344527
40575,0.0,0.0,0.0,-14878941.072386384,-18826139.204869926,-15238990.375097267,-2736040.75,-16245299.694656797,-14546995.139151473,0.0,0.0,0.0
40579,0.0,0.0,0.0,0.0,0.0,0.0,0.0,0.0,0.0,0.0,0.0,0.0
40583,0.0,-8816.7861328125,-117172.484375,-11254.65234375,-34.75619125366211,-0.9856773614883423,-1.0867676734924316,0.0,0.0,0.0,0.0,0.0
40586,0.0,349941.27810315625,1406401.284353624,1683330.1635465529,725385.3802207708,570694.244337,-922235.3579163318,0.0,0.0,0.0,0.0,0.0
40609,0.0,0.0,-1055.5648193359375,-160706.78048328683,0.0,0.0,0.0,0.0,0.0,0.0,0.0,0.0
40610,0.0,0.0,-286059.8125,0.0,0.0,0.0,0.0,0.0,0.0,0.0,0.0,0.0
40611,-37347.992154062726,-235224.06232166104,-0.5503276586532593,-2508422.0493252417,0.0,0.0,0.0,0.0,0.0,0.0,0.0,-257.7261954545975
40615,0.0,-5771.333479674999,-3726.9057592693716,-45043.69412487745,0.0,0.0,0.0,0.0,0.0,0.0,0.0,0.0
40618,0.0,0.0,-7641.528941743076,-150716.009681046,0.0,0.0,0.0,0.0,0.0,0.0,0.0,0.0
40619,0.0,0.0,0.0,-811.8717438578606,0.0,0.0,0.0,0.0,0.0,0.0,0.0,0.0
40620,0.0,0.0,0.0,-1503.7592931091785,0.0,0.0,0.0,0.0,-4140.066490274854,0.0,0.0,0.0
40621,0.0,0.0,-642.5662368834019,-43787.464510306716,0.0,0.0,0.0,0.0,0.0,0.0,0.0,0.0
40639,0.0,62266.875470638275,657919.1399845481,1277182.355511427,2298475.1504246257,2031949.9714805316,1075871.5665860865,0.0,0.0,0.0,0.0,0.0
40652,10293910.279803991,4325712.951996326,8699567.044077396,11842885.928014278,15831307.28407383,-12562530.895635605,26665372.046749115,48502636.03334808,77326608.1960516,155442961.19825292,62076478.41589495,30425884.989674628
40753,-32066.83091492206,-25013.50542166829,-8880.161391198635,-46857.103216439486,-282453.1783230603,-454101.5934252888,-477740.17053332925,-382575.505482018,-387878.7552857548,-224904.46079725027,-90235.45864841342,-53410.91312967241
40754,0.0,0.0,0.0,0.0,0.0,0.0,0.0,0.0,0.0,0.0,0.0,0.0
40756,0.0,0.0,0.0,0.0,0.0,0.0,0.0,0.0,0.0,0.0,0.0,0.0
40757,0.0,0.0,0.0,0.0,0.0,0.0,0.0,0.0,0.0,0.0,0.0,0.0
40758,0.0,0.0,0.0,0.0,0.0,0.0,0.0,0.0,0.0,0.0,0.0,0.0
40759,-2071985.6270371424,-760183.4304537401,-44860.31501672417,144762.64032113552,19646.086511251517,0.0,-725.9611692726612,-2335.255692496896,-5069.3076629042625,-3466.811752703041,117462.33032585774,-79584.04825807456
40769,0.0,0.0,0.0,0.0,0.0,0.0,1993.3945451825857,5396.627067554742,5507.565708592534,4487.631583690643,2826.328185258433,0.0
40773,0.0,0.0,0.0,-48.70390296401456,-416.51060531660914,-1283.3441079035401,-9564.718619165942,-20120.669878274202,-24561.196387335658,-19430.832219734788,0.0,-28.144950656685978
40790,925.5000364822336,3057.5100126296747,10837.95404093992,14848.308822268387,39689.73120050342,324137.5573505815,369050.6511322707,353839.4401418902,81430.25422744686,0.0,0.0,0.0
40791,0.0,0.0,-152385.4207187593,-3846444.555730343,-11253060.945389569,-10088420.152813166,-10044878.836886346,-10508179.825490594,-2739222.461371407,-108754.84093660116,-102602.81847912073,0.0
40792,0.0,0.0,176370.15535834432,2788929.725076318,10260680.837372959,11075737.304397762,16768174.369980335,11997039.127185106,1800972.873839438,220414.55402183533,0.0,0.0
40793,0.0,0.0,0.0,0.0,0.0,0.0,0.0,0.0,0.0,0.0,0.0,0.0
40797,0.0,0.0,0.0,0.0,0.0,0.0,0.0,0.0,0.0,0.0,0.0,0.0
40798,0.0,0.0,0.0,0.0,0.0,0.0,0.0,0.0,0.0,0.0,0.0,0.0
40799,198325.46969437844,453669.5063896839,672658.7020905454,967489.372962298,566310.0875647113,0.0,0.0,0.0,0.0,0.0,0.0,0.0
40800,0.0,0.0,0.0,0.0,0.0,0.0,0.0,0.0,0.0,0.0,0.0,0.0
40801,0.0,0.0,0.0,0.0,0.0,0.0,0.0,0.0,0.0,0.0,0.0,0.0
40802,183900.50213205814,702568.1457728148,2494431.5365668535,3990612.689082861,5211518.545463249,3208536.0427052137,172573.96000704914,1929079.4438896105,2219176.505173283,2676242.9572910974,1629892.7627034523,755229.6603753567
40803,419998.370888263,1439667.6918085366,3042428.1309164762,0.0,0.0,0.0,0.0,0.0,4111025.97330888,2763126.289842099,563082.1007969473,148837.42427194118
40824,0.0,0.0,0.0,0.0,0.0,0.0,0.0,0.0,0.0,0.0,0.0,0.0
40890,0.0,0.0,0.0,0.0,0.0,0.0,0.0,0.0,0.0,0.0,0.0,0.0
40891,0.0,0.0,0.0,0.0,0.0,0.0,0.0,0.0,0.0,0.0,0.0,0.0
40894,0.0,0.0,0.0,0.0,0.0,0.0,0.0,0.0,0.0,0.0,0.0,0.0
40921,0.0,0.0,0.0,-636601.4391395189,0.0,0.0,0.0,0.0,0.0,0.0,0.0,0.0
40922,0.0,0.0,0.0,0.0,-14143.232421875,-14143.216796875,0.0,0.0,0.0,0.0,0.0,0.0
40992,0.0,0.0,0.0,0.0,0.0,0.0,0.0,0.0,0.0,0.0,0.0,0.0
41046,-907180.7330589294,-300473.9455165863,-202278.23625564575,-355881.4910392761,-5717733.239723206,-12668063.52412033,-20522413.37045288,-19004157.818389893,-10429915.488902092,-5910635.868193626,-2821611.5720176697,-689914.2888889313
41064,1760.7908332943916,1633.4583491683006,0.0,327.08625197410583,6402.8871738910675,25708.94202709198,37077.180436998606,15591.56057369709,16779.22446769476,6294.124519586563,4204.362368762493,2444.2565257251263
41065,0.0,0.0,0.0,0.0,0.0,0.0,0.0,0.0,0.0,0.0,0.0,0.0
41066,0.0,0.0,0.0,0.0,0.0,0.0,0.0,0.0,0.0,0.0,0.0,0.0
41069,0.0,0.0,0.0,0.0,0.0,0.0,0.0,0.0,0.0,0.0,0.0,0.0
41070,0.0,0.0,0.0,0.0,0.0,0.0,0.0,0.0,0.0,0.0,0.0,0.0
41071,387952.1348143285,527765.1837444576,776731.4131762013,482989.35339203104,10218.800285674632,0.0,0.0,0.0,0.0,0.0,42224.48944821628,145372.99062877754
41084,0.0,0.0,0.0,0.0,0.0,0.0,0.0,0.0,0.0,0.0,0.0,0.0
41100,0.0,38512.65069434047,108403.2235006094,187593.0295597762,212076.68944062293,224226.2561518699,0.0,-1845122.4950218648,-540471.3997649029,0.0,0.0,0.0
41101,0.0,0.0,0.0,210.12779109808616,8259.535681848414,98881.55129983369,166214.36429293267,120909.93871233705,35145.51677328232,3757.236650109291,0.0,0.0
41102,0.0,0.0,0.0,0.0,0.0,0.0,0.0,0.0,0.0,0.0,0.0,0.0
41106,0.0,0.0,0.0,0.0,0.0,166870.57065235078,342633.4205828011,88394.38657830656,254569.4016670063,334809.69144129753,14580.712324410677,0.0
41107,0.0,0.0,0.0,0.0,0.0,0.0,0.0,0.0,0.0,0.0,0.0,0.0
41108,0.0,0.0,-80.32139007677324,-509.9645535973832,0.0,0.0,0.0,0.0,0.0,0.0,0.0,0.0
41109,0.0,0.0,114179.97966944892,1183364.835707813,2935549.927274019,3137214.045414352,3149136.404976506,1112778.2264750996,0.0,0.0,0.0,0.0
41110,0.0,0.0,0.0,0.0,0.0,0.0,0.0,0.0,0.0,0.0,0.0,0.0
41111,0.0,0.0,0.0,0.0,0.0,0.0,0.0,0.0,0.0,0.0,0.0,0.0
41112,0.0,0.0,0.0,0.0,0.0,0.0,0.0,0.0,0.0,0.0,0.0,0.0
41113,0.0,0.0,0.0,0.0,0.0,0.0,0.0,0.0,0.0,0.0,0.0,0.0
41114,0.0,0.0,0.0,0.0,0.0,0.0,0.0,0.0,0.0,0.0,0.0,0.0
41115,0.0,0.0,0.0,0.0,0.0,0.0,0.0,0.0,0.0,0.0,0.0,0.0
41175,0.0,0.0,0.0,0.0,0.0,0.0,0.0,0.0,0.0,0.0,0.0,0.0
41196,0.0,0.0,0.0,0.0,0.0,0.0,0.0,0.0,15542.46712930419,12508.934240996488,7001.866575877531,2801.185998394096
41205,0.0,0.0,0.0,0.0,0.0,0.0,0.0,0.0,0.0,0.0,0.0,0.0
41206,0.0,-20.0069522857666,-37.2888298034668,-67.11520385742188,-92.86553192138672,-93.3747329711914,-63.18325424194336,-26.583724975585938,0.0,0.0,0.0,0.0
41207,0.0,0.0,0.0,0.0,0.0,0.0,0.0,0.0,0.0,0.0,0.0,0.0
41208,0.0,0.0,0.0,0.0,0.0,0.0,0.0,0.0,0.0,0.0,0.0,0.0
41209,0.0,0.0,0.0,0.0,-9825.078125,-4798.68017578125,-1140.2132568359375,0.0,0.0,0.0,0.0,0.0
41236,-11.419482231140137,-10.678997039794922,-88135.046875,0.0,-844778.2137612719,0.0,0.0,0.0,0.0,0.0,0.0,0.0
41237,-309.7607947848737,-4083.648390793707,-118323.17062656581,-218354.09132373333,-1029361.4375,-1.4467185735702515,-0.9777289628982544,0.0,0.0,0.0,0.0,0.0
41256,0.0,-769.1991629619151,-3125.383502140641,-6496.6720633767545,-32803.15234375,0.0,-216429.69214124721,0.0,0.0,0.0,0.0,0.0
41261,-14.728256225585938,-48555.64674150944,-205014.36844992638,-445634.7901792526,-12056.857594422996,-7829.371059171855,0.0,0.0,0.0,0.0,0.0,0.0
41313,0.0,0.0,0.0,0.0,0.0,0.0,0.0,0.0,0.0,0.0,0.0,0.0
41315,0.0,0.0,0.0,0.0,0.0,0.0,0.0,0.0,0.0,0.0,0.0,0.0
41376,-1088225.498469144,-523109.7405279875,0.0,-186593.02939605713,-3006234.576891899,-7560098.742477894,-11199547.09913969,-5968848.909617186,-4319733.018652797,-3022743.0401803255,-1552129.7560195923,-1153856.1760869026
41377,-3630.5987739786506,-1470.017209444195,0.0,-420.7275869399309,-6301.738859500736,-16672.326800733805,-25869.13331642747,-19887.85507249832,-11563.293291196227,-6972.337087750435,-3999.7615221738815,-3028.9504071995616
41379,0.0,0.0,0.0,0.0,0.0,0.0,0.0,0.0,0.0,0.0,0.0,0.0
41380,0.0,0.0,0.0,0.0,0.0,0.0,0.0,0.0,0.0,0.0,0.0,0.0
41381,0.0,0.0,0.0,0.0,0.0,0.0,0.0,0.0,0.0,0.0,0.0,0.0
41382,2089.432307910174,3639.070638765581,5897.7672042977065,5650.63229342876,926.4976993501186,0.0,0.0,0.0,0.0,0.0,0.0,454.9182157814503
41385,0.0,0.0,0.0,0.0,0.0,0.0,0.0,0.0,0.0,0.0,0.0,0.0
41386,0.0,0.0,0.0,0.0,0.0,0.0,0.0,0.0,0.0,0.0,0.0,0.0
41387,191753.51649403572,264949.2670082748,380365.3322649598,230065.45584967732,20032.313800364733,0.0,-387077.07447242737,-965727.9396044612,-943904.2307355404,-614143.6945870221,-352021.3438510597,91652.77703109384
41399,0.0,0.0,0.0,-6.740777723025531,-59.94246890908107,-168.44685112684965,12284.313382915221,21913.291689366102,35983.24914158881,29325.144671842456,18732.11581414379,2684.463758017868
41401,0.0,0.0,0.0,0.0,0.0,0.0,0.0,0.0,0.0,0.0,0.0,0.0
41404,0.0,0.0,0.0,0.0,0.0,0.0,-28586.15098277107,0.0,-26729.643452147022,0.0,-4707.600484159309,0.0
41414,41784.668973067775,126557.21185929701,262856.7785409093,347536.0140809845,339722.1347868182,115045.33960332721,0.0,-213597.22823298536,-918187.2406646376,-992992.6963369213,-939193.1912212074,-236415.02624300122
41415,0.0,0.0,0.0,0.0,0.0,0.0,0.0,0.0,0.0,0.0,0.0,0.0
41416,0.0,0.0,0.0,0.0,0.0,-510693.6276371777,-5868417.504569501,-2520343.5134117007,-2602838.3002807945,-5396544.398761481,-226390.7229488343,0.0
41421,19893.330328335986,0.0,0.0,0.0,0.0,666.0218894502032,31276.51089374395,39806.978726855945,24961.699965274427,83471.29348478885,20616.680096972035,4486.771012068493
41422,0.0,0.0,0.0,0.0,0.0,0.0,0.0,0.0,0.0,0.0,0.0,0.0
41423,0.0,0.0,0.0,0.0,0.0,0.0,0.0,0.0,0.0,0.0,0.0,0.0
41424,0.0,0.0,0.0,0.0,0.0,0.0,0.0,0.0,0.0,0.0,0.0,0.0
41425,0.0,0.0,0.0,0.0,0.0,0.0,0.0,0.0,0.0,0.0,0.0,0.0
41426,0.0,0.0,0.0,0.0,0.0,0.0,0.0,0.0,0.0,0.0,0.0,0.0
41427,0.0,0.0,0.0,0.0,0.0,0.0,0.0,0.0,0.0,0.0,0.0,0.0
41437,0.0,0.0,0.0,0.0,0.0,0.0,0.0,0.0,0.0,0.0,0.0,0.0
41465,0.0,0.0,0.0,0.0,0.0,0.0,0.0,0.0,0.0,0.0,0.0,0.0
41483,8265.892781622708,21352.20739005925,73070.48798915045,112445.87276204489,130957.59198574768,99058.95010989299,-501.6336303357966,27354.664403691655,69233.26279766113,80073.06959899655,47715.8906349428,29706.30067794025
41520,0.0,0.0,0.0,0.0,0.0,0.0,0.0,0.0,0.0,0.0,0.0,0.0
41521,0.0,0.0,0.0,0.0,0.0,0.0,0.0,0.0,0.0,0.0,0.0,0.0
41523,0.0,0.0,0.0,0.0,0.0,0.0,0.0,0.0,0.0,0.0,0.0,0.0
41550,34246.53514791746,130004.38045429438,292069.78629313037,250630.9179956168,930681.3011374958,45402.553635537624,0.0,0.0,0.0,0.0,0.0,0.0
41553,0.0,0.0,0.0,0.0,0.0,0.0,0.0,0.0,0.0,0.0,0.0,0.0
41554,0.0,0.0,0.0,0.0,0.0,0.0,0.0,0.0,0.0,0.0,0.0,0.0
41691,-47904.21535182372,-22539.199658602476,0.0,-52794.682861059904,-567210.4795603007,-390547.1934854984,-607822.9804145917,-177503.6912112236,-245266.0003785491,-436599.3490087986,-201680.76571696997,-88513.19850024581
41692,0.0,0.0,0.0,0.0,0.0,0.0,0.0,0.0,0.0,0.0,0.0,0.0
41693,0.0,0.0,0.0,0.0,0.0,0.0,0.0,0.0,0.0,0.0,0.0,0.0
41697,0.0,0.0,0.0,0.0,0.0,0.0,0.0,0.0,0.0,0.0,0.0,0.0
41698,0.0,0.0,0.0,0.0,0.0,0.0,0.0,0.0,0.0,0.0,0.0,0.0
41699,51088.92981930822,9962.669789336622,0.0,0.0,0.0,0.0,0.0,0.0,0.0,0.0,0.0,0.0
41713,0.0,0.0,0.0,0.0,0.0,0.0,0.0,0.0,0.0,0.0,0.0,0.0
41724,0.0,0.0,0.0,0.0,0.0,0.0,0.0,0.0,0.0,0.0,0.0,0.0
41725,0.0,0.0,0.0,0.0,0.0,0.0,0.0,0.0,0.0,0.0,0.0,0.0
41726,0.0,0.0,0.0,0.0,0.0,0.0,0.0,0.0,0.0,0.0,0.0,0.0
41731,0.0,0.0,0.0,0.0,0.0,126031.71407639608,328689.73710448295,-534041.6832359182,92476.68026022892,196844.80507794768,0.0,0.0
41732,0.0,0.0,0.0,0.0,0.0,0.0,0.0,0.0,0.0,0.0,0.0,0.0
41801,0.0,0.0,0.0,0.0,0.0,0.0,0.0,0.0,0.0,0.0,0.0,0.0
41815,0.0,22050.166536341545,92283.81882747593,218268.06355230298,273225.73180392606,263029.32213128766,119628.14377809185,32908.77347670843,54052.26187939453,47179.87870715696,27287.35221645501,13605.076518063153
41826,0.0,0.0,0.0,0.0,0.0,0.0,0.0,0.0,0.0,0.0,0.0,0.0
41827,0.0,0.0,0.0,0.0,0.0,0.0,0.0,0.0,0.0,0.0,0.0,0.0
41854,74810.00504217297,493073.45867142826,1229205.475994125,278161.9988053143,234926.88255640864,181652.61292251945,0.0,0.0,0.0,0.0,0.0,2861.2516382932663
41855,0.0,0.0,0.0,0.0,0.0,0.0,0.0,0.0,0.0,0.0,0.0,0.0
41856,0.0,0.0,0.0,0.0,0.0,0.0,0.0,0.0,0.0,0.0,0.0,0.0
41862,0.0,379.6839542668313,-337011.9515751451,-644499.3144655228,-369123.22406006604,0.0,0.0,0.0,0.0,0.0,0.0,0.0
41863,21604.952330484055,65843.54300526623,100911.87302484363,82207.00406095386,32469.556776021607,-6178.226092172321,0.0,-5.907982349395752,-5.907949924468994,0.0,0.0,5694.763487160206
41864,-256339.72043211292,-894923.2960072095,-1320754.098210968,-1205540.045668751,-447904.75,0.0,-6.331770896911621,-8.442280769348145,-7.914670944213867,0.0,0.0,-37513.719543874264
41868,6525.822167575359,46927.94182699919,102929.63037741184,128856.92717981339,-58254.38954650983,-514553.5579462573,39904.19675946981,16339.870363112539,0.0,0.0,0.0,601.4439692497253
41991,-1111.9163622260094,-520.3791973143816,0.0,-168.68114426732063,-3009.5853585526347,-4505.9522719830275,-8657.532555878162,-3781.95935434103,-3652.326452165842,-3413.3038431555033,-1790.7502952963114,-975.6570065766573
41992,-1927.494634934701,0.0,0.0,-203.68804191611707,-5274.898076270707,-8537.366069247015,-16565.227422263473,-7921.81113800779,-3388.1249767215922,-5959.713642813265,-2795.532009990886,-1791.409315759316
41994,0.0,0.0,0.0,0.0,0.0,0.0,0.0,0.0,0.0,0.0,0.0,0.0
41995,0.0,0.0,0.0,0.0,0.0,0.0,0.0,0.0,0.0,0.0,0.0,0.0
41998,0.0,0.0,0.0,0.0,0.0,0.0,0.0,0.0,0.0,0.0,0.0,0.0
41999,76726.97222945094,99818.44393779337,113271.24610866606,15797.125860795379,42322.77021872997,0.0,0.0,279.8736180961132,0.0,0.0,28215.761310003698,50723.27074055374
42000,0.0,0.0,0.0,0.0,0.0,0.0,0.0,0.0,0.0,20547.427468279377,0.0,5244.915602738969
42009,0.0,0.0,0.0,0.0,0.0,0.0,0.0,0.0,0.0,0.0,0.0,0.0
42011,148.9421834871173,0.0,0.0,-126.89580856263638,-1327.3429640438408,-3202.001129090786,-48655.56274789572,-83703.77246648073,-110429.51846390963,-93529.36654711515,-56145.313696846366,-4510.7411227710545
42024,116223.59884404764,20632.27299658209,0.0,0.0,0.0,0.0,0.0,0.0,10146.694629999809,0.0,0.0,18575.17040968407
42025,0.0,0.0,0.0,0.0,0.0,-424803.6013988573,-3536120.4350332245,-1428732.1581959073,-1524753.0983598083,-3532290.996715702,-99571.40706099197,0.0
42026,0.0,0.0,0.0,0.0,0.0,-843983.7969992459,-3323860.367650792,-1788781.8067469895,-1265724.9052442312,-3439366.5657221377,-165092.08615654707,0.0
42029,0.0,0.0,0.0,0.0,0.0,-885250.1126205176,-1600261.767982673,-102999.1875,-341846.8695164956,-1935052.7805313691,-300892.8944119811,-5448.023232989013
42030,0.0,0.0,0.0,0.0,0.0,0.0,0.0,0.0,0.0,0.0,0.0,0.0
42031,0.0,0.0,0.0,0.0,0.0,0.0,0.0,0.0,0.0,0.0,0.0,0.0
42032,0.0,0.0,0.0,0.0,0.0,0.0,0.0,0.0,0.0,0.0,0.0,0.0
42033,0.0,0.0,0.0,0.0,0.0,0.0,0.0,0.0,0.0,0.0,0.0,0.0
42034,0.0,0.0,0.0,0.0,0.0,0.0,0.0,0.0,0.0,0.0,0.0,0.0
42045,0.0,0.0,0.0,0.0,0.0,0.0,0.0,0.0,0.0,0.0,0.0,0.0
42061,0.0,29945.793988764286,126402.00431519747,264364.46321344376,380275.4677954912,310543.1751254797,54697.769361555576,0.0,0.0,0.0,0.0,0.0
42105,0.0,0.0,0.0,0.0,0.0,0.0,0.0,0.0,0.0,0.0,0.0,0.0
42129,0.0,0.0,0.0,0.0,0.0,0.0,0.0,0.0,0.0,0.0,0.0,0.0
42130,0.0,0.0,0.0,0.0,0.0,0.0,0.0,0.0,0.0,0.0,0.0,0.0
42131,0.0,0.0,0.0,0.0,0.0,0.0,0.0,0.0,0.0,0.0,0.0,0.0
42158,68084.86480233073,176973.86175200436,263871.1468072962,278143.2281291187,195352.97069953382,0.0,0.0,0.0,0.0,0.0,0.0,5536.643231332302
42160,0.0,-6.302079200744629,0.0,0.0,-6.752346038818359,-6.752228736877441,0.0,0.0,0.0,0.0,0.0,0.0
42161,0.0,0.0,0.0,0.0,-9035.4853515625,-8.28096866607666,0.0,0.0,0.0,0.0,0.0,0.0
42162,0.0,0.0,0.0,0.0,0.0,0.0,0.0,0.0,0.0,0.0,0.0,0.0
42163,0.0,0.0,0.0,0.0,0.0,0.0,0.0,0.0,0.0,0.0,0.0,0.0
42164,0.0,0.0,-29859.076025404036,-37012.33914321661,0.0,0.0,0.0,0.0,0.0,0.0,0.0,0.0
42165,0.0,0.0,0.0,0.0,0.0,0.0,0.0,0.0,0.0,0.0,0.0,0.0
42166,0.0,0.0,0.0,0.0,0.0,0.0,0.0,0.0,0.0,0.0,0.0,0.0
42167,0.0,0.0,0.0,0.0,0.0,0.0,0.0,0.0,0.0,0.0,0.0,0.0
42203,0.0,0.0,0.0,0.0,0.0,0.0,-952605.625,0.0,0.0,0.0,0.0,0.0
42292,-433903.26109844446,-181207.3328795135,-49.38197302818298,-18821.36408317089,-612912.1303024888,-1137345.953751564,-2564296.572953522,-1260352.422453165,-1048260.0401731133,-785279.7983751297,-463583.74765121937,-210514.0660701394
42293,-713.8012660583481,0.0,0.0,-84.67725521698594,-2373.325476590544,-2628.6784383952618,-6083.821021810174,-2854.284889370203,-1775.1518337046728,-2171.992131226696,-1153.2997698094696,-600.0533421039581
42295,0.0,0.0,0.0,0.0,0.0,0.0,0.0,0.0,0.0,0.0,0.0,0.0
42296,21.38269966284861,0.0,0.0,0.0,0.0,0.0,0.0,137.51109177811304,312.15361309051514,427.00078606326133,309.9990931022912,159.17202532384545
42297,0.0,0.0,0.0,0.0,0.0,0.0,0.0,0.0,0.0,0.0,0.0,0.0
42299,0.0,0.0,0.0,0.0,0.0,0.0,0.0,0.0,0.0,0.0,0.0,0.0
42300,6841.612746655941,0.0,0.0,0.0,0.0,0.0,0.0,72.89975343830884,13664.746982201934,16033.090835303068,0.0,0.0
42313,0.0,0.0,0.0,0.0,0.0,0.0,0.0,0.0,0.0,0.0,-5271.749915627763,0.0
42315,0.0,0.0,0.0,0.0,0.0,0.0,0.0,0.0,0.0,0.0,0.0,0.0
42324,6523.776468756609,0.0,0.0,0.0,3338.6206109314226,0.0,0.0,0.0,176254.89608511887,68447.00520893838,10670.39715641411,1558.4464512271807
42325,0.0,0.0,0.0,0.0,0.0,19794.77498846315,133638.8054734785,76087.58620315418,23570.684212701395,79604.03859592881,0.0,0.0
42328,0.0,0.0,0.0,0.0,0.0,21899.27063561231,42855.8817630969,47439.86559041962,4451.240328706801,20911.953973349184,0.0,0.0
42329,0.0,0.0,0.0,0.0,0.0,0.0,0.0,0.0,0.0,0.0,0.0,0.0
42330,0.0,0.0,0.0,0.0,0.0,0.0,0.0,0.0,0.0,0.0,0.0,0.0
42358,0.0,0.0,0.0,0.0,0.0,0.0,0.0,0.0,0.0,0.0,0.0,0.0
42360,0.0,0.0,0.0,0.0,0.0,0.0,0.0,0.0,0.0,0.0,0.0,0.0
42388,0.0,0.0,0.0,0.0,0.0,0.0,0.0,0.0,0.0,-3877.9412209047005,-2441.321694523096,-1512.2862808210775
42390,0.0,0.0,0.0,0.0,0.0,0.0,0.0,0.0,0.0,0.0,0.0,0.0
42427,0.0,0.0,0.0,0.0,0.0,0.0,0.0,0.0,0.0,0.0,0.0,0.0
42428,0.0,0.0,0.0,0.0,0.0,0.0,0.0,0.0,0.0,0.0,0.0,0.0
42429,0.0,0.0,0.0,0.0,0.0,0.0,0.0,0.0,0.0,0.0,0.0,0.0
42456,-23191.562810079195,-77166.59935689718,-124358.99579544272,-148859.2142672008,-153657.82975816727,0.0,0.0,0.0,0.0,0.0,0.0,0.0
42457,-43723.858116693795,-88880.72954915278,-132483.32419071533,-110566.92161355168,-39074.364965729415,0.0,0.0,0.0,0.0,0.0,0.0,-3983.6800897195935
42458,0.0,0.0,0.0,0.0,0.0,0.0,0.0,0.0,0.0,0.0,0.0,0.0
42459,40171.25424750522,231808.36326350435,310031.5018064976,321300.1818692498,209428.99515592167,0.0,0.0,0.0,0.0,0.0,0.0,18508.51987667568
42460,0.0,0.0,0.0,0.0,0.0,0.0,0.0,0.0,0.0,0.0,0.0,0.0
42475,0.0,0.0,0.0,0.0,0.0,0.0,0.0,0.0,0.0,0.0,0.0,0.0
42585,-2055411.2458230257,-186759.43324577808,-99701.82021713257,-697845.7532892227,-13816520.876692295,-9947240.830171585,-16944981.530633926,-11468779.452166557,-12915698.897490025,-14649477.07616651,-6463451.975074053,-2708320.7753481865
42587,665.7959531713277,13226.838738786057,22721.892854723148,18908.78277420625,49526.28323569801,15445.672115713358,55858.32794234436,64145.14367660135,52754.4824466072,21401.455796872266,4744.8723218832165,538.1117613874376
42588,0.0,0.0,0.0,0.0,0.0,0.0,0.0,0.0,0.0,0.0,0.0,0.0
42590,0.0,0.0,0.0,0.0,0.0,0.0,0.0,0.0,0.0,0.0,0.0,0.0
42591,-160492.22346642613,0.0,0.0,0.0,0.0,0.0,-1090.3449317216873,-23378.750954128802,-589861.9389459789,-603651.0401029587,-1030898.9905185848,-565750.4869665504
42604,41334.89308723807,0.0,0.0,862.8483394682407,8754.056223124266,62462.56236308813,40457.3243123889,-809683.010762155,342034.57192873955,528504.9277932048,-1272057.666536808,185601.9117000699
42615,1232426.1721086502,502162.93310034275,-922005.765771836,-2363701.2325505614,-4175595.174041271,-3089851.2133024335,-1326673.3795868456,-1577532.6461183429,-1068366.286101073,1741238.5645457506,1045083.148554787,241160.9435698092
42616,0.0,0.0,0.0,0.0,0.0,0.0,0.0,0.0,0.0,0.0,0.0,0.0
42617,0.0,0.0,0.0,0.0,0.0,83143.15171456523,287842.13788371533,157231.2761370167,50462.72136504948,162420.11571298353,0.0,0.0
42619,0.0,0.0,0.0,0.0,-4619.99148106575,15773.2237659432,53517.05569757894,-521976.4958418552,39737.975058838725,259269.02589717135,69983.08730080724,1350.7930010408163
42620,0.0,0.0,0.0,0.0,0.0,0.0,0.0,0.0,0.0,0.0,0.0,0.0
42621,0.0,0.0,0.0,0.0,0.0,0.0,0.0,0.0,0.0,0.0,0.0,0.0
42720,0.0,0.0,0.0,0.0,0.0,0.0,0.0,0.0,0.0,0.0,0.0,0.0
42721,168787.92109868675,495587.64057781175,959999.2535901777,1243025.801679965,1046250.2529174797,143684.56861477718,0.0,0.0,0.0,0.0,0.0,0.0
42748,115921.0207710265,335251.47616011463,524995.7879869177,609085.8973863032,627404.4338643961,0.0,0.0,0.0,0.0,0.0,0.0,0.0
42749,0.0,0.0,0.0,-14403.546246597893,0.0,0.0,0.0,0.0,0.0,0.0,0.0,0.0
42750,0.0,0.0,0.0,231473.92310394254,228646.44593177084,0.0,0.0,0.0,0.0,0.0,0.0,0.0
42751,0.0,0.0,0.0,0.0,0.0,0.0,0.0,0.0,0.0,0.0,0.0,0.0
42752,3776201.135826856,12003314.718928367,19567366.10743685,20324197.565753236,16498721.129923698,0.0,0.0,0.0,0.0,0.0,0.0,563045.0602178723
42753,159077.38521064818,996832.4030591976,1484372.3705328703,1720278.2202216089,1852531.7088883794,0.0,0.0,0.0,0.0,0.0,0.0,0.0
42754,0.0,0.0,0.0,0.0,0.0,0.0,0.0,0.0,0.0,0.0,0.0,0.0
42755,0.0,0.0,0.0,0.0,0.0,0.0,0.0,0.0,0.0,0.0,0.0,0.0
42756,0.0,0.0,0.0,0.0,0.0,0.0,0.0,0.0,0.0,0.0,0.0,0.0
42772,0.0,0.0,0.0,0.0,0.0,0.0,0.0,0.0,0.0,0.0,0.0,0.0
42879,-1633.936404663138,-138.82281543500721,0.0,-48.62413017684594,-3540.4013671875,-5702.586150527,-9030.797482177615,-8347.221455045044,-3578.4705734848976,-3403.870735497214,-2048.569601527415,-819.4738604379818
42880,13573.993303120136,0.0,0.0,0.0,0.0,533.1396943720756,6223.650532001397,97552.47899509966,172934.7853678465,171203.23052167892,173282.01925296336,99214.12938253582
42883,0.0,0.0,0.0,0.0,0.0,0.0,0.0,0.0,0.0,0.0,0.0,0.0
42884,619.041080981493,0.0,0.0,0.0,0.0,0.0,0.0,572.7673239707947,19075.998143732548,12807.312403947115,23729.327131204307,8399.794525429606
42885,2474.4018191173673,0.0,0.0,0.0,0.0,0.0,0.0,0.0,780.5176573619246,2752.2520286366343,0.0,0.0
42895,-75506.41144308448,0.0,0.0,-2124.0876955995336,-36731.90500024147,-127021.74966155738,-308097.81584178517,0.0,-2378467.867142856,-2853644.700372833,-493262.8125,-994253.6693628784
42896,-292.0016179122031,0.0,0.0,0.0,-16.544784611091018,-319.6958203241229,-5730.261134225875,-486699.4389313981,-11268.639382123947,-15566.484457969666,-6954.489465288818,-2858.641182795167
42906,0.0,0.0,0.0,0.0,8.543840418569744,0.0,0.0,0.0,0.0,0.0,0.0,0.0
42907,0.0,0.0,0.0,0.0,0.0,0.0,0.0,0.0,0.0,0.0,0.0,0.0
42908,0.0,0.0,0.0,0.0,0.0,0.0,0.0,0.0,0.0,0.0,0.0,0.0
42909,0.0,0.0,0.0,0.0,0.0,13332.323139132815,40774.69618976605,29933.996255633887,8168.017395862611,15524.796884998446,0.0,0.0
42910,0.0,0.0,0.0,0.0,0.0,8333.691918216413,28219.003438448533,20767.856081381906,7240.745137887541,8295.033496948425,0.0,0.0
42911,0.0,0.0,0.0,0.0,0.0,0.0,0.0,0.0,0.0,0.0,0.0,0.0
42912,0.0,0.0,0.0,0.0,0.0,0.0,0.0,0.0,0.0,0.0,0.0,0.0
42913,0.0,0.0,0.0,0.0,0.0,0.0,0.0,0.0,0.0,0.0,0.0,0.0
42914,0.0,0.0,0.0,0.0,0.0,0.0,0.0,0.0,0.0,0.0,0.0,0.0
42933,0.0,0.0,0.0,0.0,0.0,0.0,0.0,0.0,0.0,0.0,0.0,0.0
43002,21900.15376393785,55108.34657883322,186577.2858816318,252181.983266272,251889.34119048616,150107.13371660488,-15329.988891272325,35790.5610788294,145494.4032136998,156844.0694717171,81767.64999873756,53463.496344954474
43005,0.0,0.0,0.0,0.0,0.0,0.0,0.0,0.0,0.0,0.0,0.0,0.0
43013,0.0,0.0,0.0,0.0,0.0,0.0,0.0,0.0,0.0,0.0,0.0,0.0
43014,0.0,0.0,0.0,0.0,0.0,0.0,0.0,0.0,0.0,0.0,0.0,0.0
43040,-2268.4144259332097,-4661.33251953125,-4142.50634765625,0.0,-14299.067881363444,0.0,0.0,0.0,0.0,0.0,0.0,0.0
43041,-0.023997141048312187,0.0,0.0,0.0,-680975.9250589348,0.0,0.0,0.0,0.0,0.0,0.0,0.0
43043,0.0,0.0,0.0,0.0,0.0,0.0,0.0,0.0,0.0,0.0,0.0,0.0
43044,344530.54338642675,723425.7963556815,1006354.9186635455,843041.9328560904,178014.77283313684,0.0,0.0,0.0,0.0,0.0,0.0,82213.33940000366
43046,339778.6385620758,1513596.2805512175,2892903.883520931,3447711.513826579,3878943.2270851443,360117.6086970768,0.0,0.0,0.0,0.0,0.0,0.0
43047,0.0,0.0,0.0,0.0,0.0,0.0,0.0,0.0,0.0,0.0,0.0,0.0
43048,0.0,0.0,0.0,0.0,0.0,0.0,0.0,0.0,0.0,0.0,0.0,0.0
43049,0.0,0.0,0.0,0.0,0.0,0.0,0.0,0.0,0.0,0.0,0.0,0.0
43050,0.0,0.0,0.0,0.0,0.0,0.0,0.0,0.0,0.0,0.0,0.0,0.0
43051,-8310.291282080114,-55229.8726991741,-82553.68975488655,-87890.38711486908,-35945.982850995264,0.0,0.0,0.0,0.0,0.0,0.0,-2030.3738359911367
43052,-63971.61719274521,-358723.1130823791,-523189.9418872893,-506857.1213387251,-106423.06553925946,0.0,0.0,0.0,0.0,0.0,0.0,-43783.359681129456
43053,0.0,0.0,0.0,0.0,0.0,0.0,0.0,0.0,0.0,0.0,0.0,0.0
43054,0.0,0.0,0.0,0.0,0.0,0.0,0.0,0.0,0.0,0.0,0.0,0.0
43055,0.0,0.0,0.0,0.0,0.0,0.0,0.0,0.0,0.0,0.0,0.0,0.0
43056,0.0,0.0,0.0,0.0,0.0,0.0,0.0,0.0,0.0,0.0,0.0,0.0
43057,0.0,0.0,0.0,0.0,0.0,0.0,0.0,0.0,0.0,0.0,0.0,0.0
43058,0.0,0.0,0.0,0.0,0.0,0.0,0.0,0.0,0.0,0.0,0.0,0.0
43059,0.0,0.0,0.0,0.0,0.0,0.0,0.0,0.0,0.0,0.0,0.0,0.0
43060,0.0,0.0,0.0,0.0,0.0,0.0,0.0,0.0,0.0,0.0,0.0,0.0
43061,0.0,0.0,0.0,0.0,0.0,0.0,0.0,0.0,0.0,0.0,0.0,0.0
43062,0.0,0.0,0.0,0.0,0.0,0.0,0.0,0.0,0.0,0.0,0.0,0.0
43167,-932198.5007945746,0.0,0.0,-88810.00929089263,-969965.25,-2562423.5794263333,-5028178.090480462,-3500480.483890593,-1806355.9358340316,-734826.9375,-1262309.125,-655448.5264695268
43168,2195.0038342662156,474.7727020410821,0.0,134.67646484728903,0.0,6033.256386157125,10634.901286076754,9170.060690507293,5339.879310879856,5276.214944232255,3251.289387648925,1281.4541043881327
43169,1642.2375686096493,1089.360942471074,20.555233746301383,0.0,-1133.3294282578863,2180.4197437278926,8655.304777438752,6982.26636518538,5809.001066070516,2599.0795156247914,445.1252126256004,935.4346426911652
43170,19426.322579801083,1700.4701241403818,145.5932486653328,5186.080555021763,123570.8906168975,112850.47307828069,332146.70187176764,221028.3331423998,126512.88063839078,3773.8284606933594,36945.420207738876,21986.005958989263
43171,-439.5174515247345,0.0,0.0,0.0,-226.66773003712296,-1622.185595139861,-9270.975021936,-8132.129523053765,-4793.459565900266,-96.89143943786621,-218.29664027690887,-222.1989315599203
43172,0.0,0.0,0.0,0.0,0.0,0.0,0.0,0.0,0.0,0.0,0.0,0.0
43173,38683.030731379986,3554.6343735859264,0.0,0.0,0.0,318.87784509628545,3517.6602080751327,4337.221409281541,32294.691392362118,54017.928119659424,67833.49751557596,47710.08948864695
43175,0.0,0.0,0.0,0.0,0.0,0.0,0.0,0.0,0.0,0.0,0.0,0.0
43176,0.0,0.0,0.0,0.0,0.0,0.0,0.0,0.0,0.0,0.0,-18610.2398253493,0.0
43177,319.2500491812825,0.0,0.0,0.0,0.0,0.0,-4194.338385865092,-807.0617770776153,14742.43275488913,18769.06194715947,53786.85058578104,15984.445506207645
43183,0.0,0.0,0.0,0.0,0.0,0.0,0.0,0.0,-3885.402425080538,0.0,0.0,-1192.7156237307936
43190,0.0,0.0,0.0,0.0,0.0,0.0,0.0,0.0,0.0,0.0,0.0,0.0
43191,0.0,0.0,0.0,-1033.7338688550517,-3001.0495498999953,-3038.7944434750825,-1935.5542080942541,-1887.8310029804707,2858.4604065418243,259.4785136245191,-2016.387710204348,0.0
43197,7665.884780570865,33.069108203053474,0.0,39.6881984770298,695.2564045637846,1596.1447138041258,2282.139591883868,9890.729658558965,4800.764005303383,23523.5290171206,27282.177870191634,6659.057182826102
43198,0.0,0.0,0.0,0.0,0.0,0.0,0.0,0.0,0.0,0.0,0.0,0.0
43199,0.0,0.0,0.0,0.0,0.0,0.0,0.0,0.0,0.0,0.0,0.0,0.0
43200,0.0,0.0,0.0,0.0,0.0,0.0,0.0,0.0,0.0,0.0,0.0,0.0
43202,0.0,0.0,0.0,0.0,0.0,0.0,0.0,0.0,0.0,0.0,0.0,0.0
43226,0.0,0.0,0.0,0.0,0.0,0.0,0.0,0.0,0.0,0.0,0.0,0.0
43302,0.0,0.0,0.0,0.0,0.0,0.0,0.0,0.0,0.0,0.0,0.0,0.0
43303,0.0,0.0,0.0,0.0,0.0,0.0,0.0,0.0,0.0,0.0,0.0,0.0
43330,-2851.781494140625,-1412.9111328125,-629.3623046875,0.0,0.0,0.0,0.0,0.0,0.0,0.0,0.0,0.0
43331,-249.75570678710938,-52.472999572753906,-0.10088615119457245,0.0,0.0,0.0,0.0,0.0,0.0,0.0,0.0,0.0
43332,0.0,0.0,0.0,0.0,0.0,0.0,0.0,0.0,0.0,0.0,0.0,0.0
43333,1564454.1352805134,5834634.057979672,9514818.688028876,10811539.072109662,10680094.944761854,0.0,0.0,0.0,0.0,0.0,0.0,0.0
43337,417872.07609817386,1503391.275417447,2551714.6071137376,3068442.9804295152,3003447.4937680736,0.0,0.0,0.0,0.0,0.0,0.0,0.0
43338,0.0,0.0,0.0,0.0,0.0,0.0,0.0,0.0,0.0,0.0,0.0,0.0
43339,0.0,0.0,0.0,0.0,0.0,0.0,0.0,0.0,0.0,0.0,0.0,0.0
43441,-165065.5622912012,0.0,-12903.68727812916,-226406.609375,0.0,-1018851.524003461,-2173071.0826110244,-727288.0518882424,-955856.3497501984,0.0,-1300.962890625,-311888.3663868718
43442,-1374729.0499973726,-199087.31418877468,0.0,-741492.9652795494,-5334545.4005241655,-2717419.9508083463,-7051595.07090193,-4185352.4289251566,-2691618.8937922865,-6250556.611929098,-3348245.400913031,-1056060.2392298132
43443,388.046775967814,197.89606011472642,82.91607113555074,84.06839714385569,1449.5736864767969,1012.2218368984759,2483.290517129004,1364.977416485548,1229.9200764950365,565.268713876605,608.3164275186136,401.8518620412797
43445,-772.1167525053024,0.0,0.0,-657.4946344941854,-31080.39795304835,-16632.10735656321,-41881.26609814167,-36045.11712111533,-1910.4709686040878,0.0,-3292.1669751405716,-1399.4900479912758
43446,0.0,0.0,0.0,0.0,0.0,0.0,0.0,0.0,0.0,0.0,0.0,0.0
43447,0.0,0.0,0.0,0.0,0.0,0.0,0.0,0.0,0.0,0.0,0.0,0.0
43448,0.0,0.0,0.0,0.0,0.0,0.0,0.0,0.0,0.0,0.0,0.0,0.0
43449,0.0,0.0,0.0,0.0,0.0,0.0,0.0,0.0,0.0,0.0,0.0,0.0
43450,1736.785910873441,0.0,0.0,0.0,44.13303221773822,446.1239632014185,1001.3048508805805,6186.6574974092655,11805.217886574566,18108.87253363058,19141.02346924506,8001.067512360401
43451,0.0,0.0,0.0,0.0,0.0,0.0,0.0,0.0,0.0,0.0,0.0,0.0
43452,172.22568690776825,0.0,0.0,0.0,0.0,0.0,0.0,0.0,0.0,0.0,0.0,0.0
43471,0.0,0.0,0.0,0.0,0.0,0.0,0.0,0.0,0.0,0.0,0.0,0.0
43472,0.0,0.0,0.0,0.0,0.0,0.0,0.0,0.0,0.0,0.0,0.0,0.0
43473,0.0,0.0,0.0,0.0,0.0,0.0,0.0,0.0,0.0,0.0,0.0,0.0
43474,0.0,0.0,0.0,0.0,0.0,0.0,0.0,0.0,0.0,0.0,0.0,0.0
43476,0.0,0.0,0.0,0.0,0.0,0.0,0.0,0.0,0.0,0.0,0.0,0.0
43477,0.0,0.0,0.0,0.0,0.0,0.0,0.0,0.0,0.0,0.0,0.0,0.0
43578,0.0,0.0,0.0,0.0,0.0,0.0,0.0,0.0,0.0,0.0,0.0,0.0
43579,0.0,0.0,0.0,0.0,0.0,0.0,0.0,0.0,0.0,0.0,0.0,0.0
43580,0.0,0.0,0.0,0.0,0.0,0.0,0.0,0.0,0.0,0.0,0.0,0.0
43581,0.0,0.0,0.0,0.0,0.0,0.0,0.0,0.0,0.0,0.0,0.0,0.0
43582,0.0,0.0,0.0,0.0,0.0,0.0,0.0,0.0,0.0,0.0,0.0,0.0
43586,0.0,0.0,0.0,0.0,0.0,0.0,0.0,0.0,0.0,0.0,0.0,0.0
43608,0.0,0.0,0.0,0.0,0.0,0.0,0.0,0.0,0.0,0.0,0.0,0.0
43609,1241643.386920154,3381708.415486723,5308085.769839644,6090994.300177783,5027111.922394395,576320.8394248486,0.0,0.0,-755969.4375,-16101.37646484375,121520.59367546439,223355.89966279268
43611,5391825.390301626,16706620.854118444,26214680.78572463,30430259.117300045,28644318.512823336,0.0,0.0,0.0,0.0,0.0,0.0,0.0
43612,1612120.1816260072,4868161.87855842,7674151.987364591,9012504.364086673,8518321.244717322,0.0,0.0,0.0,0.0,0.0,0.0,0.0
43613,3618238.7592927916,10665744.85719568,16743584.762239292,19458217.358403377,18014307.58825931,0.0,0.0,0.0,0.0,0.0,0.0,0.0
43614,5919272.380138341,21199447.984345414,33298399.416103274,37880944.1357528,36773865.54068354,0.0,0.0,0.0,0.0,0.0,0.0,0.0
43615,8084718.829859587,30325736.557896122,48519473.284530535,56431180.5077921,54537038.51484075,0.0,0.0,0.0,0.0,0.0,0.0,0.0
43619,104913.90935054421,415354.3265559189,630735.6266941503,725102.3765205964,735610.5433374238,0.0,0.0,0.0,0.0,0.0,0.0,0.0
43620,16792.547472402453,55287.6476813443,94128.72388685495,101501.40762963891,102263.73945260118,0.0,0.0,0.0,0.0,0.0,0.0,0.0
43621,0.0,0.0,0.0,0.0,0.0,0.0,0.0,0.0,0.0,0.0,0.0,0.0
43666,-22168761.71968174,-26846457.90450573,-16069619.62127304,-401188.1477241516,-34922367.88428116,-97895641.17865753,-127729552.3802185,-86110048.50357056,-96115781.41059875,-30552565.17741394,-14453994.543926239,-18000258.112215042
43723,-846314.8835868984,672.8529879897833,496.3921340405941,-53847.01645678282,-3126693.2707497776,-1670556.164655447,-3927025.570286274,-3278504.490289569,-941212.4387185872,-2718213.63260743,-1586413.4500479102,-728251.2107540071
43724,5164.742951923981,6595.3278815336525,4069.938558812253,1034.3788241019938,865.9462031087605,6802.361275511794,11099.789114248939,8529.309622347355,12175.62320304662,195.53895658708643,519.8180627799593,1482.7507513337769
43725,-5029.452544733882,-3802.684522077441,-726.3385213911533,-233.1070745587349,-7623.320818901062,-5990.521289527416,-15274.419921129942,-6091.727704048157,-12573.763933330774,-4339.678492307663,-5694.707462280989,-5262.108901008964
43727,-52.117667987942696,0.0,-8.119355946779251,0.0,-68.76337062940001,-319.3390464782715,-4028.4588945508003,-5770.897819191217,-3714.4556392133236,0.0,-72.35306040942669,-320.4545008838177
43728,0.0,0.0,0.0,0.0,0.0,0.0,0.0,0.0,0.0,0.0,0.0,0.0
43729,19.645987452939153,0.0,47.760252768639475,589.1639488190413,3151.6387467784807,2715.053875479847,3174.407673061127,399.62215074151754,1045.979271649383,316.88334418833256,419.18978476617485,387.8319341465831
43730,0.0,0.0,0.0,0.0,0.0,0.0,0.0,0.0,0.0,0.0,0.0,0.0
43731,35.204833176219836,0.0,0.0,0.0,3.187569418711064,32.68649022310274,76.98344276513672,653.2702813437209,804.4325862079859,1015.4409148693085,1142.370933527127,646.9138506785966
43732,0.0,0.0,0.0,0.0,0.0,0.0,0.0,0.0,-3160.5955895483494,-3797.245640218258,-6118.232298629358,0.0
43734,0.0,0.0,0.0,0.0,0.0,2.637590505182743,469.81359750032425,1735.95958507061,18250.017772316933,7228.5884174108505,23487.8910497725,3516.5426979362965
43752,23994.963750422,0.0,0.0,0.0,4.467576801776886,3160.9993938207626,8695.730733722448,55174.00415191054,34582.804335683584,137151.0058194101,107469.45483961701,27061.69577461481
43753,0.0,0.0,0.0,0.0,0.0,0.0,0.0,0.0,0.0,0.0,0.0,0.0
43754,0.0,0.0,0.0,0.0,0.0,0.0,0.0,0.0,0.0,0.0,0.0,0.0
43755,0.0,0.0,0.0,0.0,0.0,0.0,0.0,0.0,0.0,0.0,0.0,0.0
43757,0.0,0.0,0.0,0.0,0.0,0.0,0.0,0.0,0.0,0.0,0.0,0.0
43769,0.0,0.0,0.0,0.0,0.0,0.0,0.0,0.0,0.0,0.0,0.0,0.0
43773,0.0,0.0,0.0,0.0,0.0,0.0,0.0,0.0,0.0,0.0,0.0,0.0
43860,0.0,0.0,0.0,0.0,0.0,0.0,0.0,0.0,0.0,0.0,0.0,0.0
43861,0.0,0.0,0.0,0.0,0.0,0.0,0.0,0.0,0.0,0.0,0.0,0.0
43899,-4243.5061969310045,387969.7003339268,1181623.9324801993,1297198.5932403207,1742491.3781649554,660779.7635139904,0.0,0.0,0.0,0.0,0.0,0.0
43900,-52907.17336502671,-149571.11675766297,-192983.99754106253,-208650.74469657242,-118878.69893320464,0.0,0.0,0.0,0.0,0.0,0.0,-22186.804101526737
43901,-60845.78728355467,-217651.79725955147,-333535.52027732134,-384599.53170855343,-100980.2734375,0.0,0.0,0.0,0.0,0.0,0.0,0.0
43902,61256.569751967676,227342.62013462395,370647.08837763965,436773.89259229903,397883.4490420361,0.0,0.0,0.0,0.0,0.0,0.0,0.0
43904,11770407.231202483,1269013.6042633057,19872368.387577057,34780229.9430027,72685539.12364388,55660872.27198219,111375113.19716072,107158360.34737778,162076532.46869755,228105589.17856455,82479606.48068285,43735665.14615357
43905,4414414.826535344,2443293.6508477926,-3274964.7580481768,-3585623.362506509,-1144780.5216279626,-884679.3377194405,-8654849.970941901,-36565166.712326646,-108175466.71314776,-20829444.16249031,6709712.00698024,8357298.414235294
43947,-102224053.27305794,-126270141.2784133,-148420586.2864108,-139398543.49847507,-24530130.06630659,-67745367.60303593,-77360861.07444763,-211488716.96080017,-423277563.5942993,-375692635.1861038,-124472335.67911911,-50007529.86660862
44003,938.3900168351829,-2228.2190216109157,377.34646387398243,3736.7595349922776,49938.12610209361,12112.654168233275,13730.946420609951,13164.615923643112,32560.421903725713,51055.742564067245,10285.64119146578,3510.7116560041904
44004,2728.7953479541466,951.2013999936171,0.0,147.3800162903499,0.0,4492.661842316855,0.0,0.0,5706.754163845442,5699.548895115033,3599.2590651540086,1876.5776222115383
44005,-10526.000027105212,-6595.1154123693705,-3147.150474205613,-2232.3057374730706,-46703.66100817174,-16627.06207743287,-21445.42051692307,-12281.47702407837,-27963.988067269325,-20796.904371261597,-27401.94476918876,-17909.996311187744
44008,79.33869739621878,0.0,-489.6772052794695,505.76961320638657,-8850.669749215245,998.3694251179695,1457.2674868404865,3723.104492664337,-5651.299613595009,0.0,-1804.2823044508696,-1075.7007256299257
44009,0.0,0.0,0.0,0.0,0.0,0.0,0.0,0.0,0.0,0.0,0.0,0.0
44010,0.0,0.0,0.0,0.0,0.0,0.0,0.0,0.0,0.0,0.0,0.0,0.0
44011,0.0,0.0,0.0,0.0,0.0,0.0,0.0,0.0,0.0,0.0,0.0,0.0
44012,78.77250923996326,0.0,0.0,0.0,0.0,0.2982500724356214,8.260588338351226,11.992488711010083,103.24824800595525,211.03950262069702,539.7731937260833,214.02592217776692
44013,0.0,0.0,0.0,0.0,0.0,1.6882081776857376,83.7197404652834,321.47014731168747,1729.6045790314674,1332.4919224977493,2834.601746171713,200.19252464175224
44020,0.0,0.0,0.0,0.0,0.0,0.0,23415.64447785914,0.0,61705.953799672425,0.0,0.0,3206.407752801664
44021,0.0,0.0,0.0,0.0,0.0,0.0,0.0,0.0,0.0,0.0,0.0,0.0
44030,0.0,0.0,0.0,0.0,0.0,0.0,0.0,0.0,0.0,0.0,0.0,0.0
44032,0.0,0.0,0.0,0.0,0.0,0.0,0.0,0.0,0.0,0.0,0.0,0.0
44033,0.0,0.0,0.0,0.0,0.0,0.0,0.0,0.0,0.0,0.0,0.0,0.0
44034,0.0,0.0,0.0,0.0,0.0,-137552.9944677353,-2808496.1302562505,-2687889.324256271,-740268.5721475184,-411637.5415225737,0.0,0.0
44035,0.0,0.0,0.0,0.0,0.0,0.0,0.0,0.0,0.0,0.0,0.0,0.0
44036,0.0,0.0,0.0,0.0,0.0,0.0,0.0,0.0,0.0,0.0,0.0,0.0
44037,0.0,0.0,0.0,0.0,0.0,0.0,0.0,0.0,0.0,0.0,0.0,0.0
44038,0.0,0.0,0.0,0.0,0.0,0.0,0.0,0.0,0.0,0.0,0.0,0.0
44055,0.0,0.0,0.0,0.0,0.0,0.0,0.0,0.0,0.0,0.0,0.0,0.0
44142,0.0,0.0,0.0,0.0,0.0,0.0,0.0,0.0,0.0,0.0,0.0,0.0
44143,0.0,0.0,0.0,0.0,0.0,0.0,0.0,0.0,0.0,0.0,0.0,0.0
44146,0.0,0.0,0.0,0.0,0.0,0.0,0.0,0.0,0.0,0.0,0.0,0.0
44164,-261183.79428810626,-765702.7682853676,0.0,-1419130.4654465914,-365753.71875,0.0,0.0,0.0,0.0,0.0,0.0,0.0
44183,16475.417984638363,60150.39617338404,105169.99715616927,110268.42665473372,102975.8039487116,0.0,0.0,0.0,0.0,0.0,0.0,0.0
44185,0.0,0.0,0.0,0.0,0.0,0.0,0.0,0.0,0.0,0.0,0.0,0.0
44186,-3206.116824414581,-5379.216328081675,-8100.292028926313,-7560.514910195023,-1804.479704035446,0.0,-165.85570034384727,-3964.333230599761,-5378.296620801091,-7082.351787634194,-4151.460528742522,-1812.3952278755605
44281,-454077.40542173386,0.0,-20700.31640625,-19322.572265625,0.0,-236144.65125294775,-1027399.7768890709,0.0,0.0,0.0,0.0,-16329.207326725125
44282,-1336447.8033009171,-1443126.9950977564,-351247.1514571905,-561216.7748478651,-2481566.162184477,-1337993.3464033604,-3140469.9950432777,-3735020.030728817,-5809962.621189356,-3599245.202782631,-2331662.068720028,-1123279.6626279056
44283,0.0,0.0,0.0,0.0,0.0,0.0,0.0,0.0,0.0,0.0,0.0,0.0
44284,93140.7288081497,152121.3049518466,128247.45333587378,135766.763447918,150065.2946638018,59455.16543918848,150958.40937292576,105830.68815946579,185852.1032294184,36453.595640998334,22242.736948613077,31642.81685385853
44286,169413.1321086958,34400.55020660162,0.0,0.0,74353.81004814059,447975.5953461677,662982.6811282635,773142.3153102398,721151.2703794539,0.0,188738.50903235376,194367.14546592534
44287,0.0,0.0,0.0,0.0,0.0,0.0,0.0,0.0,0.0,0.0,0.0,0.0
44289,0.0,0.0,0.0,0.0,0.0,8.710626043379307,155.09632909297943,2896.8743657171726,4910.608464509249,3681.09995919466,8218.142231866717,0.0
44300,1716.776727937162,0.0,0.0,0.0,0.0,0.0,0.0,5534.453424243256,6055.452200651169,13814.245578944683,16255.90116494894,5984.419860348105
44305,0.0,0.0,0.0,0.0,0.0,0.0,0.0,0.0,0.0,0.0,0.0,0.0
44306,0.0,0.0,0.0,0.0,0.0,0.0,0.0,0.0,0.0,0.0,0.0,0.0
44307,0.0,0.0,0.0,0.0,0.0,0.0,0.0,0.0,0.0,0.0,0.0,0.0
44308,0.0,0.0,0.0,-16311.767194986343,-107132.57018100657,-91901.19729412347,-154072.6970582083,-139975.96036329865,0.0,0.0,0.0,0.0
44309,0.0,0.0,0.0,6753.929629463702,50729.557436943986,58460.389322296716,83410.23088025674,73984.59547482897,0.0,0.0,0.0,0.0
44310,0.0,0.0,0.0,0.0,0.0,28824.537079572678,4733568.789721764,5328464.02304402,995738.8809939623,1229431.9258219823,0.0,0.0
44311,0.0,0.0,0.0,0.0,0.0,0.0,0.0,0.0,0.0,0.0,0.0,0.0
44315,0.0,0.0,0.0,0.0,0.0,0.0,0.0,0.0,0.0,0.0,0.0,0.0
44316,0.0,0.0,0.0,0.0,0.0,0.0,0.0,0.0,0.0,0.0,0.0,0.0
44318,0.0,0.0,0.0,0.0,0.0,0.0,0.0,0.0,0.0,0.0,0.0,0.0
44320,0.0,0.0,0.0,0.0,0.0,0.0,0.0,0.0,0.0,0.0,0.0,0.0
44321,0.0,0.0,0.0,0.0,0.0,0.0,0.0,0.0,0.0,0.0,0.0,0.0
44322,0.0,0.0,0.0,0.0,0.0,0.0,0.0,0.0,0.0,0.0,0.0,0.0
44329,0.0,0.0,0.0,0.0,0.0,0.0,0.0,0.0,0.0,0.0,0.0,0.0
44346,0.0,0.0,0.0,0.0,0.0,0.0,0.0,0.0,0.0,0.0,0.0,0.0
44348,0.0,0.0,0.0,0.0,0.0,0.0,0.0,0.0,0.0,0.0,0.0,0.0
44426,0.0,0.0,0.0,0.0,0.0,0.0,0.0,0.0,0.0,0.0,0.0,0.0
44427,0.0,0.0,0.0,0.0,0.0,0.0,0.0,0.0,0.0,0.0,0.0,0.0
44428,0.0,0.0,0.0,0.0,0.0,0.0,0.0,0.0,0.0,0.0,0.0,0.0
44429,115233.5277744797,103231.50148378243,18163.42005562235,0.0,0.0,0.0,0.0,0.0,0.0,55277.373909919756,100218.45413959026,103483.39584037662
44434,0.0,0.0,0.0,0.0,0.0,0.0,0.0,0.0,0.0,0.0,0.0,0.0
44469,258546.71555508266,709153.8539648298,1106288.5602667779,1183480.2752064914,1146642.0873392206,0.0,0.0,0.0,0.0,0.0,0.0,0.0
44470,0.0,0.0,0.0,0.0,0.0,0.0,0.0,0.0,0.0,0.0,0.0,0.0
44472,-13580308.691338703,-17296393.872559838,-19514759.035580765,-2208522.101985149,0.0,0.0,-8327.963778436184,-39774.32126376033,-43179.34195172787,-16912774.972887017,-4027894.8058085367,-7789072.958543904
44473,-509.34658463299274,-1047.9429576545954,-1582.4605438113213,-1646.8128835456446,-710.4019522508606,-6756.107694633305,-31943.784541487694,-136359.51373181492,-8292087.412197977,-134547.59387415648,-57106.52803821862,-5537.624330870807
44474,-1982441.0625,-18632281.992437243,-45205202.24397832,-13132842.559806466,-486325.8499571979,-1914473.8903430998,-9299390.133980036,-27845025.483437717,-48247363.276429,-26764081.583934247,-7685397.3570001125,-3002895.71842885
44515,-144221714.470932,-169190931.3232441,-183867049.03660202,-164042424.109972,-76320734.29537964,-183360170.44322205,-216660557.81018066,-306566542.2960205,-530817340.8162842,-426350219.2798767,-158028696.96398926,-83626962.3426094
44516,-730385.7622736692,-769280.3254444841,48132.942133158445,50917.5193252787,9704.960040867329,-83962.64412307739,-303361.3399760723,-183236.3541712761,-516661.3137958646,-357553.4624080658,-270019.06966882944,-632513.8986255229
44560,-3417342.1828889847,-1860488.049167633,-1732548.8033475876,-2829341.7372455597,-8653799.740585327,-10418777.391429901,-15311475.79624939,-19505260.010730743,-13396213.560670853,-10115959.841968536,-9937340.195230484,-4365760.2264556885
44561,-2390328.2933825254,-3998613.2408049107,-3506528.98298347,-1354624.9286704063,-1449747.7608680725,-3152992.874461174,-7715747.917003632,-10203440.325621128,-12586868.287267685,-8699281.809401393,-1619707.0427900553,-1502315.6469686031
44563,-855624.1752672791,-3522913.0,-534289.8812874313,-251908.06403976306,-11218.947308182716,-66334.89687952399,-973430.2767986208,-1499565.366168961,-1862002.3513338566,-1289869.3621410057,-94683.02206210792,-156266.20610456914
44564,8428.699960201979,1630.0893721953034,0.0,515.5118669271469,13816.024663560092,9337.864386081696,13357.657098650932,20941.760437190533,12420.102112680674,17862.428458228707,13174.035956680775,5933.106353014708
44565,6050.185935458168,2012.9536648970097,0.0,216.7031209524721,9282.749771673232,5638.771936312318,10441.9185001906,15546.674195621163,-150949.24961822107,9757.940884016454,8523.658977029845,3744.5550048686564
44566,-275348.4358532131,-745209.3942613839,-333298.1066646427,-720044.2389634624,-908709.6020781584,-37320.77767163515,-611974.9281976819,-1013477.7241734266,-1515230.5881814733,-1305312.059168961,9470.211172387004,-9749.143476761878
44567,-25543.486695200205,-77425.52151300013,-43132.9857383091,-99011.6801328063,850902.8328161873,32407.259227782488,128623.29868492484,-90059.73648548126,92470.80544227362,229774.2472589612,398198.19064802676,217262.48316067457
44568,-24198.189587950706,-5183.144101724029,-4403.1874287463725,-5328.906722784042,-57323.894422937185,-24131.113809511065,-22515.301762342453,-13526.298324346542,-4504.586171001196,-18411.27524638176,-33056.94594664872,-29504.17781124264
44569,21025.157511986792,0.0,228216.4255334176,445266.5734088812,1283313.0185111759,1259994.0136231822,663051.5185841769,458203.0770494342,642002.3114948124,192355.7844965905,820068.7598688304,542766.435587177
44570,0.0,0.0,0.0,0.0,0.0,0.0,0.0,0.0,0.0,0.0,0.0,0.0
44571,1130.8891893848777,4985.676985451952,7401.334640286863,11025.97247374244,16008.948115099221,7575.336670393124,32725.659952255897,28644.4065574361,35710.9574611946,11129.413284104317,0.0,0.0
44572,0.0,0.0,0.0,0.0,0.0,29.96181532740593,-46.41483151912689,-343.5691190958023,-468.1773239374161,-337.7310428619385,-623.3479695469141,0.0
44581,0.0,0.0,0.0,0.0,0.0,1622.7979064835235,45468.40652899956,83428.30454120785,43458.1993663013,58757.84081872925,44680.29123731889,91.29557859431952
44588,-508781.0111114979,602.9109711647034,0.0,-226.96637892723083,-4436.957044959068,-75032.80105400085,-315097.52127087116,-588494.4428581595,-211487.76911187172,-840962.939948082,-1639014.5890533924,-555914.1101694107
44589,5020.7335758544505,0.0,0.0,0.0,0.0,0.0,0.0,0.0,641.7088011726737,22337.071103312075,16191.7200980708,7408.716232765466
44590,0.0,0.0,0.0,6346.35767648113,73856.59184214938,46988.95579052018,74867.97440291569,74069.26888933312,294.9138124361634,0.0,0.0,0.0
44591,0.0,0.0,0.0,0.0,1734.2146843087394,480.9722480873461,80303.23318965267,101355.60868487693,5015.028827155475,17559.800481589045,0.0,0.0
44592,0.0,0.0,0.0,0.0,0.0,0.0,0.0,0.0,0.0,0.0,0.0,0.0
44593,0.0,0.0,0.0,0.0,0.0,0.0,0.0,0.0,0.0,0.0,0.0,0.0
44594,0.0,0.0,0.0,0.0,0.0,0.0,0.0,0.0,0.0,0.0,0.0,0.0
44595,0.0,0.0,0.0,0.0,0.0,0.0,0.0,0.0,0.0,0.0,0.0,0.0
44598,0.0,0.0,0.0,0.0,0.0,0.0,0.0,0.0,0.0,0.0,0.0,0.0
44599,0.0,0.0,0.0,0.0,0.0,0.0,0.0,0.0,0.0,0.0,0.0,0.0
44600,0.0,0.0,0.0,0.0,0.0,0.0,0.0,0.0,0.0,0.0,0.0,0.0
44601,0.0,0.0,0.0,0.0,0.0,0.0,0.0,0.0,0.0,0.0,0.0,0.0
44602,0.0,0.0,0.0,0.0,0.0,0.0,0.0,0.0,0.0,0.0,0.0,0.0
44603,0.0,0.0,0.0,0.0,0.0,0.0,0.0,0.0,0.0,0.0,0.0,0.0
44604,0.0,0.0,0.0,0.0,0.0,0.0,0.0,0.0,0.0,0.0,0.0,0.0
44605,0.0,0.0,0.0,0.0,0.0,0.0,0.0,0.0,0.0,0.0,0.0,0.0
44606,0.0,0.0,0.0,0.0,0.0,0.0,0.0,0.0,0.0,0.0,0.0,0.0
44636,0.0,0.0,0.0,0.0,0.0,0.0,0.0,0.0,0.0,0.0,0.0,0.0
44640,0.0,0.0,0.0,0.0,0.0,0.0,0.0,0.0,0.0,0.0,0.0,0.0
44712,0.0,0.0,0.0,0.0,0.0,0.0,0.0,0.0,0.0,0.0,0.0,0.0
44713,0.0,0.0,0.0,0.0,0.0,0.0,0.0,0.0,0.0,0.0,0.0,0.0
44714,75514.86146157491,66743.12095020339,11527.193995478214,0.0,0.0,0.0,0.0,0.0,0.0,34510.147401277674,50929.662098407745,55720.15329064429
44755,148165.03246314195,378074.07071885327,576757.7817328098,617511.080481261,562636.4674717155,0.0,0.0,0.0,0.0,0.0,0.0,0.0
44757,0.0,0.0,0.0,0.0,0.0,-1709542.7762819082,-7761000.193408012,-15048410.0,-5229673.0,0.0,0.0,0.0
44763,-40967198.71923599,-33450096.869460158,-20770192.1876148,-4943971.9296875,407006.8873630427,473779.8157110233,-11916357.903291464,-48755439.67316151,-61672058.238221034,-23915216.0,-19735500.0,-27433501.46933952
44764,-9105.17136823386,-3016672.005623527,-2598498.25,0.0,-6975.681240327656,-428216.20469000936,-1647031.4463922977,-7645816.262277991,-11070498.014996767,0.0,-29112.138671875,-3759795.4065153897
44799,66465.49243798852,-271746.58634260297,-6917780.537920274,-8383079.651367679,-3058371.729671281,35520.9877551198,57177.83821105957,46317.84902858734,112002.48752057552,44186.3653986454,0.0,4256.287168800831
44800,0.0,0.0,0.0,0.0,0.0,0.0,0.0,0.0,0.0,0.0,0.0,0.0
44801,0.0,0.0,0.0,0.0,0.0,0.0,0.0,0.0,0.0,0.0,0.0,0.0
44802,27958.470053076744,119767.87092202902,44900.701177835464,45981.892371833324,156771.2074379921,13784.630199432373,32156.96346092224,14464.441424369812,67250.31052517891,49740.97382354736,4266.027511000633,1523.8078554868698
44845,1577.0770532898605,828.3892886191607,0.0,82.64035015553236,580.4586987495422,2196.540138065815,3721.841994225979,4367.053149402142,2031.638581469655,1646.36352635175,2450.6924138963223,1290.0457134619355
44846,0.0,0.0,0.0,0.0,0.0,0.0,0.0,0.0,0.0,0.0,0.0,0.0
44847,-2989975.277771227,-1230238.875,0.0,0.0,0.0,0.0,0.0,0.0,0.0,0.0,0.0,0.0
44848,-1952.0400921559194,0.0,0.0,0.0,0.0,-2115.5680216071196,-3627.9794256547466,-4108.372925519943,-3180.0748392995447,-115.95633807050763,0.0,-170.77270500035957
44849,-3404.670537762344,-3260.5884611830115,-3115.778324046172,-3025.666184444912,-5221.9955924144015,-2459.607827257365,-4408.936837017536,-5250.287653923035,-3278.0416165441275,-1124.104992955923,-2910.8210621364415,-2953.5181656591594
44852,637.6744393203408,1967.6339320815168,1321.2150671258569,253.75512479571626,0.0,1087.2645192756318,24407.361375994282,33837.39151627198,41697.28932585521,32020.491846082732,2865.1214439608157,727.9426923207939
44853,0.0,0.0,0.0,0.0,0.0,0.0,0.0,0.0,0.0,0.0,0.0,0.0
44854,670.7753514070064,2642.8473895359784,3309.2089428072795,30133.59197963588,76781.71148294257,79001.72392115416,78363.6111660325,21373.943374578143,51.91024528082926,10.637182016274892,0.0,454.537043290562
44855,0.0,0.0,0.0,0.0,0.0,0.0,0.0,0.0,0.0,0.0,0.0,0.0
44856,0.0,0.0,0.0,0.0,0.0,0.0,0.0,0.0,0.0,0.0,0.0,0.0
44857,0.0,0.0,0.0,0.0,0.0,1639.0341131836176,-11363.224254786968,-600081.2849816978,-894140.3785774112,-1747844.2565606534,-13967.734759911895,-2743.11865234375
44858,15744.362919986248,0.0,4603.896515488625,102360.76977217197,228413.64536225796,-890644.6929716468,-3331601.7723618746,-2765048.547760725,-4026511.3334382772,-853433.9353474379,410969.9988166094,95018.04076045752
44873,0.0,0.0,0.0,0.0,0.0,0.0,0.0,0.0,0.0,0.0,0.0,0.0
44876,0.0,0.0,0.0,0.0,0.0,0.0,0.0,0.0,0.0,0.0,0.0,0.0
44877,0.0,0.0,0.0,0.0,0.0,0.0,0.0,0.0,0.0,0.0,0.0,0.0
44878,0.0,0.0,0.0,0.0,0.0,0.0,0.0,0.0,0.0,0.0,0.0,0.0
44879,0.0,0.0,0.0,0.0,0.0,0.0,0.0,0.0,0.0,0.0,0.0,0.0
44880,0.0,0.0,0.0,0.0,0.0,0.0,0.0,0.0,0.0,0.0,0.0,0.0
44881,0.0,0.0,0.0,0.0,0.0,0.0,0.0,0.0,0.0,0.0,0.0,0.0
44882,0.0,0.0,0.0,0.0,0.0,0.0,0.0,0.0,0.0,0.0,0.0,0.0
44883,0.0,0.0,0.0,0.0,0.0,0.0,0.0,0.0,0.0,0.0,0.0,0.0
44884,0.0,0.0,0.0,0.0,0.0,0.0,0.0,0.0,0.0,0.0,0.0,0.0
44885,0.0,0.0,0.0,0.0,0.0,1407.3267692923546,63103.383679538965,101122.92863809317,40497.276033397764,49041.2634598501,7875.086503913626,0.0
44886,0.0,0.0,0.0,0.0,14694.676281964406,13162.25037805736,119128.30431713164,81085.68799405918,3723.9699078015983,0.0,0.0,0.0
44888,0.0,0.0,0.0,0.0,0.0,0.0,0.0,0.0,0.0,0.0,0.0,0.0
44889,0.0,0.0,0.0,0.0,0.0,0.0,0.0,0.0,0.0,0.0,0.0,0.0
44891,0.0,0.0,0.0,0.0,0.0,0.0,0.0,0.0,0.0,0.0,0.0,0.0
44893,0.0,0.0,0.0,0.0,0.0,0.0,0.0,0.0,0.0,0.0,0.0,0.0
45000,0.0,0.0,0.0,0.0,0.0,0.0,0.0,0.0,0.0,0.0,0.0,0.0
45002,0.0,0.0,0.0,0.0,0.0,0.0,0.0,0.0,0.0,0.0,0.0,0.0
45026,742707.1517111957,2500149.615925789,3946398.9297929406,4863145.983732462,4063831.6397681534,0.0,0.0,0.0,0.0,0.0,0.0,0.0
45035,7600657.894795638,21835156.397724405,34219507.52109605,39617704.09915495,36241154.7600078,0.0,0.0,0.0,0.0,0.0,0.0,0.0
45043,200782.55397322425,553041.0442395248,868160.0857708487,957799.6045976877,908245.8090037429,0.0,0.0,0.0,0.0,0.0,0.0,0.0
45044,-1625822.75,-557314.5625,-28085.73828125,0.0,-99.52430854873091,-483.17691510915756,-1821.5256334543228,-4971835.13964941,-10373495.0,-6539007.0,-4515037.5,-3404970.5
45045,-21784067.750774488,-22235844.86625231,-22745700.862063486,-4462888.352727491,-281009.97779181413,-652496.9705068171,-1435726.0764431953,-4838864.748189449,-6304512.501942277,-23853336.64147695,-10598145.729252964,-3205587.9332880825
45050,0.0,0.0,0.0,0.0,0.0,-9725.8165631257,-24128.233615398407,-72704.94205331802,-99437.28849130124,-97003.73976965249,-14010.563716399483,0.0
45051,-21571578.355116367,-43675210.40396857,-22722049.856075406,-10810865.097669601,-3048577.5136903524,-4951072.6587308645,-4106815.7265024185,-16999848.532888412,-36675748.012592316,-21818319.899777412,-9279913.30009532,-10244087.735223055
45080,-30904512.655629955,-47422.3125,0.0,0.0,-397251.4167240858,-10941317.67334184,-1924124.8765778542,-3609948.961145878,-17696333.577071667,-18277164.113025665,-11366008.758519113,-27003863.41796395
45081,0.0,0.0,0.0,0.0,0.0,0.0,0.0,0.0,0.0,0.0,0.0,0.0
45082,8400123.04236114,-48150608.95348406,-36190706.625741184,4805249.998649359,-114048.57159525156,-15697598.806847334,-12172891.815053225,-11495242.366937637,-35157200.56980133,-46774847.67277956,-10031035.468479753,4486668.177347183
45083,20048116.127801746,23952093.702699214,21585878.814917013,2364.5033558681607,347858.26169975847,2536990.5433020294,3793377.313796699,6445759.646292686,14352224.662920475,14266149.784638166,3239109.039031595,17492436.18405226
45084,152401.5827537179,149797.4179034084,-6837284.860499606,0.0,-15877.041015625,-206038.01185686886,79624.29791986942,91361.4113612175,209418.88543748856,233427.77569401264,63993.43235716224,105798.14615440369
45085,-1825138.7481764406,-6079020.861995921,0.0,0.0,-1977.2742919921875,-1192207.1343905702,-1200479.8612327576,-1938317.0587944984,-3888353.6109712124,-2273683.0206707716,0.0,-105856.89735430479
45086,0.0,0.0,0.0,0.0,0.0,0.0,0.0,0.0,0.0,0.0,0.0,0.0
45087,20084.45239727199,58044.6156828925,46831.35180371255,53231.254296753556,44024.04097883403,4829.485959291458,7467.715095996857,5567.98952960968,14100.91188287735,14416.251196622849,4507.0258439183235,6341.806108146906
45120,-2924.887927815318,-1620.7430581524968,-1639.1628322526813,-3117.0121140256524,-6745.775018185377,-6492.016672968864,-7221.85239315033,-16725.854058265686,-13208.593403041363,-9450.45064496994,-8741.45493081212,-4733.308566518128
45121,4280.353634752333,1427.4995973035693,1038.0120946392417,1355.8540373966098,8261.037257254124,10656.009434998035,14641.359582543373,21812.405209302902,10579.834016263485,9740.2787399441,8409.385474443436,7303.728523537517
45122,19368.745523363352,2368.0125062167645,127.9437965452671,1609.400975137949,52578.18174088001,61278.6019204855,65526.47665834427,66772.61565113068,23817.262853741646,58724.38319605589,52677.39200296998,40462.9507240355
45126,-1144545.4081819803,-1861307.39846503,-432847.00764989667,-362.13777400925756,-53596.07010579109,-937102.9612833261,-1528161.9189829826,-2777875.656588435,-2446330.167106092,-1148956.4418664128,-823187.3496822864,-1164719.3403188288
45127,-15898.073881402612,-20251.834678567946,-1723.9512716382742,0.0,-365.52210783958435,-8441.336610078812,-27767.919308543205,-38175.625650405884,-35089.5992538929,-16720.53122586012,-16702.566705793142,-15349.246687099338
45128,-121131.75439336896,-127169.93837209046,-2987.4345399588346,2.876400411128998,-1970.8988256454468,-93528.68955755234,-185688.67138242722,-248861.56877088547,-268545.99193382263,-54382.93374687433,-143050.6598521769,-88994.2047456801
45129,-5948.545374758542,-7275.229253344238,-562.2799270190299,0.0,-286.5807004272938,-3354.934199348092,-8088.123109176755,-11005.376762270927,-10184.604277908802,-4062.2001909017563,-5994.913864888251,-4303.446031585336
45130,0.0,0.0,0.0,0.0,0.0,0.0,0.0,0.0,0.0,0.0,0.0,0.0
45131,1115.9278740854934,1916.1281405147165,2133.0469670062885,24264.420564553235,49641.71185205085,52388.66782525182,52170.57379316678,13032.745785631705,0.0,0.0,129.854129627347,719.5837085405365
45132,0.0,0.0,0.0,0.0,0.0,0.0,0.0,0.0,0.0,0.0,0.0,0.0
45133,0.0,0.0,0.0,0.0,0.0,0.0,0.0,0.0,0.0,0.0,0.0,0.0
45134,0.0,0.0,0.0,0.0,0.0,0.0,0.0,0.0,0.0,0.0,0.0,0.0
45135,0.0,0.0,0.0,0.0,0.0,0.0,0.0,0.0,0.0,0.0,0.0,0.0
45136,205.213348031044,274.51245661079884,345.85783690214157,33.10214503109455,0.0,735.4060563743114,2666.3168371617794,2605.954482600093,833.236817240715,689.4372665882111,1258.8053728714585,95.38563894480467
45152,0.0,0.0,0.0,0.0,0.0,0.0,0.0,0.0,0.0,0.0,0.0,0.0
45153,0.0,0.0,0.0,0.0,0.0,0.0,0.0,0.0,0.0,0.0,0.0,0.0
45154,-192.14516167528927,-11.635867820121348,-35.027125630527735,-45.7449547406286,-44.009822480380535,-15.298575358465314,-3.6593118850141764,-24.883067211136222,-65.6715614516288,-781.9432982970029,-454.43822902441025,-433.7254551127553
45155,12473.46672853455,1609.534248586744,2060.9158279038966,1154.7820559162647,0.0,0.0,853.7834140788764,1866.967336862348,3754.2264355327934,47291.39613002166,23221.19229278341,24994.067774007097
45156,0.0,0.0,0.0,0.0,0.0,0.0,0.0,0.0,0.0,0.0,0.0,0.0
45160,0.0,0.0,0.0,0.0,0.0,0.0,0.0,0.0,0.0,0.0,0.0,0.0
45161,0.0,0.0,0.0,0.0,0.0,27409.91339749098,1040416.0726295561,707101.7330965102,56945.64074660838,148632.48452699184,0.0,0.0
45165,0.0,0.0,0.0,0.0,0.0,0.0,0.0,0.0,0.0,0.0,0.0,0.0
45166,0.0,0.0,0.0,0.0,0.0,0.0,0.0,0.0,0.0,0.0,0.0,0.0
45167,0.0,0.0,0.0,0.0,0.0,0.0,0.0,0.0,0.0,0.0,0.0,0.0
45168,0.0,0.0,0.0,0.0,0.0,0.0,0.0,0.0,0.0,0.0,0.0,0.0
45169,0.0,0.0,0.0,0.0,0.0,0.0,0.0,0.0,65.09084451166564,0.0,0.0,0.0
45170,0.0,0.0,0.0,0.0,0.0,0.0,0.0,0.0,0.0,0.0,0.0,0.0
45193,0.0,0.0,0.0,0.0,0.0,0.0,0.0,0.0,0.0,0.0,0.0,0.0
45206,0.0,0.0,0.0,0.0,0.0,0.0,0.0,0.0,0.0,0.0,0.0,0.0
45279,0.0,0.0,0.0,0.0,0.0,0.0,0.0,0.0,0.0,0.0,0.0,0.0
45280,0.0,0.0,0.0,0.0,0.0,0.0,0.0,0.0,0.0,0.0,0.0,0.0
45305,282536.7220284939,789546.423055172,1431290.0266259313,1789635.6468141228,1691909.0711369924,576320.839424869,0.0,0.0,-755969.4375,-16101.37646484375,-9128.664581298828,-963.2558898925781
45319,0.0,0.0,0.0,0.0,0.0,0.0,0.0,0.0,0.0,0.0,0.0,0.0
45320,0.0,-4716.599609375,-7559.609375,0.0,-7675.93359375,0.0,0.0,0.0,0.0,0.0,0.0,0.0
45321,-14518.600398012437,-17936.489467768,-19823.033742848784,-4046.7620733340736,-844.101989953022,-1346.3720188848674,-2829.539364695549,-15944.89157197252,-21460.458876766264,-22957.121903505176,-7474.276716767345,-11295.782258915715
45322,-8047178.5,-8999570.0,-11387162.0,-7706707.5,-535590.6054903432,-1773626.9997921605,-3218643.958181381,-20686625.446943253,-51264308.0,-20477742.0,-8591056.0,-5573948.0
45325,-3002991.0,-3343571.5,-4277186.5,-2511620.25,0.0,-427211.59375,-1857121.1098189354,-14840550.293999955,-16970815.934812278,-7328070.5,-3091363.75,-2040612.375
45326,-25958549.19296311,-32796631.444696523,-37250608.5631044,-10843803.24524596,-953.2493691295385,-2987786.429169707,-3020602.305397153,-17145318.744131416,-19055749.77229148,-34159757.00909045,-13039814.639561415,-16061371.49866204
45327,-29757167.89210093,-28372839.183564544,-13464759.668439746,-1777203.91908139,-3347744.8630568385,-3666578.4618222713,-28083634.572163105,-73271261.82853961,-95820290.92016137,-60066838.48125863,-11472080.816914618,-4911643.4379172325
45355,-95632.62042755261,-51277.939136363566,0.0,-23.3537223264575,-2394.2444076538086,-32524.963953003287,-21749.056270241737,-48227.076387286186,-90081.61425280571,-80860.71941423416,-35442.61689606309,-86407.07305158675
45356,0.0,0.0,0.0,0.0,23089.006688207388,49821.87539243698,32484.12477374077,45827.55401134491,184532.8882074356,133564.56855416298,0.0,0.0
45386,0.0,0.0,0.0,-642.2680354341865,-11255.97494006157,-13333.800207853317,-14001.516995489597,-23109.974003225565,-7538.742119908333,0.0,0.0,0.0
45387,0.0,0.0,0.0,0.0,-35.10169427655637,-525.9225800707936,-1616.351444080472,-4213.486311100423,-2882.3834577426314,-2341.5142000932246,0.0,0.0
45388,1266.9812862752005,3498.0113595658913,3868.2971404548734,3786.247465881519,3260.155672785826,2947.9345955736935,3838.09864679724,3614.1238114088774,3961.619954034686,2119.7339861104265,0.0,56.99401910882443
45389,-293073.11392860115,-36461.84504288435,-29834.669085353613,-88917.48082782328,-823253.0128291249,-525013.2294715643,-691796.6105577946,-767572.8808803558,-609146.78246212,-876652.7502885461,-1228061.4014111012,-785785.8955392614
45390,13984.733705941588,2372.3103474602103,0.0,764.3626932706684,14555.655768379569,27504.88093087077,41395.53896942735,52411.45134353638,17769.222482919693,13932.147964268923,41035.25339540839,25664.250340219587
45391,-601962.9010635987,-337204.5437251404,-31145.029728107154,-71929.36239767075,-331422.6169309616,-1314430.8034397364,-1404920.4836912155,-2598780.1534757614,-970208.2402652502,-1459040.4671687782,-1275649.5618932247,-930349.4574557841
45392,0.0,0.0,0.0,0.0,0.0,0.0,0.0,0.0,0.0,0.0,0.0,0.0
45393,27898.14233798068,44242.74088263698,40660.60620633885,16008.746926734806,4938.857428359217,0.0,0.0,0.0,24260.534767441495,3553.758702493331,1223.0507549233735,25884.23977383133
45394,0.0,122.66471751779318,2204.9055005759,9145.976567864418,20414.220855552703,13952.312603995204,827.8643406927586,76119.40462792665,199361.46473782696,154300.8004690064,49023.363094218075,25942.07841552794
45395,1101.6767145097256,1340.8274157606065,1709.5034175030887,276.9432687237859,0.0,-37862.12862347439,-90565.6551540494,23471.298830881715,13848.66550052166,8602.698069393635,6220.281761817634,647.4416304565966
45408,0.0,0.0,0.0,0.0,0.0,6082.630337126553,0.0,0.0,29812.08372953534,16738.10633200407,8314.717081815004,0.0
45411,0.0,0.0,0.0,0.0,0.0,0.0,0.0,0.0,0.0,0.0,0.0,0.0
45412,0.0,0.0,0.0,0.0,0.0,0.0,0.0,0.0,0.0,0.0,0.0,0.0
45419,0.0,0.0,0.0,0.0,0.0,0.0,0.0,0.0,0.0,0.0,0.0,0.0
45420,0.0,0.0,0.0,0.0,0.0,0.0,0.0,0.0,0.0,0.0,0.0,0.0
45421,0.0,0.0,0.0,0.0,0.0,0.0,0.0,0.0,0.0,0.0,0.0,0.0
45422,0.0,0.0,0.0,0.0,0.0,169635.65565255284,1077785.624685496,785967.2634223104,430077.3153619543,257729.42087581754,0.0,0.0
45425,0.0,0.0,0.0,0.0,0.0,0.0,0.0,0.0,0.0,0.0,0.0,0.0
45426,0.0,0.0,0.0,0.0,0.0,0.0,0.0,0.0,0.0,0.0,0.0,0.0
45427,0.0,0.0,0.0,0.0,0.0,0.0,0.0,0.0,0.0,0.0,0.0,0.0
45428,0.0,0.0,0.0,0.0,0.0,0.0,0.0,0.0,0.0,0.0,0.0,0.0
45429,0.0,0.0,0.0,0.0,0.0,0.0,0.0,0.0,0.0,0.0,0.0,0.0
45430,0.0,0.0,0.0,0.0,0.0,0.0,0.0,0.0,0.0,0.0,0.0,0.0
45431,0.0,0.0,0.0,0.0,0.0,0.0,0.0,0.0,0.0,0.0,0.0,0.0
45439,0.0,0.0,0.0,0.0,0.0,0.0,0.0,0.0,0.0,0.0,0.0,0.0
45492,0.0,0.0,0.0,0.0,0.0,0.0,0.0,0.0,0.0,0.0,0.0,0.0
45538,0.0,0.0,0.0,0.0,0.0,0.0,0.0,0.0,0.0,0.0,0.0,0.0
45539,85888.95267801546,68001.98738706391,0.0,0.0,0.0,0.0,0.0,0.0,0.0,61647.10169763118,66785.2375561297,65175.319774508476
45540,0.0,0.0,0.0,0.0,0.0,0.0,0.0,0.0,0.0,0.0,0.0,0.0
45577,184451.8829815043,506216.87183840876,795197.6749661621,914139.0176663548,819020.2780565815,811.0982875016052,2625.647692654631,4286.98977410025,3899.706207789248,3098.1796459089965,803.133782998193,0.0
45578,0.0,0.0,0.0,0.0,0.0,0.0,0.0,0.0,0.0,0.0,0.0,0.0
45579,-897156.875,-14824.318891346455,-10085.434838900343,-572.5315068718046,-831.5974410972558,-5751.834928743541,-2868.9887199401855,-12589.542528854683,-1110412.625,-857360.75,-682638.375,-826414.3125
45580,-1718142.125,-1655027.75,-1490502.875,-651771.75,-195119.296875,-10742746.32412377,-11469619.894692898,-30083914.0,-7160551.5,-3174311.25,-1373204.5,-1190140.625
45581,-38468787.647403754,-19523582.80551687,-24091274.20348616,-6034103.590492217,0.0,-1450245.047048932,-1873168.6625852585,-17598036.346383393,-21469606.95544851,-36695327.08450974,-16064752.372631796,-31273278.11620237
45582,0.0,0.0,0.0,0.0,0.0,0.0,0.0,0.0,0.0,0.0,0.0,0.0
45583,0.0,0.0,0.0,-8194.972618311644,-414765.0696797073,-554227.0371033214,-669111.6213636398,-2326401.4319865704,-4905263.08679533,-3457258.914907828,-1870854.102928035,-1110063.375
45611,-17299437.870274067,-21836460.072310567,-19730858.689505935,-1794065.1547765136,-619636.1377100348,-5646812.1530588865,-4878096.076267242,-5999460.046461105,-12068260.394536972,-20723901.73422575,-9804941.238114595,-14099171.827978373
45612,0.0,0.0,0.0,0.0,0.0,0.0,0.0,0.0,0.0,0.0,0.0,0.0
45641,0.0,0.0,-1662.9753983020782,-11657.87725186348,-221767.9431324005,-392745.36797356606,-331926.9982790351,-521748.84053719044,-313655.5379155874,-43688.30383121967,-4873.640741348267,0.0
45642,0.0,0.0,0.0,0.0,-135.7159549803473,-1411.231551211793,-2417.176198008936,-4107.165660339873,-2715.8641750984825,-2319.843291813042,0.0,0.0
45643,1092.295028232038,5681.528688263148,3869.822862639092,3892.909522060305,5576.602066472173,1236.31321368739,5866.536388440058,4659.597571074963,4505.769057869911,2903.737590253353,192.86295406520367,98.07619330659509
45644,5656.133056528866,659.4860028848052,0.0,313.8517540246248,7374.128054246306,8513.502735313028,10824.147342618555,7575.465783834457,2519.1029393076897,6846.646265953779,8681.960337594151,6310.661350138485
45646,0.0,0.0,0.0,0.0,0.0,0.0,0.0,0.0,0.0,0.0,0.0,0.0
45647,0.0,0.0,0.0,0.0,0.0,0.0,0.0,0.0,0.0,0.0,0.0,0.0
45648,0.0,0.0,0.0,0.0,0.0,0.0,0.0,0.0,0.0,0.0,0.0,0.0
45649,0.0,0.0,0.0,0.0,0.0,-279483.96967651695,-938239.6726520061,-425623.9853351116,-586273.040702343,-107825.6617501378,-457347.91040332615,0.0
45665,0.0,0.0,0.0,0.0,0.0,0.0,0.0,0.0,0.0,0.0,0.0,0.0
45666,0.0,0.0,0.0,0.0,0.0,0.0,0.0,0.0,0.0,0.0,0.0,0.0
45667,-48.75490863993764,-73.69790449365973,-112.72627637907863,-119.41670204792172,-7.593846959993243,0.0,-265.0227014031261,-601.6663395659998,-1196.4262896552682,-2265.4894610056654,-999.3076587310061,-624.8111455021426
45673,0.0,0.0,0.0,0.0,0.0,0.0,0.0,0.0,0.0,0.0,0.0,0.0
45674,0.0,0.0,0.0,0.0,0.0,0.0,0.0,0.0,0.0,0.0,0.0,0.0
45675,0.0,0.0,0.0,0.0,0.0,0.0,0.0,0.0,0.0,0.0,0.0,0.0
45676,0.0,0.0,0.0,0.0,0.0,0.0,0.0,0.0,0.0,0.0,0.0,0.0
45678,0.0,0.0,0.0,0.0,0.0,0.0,0.0,0.0,0.0,0.0,0.0,0.0
45681,0.0,0.0,0.0,0.0,0.0,0.0,0.0,0.0,0.0,0.0,0.0,0.0
45682,0.0,0.0,0.0,0.0,0.0,0.0,0.0,0.0,0.0,0.0,0.0,0.0
45683,0.0,0.0,0.0,0.0,0.0,0.0,0.0,0.0,0.0,0.0,0.0,0.0
45790,0.0,0.0,0.0,0.0,0.0,0.0,0.0,0.0,0.0,0.0,0.0,0.0
45791,0.0,0.0,0.0,0.0,0.0,0.0,0.0,0.0,0.0,0.0,0.0,0.0
45792,0.0,0.0,0.0,0.0,0.0,0.0,0.0,0.0,0.0,0.0,0.0,0.0
45818,0.0,0.0,0.0,0.0,0.0,0.0,0.0,0.0,0.0,0.0,0.0,0.0
45827,0.0,0.0,0.0,0.0,0.0,0.0,0.0,0.0,0.0,0.0,0.0,0.0
45828,0.0,0.0,0.0,0.0,0.0,0.0,0.0,0.0,0.0,0.0,0.0,0.0
45829,0.0,0.0,0.0,0.0,0.0,0.0,0.0,0.0,0.0,0.0,0.0,0.0
45830,-6018484.40466357,-5082775.152221948,-2146732.1200761124,0.0,0.0,-1167714.6050347686,0.0,0.0,0.0,0.0,0.0,-3103132.9401622787
45858,-31856320.861576796,-35289250.53275025,-31656450.780697465,-21034747.509582043,-15360122.721272469,-21631657.873917103,-23850312.46435547,-51704870.771217346,-93794795.84754944,-71121129.35593033,-23034717.576196194,-28232418.53953123
45859,0.0,0.0,0.0,0.0,0.0,0.0,0.0,0.0,0.0,0.0,0.0,0.0
45860,0.0,0.0,0.0,0.0,0.0,0.0,0.0,0.0,0.0,0.0,0.0,0.0
45886,0.0,0.0,0.0,-6574.06633245945,-24275.613270044327,-704993.8075170815,-819203.9045302421,-951596.9701674283,-932982.1400634348,-318739.72471511364,0.0,0.0
45887,-6120405.986822128,-5804664.518505812,-10907284.854868889,-3640451.559688568,-11785221.367212296,-6329121.732971191,-10604764.333099365,-6393624.987081528,-11056605.559740067,-12199370.750957489,-8746687.522993088,-8013475.072186947
45888,14765.431959934533,19828.311137799174,5459.218892470002,3332.390729188919,3781.4815542697906,5382.791989356279,21145.52282783389,14799.090044856071,2942.8899022340775,2382.2071491479874,9957.738972172141,13000.634947530925
45889,-169113.39945563674,-2952633.8024943992,-3007103.654181324,-2413032.926636219,-5875416.189600289,-921076.273399353,-3082922.4259723127,-3950219.6183087826,-1784398.0664095879,-2990550.05689764,-771731.2197134495,-7296.945039331913
45890,537.4086442552507,511.2875208626501,62.22854939196259,44.597086273133755,162.91352287307382,240.1821001302451,700.4969863370061,706.8859369456768,162.974839001894,50.06422175467014,563.7866842579097,462.24582017585635
45891,0.0,0.0,0.0,0.0,0.0,0.0,0.0,0.0,0.0,0.0,0.0,0.0
45892,0.0,0.0,0.0,0.0,0.0,0.0,0.0,0.0,0.0,0.0,0.0,0.0
45893,0.0,0.0,0.0,0.0,0.0,0.0,0.0,0.0,0.0,0.0,0.0,0.0
45894,0.0,0.0,0.0,0.0,0.0,0.0,0.0,0.0,0.0,0.0,0.0,0.0
45895,0.0,0.0,0.0,0.0,0.0,0.0,0.0,0.0,0.0,0.0,0.0,0.0
45896,-90.19832008332014,-108.38858024403453,-142.28539399057627,-54.24512205645442,0.0,0.0,-841.8366581201553,-2245.269365489483,-1454.1422506570816,-964.8343281745911,-897.6622173637152,-45.591768495738506
45903,0.0,0.0,0.0,0.0,0.0,18792.858076486737,42544.59849651158,80437.5559592992,34014.01162329316,38901.71815855801,8397.884495399892,0.0
45904,0.0,0.0,0.0,0.0,0.0,0.0,4470.128179222345,61057.036318084225,42097.75060373545,67760.67723857239,50943.34413735382,0.0
45908,0.0,0.0,-315125.985519886,-1072286.4453064352,-1362457.9895116538,-1319140.7287996113,-1251473.570114553,0.0,-195857.1258355379,-309842.245926708,126.26945577561855,0.0
45910,0.0,0.0,0.0,0.0,0.0,0.0,0.0,0.0,0.0,0.0,0.0,0.0
45914,0.0,0.0,-5.973983293399215,-114.82905372045934,-279.55114654637873,-1015.1270361542702,-3548.1679264605045,-5949.390809692442,-15.694551348686218,-1216.5445140004158,0.0,0.0
45915,901.3807503543794,1331.6118318010122,1920.8309915689752,1147.8255421221256,0.0,60.59921899065375,8197.648400541395,15948.246761808172,26370.987851172686,38155.24553568289,13214.215301197022,8822.517095692456
45921,-798.3223997801542,-99.72779733687639,-141.106278963387,-165.7266171015799,-65.67046413198113,0.0,-14.664913214743137,-243.00167006254196,-325.36494648456573,-2634.1622895151377,-1642.084710277617,-1748.4331886097789
45923,0.0,0.0,0.0,0.0,0.0,0.0,0.0,0.0,0.0,0.0,0.0,0.0
45924,0.0,0.0,0.0,0.0,0.0,0.0,0.0,0.0,0.0,0.0,0.0,0.0
45925,0.0,0.0,0.0,0.0,0.0,0.0,0.0,0.0,0.0,0.0,0.0,0.0
45926,0.0,0.0,0.0,0.0,0.0,0.0,0.0,0.0,0.0,0.0,0.0,0.0
45927,0.0,0.0,0.0,0.0,0.0,0.0,0.0,0.0,0.0,0.0,0.0,0.0
45928,0.0,0.0,0.0,0.0,0.0,0.0,0.0,0.0,0.0,0.0,0.0,0.0
45929,-12939.905128225684,-36315.25269982219,-97890.19464761019,-108533.09461145476,-62670.86752630025,-20744.93873180449,-2476.524279810488,0.0,-2438.39848661609,-22823.926910163835,-6325.597675208002,-10662.11509564519
45930,0.0,0.0,0.0,0.0,0.0,0.0,0.0,0.0,0.0,0.0,0.0,0.0
45931,22332.637947946787,42311.14662924409,78826.41401028633,116543.20309763402,26346.56523567438,-138903.81393146515,-802521.8963773847,-910370.8700603917,-232843.48762997985,-301570.660013441,-334056.81712515466,1276.3306335881352
45932,4825.043987214565,7846.3447097186,17466.42783743702,18320.03609888442,11011.479553313926,21299.97394466214,0.0,0.0,42742.24341349304,18601.926920538768,14366.049035832286,6119.174826028757
45933,-1.3899834156036377,-36.40321695804596,-47.62782384455204,-90.99680786579847,-33.26779478788376,-41.78480152785778,-287.5595499128103,-316.5977075882256,-263.80256367847323,-100.69967991486192,-38.58379790186882,-13.264542162418365
45934,0.0,0.0,0.0,0.0,0.0,0.0,0.0,0.0,0.0,0.0,0.0,0.0
45935,0.0,0.0,0.0,0.0,0.0,0.0,0.0,0.0,0.0,0.0,0.0,0.0
45936,0.0,0.0,0.0,0.0,0.0,0.0,0.0,0.0,0.0,0.0,0.0,0.0
46010,0.0,0.0,0.0,0.0,0.0,0.0,0.0,0.0,0.0,0.0,0.0,0.0
46043,0.0,0.0,0.0,0.0,0.0,0.0,0.0,0.0,0.0,0.0,0.0,0.0
46044,56041.68285302981,136339.22174267936,210859.36562076584,251859.29812477808,188881.4817398889,0.0,0.0,0.0,0.0,0.0,0.0,0.0
46073,-35251.812078936026,-94974.7975847153,-85808.73928679898,-150853.68916659104,-147419.42501521553,0.0,0.0,0.0,0.0,0.0,0.0,0.0
46078,0.0,0.0,0.0,0.0,0.0,0.0,0.0,0.0,0.0,0.0,0.0,0.0
46079,0.0,-206347.81268181652,0.0,0.0,0.0,-794215.9314197451,-213123.73836517334,-1553698.4607298374,-2587970.2807602882,-3955503.9869152308,-1440318.420631349,-1046325.5625
46104,-7.282082557678223,-6.461112976074219,-7.027881145477295,-6.67869234085083,-6.777934551239014,-6.442842960357666,-6.540256977081299,-6.42392635345459,-6.1086506843566895,-6.203329086303711,-5.90031099319458,-5.993193626403809
46105,-14004.91606670618,-49910.105587884784,-86096.02792087197,-76892.67916210741,-55168.39052563906,-939.7571039572358,-2473.9938988536596,-14482.393124058843,-35330.88377547264,-52573.2598156929,-43137.02895735204,-2622.7724244445562
46106,-13016.51868443191,0.0,0.0,0.0,-89.62158244103193,-1943.5813249666244,-6774.970990225673,-5137.842893846333,-11230.541092000902,-13051.061487317085,-4428.434777669609,-12474.46735634841
46107,0.0,0.0,0.0,0.0,0.0,0.0,0.0,0.0,0.0,0.0,0.0,0.0
46108,0.0,0.0,0.0,0.0,0.0,0.0,0.0,0.0,0.0,0.0,0.0,0.0
46132,0.0,0.0,-1518.8769226074219,-15650.024772524834,-38565.37927055359,-307149.768130064,-492456.844199419,-425457.3465795517,-541420.3650164604,-282591.4265079498,0.0,0.0
46133,77.72231059521437,3136.436486106366,5122.329395849258,5398.370301965624,7547.505434855819,3160.1625811606646,3851.7300087064505,5875.825400352478,2978.6122891902924,4792.889245033264,2582.4851692840457,0.0
46136,3943.5526894032955,4065.5734888240695,3582.3641123622656,3665.845468580723,13962.336090639234,5829.372505307198,10430.58961302042,8575.44577550888,2752.0330797433853,4908.6479115486145,10186.87762619555,4747.5826737731695
46139,0.0,0.0,0.0,0.0,0.0,0.0,0.0,0.0,0.0,0.0,0.0,0.0
46140,0.0,0.0,0.0,0.0,0.0,0.0,0.0,0.0,0.0,0.0,0.0,0.0
46141,0.0,0.0,0.0,0.0,0.0,0.0,0.0,0.0,0.0,0.0,0.0,0.0
46142,0.0,0.0,0.0,0.0,0.0,0.0,0.0,0.0,0.0,0.0,0.0,0.0
46143,944.9460815563798,1155.8964382782578,1397.1310896389186,297.650903403759,0.0,70.55046556890011,2028.2363985180855,10108.489378031343,15624.604085378349,-1267.4581525921822,-2512.1923040729016,-10411.430946411565
46157,0.0,0.0,0.0,0.0,-0.2788570933043957,-3148.8836703449488,-15087.4480740726,-15268.050182323903,-1558.876062631607,-3510.5933249890804,0.0,0.0
46160,266.20826674997807,295.8443493619561,667.7799757197499,766.988586768508,55.905494099482894,2779.486783385277,7341.860378086567,6102.150849997997,646.6446312665939,5268.276785820723,31.237600296735764,26.538546159863472
46161,0.0,0.0,0.0,0.0,0.0,0.0,0.0,0.0,0.0,0.0,0.0,0.0
46162,0.0,0.0,0.0,0.0,0.0,0.0,0.0,0.0,0.0,0.0,0.0,0.0
46168,-8.969925090670586,-25.58151340484619,-36.05240259319544,-47.85445896536112,-21.477637007832527,0.0,-25.76754465699196,-251.5856715068221,-777.7976325377822,-721.7273387759924,-266.7927703112364,-230.9217001721263
46169,149123.46707054973,81951.82879045606,305757.5737296492,359622.1774096489,383994.8413552642,952602.3454033136,1118573.4181659073,804484.3805402219,-1492666.5303547978,-3520991.0714663267,-4061503.310348794,-2653324.0859421194
46175,5150.6401916742325,14138.686143755913,23103.524303257465,40765.46500645578,490.56903064250946,5064.900219738483,10074.671763911843,11752.755716890097,17248.066484473646,7797.597717322409,4207.01953214407,1631.444678723812
46176,0.0,0.0,0.0,0.0,0.0,0.0,0.0,0.0,0.0,0.0,0.0,0.0
46177,0.0,0.0,0.0,0.0,0.0,0.0,0.0,0.0,0.0,0.0,0.0,0.0
46178,0.0,0.0,0.0,0.0,0.0,0.0,0.0,0.0,0.0,0.0,0.0,0.0
46285,0.0,0.0,0.0,0.0,0.0,0.0,0.0,0.0,0.0,0.0,0.0,0.0
46286,91183.65232246369,227903.6865711962,347641.09320565406,415165.6907302984,305171.64608495776,0.0,0.0,0.0,0.0,0.0,0.0,0.0
46287,74112.83285883605,189902.3740249765,287347.91712642927,347256.15256503783,257666.20884524286,0.0,0.0,0.0,0.0,0.0,0.0,0.0
46320,0.0,0.0,0.0,0.0,0.0,0.0,0.0,0.0,0.0,0.0,0.0,0.0
46321,0.0,0.0,0.0,0.0,0.0,0.0,0.0,0.0,0.0,0.0,0.0,0.0
46345,3351126.855200071,8751953.809419824,11789327.448197016,10136508.613008905,8543969.831298396,503607.5753168613,4016729.511757374,3205606.5907262564,4064444.9265773296,8702628.94939804,1434551.2046335936,181893.33478409052
46346,-8137.167750636116,-10074.637226758525,-30916.1349661313,-13933.2838566266,-421.2541198255494,-70.79023025650531,-3687.4073179513216,-4595.140237111598,-6168.638113791123,-10691.918826520443,-5971.725859802216,-4139.529982151464
46347,0.0,0.0,0.0,0.0,0.0,0.0,0.0,0.0,0.0,0.0,0.0,0.0
46371,0.0,0.0,0.0,0.0,-216.21801854949445,-19676.879665058106,-7006.26904296875,-47919.93683356047,-30261.57288131118,-20134.05338163674,-15360.795672550797,0.0
46372,-6114.207377046347,-10759.371861360967,-8854.430673670024,-7774.527714677155,-6305.911849737167,-5698.004091322422,-6573.0477659106255,-10914.896572589874,-4346.742457866669,-3077.0703568458557,-4695.748273253441,-3952.9612095355988
46376,-1235849.4066967666,-2922460.5385171846,-2062604.94381994,-975766.9338392019,-3250179.4220065176,-1346957.8213523626,-2267804.613912225,-2361715.4875330925,-751223.2633929253,-892042.5979878902,-1118586.7228345573,-782883.9808241725
46377,0.0,0.0,0.0,0.0,0.0,0.0,0.0,0.0,0.0,0.0,0.0,0.0
46378,0.0,0.0,0.0,0.0,0.0,0.0,0.0,0.0,0.0,0.0,0.0,0.0
46380,95.72412903606892,-187.70450434461236,-303.9159557297826,-206.9795005954802,-15.945562103763223,-322072.009367859,-189575.50446899538,-5662.252502166724,0.0,-614.4026235630736,0.0,1617.668429447338
46381,-445.03383366018534,-522.419184781611,-712.8153643421829,-355.7007595412433,0.0,-483.0416788905859,-6934.754807710648,-1529023.2770403028,-2034103.9493566304,-732582.7550465167,-12811.736364243552,-1132.6089754290879
46397,6738.8788385391235,-219.4774649143219,-608.5637474060059,-709.0776165723801,-51.43189227581024,6486.45828294754,22847.49690437317,17850.48791217804,331.353551864624,15107.438389778137,14782.55311012268,18693.07059264183
46398,0.0,0.0,0.0,0.0,0.0,0.0,0.0,0.0,0.0,0.0,0.0,0.0
46399,0.0,0.0,0.0,0.0,0.0,0.0,0.0,0.0,0.0,0.0,0.0,0.0
46400,-252.9527506828308,-280.96924781799316,-165.02444982528687,0.0,-16282.568106651306,2409.234288454056,-253352.328738451,-180345.72425699234,-74700.90964841843,-31091.00362968445,-245.84545469284058,-171.78024864196777
46401,42.28609848022461,60.05231714248657,111.80156373977661,60.362401485443115,403.4346375465393,3182.3117818832397,9034.199756622314,1973.8271617889404,168.35109424591064,1472.141134262085,536.4802131652832,82.9423475265503
46402,-924.0956719536334,-73.43719764985144,-62.887559808790684,-120.44301953539252,-132.16629544645548,-104.43717161472887,-17.222396289464086,-26.842610405990854,-91.07695450098254,-2155.469503298402,-864.4223020868376,-1338.4708078128751
46403,1044.2983630895615,1477.0331262648106,2761.9959788918495,2277.458199441433,0.0,11506.592302799225,35656.05534441769,39501.16433426738,20567.09002634883,21448.44261956215,445.91607478260994,107.19671103358269
46409,0.0,0.0,0.0,0.0,0.0,0.0,0.0,0.0,0.0,0.0,0.0,0.0
46410,0.0,0.0,0.0,0.0,0.0,0.0,0.0,0.0,0.0,0.0,0.0,0.0
46411,0.0,0.0,0.0,0.0,0.0,0.0,0.0,0.0,0.0,0.0,0.0,0.0
46412,0.0,0.0,0.0,0.0,0.0,0.0,0.0,0.0,0.0,0.0,0.0,0.0
46413,0.0,0.0,0.0,0.0,0.0,0.0,0.0,0.0,0.0,0.0,0.0,0.0
46414,0.0,0.0,0.0,0.0,0.0,0.0,0.0,0.0,0.0,0.0,-76053.75954068732,-59743.07439527754
46415,-42586.34924101597,-25839.137904993724,-29566.818272590404,-10913.46320844628,0.0,0.0,-17747.51190112019,-30801.896330073476,-24095.502104394138,-80417.16536654625,0.0,-90.45452117919922
46416,-33250.26745952666,-1683.994379941374,-57834.592800319195,-56538.45198657736,-35708.488505765796,-49636.30904088169,-6211.437522873282,-19922.970836922526,-33543.48511458188,-138898.50163321197,-204678.91383220255,-159228.04289386794
46423,-1885.5326361432672,-1229.272745192051,0.0,-46.16211846098304,-255.76799473166466,-2083.5573877096176,-3007.907179504633,-3011.7046992853284,-1174.1411598175764,-2167.3183356504887,-2591.1798874922097,-2168.041200619191
46424,0.0,0.0,0.0,0.0,0.0,0.0,0.0,0.0,0.0,0.0,0.0,0.0
46425,0.0,0.0,0.0,0.0,0.0,0.0,0.0,0.0,0.0,0.0,0.0,0.0
46533,0.0,0.0,0.0,0.0,0.0,0.0,0.0,0.0,0.0,0.0,0.0,0.0
46534,-182625.43760979548,-474618.1348928418,-714321.943248217,-193983.328125,-6133.96240234375,0.0,0.0,0.0,0.0,0.0,0.0,0.0
46565,0.0,0.0,0.0,0.0,0.0,0.0,0.0,0.0,0.0,0.0,0.0,0.0
46566,0.0,0.0,0.0,0.0,0.0,0.0,0.0,0.0,0.0,0.0,0.0,0.0
46567,0.0,0.0,0.0,0.0,0.0,0.0,0.0,0.0,0.0,0.0,0.0,0.0
46568,-199931.6421502009,-234967.1763643548,-303017.7065086849,-92499.08855730295,-2280.8130512051284,-10091.96357357502,-13122.380983352661,-58505.558377981186,-100667.7819788456,-190396.0990628004,-67455.15104988217,-125685.44514864683
46591,-438418.6875,220707.87623077165,0.0,0.0,2293548.714079961,174940.85566345276,675343.1386803389,473321.3456707299,510199.24549251795,1422079.9523091912,602612.892855972,-1226703.9698339328
46592,-9506.317008491606,0.0,0.0,0.0,-218.22335064579966,-197.28116947683156,-4035.3159972131252,-5079.868040448986,-9174.082603436895,-13272.57025283575,-5150.689591301605,-5340.877414780669
46593,0.0,0.0,0.0,0.0,0.0,0.0,0.0,0.0,0.0,0.0,0.0,0.0
46594,0.0,0.0,0.0,0.0,0.0,0.0,0.0,0.0,0.0,0.0,0.0,0.0
46617,-32071.695224165916,-121294.95881277323,-255216.6543021202,-358175.2478016019,-160003.96713161469,-286865.96199578047,-539369.4129625559,-524959.9209963083,-376222.6964068413,-302382.0158729553,-40977.42744255066,-2273.865954518318
46618,0.0,311.06191905774176,1940.3157942499965,2110.2106282319874,2508.918943637982,2015.9283924680203,140.4694163221866,1868.357342004776,0.0,0.0,0.0,0.0
46621,-269702.1959255785,-4585813.967115264,-5008006.598183695,-3861933.388099432,-9221119.624995299,-2380961.664703548,-3825738.527614385,-6429748.219438046,-3189725.327067971,-3007131.1427981853,-1783604.1349233836,-300893.5443505347
46623,-75271.14876198769,-116431.18282055855,-93488.42264282703,-18744.068722724915,-42804.773112773895,-78377.61013406515,-50946.11899673939,-96719.34033107758,-63102.907343268394,-25716.500948667526,-52976.78970980644,-90673.83340865374
46625,0.0,0.0,0.0,0.0,0.0,0.0,0.0,0.0,0.0,0.0,0.0,0.0
46626,0.0,0.0,0.0,0.0,0.0,0.0,0.0,0.0,0.0,0.0,0.0,0.0
46627,0.0,0.0,0.0,0.0,0.0,-1195.7200809717178,-1546.7984681129456,-1372.258572936058,-975.5916092693806,-372.2189713716507,-27.301242507994175,0.0
46643,0.0,0.0,0.0,0.0,0.0,0.0,0.0,0.0,0.0,0.0,0.0,0.0
46644,819.6620606184006,119.08943557739258,61.82203710079193,0.0,11.303242087364197,4.957545757293701,88.0084662437439,67.59673023223877,20.378607749938965,939.241847038269,2821.453094482422,1869.1535588502884
46645,0.0,0.0,0.0,0.0,0.0,0.0,0.0,0.0,0.0,0.0,0.0,0.0
46646,0.0,0.0,0.0,0.0,0.0,0.0,0.0,0.0,0.0,0.0,0.0,0.0
46656,-2812.8484570384026,-216.89200910925865,-327.1766305565834,-156.86805844306946,0.0,0.0,-200.69017240405083,-204.68779626488686,-1485.4998556375504,-4358.4107802808285,-2011.2395447194576,-3369.0524901747704
46657,0.0,0.0,0.0,0.0,0.0,0.0,0.0,0.0,0.0,0.0,0.0,0.0
46658,0.0,0.0,0.0,0.0,0.0,0.0,0.0,0.0,0.0,0.0,0.0,0.0
46659,0.0,0.0,29052.81035957113,206068.14263773337,109534.3426553607,221893.50857886672,375290.83139035106,138348.2282815799,0.0,0.0,0.0,0.0
46660,0.0,0.0,0.0,0.0,0.0,0.0,0.0,0.0,0.0,0.0,0.0,0.0
46661,0.0,0.0,0.0,-430.0045202895999,-437.3228585124016,-1020.0578054785728,-1288.2908991500735,-466.56276266276836,0.0,0.0,0.0,0.0
46662,0.0,0.0,0.0,0.0,0.0,0.0,0.0,0.0,0.0,0.0,0.0,0.0
46663,0.0,0.0,0.0,0.0,0.0,0.0,0.0,0.0,0.0,0.0,0.0,0.0
46664,-19729.17103485018,-53473.40233404562,-67367.22772467136,-103795.41156768426,-6779.678586542606,0.0,-11236.597751662135,-14488.164812676609,-10214.651616200805,-7293.227963030338,-2654.5699510127306,-200.5040960609913
46665,0.0,0.0,0.0,0.0,0.0,0.0,0.0,0.0,0.0,0.0,0.0,0.0
46666,0.0,0.0,0.0,0.0,0.0,0.0,0.0,0.0,0.0,0.0,0.0,0.0
46667,0.0,0.0,0.0,0.0,0.0,0.0,0.0,0.0,0.0,0.0,0.0,0.0
46668,-9985.230052839965,-9063.463731240481,-812.3478658758104,0.0,0.0,0.0,-17.598290073685348,-4833.972842244431,-5025.273213498294,-7010.856955680996,-11713.060728039593,-9906.924036639743
46669,-1960991.2263195217,-521376.93797406554,198620.4871428609,638549.2778788209,531500.9721470475,511623.75816617906,-573797.818480894,-1571533.399849102,229919.57852861285,1815467.7221173048,1655996.5376900136,1107729.9777279794
46670,-171436.984375,-331397.7118696496,-394664.4516871711,-237514.703125,-713141.75,-23183.7734375,-334806.65625,-319515.59375,-2945.581298828125,0.0,0.0,0.0
46671,25704.581540480256,20012.649036571383,34175.67314333469,38426.89548574947,7966.946369826794,0.0,423.60178919136524,17939.553372606635,66888.25515895523,-2400452.9397756457,26353.668489445,-2360116.9691108745
46672,-2352.628465078771,0.0,-114.42274374142289,-5253.5979308746755,-2913.7139061689377,-22711.536804273725,-31139.524756025523,-5090.291252225637,-2541.0364010110497,-2233.53899666667,-2912.003097925335,-2040.3466075509787
46673,-4617.159785605967,-5229.259206309915,-5591.513508696109,0.0,0.0,0.0,0.0,-3532.994199257344,0.0,0.0,0.0,-3198.2417640239
46674,0.0,0.0,0.0,-374.7883879416622,-972.7782878726721,-2752.203296409454,-3174.6967663476244,0.0,-851.7336548175663,-953.6594183277339,-1582.065717165824,0.0
46675,0.0,0.0,0.0,0.0,0.0,0.0,0.0,0.0,0.0,0.0,0.0,0.0
46676,0.0,0.0,0.0,0.0,0.0,0.0,0.0,0.0,0.0,0.0,0.0,0.0
46677,0.0,0.0,0.0,0.0,0.0,1343.9760325853713,15905.78516728431,30058.898902090732,16347.539711229503,3872.607205927372,60.318803168833256,0.0
46678,0.0,0.0,0.0,0.0,0.0,-5961.931805372238,-65846.07378738374,-77897.33140644431,-32876.1599740386,-12074.357482552528,-1291.8327600359917,0.0
46679,0.0,0.0,0.0,0.0,0.0,0.0,0.0,0.0,0.0,0.0,0.0,0.0
46680,0.0,-4044.770938783884,-9085.148013144732,-19196.674261517823,-668.8680512830615,0.0,0.0,0.0,0.0,0.0,0.0,0.0
46681,0.0,0.0,0.0,0.0,0.0,0.0,0.0,0.0,0.0,0.0,0.0,0.0
46682,0.0,0.0,0.0,0.0,0.0,0.0,0.0,0.0,0.0,0.0,0.0,0.0
46683,0.0,0.0,0.0,0.0,0.0,0.0,0.0,0.0,0.0,0.0,0.0,0.0
46684,0.0,0.0,0.0,0.0,0.0,0.0,0.0,0.0,0.0,0.0,0.0,0.0
46725,0.0,0.0,0.0,0.0,0.0,0.0,0.0,0.0,0.0,0.0,0.0,0.0
46726,0.0,0.0,0.0,0.0,0.0,0.0,0.0,0.0,0.0,0.0,0.0,0.0
46727,0.0,0.0,0.0,0.0,0.0,0.0,0.0,0.0,0.0,0.0,0.0,0.0
46728,0.0,0.0,0.0,0.0,0.0,0.0,0.0,0.0,0.0,0.0,0.0,0.0
46758,0.0,0.0,0.0,0.0,0.0,0.0,0.0,0.0,0.0,0.0,0.0,0.0
46760,0.0,0.0,0.0,0.0,0.0,0.0,0.0,0.0,0.0,0.0,0.0,0.0
46787,0.0,0.0,0.0,0.0,0.0,0.0,0.0,0.0,0.0,0.0,0.0,0.0
46793,0.0,0.0,0.0,0.0,0.0,0.0,-247.16603349149227,-36161.88858407736,-30452.394810706377,-16123.757619157434,-11713.063737131655,-3600.8934097588062
46795,0.0,0.0,0.0,0.0,0.0,0.0,0.0,0.0,0.0,0.0,0.0,0.0
46796,0.0,0.0,0.0,0.0,0.0,0.0,0.0,0.0,0.0,0.0,0.0,0.0
46826,0.0,0.0,0.0,0.0,0.0,0.0,0.0,0.0,0.0,0.0,0.0,0.0
46827,0.0,0.0,0.0,0.0,0.0,0.0,0.0,0.0,0.0,0.0,0.0,0.0
46849,-453000.46875,0.0,0.0,0.0,0.0,213259.64195179474,-459873.7617492676,-2127732.106587082,-2099286.887599051,-3136823.0331644416,-1431724.0665374845,-157869.80925335735
46850,0.0,0.0,0.0,0.0,0.0,0.0,-644479.5315275192,-954080.3840848207,-1095063.5979270935,-879776.7860572934,-604008.3190852404,-1465982.6382785533
46851,0.0,0.0,0.0,0.0,0.0,0.0,0.0,0.0,0.0,0.0,0.0,0.0
46875,-26322.827705055475,-70935.55328603648,-2433.0732421875,0.0,-56633.13590947166,-77244.77577741258,0.0,0.0,-88128.64813286066,-50586.30160135031,0.0,-2335.382757227868
46876,1316.1352974439505,0.0,0.0,0.0,1729.753595387563,1796.5311049642041,0.0,2798.103982694447,1602.8694066405296,602.6505900211632,76.68620845396072,234.87430549506098
46877,0.0,0.0,0.0,0.0,0.0,0.0,0.0,0.0,0.0,0.0,0.0,0.0
46878,-6166.4528875388205,-9491.467298538424,-6475.401403319091,-1876.3788227299228,-2142.6351148188114,-1824.0829702541232,-2224.038602769375,-8647.90654616803,-2446.7933623194695,-521.4387888908386,-1786.6999140828848,-3922.2601445391774
46879,-283.1578611880541,-1119.930067423731,-765.8972524628043,-502.3758731484413,-1200.3463037461042,-267.34678015112877,-880.1374399363995,-898.1035546958447,-462.72715294361115,-292.60585379600525,-142.16057741641998,-174.8699294552207
46880,0.0,0.0,0.0,0.0,0.0,3247.8077939152718,14287.223851919174,101662.96587121487,63047.636572778225,86064.40852832794,7004.689777493477,0.0
46882,-161280.076734066,-313670.08486151695,-557045.6586973667,-348884.3248267174,-562031.7643256187,-254325.6889743805,-391004.01039123535,-657365.0039110184,-496328.144970417,-344283.29519462585,-267368.08902835846,-152844.00564336777
46883,0.0,0.0,0.0,0.0,0.0,0.0,0.0,0.0,0.0,0.0,0.0,0.0
46884,-291335.2151892185,2885.8230724334717,3514.477280139923,183.41134309768677,-1377.064697265625,-949015.289983511,-3613846.602985382,-6686719.392173767,-3210398.414999962,-3355985.0733189583,-1143896.4449486732,-689494.6233968735
46885,0.0,0.0,0.0,0.0,0.0,0.0,0.0,0.0,0.0,0.0,0.0,0.0
46912,-26.819282054901123,-154.82410848140717,-365.8699597120285,-458.8882148861885,-248.97157150506973,-67.27076888084412,-366.00182580947876,-391.58607268333435,-506.33955478668213,-215.8265483379364,-70.80958205461502,-74.6706091761589
46913,0.0,0.0,-4.37073013279587,-1635.1820242598187,-542.4160657376051,-2035.1475177407265,-3189.3450076431036,-760.7265716651455,0.0,0.0,0.0,0.0
46914,3677.624883096665,932.3171800142154,0.0,0.0,0.0,0.0,0.0,0.0,171.95902811316773,788.3137560645118,3903.4929339662194,3089.6756335645914
46915,2792.9380821548402,0.0,0.0,0.0,0.0,0.0,0.0,928.0604456742294,3461.8604017980397,6792.893062926829,8012.072424731217,6051.863765917718
46916,0.0,0.0,0.0,0.0,0.0,-185.07323718816042,-1113.8009899947792,-1405.2358920164406,-1063.7627785112709,-213.42362658679485,0.0,0.0
46917,0.0,0.0,0.0,0.0,0.0,0.0,0.0,0.0,0.0,0.0,0.0,0.0
46918,-1598367.1330758175,0.0,0.0,-930287.3359212852,-161922.14982820768,-1302709.011427639,-178061.77832864784,0.0,-784457.6875,-6046.72216796875,0.0,0.0
46919,-1896.9353836032096,0.0,0.0,0.0,0.0,0.0,0.0,-96.33403607239597,-579.504982721759,-5334.726755682379,-5555.7837637625635,-4894.735576100298
46920,0.0,0.0,0.0,0.0,0.0,0.0,0.0,0.0,0.0,0.0,0.0,0.0
46921,0.0,0.0,0.0,0.0,0.0,0.0,0.0,0.0,0.0,0.0,0.0,0.0
46922,0.0,0.0,0.0,0.0,0.0,0.0,0.0,0.0,0.0,0.0,0.0,0.0
46930,27127.929526232183,26081.66426802054,9146.25178479636,0.0,0.0,0.0,0.0,0.0,0.0,9468.74232878536,22011.706287689507,27371.106647809967
46949,0.0,0.0,0.0,0.0,0.0,0.0,0.0,0.0,0.0,0.0,0.0,0.0
46962,0.0,0.0,0.0,0.0,0.0,0.0,0.0,0.0,0.0,0.0,0.0,0.0
47025,0.0,0.0,0.0,0.0,0.0,0.0,0.0,0.0,0.0,0.0,0.0,0.0
47032,0.0,0.0,0.0,0.0,0.0,0.0,0.0,0.0,0.0,0.0,0.0,0.0
47033,0.0,0.0,0.0,0.0,0.0,0.0,0.0,0.0,0.0,0.0,0.0,0.0
47034,119175.6839059703,377907.3809689833,579911.4511829037,682284.3887879215,515408.4316486288,0.0,0.0,0.0,0.0,0.0,0.0,0.0
47060,-6882.044472097361,-9193.42578125,-768.8489990234375,0.0,0.0,0.0,0.0,0.0,0.0,0.0,0.0,0.0
47061,0.0,0.0,0.0,0.0,0.0,0.0,0.0,0.0,0.0,0.0,0.0,0.0
47062,0.0,0.0,0.0,0.0,0.0,0.0,0.0,0.0,0.0,0.0,0.0,0.0
47063,0.0,0.0,0.0,0.0,0.0,0.0,0.0,0.0,0.0,0.0,0.0,0.0
47083,0.0,0.0,0.0,0.0,0.0,0.0,-47525.027503184974,-73653.60642242432,-78698.2122842297,-86947.39535045624,-14544.437670841813,-62566.69528774917
47084,-50294.38673807308,0.0,0.0,0.0,0.0,0.0,-5571.911610096693,-65637.06194975227,-82160.55799733102,-139425.26786977053,-66133.8564530313,-8095.628645643592
47085,0.0,0.0,0.0,0.0,0.0,0.0,0.0,0.0,0.0,0.0,0.0,0.0
47110,0.0,0.0,0.0,0.0,-523.8622569441795,-52221.12735854089,-85855.09786456451,-86325.93842818588,-55142.64975667,-35442.853301644325,0.0,0.0
47111,-79109.08912101388,-112943.91993315518,-88161.15781070292,-12544.966887831688,-15789.931136131287,-27988.89523243904,-28269.2269115448,-49793.913026332855,-24680.323082447052,-28036.17576122284,-38844.416706979275,-74990.29906210303
47115,0.0,0.0,0.0,0.0,0.0,0.0,0.0,0.0,0.0,0.0,0.0,0.0
47116,0.0,0.0,0.0,0.0,0.0,0.0,0.0,0.0,0.0,0.0,0.0,0.0
47117,0.0,0.0,0.0,0.0,0.0,0.0,0.0,0.0,0.0,0.0,0.0,0.0
47142,0.0,0.0,0.0,0.0,0.0,0.0,0.0,0.0,0.0,0.0,0.0,0.0
47143,0.0,0.0,0.0,0.0,0.0,0.0,0.0,0.0,0.0,0.0,0.0,0.0
47144,0.0,0.0,0.0,0.0,0.0,0.0,-289.90111302955484,-1988.974680912026,-4468.681784709799,-7066.442226206098,-1754.4394158266223,-1019.7246561895299
47145,0.0,0.0,0.0,0.0,0.0,0.0,0.0,0.0,0.0,0.0,0.0,0.0
47146,0.0,0.0,0.0,0.0,0.0,0.0,0.0,0.0,0.0,0.0,0.0,0.0
47151,0.0,0.0,0.0,0.0,0.0,0.0,0.0,0.0,0.0,0.0,0.0,0.0
47156,0.0,-391836.8293738789,0.0,0.0,0.0,0.0,0.0,0.0,0.0,0.0,0.0,0.0
47238,0.0,0.0,0.0,0.0,0.0,0.0,0.0,0.0,0.0,0.0,0.0,0.0
47249,0.0,0.0,0.0,0.0,0.0,0.0,0.0,0.0,0.0,0.0,0.0,0.0
47256,0.0,0.0,0.0,0.0,0.0,0.0,0.0,0.0,0.0,0.0,0.0,0.0
47257,80295.8461643029,45509.43066184386,0.0,0.0,0.0,0.0,0.0,0.0,18984.40207999281,81936.49670981755,125849.66369021032,108587.96073576948
47281,133518.6218934683,328854.6870837249,504409.79052912816,550905.209104212,408788.6140567446,0.0,0.0,0.0,0.0,0.0,0.0,0.0
47282,0.0,0.0,0.0,0.0,0.0,0.0,0.0,0.0,0.0,0.0,0.0,0.0
47283,0.0,0.0,0.0,0.0,0.0,0.0,0.0,0.0,0.0,0.0,0.0,0.0
47284,-3989899.129107237,-4261217.89356254,-5491428.322465628,-5119492.484436765,-959013.6924553141,0.0,0.0,0.0,0.0,0.0,0.0,0.0
47303,0.0,0.0,0.0,0.0,-6665.121208075434,-7152.1858659510035,-111023.65043896437,-121372.2890625,-207291.64903076738,-298729.1913676858,-86909.14292268455,-136292.61250387877
47304,0.0,0.0,0.0,0.0,0.0,0.0,0.0,0.0,0.0,0.0,0.0,0.0
47308,-691818.7977238894,-852267.953725934,-444336.5938965082,0.0,-38838.35641181469,-74670.86977005005,-647606.066939354,-1148128.6633148193,-1280507.2748384476,-587943.0326251984,-461293.40032076836,-641226.9181287289
47309,-104112.72181198001,-120744.25685888529,-49382.069610089064,-17.256511196494102,-1978.1621274352074,0.0,-29.731027126312256,-8313.210819244385,-10942.910672187805,-8172.153606891632,-68189.39764875174,-95789.60308641195
47328,-790.6524284482002,-11596.42811524868,-29449.694989860058,-26431.422302618623,-31602.15773421526,-20135.992799535394,-17406.864156365395,-33405.8481079936,-23385.883954524994,-24886.705006361008,-14249.105244338512,-1491.5003787875175
47329,-733.7072528190911,-1717.833057523705,-2099.9578438769095,-2190.560638071038,-837.8678404781967,-1429.0921321636997,-3256.341746652266,-4344.9072265625,-3771.9166308045387,-2116.5422632992268,-302.0546987578273,-430.49221051484346
47330,0.0,-2574.713367074728,-48942.47659347858,-35350.55477775261,-50885.292706400156,-25319.969268471003,-10446.312465071678,-15233.159954756498,-12004.273174792528,-19930.33266413212,-53462.75765282102,-9661.265049083158
47334,0.0,0.0,0.0,0.0,0.0,0.0,0.0,0.0,0.0,0.0,0.0,0.0
47335,219.8939309567213,266.2039372958243,344.28922820836306,122.902249481529,0.0,989.9992407560349,5761.898458823562,5086.2643935233355,4259.047562941909,963.9513240456581,58.91501833498478,131.03634195402265
47336,126.46061845123768,151.731898188591,144.39545971900225,0.0,0.6214429065585136,253.14680886268616,2152.377273797989,1253.869433760643,976.243155002594,27.237544059753418,23.834221065044403,119.19153271615505
47337,982.2490778341889,1164.7067790590227,1115.8910288587213,0.0,4.864935338497162,2098.4927647039294,12599.315647557378,11354.361215136945,5064.437873855233,79.00866994261742,184.1437266021967,873.0589081048965
47338,-691394.9502528012,-100941.39393714815,-125876.43732665479,-20365.66185106337,74.38922244310379,-458.86550176143646,-30112.033358573914,-25187.693611204624,-15534.88638305664,-37649.861191391945,-1997313.0691406727,-2128390.2022871673
47359,0.0,0.0,0.0,0.0,0.0,0.0,0.0,0.0,0.0,0.0,0.0,0.0
47360,0.0,0.0,0.0,0.0,0.0,0.0,0.0,0.0,0.0,0.0,0.0,0.0
47361,0.0,0.0,0.0,0.0,0.0,0.0,0.0,0.0,0.0,0.0,0.0,0.0
47362,0.0,0.0,0.0,0.0,0.0,0.0,0.0,0.0,0.0,0.0,0.0,0.0
47363,0.0,0.0,0.0,0.0,0.0,0.0,0.0,0.0,0.0,0.0,0.0,0.0
47364,0.0,0.0,0.0,0.0,0.0,0.0,0.0,0.0,0.0,0.0,0.0,0.0
47365,0.0,0.0,0.0,0.0,0.0,0.0,0.0,0.0,0.0,0.0,0.0,0.0
47434,0.0,0.0,0.0,0.0,65.41634738445282,0.0,1567.9987630844116,2364.2997794151306,3843.5073471069336,3970.34365940094,1850.3170700073242,204.71127438545227
47469,0.0,0.0,0.0,0.0,0.0,0.0,0.0,0.0,0.0,0.0,0.0,0.0
47470,0.0,0.0,-191344.696976915,0.0,0.0,0.0,-32493.416628479958,-116947.06793165207,-2506827.059625149,-3966808.9677327946,0.0,0.0
47476,0.0,0.0,0.0,0.0,0.0,0.0,0.0,0.0,0.0,0.0,0.0,0.0
47478,552820.7283187136,1954998.4297902286,3009505.8173133135,3444081.038872212,2653466.8850907832,0.0,147189.46622485667,339025.0479970835,373069.11288555525,360501.2852300778,201723.951159643,3815.564944381971
47479,601194.622324571,2054125.568863146,3134563.5145519823,3589561.151632324,2781306.5297899544,0.0,0.0,-1626.3507109880447,-2111.0593771487474,0.0,0.0,0.0
47499,0.0,0.0,0.0,0.0,0.0,0.0,0.0,0.0,0.0,0.0,0.0,0.0
47500,0.0,0.0,0.0,0.0,0.0,0.0,0.0,0.0,0.0,0.0,0.0,0.0
47501,185132.45091975943,466083.920884731,720588.9764817577,795900.5511587934,604843.1911270388,0.0,0.0,0.0,0.0,0.0,0.0,0.0
47502,-124607.96980239451,-140430.79109710455,-71437.49545324594,-16718.977672941983,-70126.47959492356,-20935.250733971596,-744.0373935699463,-6655.605855464935,-14249.888928890228,-45557.61922001839,-58173.81357973814,-120217.60239183903
47520,-137469.31053244695,0.0,0.0,0.0,-231.4112801058218,-10095.779422104359,-71739.36664879322,-359667.28968518693,-452514.1584511399,-538420.5485159606,0.0,0.0
47521,0.0,0.0,0.0,0.0,0.0,0.0,0.0,0.0,0.0,0.0,0.0,0.0
47526,-232294.86130326986,-287803.355137039,-159499.5118775405,-2323.5184828825295,-5533.6683759093285,0.0,-854.2904703617096,-9917.902836203575,-28381.863775610924,-37762.22157531977,-85108.68899467587,-214802.62739412487
47527,0.0,0.0,0.0,0.0,0.0,0.0,0.0,0.0,0.0,0.0,0.0,0.0
47547,-992.1290122270584,-24208.822275459766,-83223.84576541185,-83427.47700607777,-86107.08385890722,-93306.87372586131,-25100.31377875805,-139291.5111385584,-71533.24184560776,-60574.12833547592,-43765.311078071594,0.0
47548,-3728.553243994713,-43056.26701011509,-68650.17171382159,-79589.39534692466,-83973.45286345482,-24208.73987659812,-44163.49694087356,-88858.87379065529,-47659.8725540638,-40156.518344163895,-3429.527203440666,0.0
47549,-2087.1319152973592,-17706.913634300232,-34671.09049209952,-21482.104618906975,-24036.191751539707,-2224.6313369870186,-6149.171099811792,-8936.994177401066,-9887.363297879696,-11522.691534757614,-5987.931337200105,0.0
47553,0.0,0.0,0.0,0.0,0.0,0.0,0.0,0.0,0.0,0.0,0.0,0.0
47554,0.0,0.0,0.0,0.0,0.0,0.0,0.0,0.0,0.0,0.0,0.0,0.0
47555,0.0,0.0,0.0,0.0,0.0,0.0,0.0,0.0,0.0,0.0,0.0,0.0
47556,1550.0839761048555,1789.6298244297504,1177.6337510049343,0.0,0.0,-388744.71942710876,-2903480.4888100624,-3137248.3024334908,-1183542.851548314,-634277.9207810163,30481.015853494406,13590.287597700953
47561,1038.195188716054,1182.8801323622465,1681.6999133974314,1664.439911082387,93.09721900522709,6509.655518844724,0.0,0.0,28745.970741391182,15498.778806872666,812.001682639122,102.5861093737185
47562,2135.780144959688,483.83332089334726,750.667909629643,571.5424678139389,31.041157968342304,3.8796665221452713,1469.8737699910998,718.4606787413359,3591.319479227066,6058.505354300141,10118.277959421277,6108.767422288656
47563,0.0,0.0,0.0,0.0,0.0,0.0,0.0,0.0,0.0,0.0,0.0,0.0
47564,0.0,0.0,0.0,0.0,0.0,0.0,0.0,0.0,0.0,0.0,0.0,0.0
47574,0.0,0.0,0.0,0.0,0.0,0.0,0.0,0.0,0.0,0.0,0.0,0.0
47575,0.0,0.0,0.0,0.0,0.0,0.0,0.0,0.0,0.0,0.0,0.0,0.0
47577,-27547.0725518181,-6417.076544888783,0.0,0.0,0.0,0.0,0.0,0.0,-5701.145120244473,-28270.363133179955,-30202.118932757527,-35131.65899087605
47578,0.0,0.0,0.0,0.0,0.0,698.8953915623715,4335.673604512529,0.0,14343.662288820371,16037.627832499798,1033.0726086830255,0.0
47579,0.0,0.0,0.0,0.0,0.0,0.0,0.0,0.0,0.0,0.0,0.0,0.0
47580,-2497274.8448274434,-2875703.113638103,-2162772.6456573606,-1241119.1411122084,-370864.4838004112,-41180.99824640155,-496736.11257225275,-1672164.1359136552,-2482828.7663570046,-6551004.773159385,-5942980.151281178,-4332366.19673723
47593,-257188.79867896438,-251242.81293822825,-76573.32178758085,0.0,0.0,0.0,0.0,0.0,0.0,-61199.32979989052,-205797.70480322838,-268049.02420538664
47691,0.0,0.0,0.0,0.0,0.0,0.0,-4942.093409281777,0.0,-25605.274219801184,-276.14105224609375,-23055.752890892327,-1843.1824417561293
47693,28727.382691560313,85859.60850971728,128332.68737353478,146039.9874333213,112290.29197142227,0.0,219113.33978982642,574708.4671005085,702034.4397786111,757210.0037770197,474780.862671474,69748.36028849077
47712,0.0,0.0,0.0,0.0,0.0,0.0,0.0,0.0,0.0,0.0,0.0,0.0
47713,0.0,0.0,0.0,0.0,0.0,0.0,0.0,0.0,0.0,0.0,0.0,0.0
47714,-74182.91896579415,0.0,0.0,0.0,-13720.538872536272,-5532.835639476776,0.0,-10348.111184835434,-15991.693313598633,-30286.503737449646,-20535.812970340252,-66330.8284432739
47730,0.0,0.0,0.0,0.0,0.0,-2820.905972873792,-44576.56640625,0.0,0.0,0.0,0.0,0.0
47731,-21548694.06887102,-43657037.873081684,-26430136.568745136,-7053591.708677053,-27672061.644851685,-180829798.47387314,-180587445.41397095,-427421101.7191887,-582436605.8489227,-208119910.60221148,-21067875.9433918,-28676609.43647766
47732,9031.834952127188,0.0,0.0,7898.974250443745,0.0,189.21506930235773,2929.7005633162335,6335.809907350689,5532.5854556337,9709.489312275779,1299.8759203716181,3404.3689974225126
47733,-18668.028616145253,-22924.66483940184,-19559.843736819923,0.0,-526.0429286658764,0.0,-75.50455063581467,-1173.2210421562195,-3967.0683670043945,-7109.026655495167,-3496.7258176207542,-17178.442358851433
47736,-685216.8765143603,-823123.707750842,-440186.4427265823,0.0,-23287.50808493048,-6488.434668064117,0.0,-18551.484776616096,-88681.78432667255,-105492.02050733566,-227973.05968505144,-615942.7961573601
47737,381030.6975915432,454302.19497179985,195811.9964580834,0.0,4589.348998576403,533.406994342804,-1739.3991804122925,1887.658489227295,63586.55671787262,32350.60164141655,148309.09484952688,348127.2198152542
47738,-569538.7773418427,-660856.016576767,-429228.3935523033,-26987.512621879578,204784.44570541382,777257.5642433167,2313594.703819275,3866843.04032135,4978642.487190247,4377703.885484695,858206.3756380081,-541750.0867996216
47759,-3942.2142181694508,-12829.014482760802,-18350.375007461756,-15459.281960852444,-15117.250770010054,-10710.929756809026,-12922.395903684199,-16135.524218346924,-8758.103960633278,-6297.638946771622,0.0,-379.45220896601677
47760,-48947.6923616603,-56433.96760896873,-36210.6187494779,0.0,-1774.2204238325357,-11415.358121693134,-21140.239538282156,-31697.03353971243,-7650.811923980713,-7891.937110424042,-20243.678024806082,-47506.81981157884
47761,-3144194.706902802,-3529320.237471819,-3948114.080947548,-631285.0125955939,-57564.63848733902,-44792.22327041626,-299342.62935733795,-735145.1417531967,-825556.1814918518,-1478542.0020503998,-479070.6759335995,-2605946.4414348006
47765,0.0,0.0,0.0,0.0,0.0,0.0,0.0,0.0,0.0,0.0,0.0,0.0
47766,0.0,0.0,0.0,0.0,0.0,0.0,0.0,0.0,0.0,0.0,0.0,0.0
47767,511142.55452938005,19692.301520355046,61813.45603697188,67307.92547267489,52338.52608385682,28485.568905889988,14776.21738885343,33036.16926506162,183631.39061422646,883098.9618567601,1301774.5660631359,1196909.7895222902
47768,98.89039691910148,154.7002945970744,211.44004571065307,218.48459904268384,76.15518369339406,15.57994370162487,388.05434842407703,905.2183785364032,2538.906848743558,2288.0279080942273,3730.6236681919545,1711.7630692180246
47769,0.0,0.0,0.0,0.0,0.0,0.0,0.0,0.0,0.0,0.0,0.0,0.0
47770,0.0,0.0,0.0,0.0,0.0,0.0,0.0,0.0,0.0,0.0,0.0,0.0
47771,0.0,0.0,0.0,0.0,0.0,0.0,0.0,0.0,0.0,0.0,0.0,0.0
47780,1771.7134852409363,5134.792481422424,70516.69510316849,113226.86553823948,25744.67297399044,18718.427525281906,556.6390542984009,318.33696603775024,1228.8059375286102,467.8128185272217,176.7831997871399,999.410888671875
47781,337.8887995481491,0.0,182.23443153500557,13157.20457404852,24559.24939930439,-13107.491355061531,-905651.1130445004,-1117869.8195524216,-1051453.2121032476,-719667.6101811528,260.8952269554138,3302.798035621643
47782,-833.228086233139,0.0,-3621.4283142089844,-16179.349455952644,-17672.45046043396,-19749.67041516304,-41800.646582365036,-21736.857727766037,-54386.60917067528,-19171.907628536224,-251.10417795181274,-3155.667500972748
47783,0.0,0.0,0.0,0.0,0.0,0.0,0.0,0.0,0.0,0.0,0.0,0.0
47784,0.0,0.0,0.0,0.0,0.0,0.0,0.0,0.0,0.0,0.0,0.0,0.0
47785,0.0,0.0,0.0,0.0,0.0,0.0,0.0,0.0,0.0,0.0,0.0,0.0
47786,0.0,0.0,0.0,0.0,-2167.8743223547935,-5724.355399161577,-19058.047383606434,-12618.58948892355,-22411.151836276054,-4032.7338566184044,0.0,0.0
47787,0.0,0.0,0.0,0.0,0.0,0.0,0.0,0.0,0.0,0.0,0.0,0.0
47788,0.0,0.0,0.0,0.0,0.0,0.0,0.0,0.0,0.0,0.0,0.0,0.0
47789,0.0,0.0,0.0,0.0,-260.5777019262314,-89.26006507873535,-3289.0470920801163,-4873.931777477264,-4626.464360594749,-948.4650726318359,-6.021499156951904,0.0
47790,0.0,0.0,0.0,0.0,0.0,0.0,0.0,0.0,0.0,0.0,0.0,0.0
47791,0.0,0.0,0.0,0.0,0.0,0.0,0.0,0.0,0.0,0.0,0.0,0.0
47792,0.0,0.0,0.0,0.0,0.0,0.0,0.0,0.0,0.0,0.0,0.0,0.0
47812,0.0,0.0,0.0,0.0,0.0,0.0,0.0,0.0,0.0,0.0,0.0,0.0
47814,0.0,0.0,0.0,0.0,0.0,0.0,0.0,0.0,0.0,0.0,0.0,0.0
47890,-3803583.7393779755,-3477598.9582014084,-2492099.424038172,52234.56876063347,-94344.68190097809,-187927.68446481228,-289363.6961696148,-984102.183368206,-1760119.7749931812,-3728098.980895996,-3567465.861442089,-3891030.7878320217
47904,-24554.073362916708,-76270.9438604936,-123665.19635378872,0.0,0.0,0.0,0.0,0.0,0.0,-435.6635437011719,-0.00014361858484335244,-6829.937535345554
47905,0.0,0.0,0.0,0.0,0.0,0.0,0.0,0.0,0.0,0.0,0.0,0.0
47906,0.0,24376.484689682722,128996.70224075858,315368.7173881186,430104.75969712995,381560.34184805024,550778.6637247847,1876644.033869783,908060.211560607,2806550.5405752473,1913212.9802564904,477857.4561663482
47925,0.0,0.0,0.0,0.0,0.0,0.0,0.0,0.0,0.0,0.0,0.0,0.0
47926,-33756.0557660535,-38673.9753231965,-34543.50210119039,0.0,-593.2506603561342,-1231.9039241075516,0.0,-7960.6785970926285,-11716.753765702248,-18093.272830963135,-6319.740739017725,-29413.829290777445
47939,-137620.2394321561,0.0,0.0,0.0,0.0,-244772.56834968552,-136169.65625,0.0,0.0,-8844082.32392019,-1752859.84187752,-157082.7247465849
47940,-6177606.1676745415,-11822522.991321087,6887108.504444122,21087438.77857566,32510893.46084404,12144168.950334787,21566944.41678822,2139470.7823789045,2984354.3372535706,24628243.45335591,-19396591.700258493,-62030997.20975542
47941,0.0,0.0,0.0,0.0,0.0,114.83800609619357,1061.4522021037992,1452.8272706842981,1737.3357752459124,-166613.60003511328,-41510.222033013124,12.699469906277955
47942,0.0,0.0,0.0,0.0,0.0,0.0,0.0,0.0,0.0,0.0,0.0,0.0
47943,-787475.9984855652,-1289638.0083737373,-1141162.6434612274,-597205.0545431674,-269130.59205803275,-11625.627634704113,-596.8830080032349,-12083.494965553284,-186830.89135479927,-380920.6022093296,-270266.2977566719,-686135.6771988869
47944,-5185119.135654449,-4087750.5703229904,-4734490.851706505,-2101296.6027469635,-3709020.0054636,-29057760.842723846,-72337737.96569824,-66187427.58779907,-70781918.24642944,-45265494.68775177,-17168952.679210663,-12135203.25711441
47945,-23262.06806414947,-29098.5806567017,-24882.712604354136,0.0,-647.1662639640272,-103.40468084812164,-532.5312830209732,-2936.247422784567,-4259.658520758152,-6656.439371407032,-4814.327055810019,-21748.118959691375
47946,-37406.1153042689,-43893.4388776049,-24875.86083880067,0.0,-76.03220993280411,0.0,0.0,-2039.455650806427,-2880.876651763916,-2704.990456163883,-15506.08666844666,-35568.69033162296
47967,-11940.56745004654,-145685.12475132942,-270387.5537877083,-239521.6556223631,-279765.52965033054,-36693.64962267876,-105146.47781729698,-182798.93296205997,-121649.22477340698,-120209.35362625122,-34818.12549114227,0.0
47969,-1066.2184058353305,-15276.587722731754,-42689.06002587918,-23080.50873582065,-26386.645689934492,-1785.9767072200775,-5343.250605583191,-9876.222418040037,-3814.714187860489,-14377.20090585947,-18785.011517472565,0.0
47973,0.0,0.0,0.0,0.0,0.0,0.0,0.0,0.0,0.0,0.0,0.0,0.0
47974,0.0,0.0,0.0,0.0,0.0,0.0,0.0,0.0,0.0,0.0,0.0,0.0
47975,0.0,0.0,0.0,0.0,0.0,0.0,0.0,0.0,0.0,0.0,0.0,0.0
47993,0.0,0.0,0.0,0.0,0.0,0.0,0.0,0.0,0.0,0.0,0.0,0.0
47994,0.0,0.0,0.0,0.0,0.0,0.0,0.0,0.0,0.0,0.0,0.0,0.0
47995,0.0,0.0,0.0,0.0,0.0,0.0,0.0,0.0,0.0,0.0,0.0,0.0
47996,0.0,0.0,0.0,0.0,0.0,0.0,0.0,0.0,0.0,0.0,0.0,0.0
47997,0.0,0.0,0.0,0.0,0.0,0.0,0.0,0.0,0.0,0.0,0.0,0.0
47998,0.0,0.0,0.0,0.0,0.0,0.0,0.0,0.0,0.0,0.0,0.0,0.0
47999,0.0,0.0,0.0,0.0,0.0,0.0,0.0,0.0,0.0,0.0,0.0,0.0
48019,0.0,0.0,0.0,0.0,0.0,0.0,0.0,0.0,0.0,0.0,0.0,0.0
48023,0.0,0.0,0.0,0.0,-3189.8817296288908,-116356.9226547461,-777317.5449756486,-662981.5697549507,-3596488.3279248048,-2383070.1596816853,-1359791.773221545,-387912.31384475715
48099,-2809795.012578249,-2782721.0264759064,389493.54789066315,0.0,396121.4797306061,950269.322286129,-79431.1471067667,2135270.5174913406,5042317.989768982,4462350.593528748,2861634.46168375,-1409624.9225976467
48113,-9544.447345462686,-2774.4072265625,0.0,0.0,0.0,0.0,0.0,0.0,0.0,0.0,0.0,0.0
48114,0.0,0.0,0.0,0.0,0.0,0.0,0.0,0.0,0.0,0.0,0.0,0.0
48115,0.0,0.0,0.0,0.0,0.0,0.0,0.0,312873.2105831504,3745.5661799549853,30059.158548149397,49356.135485752835,46817.323180026375
48131,0.0,0.0,0.0,0.0,0.0,0.0,0.0,0.0,0.0,0.0,0.0,0.0
48132,994989.160476774,2489918.4295322113,4039828.5557509437,4794311.024740988,4053270.08015679,1052906.5755873425,229930.0649084812,0.0,1566356.3973045796,921433.1766737401,559457.0344767496,99897.18984448165
48133,0.0,0.0,0.0,0.0,0.0,0.0,0.0,0.0,0.0,0.0,0.0,0.0
48134,-56746.29789361358,-57371.81511718035,-26502.697486311197,0.0,-1708.1406070142984,-3642.45893406868,-3747.9779629707336,-15664.050590395927,-19877.64195549488,-14611.533940196037,-14941.768570631742,-49247.568011552095
48147,-16124.807107488625,-1464.0720659568906,-235.22985775209963,0.0,0.0,0.0,-1360118.5840064124,-170301.328125,-12.052281379699707,-4273874.0,-27826.126420259476,-32032.20155567676
48148,0.0,0.0,0.0,0.0,0.0,0.0,0.0,0.0,0.0,0.0,0.0,0.0
48170,-86705.89244222641,-191888.841182895,-252725.5981907379,-85699.39021088183,-46444.7615083158,-16407.502451509237,-120847.52472856641,-170444.89909510128,-86737.5015528202,-93284.5412812233,-37919.56487393379,-53060.60328018665
48171,0.0,0.0,0.0,0.0,0.0,0.0,0.0,0.0,0.0,0.0,0.0,0.0
48174,-999753.1906611919,-995225.2598088235,-1405103.5965137482,-725160.9328623414,-13955.235253572464,-34804.372300863266,-146875.24417561293,-236023.17046272755,-234202.87131249905,-617847.3074795008,-372030.49078699946,-373368.4173453152
48175,1.1046348279342055,12.189800150226802,48.297677114838734,53.17818838101812,158.57471186236944,92.14058209210634,676.2623193897307,349.3849216308445,303.1861067712307,5.924624681472778,7.455398226156831,0.0
48176,682.7561757862568,6831.2611414939165,10243.397616058588,13168.219071932137,3510.4558702409267,286.2772889137268,47123.900310873985,18351.307287573814,1543.8933608531952,484.7742247581482,3169.2763130664825,0.0
48194,0.0,0.0,0.0,0.0,3474.7228897809982,5744.318303823471,52616.618916511536,75131.56420660019,52312.931361436844,8175.378125667572,0.0,0.0
48195,0.0,0.0,0.0,0.0,0.0,0.0,0.0,-743.7903704494238,-3125.0329433754086,-13808.353686749935,-11122.23393227905,-10576.113576836884
48196,0.0,16618.44424060732,47820.26175875962,26907.33495757822,3002.6951912268996,0.0,0.0,0.0,0.0,0.0,0.0,0.0
48197,0.0,0.0,0.0,0.0,0.0,0.0,0.0,0.0,0.0,0.0,0.0,0.0
48198,0.0,0.0,0.0,0.0,0.0,0.0,0.0,0.0,0.0,0.0,0.0,0.0
48199,0.0,0.0,0.0,0.0,0.0,0.0,0.0,0.0,0.0,0.0,0.0,0.0
48200,0.0,0.0,0.0,0.0,0.0,0.0,0.0,0.0,0.0,0.0,0.0,0.0
48220,0.0,0.0,0.0,0.0,0.0,-175537.36231496185,-1742822.875,-876047.8793717325,0.0,-4191767.5578838903,0.0,0.0
48316,0.0,0.0,0.0,0.0,0.0,0.0,0.0,0.0,0.0,0.0,0.0,0.0
48317,0.0,0.0,0.0,0.0,0.0,0.0,0.0,0.0,0.0,0.0,0.0,0.0
48318,0.0,0.0,0.0,0.0,0.0,0.0,0.0,0.0,0.0,0.0,0.0,0.0
48319,1811295.032350015,3889554.268249944,5605087.796916701,6249662.183020331,4591237.513293192,0.0,0.0,0.0,-2636943.25,-1237471.875,-41668.765625,-26400.837890625
48331,0.0,0.0,0.0,0.0,0.0,0.0,0.0,0.0,0.0,0.0,0.0,0.0
48332,0.0,0.0,0.0,0.0,0.0,0.0,0.0,0.0,0.0,0.0,0.0,0.0
48333,0.0,0.0,0.0,0.0,0.0,0.0,0.0,0.0,0.0,0.0,0.0,0.0
48334,-132828.6302471459,-155907.73034755886,-132622.03759869933,0.0,0.0,0.0,-4346.642574310303,-26152.454308271408,-23288.98925757408,-41477.348482608795,-10421.292215168476,-39963.5629350543
48346,0.0,-68528.12614531815,-1542.1783443763852,0.0,0.0,0.0,-38619.148216231726,-38727.845307848416,0.0,0.0,-2895312.716217041,-4559805.426576555
48347,0.0,0.0,0.0,0.0,0.0,0.0,0.0,0.0,0.0,0.0,0.0,0.0
48370,-7107.761741474271,-14296.8386111781,0.0,0.0,0.0,-1178.2051656041294,-15908.22213275358,0.0,-8216.195253372192,-5501.692434936762,-2868.512090295553,-7997.905631072819
48371,-75919.22627965361,-78689.56904420443,-102922.7444391828,-31930.404731988907,-3829.698066264391,-627.1589705944061,-10989.839799761772,-24045.703942775726,-19558.82836675644,-39050.9942407608,-8593.81923031807,-53163.24967336655
48372,-1299538.9406272173,-1736015.5576973557,-2360777.5891656578,-657182.4162554145,1373189.9627199173,652173.1474065781,543819.0803012848,46026.927367925644,-326648.8774175644,-210596.6052980423,210644.37201356888,-52441.86383807659
48374,0.0,0.0,0.0,0.0,0.0,0.0,0.0,0.0,0.0,0.0,0.0,0.0
48376,0.0,0.0,0.0,0.0,0.0,0.0,0.0,0.0,0.0,0.0,0.0,0.0
48377,289.8645734190941,5763.385107576847,19903.048264414072,168690.861379385,55009.25603443384,52437.59016752243,108401.26068031788,16115.832202553749,6067.098302960396,1005.9213602542877,1523.875018954277,0.0
48394,0.0,0.0,0.0,0.0,0.0,0.0,0.0,0.0,0.0,0.0,0.0,0.0
48395,-2204.2868354195816,0.0,0.0,0.0,0.0,0.0,0.0,-834.014404296875,0.0,0.0,0.0,0.0
48396,-83522.14231928065,-93476.07322819158,-130471.24677489325,-63202.173223059624,0.0,-661.321485798806,-15900.246878627688,-33209.46372958273,-62329.05890879035,-229043.37627063692,-143857.61497802287,-75168.82225447148
48510,-4565.050790295005,-10361.619384676218,-15066.698468953371,-18080.791590601206,-15097.764870330691,-36837.67944756895,-90724.99066650867,-543940.3693194389,-2027555.982746601,-2390193.4012830257,-2082170.8919433653,-394439.53963145614
48513,0.0,0.0,0.0,0.0,0.0,0.0,0.0,0.0,0.0,0.0,0.0,0.0
48514,0.0,0.0,0.0,0.0,0.0,0.0,0.0,0.0,0.0,0.0,0.0,0.0
48515,2341269.3142328346,956462.7389231122,0.0,0.0,0.0,-124161.5859375,-764328.6552725844,-257180.02902863175,-22617612.73434347,-196393.4375,0.0,0.0
48525,67904.9850000001,170376.97091602348,243507.20346719585,264259.00957866386,197514.28733253293,0.0,0.0,0.0,0.0,0.0,0.0,0.0
48526,55111.86530003487,135812.22348836903,194042.07241311297,208061.75866604503,156929.25900994707,0.0,0.0,0.0,0.0,0.0,0.0,0.0
48527,3365596.5034880284,3632134.7531242017,1669362.4498716872,0.0,36462.7992054075,38176.91801738739,88121.64908885956,331862.0448408127,871604.5508687496,750316.2724251747,967254.8052787781,2670666.8191620708
48539,0.0,-577358.7280430943,-524119.3486228958,0.0,0.0,-0.022638311609625816,-608986.092711715,-119273.5527446121,-5492804.5,0.0,-22943303.36937344,-3509033.3414477706
48540,0.0,0.0,0.0,0.0,0.0,0.0,0.0,0.0,0.0,0.0,0.0,0.0
48562,-5700.761629581451,-78922.8898742348,-144389.4955604449,0.0,-77164.85766504705,-25828.947029024363,-62746.11738406122,-112499.33179819584,-61147.03301200271,-42854.128396868706,-13851.652409255505,0.0
48563,0.0,0.0,0.0,0.0,0.0,0.0,0.0,0.0,0.0,0.0,0.0,0.0
48564,11442.434717774391,13618.815253233537,20664.261742934585,6956.145088341087,496.3629071190953,193.4949113726616,2542.499212026596,7485.91964584589,3587.983486533165,8258.811507880688,3237.3068186938763,11084.319140791893
48566,0.0,0.0,0.0,0.0,0.0,0.0,0.0,0.0,0.0,0.0,0.0,0.0
48567,0.0,0.0,0.0,0.0,0.0,0.0,0.0,0.0,0.0,0.0,0.0,0.0
48568,-8920.363441467285,-12952.180055141449,-36770.734215289354,-3279.557346343994,-9.85554301738739,-1101.2694070339203,-9097.332261502743,-32417.652038693428,-11709.307704269886,-20163.904369592667,-1405.5596956014633,-22138.776822030544
48571,3575.315782636404,31649.89935770631,57938.933105006814,67952.13054613769,32622.848984837532,14084.884370088577,216961.78377699852,67408.36585378647,1853.905382156372,1715.2666993141174,7972.246242523193,0.0
48572,-430.7222106605768,-17371.042177721858,-64326.42820110172,-112188.63042259961,-36394.812180161476,-6826.818214952946,-288362.9011070132,-162099.5918493271,-2920.2275710701942,-5412.825627326965,-930.0889550447464,0.0
48573,85.87131059169769,904.7219798862934,2538.66627728194,8299.24416384846,3514.2521100640297,1598.9639713168144,41049.962400496006,28465.14929535985,6404.704831421375,2242.329617410898,31.71465313434601,0.0
48574,539.3129419386387,6891.518382489681,16667.795197568834,22853.869403995574,4695.8303440362215,769.2913167476654,22931.98976689577,15836.483114033937,2201.1727916300297,6921.998187944293,0.0,0.0
48587,0.0,0.0,0.0,0.0,0.0,0.0,0.0,0.0,0.0,0.0,0.0,0.0
48590,0.0,0.0,0.0,0.0,0.0,0.0,0.0,0.0,0.0,0.0,0.0,0.0
48708,0.0,0.0,0.0,0.0,0.0,0.0,0.0,0.0,0.0,0.0,0.0,0.0
48709,0.0,0.0,0.0,0.0,0.0,0.0,0.0,0.0,0.0,0.0,0.0,0.0
48710,0.0,0.0,0.0,0.0,0.0,0.0,0.0,-21484.427504569292,-107524.01217827201,-533245.0851343065,0.0,0.0
48718,0.0,0.0,0.0,0.0,0.0,0.0,0.0,0.0,0.0,0.0,0.0,0.0
48719,26348.020771527925,26520.762267488477,32303.31616319169,35510.25959000073,26455.179789934482,0.0,0.0,0.0,7375.1616750614485,21059.99666668137,25636.178638983867,21573.000597586448
48720,-8450.298603273928,-8665.467715084553,-3534.3099080361426,0.0,-170.60621289908886,-92.49930012226105,-243.14057159423828,-886.2099068164825,-1662.4384078979492,-1473.8502246141434,-3026.4868529438972,-6722.222031354904
48731,2614506.615932077,947233.5053359866,121398.57882356644,-898222.4015721083,0.0,0.0,0.0,-4701949.148306951,207829.02381774783,4056165.896664113,284557.6628065109,-4525398.098845109
48732,0.0,0.0,0.0,0.0,0.0,0.0,0.0,0.0,0.0,0.0,0.0,0.0
48738,-3134407.2903948724,-666022.5273388028,2172116.871544808,5608153.892195523,2711329.6198592484,1299454.9227595031,945866.1027157307,517159.167298615,446656.0807442069,754721.8594784737,1492863.2865449786,-2463089.570648372
48754,-4716.057029008865,-65990.73878198862,-125565.76040551066,-241132.61783809215,-166085.6311737299,-238381.28710454702,-175300.56568929553,-102169.06528057158,-135726.53824913502,-92420.12468600273,-112191.31969714165,-52120.48850774765
48755,0.0,0.0,0.0,0.0,0.0,0.0,0.0,0.0,0.0,0.0,0.0,0.0
48756,0.0,0.0,0.0,0.0,0.0,0.0,0.0,0.0,0.0,0.0,0.0,0.0
48757,-23344.34583052993,-6949.084284991026,0.0,-3815.493449538946,-34124.67909282446,-24321.86920762062,-24431.155485093594,-29576.370415091515,-815.38934892416,-13699.328875601292,-16688.285599529743,-36128.54010742903
48758,0.0,0.0,0.0,0.0,0.0,0.0,0.0,0.0,0.0,0.0,0.0,0.0
48759,0.0,0.0,0.0,0.0,0.0,0.0,0.0,0.0,0.0,0.0,0.0,0.0
48760,0.0,0.0,0.0,0.0,0.0,0.0,0.0,0.0,0.0,0.0,0.0,0.0
48761,-47530.86361050606,-42666.090753257275,-55196.2899248898,-16246.353641688824,-12205.255050182343,-71345.88489079475,-49597.11560934782,-149629.14333868027,-59010.93046891689,-13546.026558041573,-55923.51479536295,-149306.54425178468
48762,0.0,0.0,0.0,0.0,0.0,0.0,0.0,0.0,0.0,0.0,0.0,0.0
48763,0.0,0.0,0.0,0.0,0.0,0.0,0.0,0.0,0.0,0.0,0.0,0.0
48764,238.6888784468174,3319.8094272613525,9790.371365174651,9750.737608358264,1896.317442253232,51.701143115758896,12078.18879044056,8013.859768867493,3460.5596936643124,2886.357780069113,39.4535927772522,0.0
48765,128.89252269268036,1411.842888534069,0.0,0.0,1462.3264696598053,-11326.689754009247,-308262.20157670975,-215377.80099129677,-46289.76187539101,-11928.116232037544,277.1590235233307,0.0
48766,0.0,0.0,0.0,0.0,0.0,0.0,0.0,0.0,0.0,0.0,0.0,0.0
48767,0.0,0.0,0.0,0.0,0.0,0.0,-745.4165273308754,-1149.2978056967258,-481.46833658218384,-259.24775190651417,0.0,0.0
48768,-1986.1841332912445,-17710.979304283857,-87849.69395777583,-88376.45321655273,-40194.327620744705,-2363.610771179199,-261436.26128053665,-354889.1527798176,-547279.3007595241,-27241.175008535385,-13010.167890012264,0.0
48775,0.0,0.0,0.0,0.0,0.0,0.0,0.0,0.0,0.0,0.0,0.0,0.0
48776,0.0,0.0,0.0,0.0,0.0,0.0,0.0,0.0,0.0,0.0,0.0,0.0
48777,0.0,-54.2669792175293,0.0,0.0,0.0,0.0,0.0,0.0,-30.172925907885656,-1058.3375670686364,0.0,0.0
48778,0.0,104.44107205598266,0.0,0.0,0.0,0.0,0.0,0.0,24.01708971025073,764.158203447354,0.0,0.0
48779,980693.6054573059,1129223.799226582,1578279.4415802956,749121.3761660457,0.0,0.0,184648.41734999418,257069.24135756493,406615.3417415619,1283893.5049991608,627032.1482790709,490471.20483601093
48841,41184.93245720863,47667.30460238457,30323.302668571472,0.0,-11208.964765906334,-123915.44480645657,-78307.88041335344,-6348324.081380367,-19977616.595460415,-26757792.405230522,-21707537.22801304,-8967911.761904001
48842,186976.8891825676,201673.8814496994,102805.22135257721,0.0,18562.161028385162,-67817.53571224213,-31421.9624915123,-6651818.906010628,-21210225.92529106,-28424650.71584797,-23478025.607714653,-8987369.993404388
48867,0.0,0.0,0.0,0.0,0.0,0.0,0.0,0.0,0.0,0.0,0.0,0.0
48898,0.0,0.0,0.0,0.0,0.0,0.0,0.0,0.0,0.0,0.0,-7395.48486328125,-5926.10498046875
48899,0.0,0.0,168.7252633356111,0.0,0.0,0.0,0.0,59787.487562447786,170236.523535192,269869.50841301866,0.0,0.0
48903,-103798.5703125,0.0,0.0,0.0,0.0,716328.2954244129,895406.3627229631,1134740.0172384381,1168885.7072897553,756987.7539026625,287359.8604309326,95538.92880021501
48904,13361.903263179993,30948.843031140743,43708.32120275195,48474.669881233014,0.0,0.0,0.0,0.0,0.0,0.0,0.0,0.0
48905,0.0,0.0,0.0,0.0,0.0,0.0,0.0,0.0,0.0,0.0,0.0,0.0
48906,170174.0160451685,132828.0884690003,141103.7373418552,158960.21664411435,115454.02017879952,0.0,0.0,0.0,40335.33855144924,138915.06899818312,184323.42204398848,159900.85949767893
48907,3386265.7738703266,-3665178.804294057,-3647680.75,0.0,32715.846043229103,39464.74439638853,37206.63046884537,278461.91368258,648244.6869848967,963181.0180922747,1160030.8011719584,2770155.3904970735
48918,-165257.61441719532,-3057079.8711001165,-3905848.977711495,-2967042.75,-1065282.6081793942,-75248.78731876984,-229966.704730073,-6251.776273289695,-79369.50292337686,-480336.2366617322,-67645.19327163696,-86293.69792973995
48919,0.0,0.0,0.0,0.0,0.0,0.0,0.0,0.0,0.0,0.0,0.0,0.0
48921,0.0,0.0,0.0,0.0,0.0,0.0,0.0,0.0,0.0,0.0,0.0,0.0
48924,574587.6365706474,1547697.6646416597,0.0,0.0,1544985.7220363915,674235.662775211,603758.5450366251,1848007.804481769,1348650.0444407724,1220710.2966302857,1406860.243975427,805403.7633672319
48925,-2465961.49332875,-3852455.8863464594,-4238857.185409844,-1317901.341766417,-406405.5782107711,-148045.08419382572,-670973.3091523647,-1775495.979742527,-1250685.5092191696,-1354593.62135005,-1435184.524989128,-1635230.926722765
48926,-9429577.68409729,-13980859.936877728,-9517247.656214237,-4751003.1062095165,-2994116.246783972,-6037154.088353634,-12379254.325113297,-13183473.124717236,-8950928.019316912,-1020057.3141951561,-5991048.765467644,-9671745.145054817
48943,33318.91587805748,149757.38773864508,3101652.415967554,2213183.007334277,1403612.8227331638,1753150.4243700504,350427.38603162766,2642966.3021497726,1244189.020061493,965993.2416491508,1001973.627029419,0.0
48944,0.0,0.0,0.0,0.0,0.0,0.0,0.0,0.0,0.0,0.0,0.0,0.0
48945,-19361.198935076594,-27931.210334978998,-35182.57251058519,-2049.0602743029594,-192.43210566043854,-756.1618626117706,-6656.669506251812,-20050.894346296787,-6984.931008040905,-14204.340022265911,-1903.1530060768127,-22068.31122148037
48946,-35420.671904206276,-8739.958266064525,0.0,-5334.243557557464,-54438.348483622074,-33594.479793429375,-37133.35258153081,-49762.01220878959,-2845.8520907759666,-21117.104595929384,-40207.63890686631,-54639.483825176954
48947,0.0,0.0,0.0,0.0,0.0,0.0,0.0,0.0,0.0,0.0,0.0,0.0
48948,0.0,0.0,0.0,0.0,0.0,0.0,0.0,0.0,0.0,0.0,0.0,0.0
48949,0.0,0.0,0.0,0.0,0.0,0.0,0.0,0.0,0.0,0.0,0.0,0.0
48950,-39631.50687247515,-7515.080695331097,-8377.31366725266,-15045.210638195276,-47698.94190073013,-71278.42530739307,-61647.30321602523,-105686.77055098116,-32259.947587668896,-38049.734733849764,-18512.576532393694,-127806.81663425267
48951,348919.9701061249,279068.41456383467,529328.3634576797,263942.86356818676,826850.9449232817,1457414.100425601,1008817.662552923,1615685.6241744757,0.0,117858.59411972761,272899.51948052645,1313090.0175054967
48953,0.0,0.0,0.0,0.0,0.0,0.0,0.0,0.0,0.0,0.0,0.0,0.0
48954,-23835.008752673864,-235266.70139457285,-551392.6392748952,-685034.8676452786,-324303.51563411206,-29827.376641452312,-1046650.2344024181,-1534783.8421925902,-229782.32470595837,-72147.0417214334,-37194.89609789848,0.0
48961,0.0,0.0,0.0,0.0,0.0,0.0,0.0,0.0,0.0,0.0,0.0,0.0
48962,21014.996857225895,27297.304870963097,40416.95208513737,22497.80079203844,0.0,0.0,573.9791194498539,-1420.217809677124,-1811.4953627586365,11327.847665429115,18176.289030075073,9968.39011824131
49025,145791.95672559738,154006.57684731483,72481.91868400574,0.0,32638.897507429123,46391.24014163017,35745.87992286682,97223.22613763809,245116.83565425873,160955.82887506485,140901.87473201752,132699.66294431686
49029,0.0,0.0,0.0,0.0,-6670.539612591267,-79933.12907081842,-103039.38647836447,-85797.19593572617,-295023.06487870216,-346031.9148199558,-241383.7702075243,-157834.38556730747
49049,0.0,0.0,0.0,0.0,0.0,0.0,0.0,0.0,0.0,0.0,0.0,0.0
49081,0.0,0.0,0.0,0.0,0.0,0.0,0.0,0.0,0.0,0.0,0.0,0.0
49082,0.0,0.0,0.0,0.0,0.0,0.0,0.0,0.0,0.0,0.0,0.0,0.0
49083,0.0,0.0,0.0,0.0,0.0,0.0,0.0,0.0,0.0,0.0,0.0,0.0
49084,35119.64803523483,0.0,0.0,0.0,0.0,0.0,0.0,94238.79742178321,237698.7757242024,474284.4033102803,269214.0697587044,162473.08022031467
49085,66564.20761327841,155294.68759606173,225234.55894787796,250843.06121339742,0.0,0.0,0.0,0.0,0.0,0.0,0.0,0.0
49086,412204.68357302126,964798.4684137888,1413024.1388559341,1522138.3790047131,961909.7963160947,65165.001870307606,235590.57322116196,301189.5741134882,227831.6252000928,74299.67446141504,0.0,0.0
49087,0.0,0.0,0.0,0.0,0.0,0.0,0.0,0.0,0.0,0.0,0.0,0.0
49088,0.0,0.0,0.0,0.0,0.0,0.0,0.0,0.0,0.0,0.0,0.0,0.0
49089,0.0,0.0,0.0,0.0,0.0,0.0,0.0,0.0,0.0,0.0,0.0,0.0
49090,-12196350.427578066,-6142570.245868031,-6391972.30693762,-2557912.318020107,-20979.004353284836,-130511.00740075111,-1315176.0910692215,-3422521.9630675316,-2870863.0108790398,-7266319.808044672,-2626898.661689341,-7141986.298924826
49101,2268992.1437919214,1449316.7832053993,350706.9587163739,-31492.91015625,-11326.84375,-54888.828125,121066.96813267097,1158623.9356844164,-2906696.8066331297,3255986.165115252,2412592.4700779915,3227312.5467273593
49102,0.0,0.0,0.0,0.0,0.0,0.0,0.0,0.0,0.0,0.0,0.0,0.0
49104,0.0,0.0,0.0,0.0,0.0,0.0,0.0,0.0,0.0,0.0,0.0,0.0
49106,2837971.720095273,0.0,0.0,1265845.8587290496,0.0,55340.99087379873,813217.9627111964,0.0,1422960.3805573545,1575087.2588291988,1386842.8367510587,1427175.7996204253
49107,0.0,0.0,-463589.5625,-987815.9226359129,0.0,0.0,0.0,0.0,0.0,0.0,0.0,0.0
49108,-613969.2125944719,-1554799.1894911993,0.0,-19888.049448106438,-578261.1393837333,-252712.47648841143,-552584.1308864132,-1083622.92313388,-440418.78905788064,-496272.2303557396,-510854.60021594167,-514054.34223149717
49109,87291.69474971294,781782.4732438028,557759.603760764,1647091.636247225,809918.1581647396,528885.5147424936,406221.74319303036,873076.1796627641,256744.2099379301,717891.2723466158,1038186.0934264958,0.0
49124,-5033.987200498581,-57551.56265221536,-90861.92574829236,-77379.55849969387,-35071.83129286766,-8257.21341201663,-31127.97578573227,-98565.19856109098,-28239.788090378046,-23593.902232408524,-23072.035801529884,0.0
49125,-33379.90608918294,-43150.02026428655,-66711.35372469015,-40016.261722979136,-2652.4149140119553,-660.7841290831566,-8300.143623292446,-25734.24406298995,-10217.469740450382,-25966.114011362195,-20787.480036158115,-19302.63516286388
49126,-40647.02341093123,-67288.4512783587,-105390.37775982916,-79821.03549799323,-1216.8349624872208,-53.16054880619049,-3767.5104085206985,-41787.56880700588,-11746.895651340485,-39853.17767381668,-51992.950181245804,-15069.38035403192
49128,0.0,0.0,0.0,0.0,0.0,0.0,0.0,0.0,0.0,0.0,0.0,0.0
49130,-5132.369616776705,-2029.9010979533195,-6021.158693984151,-3322.268755465746,-10354.040568560362,-21146.44453829527,-13289.113266810775,-28644.77670391649,-7746.693904720247,-9728.411933422089,-7004.240133136511,-19944.769434191287
49131,0.0,0.0,0.0,0.0,0.0,0.0,0.0,0.0,0.0,0.0,0.0,0.0
49134,0.0,204.70044880453497,2316.0862768944353,2892.971344554797,2217.9543336690404,480.82356988079846,3609.29572221078,6773.51192745287,974.5444170506671,286.2738391496241,953.7771858554333,112.66777217108756
49135,26185.831197105348,28228.72206618637,36802.15591004491,18529.1198307015,0.0,0.0,67004.2884536758,103643.85914626718,23888.75587309897,8100.373526856303,3038.7389038056135,7940.75010689348
49141,0.0,0.0,0.0,0.0,0.0,0.0,0.0,0.0,0.0,0.0,0.0,0.0
49142,0.0,0.0,0.0,0.0,0.0,0.0,0.0,0.0,0.0,0.0,0.0,0.0
49143,0.0,0.0,0.0,0.0,0.0,0.0,0.0,0.0,0.0,0.0,0.0,0.0
49144,0.0,0.0,0.0,0.0,0.0,0.0,0.0,0.0,0.0,0.0,0.0,0.0
49145,0.0,0.0,0.0,0.0,0.0,0.0,0.0,0.0,0.0,0.0,0.0,0.0
49147,0.0,0.0,0.0,0.0,0.0,0.0,0.0,0.0,0.0,0.0,0.0,0.0
49148,0.0,0.0,0.0,0.0,0.0,0.0,0.0,0.0,0.0,0.0,0.0,0.0
49150,0.0,0.0,0.0,0.0,0.0,-1697.7679443359375,0.0,0.0,0.0,0.0,0.0,0.0
49151,16723.103420078754,19503.610839933157,26984.186143815517,12282.192000821233,0.0,35164.21537119895,12766.875732153654,9884.287330150604,56169.69993829727,311637.44393372536,66052.84140211344,9527.521916866302
49236,0.0,0.0,0.0,0.0,0.0,0.0,0.0,0.0,0.0,0.0,0.0,0.0
49237,0.0,0.0,0.0,0.0,0.0,0.0,0.0,0.0,0.0,0.0,0.0,0.0
49267,0.0,0.0,0.0,0.0,0.0,0.0,0.0,0.0,0.0,0.0,0.0,0.0
49271,0.0,0.0,0.0,0.0,0.0,0.0,0.0,0.0,0.0,0.0,0.0,0.0
49272,0.0,0.0,0.0,0.0,0.0,0.0,0.0,0.0,0.0,0.0,0.0,0.0
49273,0.0,0.0,0.0,0.0,0.0,0.0,0.0,0.0,0.0,0.0,0.0,0.0
49274,0.0,0.0,0.0,0.0,0.0,0.0,0.0,0.0,0.0,0.0,0.0,0.0
49275,0.0,0.0,0.0,0.0,0.0,0.0,0.0,0.0,0.0,0.0,0.0,0.0
49276,-42156990.47958514,-23361928.0,-18918604.0,0.0,-492135.94912299514,-705664.2539992332,-1649125.3636183739,-9661173.948090553,-8917120.69249022,-11091151.163383603,-11721329.543487579,-30263948.22320202
49285,766983.8200144768,736211.0874392986,197976.19646532834,0.0,0.0,0.0,881075.8987161145,10269729.247179687,16746385.993768826,22390539.9405922,7293204.6083951,3907251.102708444
49286,-1083.844842467457,-152.61748285871,-40.0473229563795,0.0,0.0,0.0,0.0,-96.26549385301769,-1994.68222560687,0.0,-2012.1596683263779,-1877.4591524098068
49287,0.0,0.0,0.0,0.0,0.0,0.0,0.0,0.0,0.0,0.0,0.0,0.0
49289,0.0,0.0,0.0,0.0,0.0,0.0,0.0,0.0,0.0,0.0,0.0,0.0
49290,-230096.6166433096,-178609.3826135099,-246843.43330791593,-232561.7571888566,-160349.5403007269,0.0,0.0,0.0,-217685.93026924133,0.0,-241141.48503613472,0.0
49292,-18926.546044640243,-196585.73007737286,0.0,0.0,0.0,-10320.960584070534,-29048.25041133538,-463286.1813573688,-35.0340690612793,-233075.72669857368,0.0,0.0
49293,4213300.9596043825,13258372.580077514,9606644.245505378,8937863.723367453,3129280.0570316315,1319338.5538897514,2138890.1953322887,2584743.5134595633,1094469.009727478,207285.9741306305,0.0,132384.79248133302
49294,-271649.70591048896,-267583.47995118797,-160887.8638842404,-4541.308484017849,-2542.9274064302444,-24340.22970223427,-44360.952316999435,-55068.377177119255,-10628.581545352936,-314.07919001579285,-14430.592732042074,-117227.52972021699
49307,-80373.42178541422,-101454.77190488577,-142677.42139422894,-62526.35081911087,0.0,-616.3289921581745,-49176.9716566205,-139388.34495945275,-21760.98841074109,-49110.66361093521,-44938.43259763718,-28796.312821298838
49308,0.0,0.0,0.0,0.0,0.0,0.0,0.0,0.0,0.0,0.0,0.0,0.0
49309,0.0,0.0,0.0,0.0,0.0,0.0,0.0,0.0,0.0,0.0,0.0,0.0
49310,0.0,-2391.578441631049,-51382.29982752353,-50414.57582666632,-36104.081947639585,-11088.69152867794,-9268.045472621918,-21942.511716485023,-6739.799813866615,-22528.08337754011,-33585.762723080814,-1688.0431952625513
49312,-2541.6426529102027,-6378.140659803525,-32114.506921174005,-13356.784032415599,-5824.667522426695,-7239.3015422821045,-6358.68711169064,-7863.165699008852,-181.6321976557374,-8731.596521407366,-3753.655239727348,-12787.819712861441
49313,0.0,0.0,0.0,0.0,0.0,0.0,0.0,0.0,0.0,0.0,0.0,0.0
49314,0.0,0.0,0.0,0.0,0.0,0.0,0.0,0.0,0.0,0.0,0.0,0.0
49315,0.0,0.0,0.0,0.0,0.0,0.0,0.0,0.0,0.0,0.0,0.0,0.0
49316,0.0,0.0,0.0,0.0,0.0,0.0,0.0,0.0,0.0,0.0,0.0,0.0
49317,0.0,0.0,0.0,0.0,0.0,0.0,0.0,0.0,0.0,0.0,0.0,0.0
49318,0.0,0.0,0.0,0.0,0.0,0.0,0.0,0.0,0.0,0.0,0.0,0.0
49319,0.0,753.4609993183985,9696.69702939922,19177.333971513435,19300.401420203038,14593.937582682818,50406.902458990924,62667.22013996751,22422.584865042474,4644.486497942358,8361.357940729707,4416.9052581861615
49320,82490.63392149657,90244.81755013019,120405.77672521025,66973.00821516663,7628.758201047778,17394.617956995964,254048.8557197973,392840.25226412714,175991.25372199714,40683.59263397753,19745.38904027641,23979.38731211424
49325,0.0,0.0,0.0,0.0,0.0,0.0,0.0,0.0,0.0,0.0,0.0,0.0
49326,-2447119.2101187333,-1627197.5705606788,-811844.3147304058,-1022228.3058568798,-683742.3137782216,-873364.0388705544,-558271.3361920454,-467428.68795908615,-902842.326874245,-1009597.0781641714,-1459938.0077398121,-2371798.9052809365
49327,0.0,0.0,0.0,0.0,0.0,0.0,0.0,0.0,0.0,0.0,0.0,0.0
49328,0.0,0.0,0.0,0.0,0.0,0.0,0.0,0.0,0.0,0.0,0.0,0.0
49329,0.0,0.0,0.0,0.0,0.0,0.0,0.0,0.0,0.0,0.0,0.0,0.0
49330,0.0,0.0,0.0,0.0,0.0,0.0,0.0,0.0,0.0,0.0,0.0,0.0
49331,14726.317915596068,7131.131300039589,3724.4293145760894,166.6473990380764,1897.8730308115482,3021.3245383799076,3344.0648707710207,3495.738781902939,1353.1057875268161,3427.5872874483466,7143.976605700329,14639.961939772591
49332,0.0,0.0,0.0,0.0,0.0,0.0,0.0,0.0,0.0,0.0,0.0,0.0
49333,170.33839690685272,200.76525658369064,284.6454271674156,145.85557729005814,0.0,282.9391857981682,43.77939462661743,0.0,883.7851696014404,4066.0454506874084,443.65109753608704,80.48640727996826
49449,0.0,0.0,0.0,0.0,0.0,0.0,0.0,0.0,0.0,0.0,0.0,0.0
49450,0.0,0.0,0.0,0.0,0.0,0.0,0.0,0.0,0.0,0.0,0.0,0.0
49451,0.0,0.0,0.0,0.0,0.0,0.0,0.0,0.0,0.0,0.0,0.0,0.0
49452,0.0,0.0,0.0,0.0,0.0,0.0,0.0,0.0,0.0,0.0,0.0,0.0
49453,0.0,0.0,0.0,0.0,0.0,0.0,0.0,0.0,0.0,0.0,0.0,0.0
49454,0.0,0.0,0.0,0.0,0.0,0.0,0.0,0.0,0.0,0.0,0.0,0.0
49455,0.0,0.0,0.0,0.0,0.0,0.0,0.0,0.0,0.0,0.0,0.0,0.0
49464,-71508.92846195772,-5409.526877840981,-22132.578125,1518029.6897284314,4247436.098973047,7849407.483316831,1897416.813076472,496205.9476031917,0.0,0.0,2552283.620613575,30463.222740232944
49465,0.0,0.0,0.0,0.0,0.0,0.0,0.0,0.0,0.0,0.0,0.0,0.0
49466,0.0,0.0,0.0,0.0,0.0,0.0,0.0,0.0,0.0,0.0,0.0,0.0
49467,0.0,0.0,0.0,0.0,0.0,0.0,0.0,0.0,0.0,0.0,0.0,0.0
49469,0.0,0.0,-69109.16344787553,0.0,-1949.648234385997,-36298.98306455836,-48845.804828852415,-138002.76475862786,-86341.372703854,-41007.70903480053,-159355.45525276382,-240637.416729155
49470,0.0,0.0,0.0,0.0,0.0,0.0,0.0,0.0,0.0,0.0,0.0,0.0
49483,0.0,-1196.8453220501542,-24649.485214718617,-35467.990223464556,-21858.51917052269,-42846.22209544107,-14694.676550790668,-11991.630493054166,-9039.534395661205,-17287.626708921045,-24438.85420167446,-14017.244287732989
49484,0.0,0.0,0.0,0.0,0.0,0.0,0.0,0.0,0.0,0.0,0.0,0.0
49485,0.0,0.0,0.0,0.0,0.0,0.0,0.0,0.0,0.0,0.0,0.0,0.0
49486,0.0,0.0,0.0,0.0,0.0,0.0,0.0,0.0,0.0,0.0,0.0,0.0
49487,0.0,0.0,0.0,0.0,0.0,0.0,0.0,0.0,0.0,0.0,0.0,0.0
49488,0.0,0.0,0.0,0.0,0.0,0.0,0.0,0.0,0.0,0.0,0.0,0.0
49490,0.0,0.0,0.0,0.0,0.0,0.0,0.0,0.0,0.0,0.0,0.0,0.0
49491,0.0,0.0,0.0,0.0,0.0,0.0,0.0,0.0,0.0,0.0,0.0,0.0
49492,0.0,0.0,0.0,0.0,0.0,0.0,0.0,0.0,0.0,0.0,0.0,0.0
49493,0.0,0.0,0.0,0.0,0.0,0.0,0.0,0.0,0.0,0.0,0.0,0.0
49494,0.0,0.0,0.0,0.0,0.0,0.0,0.0,0.0,0.0,0.0,0.0,0.0
49495,0.0,1051.2620212212205,25118.962378546596,31943.255129341036,25580.950715836138,5693.021670799702,24161.653344795108,51503.88510128111,17402.617071073502,4836.55232924968,8618.275124371052,8028.993323426694
49499,0.0,0.0,0.0,0.0,0.0,0.0,0.0,0.0,0.0,0.0,0.0,0.0
49500,313386.2876033783,178173.55127334595,432445.35538482666,1086071.8722572327,2592677.60887146,3121001.675945282,4804499.656570435,2250710.9034366608,1117274.598640442,922202.6937351227,568713.8680267334,1569562.2025737762
49501,339623.76930844784,49812.35838341713,530846.3431411386,584850.4038595557,529891.6796182394,353544.59593582153,77078.96549975872,100912.96824783087,924950.8201980591,1013484.2950820327,1070684.5083646774,1559488.8656566143
49502,0.0,0.0,0.0,0.0,0.0,0.0,0.0,0.0,0.0,0.0,0.0,0.0
49503,0.0,0.0,0.0,0.0,0.0,0.0,0.0,0.0,0.0,0.0,0.0,-286681.1052922644
49506,-1512455.6332112215,-1182064.701788105,-467113.40918185934,-211344.88725472614,34415.247093524784,41639.09104243107,26296.393286926672,18241.45512928441,39232.79574790783,50080.507834298536,92739.18258842826,-1560231.1331871003
49507,105674.1340396367,65778.07551264018,6264.595678154379,13970.999065537006,21704.908294016495,20591.09293310903,30862.120060131885,6948.052288291976,10760.235793216154,31083.991180270677,79754.18014336796,156602.27565928455
49508,35180.16381428391,10030.68964106962,3023.3723273575306,7087.977647220716,6816.1056412272155,7397.43416727148,5869.018774393946,567.7342779180035,4749.4859901648015,14371.461684856098,26159.524074321613,43997.34937066911
49509,0.0,0.0,0.0,1390.9203979391605,19232.70779351145,19486.601609434932,23867.06196418777,19587.501425049268,1031.3878071093932,14371.359290758148,0.0,0.0
49510,0.0,0.0,0.0,0.0,0.0,0.0,0.0,0.0,0.0,0.0,0.0,0.0
49511,0.0,0.0,0.0,0.0,0.0,0.0,0.0,0.0,0.0,0.0,0.0,0.0
49512,229793.70567438006,156280.4579114616,114020.12270987034,60510.09552619606,164648.77428916097,267265.78484766185,237455.00831937045,370333.2874283157,434675.27496518753,141164.8293875605,126184.2329826951,265276.7514303848
49514,0.0,0.0,0.0,0.0,0.0,0.0,0.0,0.0,0.0,0.0,-17352.099609375,-129.7982635498047
49515,2057.646716370713,1379.3025173819624,4228.500039511826,2252.0985099901445,18516.152567344485,33807.32969790045,38560.63509943709,41109.07667714823,51014.60977798235,6461.2487575234845,819.7197047430091,876.7559477286413
49516,0.0,0.0,0.0,0.0,0.0,0.0,0.0,0.0,0.0,0.0,0.0,0.0
49517,0.0,0.0,0.0,0.0,0.0,0.0,0.0,0.0,0.0,0.0,0.0,0.0
49518,121.81724819540977,135.25758443772793,183.36222817003727,98.39009068906307,0.0,186.42777746915817,0.0,0.0,20.262710571289062,223.41532889008522,64.74304741621017,53.694386556744576
49632,-449381.7434900999,-476518.2852084935,-681949.2893049121,-754067.4544370174,-689672.2141400874,-307697.4262688756,-284567.6868442893,-2232749.265167713,-7342995.945845127,-7217588.043250352,-5517969.067815125,-652039.8045614958
49635,0.0,0.0,0.0,0.0,0.0,0.0,0.0,0.0,0.0,0.0,0.0,0.0
49636,0.0,0.0,0.0,0.0,0.0,0.0,0.0,0.0,-48041.470476236194,-50515.74008256756,-39597.440443661064,-3572.789826817112
49637,0.0,0.0,0.0,0.0,0.0,0.0,0.0,0.0,0.0,0.0,0.0,0.0
49638,0.0,0.0,0.0,0.0,0.0,0.0,0.0,0.0,0.0,0.0,0.0,0.0
49639,0.0,0.0,0.0,0.0,0.0,0.0,0.0,0.0,0.0,0.0,0.0,0.0
49640,0.0,0.0,0.0,0.0,0.0,0.0,0.0,0.0,0.0,0.0,0.0,0.0
49641,0.0,0.0,0.0,0.0,0.0,0.0,0.0,0.0,0.0,0.0,0.0,0.0
49642,0.0,0.0,0.0,0.0,0.0,0.0,0.0,0.0,0.0,0.0,0.0,0.0
49645,0.0,0.0,0.0,0.0,0.0,0.0,0.0,0.0,0.0,0.0,0.0,0.0
49646,-280080.89775937796,-263222.2686984539,-150487.03204207122,0.0,0.0,0.0,0.0,0.0,0.0,0.0,0.0,0.0
49654,0.0,0.0,-105869.42695511505,-88614.5546875,-17839.5703125,-2726.984950222075,-10506.79136212729,-12064391.11390764,-132890.753418155,0.0,-4833339.774373293,-121879.14966773987
49655,0.0,0.0,0.0,0.0,0.0,0.0,0.0,0.0,0.0,0.0,0.0,0.0
49656,0.0,0.0,0.0,0.0,0.0,0.0,0.0,0.0,0.0,0.0,0.0,0.0
49657,0.0,0.0,0.0,0.0,0.0,0.0,0.0,0.0,0.0,0.0,0.0,0.0
49659,0.0,0.0,0.0,0.0,0.0,0.0,0.0,0.0,0.0,0.0,0.0,0.0
49670,-3120.624098584056,-26377.667776124552,-112466.9871619083,-87283.35272813775,-72430.01240332425,-58933.043205166236,-34685.43053820543,-84846.47732478194,-41615.04711387213,-65787.11826341413,-36761.051293067634,-1103.7200663760304
49671,-1534.5813970267773,-11418.987208031118,-96531.11312924698,-73872.88768193126,-47763.73874127865,-49121.1934902817,-19259.885283112526,-62400.623221591115,-7632.649410516024,-33950.41538122296,-28897.861638695,0.0
49672,0.0,0.0,0.0,0.0,0.0,0.0,0.0,0.0,0.0,0.0,0.0,0.0
49673,0.0,0.0,0.0,0.0,0.0,0.0,0.0,0.0,0.0,0.0,0.0,0.0
49674,0.0,0.0,0.0,0.0,0.0,0.0,0.0,0.0,0.0,0.0,0.0,0.0
49675,-5180.520766317844,0.0,-4297.880483031273,-25597.193911790848,-26494.44349694252,-25792.399565458298,-24274.295435100794,-20728.54298657179,-18904.22401367128,-35633.28138381243,-26313.644396975636,-41573.20326626301
49676,0.0,0.0,0.0,0.0,0.0,0.0,0.0,0.0,0.0,0.0,0.0,0.0
49678,0.0,0.0,0.0,0.0,0.0,0.0,0.0,0.0,0.0,0.0,0.0,0.0
49679,-33306.40812981129,-25498.081473588943,-17378.05374622345,-16196.815555155277,-59893.760312855244,-75276.8845192492,-48907.97925597429,-88901.69202631712,-1629.526049464941,-28004.48598152399,-13560.979666143656,-38780.33096200228
49680,0.0,0.0,0.0,0.0,0.0,0.0,0.0,0.0,0.0,0.0,0.0,0.0
49681,0.0,0.0,0.0,0.0,0.0,0.0,0.0,0.0,0.0,0.0,0.0,0.0
49682,0.0,-4902.556259252131,-91257.35420822725,-182254.10962853953,-75819.79275706224,-19651.097889713943,-178600.02163367718,-210159.09262374416,-79849.85874795169,-31441.967082098126,-52183.299101144075,-58733.46849504113
49686,-2437620.421020508,-1265793.2182540894,-1258972.2916221619,-1023890.6901988983,-381058.5290951729,-530519.3467078209,-3002624.183569908,-2782641.0117993355,-253497.3339996338,-126227.14153862,-1009577.766746521,-1926151.3658480644
49687,354767.5716199335,250874.4266154347,61737.247302263975,157911.70545914024,126856.3823621478,132416.7623310238,81332.30096774735,27065.997727845795,117902.12699049339,138968.13930115663,278519.044647567,0.0
49694,0.0,0.0,-109.9708023071289,-106324.5,-329641.7110423539,-253822.90194900706,-172061.1065578526,-140844.4599047685,-287024.0596352238,-430904.9791409038,-880388.1486053951,-155.54061889648438
49695,0.0,2961.8919726498425,23669.27682670206,39469.91436478123,107784.08493287861,112752.55620220304,223106.3282801332,102481.34817888448,95415.4109905609,24327.812597498763,22629.350383155048,15655.575121053145
49701,-1534546.2934422642,-1253359.3615457043,-1302219.9738636054,-392955.14028038085,-563717.0846627802,-908155.3018092737,-300488.56741157174,-547120.95221591,-838565.4899203852,-336810.26278169453,-337720.00036513805,-839478.6455565691
49702,0.0,0.0,0.0,0.0,0.0,0.0,0.0,0.0,0.0,0.0,0.0,0.0
49703,0.0,0.0,0.0,0.0,0.0,0.0,0.0,0.0,0.0,0.0,0.0,0.0
49704,0.0,0.0,0.0,0.0,0.0,0.0,0.0,0.0,0.0,0.0,0.0,0.0
49706,-1104205.9720897004,-86787.26375684142,0.0,0.0,0.0,0.0,0.0,4474.851362511516,32263.30078982003,46845.67759438604,-298684.79614643566,-1153806.9301976096
49707,-4028.071533203125,-66491.34375,1786.0720709451707,0.0,350.1538529379759,2786.152441102313,4181.6787257165415,13828.73295796488,0.0,0.0,0.0,0.0
49708,-128195.9296875,-693496.1875,-658863.9946598983,0.0,-23235.10141253937,-202683.81118474947,-191413.63253086992,-259369.29902549554,-301894.8166888007,-128182.83052931842,-194022.15625,0.0
49709,0.0,0.0,0.0,0.0,0.0,0.0,0.0,0.0,0.0,0.0,0.0,0.0
49710,0.0,0.0,0.0,0.0,0.0,0.0,0.0,0.0,0.0,0.0,0.0,0.0
49711,0.0,0.0,0.0,0.0,0.0,0.0,0.0,0.0,0.0,0.0,0.0,0.0
49712,0.0,0.0,0.0,0.0,0.0,0.0,0.0,0.0,0.0,0.0,0.0,0.0
49714,-3.186023423448205,-33.834065759321675,-67.24050296866335,-71.44284440472256,-59.27053200826049,-77.54504590388387,0.0,0.0,-23.189250756055117,-27.765601309016347,-14.835372468456626,0.0
49715,-24366.7578060627,-28074.036497831345,-35384.33558484912,-6779.553875207901,-26.700351923704147,0.0,0.0,0.0,-4989.3742570877075,-7691.0486516952515,-2375.3515850305557,-18619.275127649307
49832,0.0,0.0,0.0,0.0,0.0,0.0,0.0,0.0,0.0,0.0,0.0,0.0
49833,0.0,0.0,0.0,0.0,0.0,0.0,0.0,0.0,0.0,0.0,0.0,0.0
49834,0.0,0.0,0.0,0.0,0.0,0.0,0.0,0.0,0.0,0.0,0.0,0.0
49835,0.0,0.0,0.0,0.0,0.0,0.0,0.0,0.0,0.0,0.0,0.0,0.0
49836,0.0,0.0,0.0,0.0,0.0,0.0,0.0,0.0,0.0,0.0,0.0,0.0
49837,0.0,0.0,0.0,0.0,0.0,0.0,0.0,0.0,0.0,0.0,0.0,0.0
49846,0.0,0.0,0.0,0.0,0.0,0.0,0.0,0.0,0.0,0.0,0.0,0.0
49847,17270645.327808455,19098711.552449334,15590074.257612277,-35050.78255837038,-25035.57365231216,138723.55091667175,3030263.6515979767,5056356.0822303295,6346281.527135253,8209623.660355687,1844068.9482018948,12842073.788690016
49855,-1182697.0,-166045.4554243423,-16152224.103941023,-25113634.0,-7094276.0,-567745.7814086676,-22695725.34207648,-44340828.10837275,-53407664.0,-171226.828125,-27645310.290384293,-18838726.58430791
49856,0.0,0.0,0.0,0.0,0.0,0.0,0.0,0.0,0.0,0.0,0.0,0.0
49859,-503.3156962543726,-772653.8557088748,-721735.9839421064,-15416.29781794548,-7117.026131629944,-1900.8745591640472,-40.739888310432434,-2911.5770387649536,-2453.396923184395,-8048.167573928833,-5942.469585716724,0.0
49860,6116687.110776812,7187613.428293552,5899383.246793011,687471.4639148712,145818.97995529696,202515.84727844596,327271.5152556598,2333804.4356224835,1418999.2842263281,2575582.1338340044,1634020.6269812286,1815528.8122599646
49861,0.0,0.0,0.0,0.0,0.0,0.0,0.0,0.0,0.0,0.0,0.0,0.0
49862,0.0,0.0,0.0,0.0,0.0,0.0,0.0,0.0,0.0,0.0,0.0,0.0
49868,-67689.48698747158,1331054.9578005075,2598559.599853128,2460794.1053329706,1354618.516116619,977237.6610994339,719943.6158225536,496693.8669128418,481011.3153953552,638007.2413349152,190891.41814899445,-173563.22375655174
49870,-7822.476255722344,-78734.73251517862,-194667.2108247131,-154798.53322866186,-78045.93188616633,-44766.83093443513,-29255.805651329458,-38771.4384380281,-26637.862085461617,-52047.80388209224,-44068.23931840062,0.0
49871,-6465.739219486713,-68245.5475320816,-227775.9097750783,-192902.08001439273,-111363.32266277075,-72723.49672362208,-60212.63487866521,-100542.5522428155,-33157.90982687473,-72652.09791511297,-62799.89180025458,0.0
49872,0.0,0.0,0.0,0.0,0.0,0.0,0.0,0.0,0.0,0.0,0.0,0.0
49873,0.0,0.0,0.0,0.0,0.0,0.0,0.0,0.0,0.0,0.0,0.0,0.0
49875,0.0,0.0,0.0,0.0,0.0,0.0,0.0,0.0,0.0,0.0,0.0,0.0
49876,-8549.653530731797,-11430.477226898074,-33457.33580573648,-25058.29362528771,-5042.4752288758755,0.0,-536.7766147851944,-5628.3794927001,-7749.780012220144,-11813.577624738216,-12028.22963680327,-8891.537152819335
49877,0.0,0.0,0.0,0.0,0.0,0.0,0.0,0.0,0.0,0.0,0.0,0.0
49878,0.0,0.0,0.0,0.0,0.0,0.0,0.0,0.0,0.0,0.0,0.0,0.0
49880,-15891.418695569038,-10165.849330365658,-8147.178179323673,-4919.808899879456,-16081.016588568687,-29081.513795003295,-20372.93518061936,-36942.77547881007,-9392.2828515172,-1319.296308875084,-4321.931715011597,-14378.907776921988
49881,0.0,0.0,0.0,0.0,0.0,0.0,0.0,0.0,0.0,0.0,0.0,0.0
49882,0.0,-14000.650613229722,-211950.46895490587,-603460.7208807208,-180452.36545748264,-41530.5247855857,-614410.4284239262,-554883.6862250343,-119511.00874204189,-49271.981097489595,-188855.48048460484,-227623.98908718675
49883,0.0,-743.7989131212234,-7947.933753162622,12548.048320174217,-14975.114109754562,2770.276249140501,49971.52966183424,42701.775508761406,6251.703524529934,-95.81091022491455,15404.85622060299,29233.416670113802
49887,0.0,0.0,0.0,0.0,0.0,0.0,0.0,0.0,0.0,0.0,0.0,0.0
49888,290265.9360038489,304116.5222630501,269459.7448980883,32021.73344695568,0.0,4967.864332489669,135281.7958045751,0.0,444466.7718938142,196121.6281649992,3678.791588820517,119411.67926845327
49896,140672.1304847151,298300.9612674713,-45527.698612213135,-591106.1383697316,-751203.8900363371,-946846.0972864181,-1059018.3298596144,-402634.761099115,-398316.39733481593,-654223.1977905361,-466298.5953015536,-464294.2729877159
49897,88448.84949620068,4153.557629138231,10534.207302823663,19636.50945381075,6039.878031149507,-190.20312196016312,-17936.054253648967,-90.1330354437232,13434.521994482726,32840.4149139896,72597.93337971717,142968.8526724875
49904,98904.96123189479,99050.24035564065,128852.38217773288,38012.2895154506,63845.66659760475,168766.2090394348,576559.1755777895,778999.2997934893,699019.8367265761,501486.32521134615,30106.281688570976,68908.17888543755
49908,15961.93941757083,13916.147088602185,19429.571541801095,6863.3426831662655,21315.851543582976,32203.621747598052,57952.56415750086,66207.83031901717,92533.1728925705,33026.065370604396,2533.8515794426203,11621.236593902111
49909,135438.73840656132,127644.89769790694,77410.83293480426,0.0,48732.60384808108,44397.233232966624,96086.44060151163,109619.42781567527,88383.35907916888,291268.10170842515,128023.61244492419,119630.36665060185
49910,6467.749410290737,5663.725688689388,2374.862284179777,0.0,474.37166391313076,3168.315140382154,11039.032735641813,24353.643161718734,0.0,0.0,13650.379845049232,5540.524142059963
49911,11804.328510724008,9574.296242773533,6004.994778517634,0.0,996.429057084024,7591.382313370705,26039.111044615507,44849.31404106319,62187.46665920317,31657.540352255106,5949.241816744208,9489.46262024343
49914,2262.9910276830196,43.614151537418365,0.0,0.0,13362.727698862553,6662.684702128172,5073.492580443621,9126.416492074728,19062.28524285555,4680.643805474043,2140.554670751095,1424.593326896429
49916,0.0,0.0,0.0,0.0,0.0,0.0,0.0,0.0,0.0,0.0,0.0,0.0
49917,-125.46120303869247,0.0,0.0,-0.7652727961540222,-1078.4214603751898,-4005.9246141687036,-788.9266760200262,-323.89432367682457,-2806.6199762821198,-79.33095123618841,-22.915920451283455,-82.18369429558516
49918,17648.138041354716,19858.44796604337,24605.155052473303,6416.622737505357,0.0,0.0,0.0,0.0,8220.991362899542,22375.65454060491,1515.9773862590082,12250.384129510261
49919,-1358.1029921770096,-1509.6445169448853,-1981.0552980601788,-957.5557482093573,0.0,0.0,0.0,0.0,-93.29674506187439,-3213.8463820815086,-421.38574236631393,-644.9168460071087
50036,0.0,0.0,0.0,0.0,0.0,0.0,0.0,0.0,0.0,0.0,0.0,0.0
50037,0.0,0.0,0.0,0.0,0.0,0.0,0.0,0.0,0.0,0.0,0.0,0.0
50050,0.0,0.0,0.0,0.0,0.0,0.0,0.0,0.0,0.0,0.0,0.0,0.0
50051,-15166538.294641376,-12765972.003592014,-9264605.128260493,-3671748.0340200737,-3374767.290645808,-2345536.3253148794,-4289063.000801086,-3892602.7920604944,-5566152.644478083,-5137971.208635688,-4344359.894649684,-12377275.21358025
50057,-2773943.297537349,-223024.97746610641,-79115.31770038605,0.0,0.0,0.0,0.0,-133717.13014397025,-731910.9375,0.0,-931120.625,-1113767.5
50058,0.0,0.0,0.0,0.0,0.0,0.0,0.0,-6298.751953125,0.0,0.0,0.0,0.0
50060,-1534.65722258389,-26778.881489023566,-61720.60636073351,-34932.63553184271,-17605.26333129406,-10066.276351213455,-319.0215563774109,-1024.3250049352646,-6855.726087808609,-18788.21768116951,-12988.834381520748,0.0
50061,-632860.9224113934,0.0,0.0,-399802.9557083696,-56221.316106148064,-20751.202077955008,-30656.524880558252,-116265.52204114199,-61913.5807864964,-211781.3634803295,-118167.06822241843,-21773.79278921336
50062,0.0,0.0,0.0,0.0,0.0,0.0,0.0,0.0,0.0,0.0,0.0,0.0
50063,0.0,0.0,0.0,-382494.75373604894,-276400.726289317,0.0,0.0,0.0,0.0,0.0,0.0,0.0
50064,-40172.461234778166,-85646.2424659133,-462398.38703629747,0.0,0.0,0.0,0.0,0.0,-57100.05572241545,-277149.84598356485,-259314.9676824212,-212296.200507015
50068,169592.00215148926,18843483.875650406,19052838.934988976,17622795.05799389,-10198773.862483978,-8683092.127857208,-3522693.1937026978,-581883.538848877,3684410.4889831543,-4861652.241409302,-11866350.4659729,-14477688.972373962
50069,-10595.34388186317,-11431.101114537567,0.0,-3111.3138657789677,0.0,-205.87666888535023,-3818.507314104587,-3230.4528014995158,-2318.0300411060452,-2972.919380828738,-590.4688092395663,-6858.2051126509905
50070,0.0,0.0,0.0,0.0,0.0,0.0,0.0,0.0,0.0,0.0,0.0,0.0
50071,0.0,0.0,0.0,0.0,0.0,0.0,0.0,0.0,0.0,0.0,0.0,0.0
50072,0.0,0.0,0.0,0.0,0.0,0.0,0.0,0.0,0.0,0.0,0.0,0.0
50074,-25608.329097539186,-27964.069487810135,-46497.679075054824,0.0,-1026.5770960748196,-1351.3687373399734,-13172.323184996843,-28792.577241539955,-16562.73641592264,-4417.5966348052025,-4982.467787131667,-45872.27930404991
50075,-8110.064099535346,0.0,-3793.666249677539,-6659.6608877032995,-31011.34016174078,-21858.172386407852,-18591.299055099487,-25464.809551239014,-6331.550465345383,-29993.446024537086,-21818.366666808724,-56966.83128234744
50076,0.0,0.0,0.0,0.0,0.0,0.0,0.0,0.0,0.0,0.0,0.0,0.0
50077,0.0,0.0,0.0,0.0,0.0,0.0,0.0,0.0,0.0,0.0,0.0,0.0
50078,0.0,0.0,0.0,0.0,0.0,0.0,0.0,0.0,0.0,0.0,0.0,0.0
50079,0.0,0.0,0.0,0.0,0.0,0.0,0.0,0.0,0.0,0.0,0.0,0.0
50080,0.0,0.0,0.0,0.0,0.0,0.0,0.0,0.0,0.0,0.0,0.0,0.0
50081,-681.0836513424292,-7660.91648068279,-13651.848192930222,-12977.835999591742,-3613.874537438387,-40.71360340062529,-2421.396128579974,-8374.885871408507,-4833.263694413006,-282.3208536170423,-291.3962389025837,0.0
50082,0.0,-493.03605944663286,-51501.02120682597,-124444.0778666772,-24331.23304599896,-6213.260683372617,-18484.029038742185,-18707.785112813115,-6960.832429766655,-211.5664238333702,-22610.648170024157,-43299.38064751029
50083,28276.70710286498,-139.85063138604164,-35600.96401017904,-88532.90312261134,277.35950085520744,-1173.1047290563583,-297.5466004014015,1961.0304573774338,-1716.1556960344315,0.0,-4441.751718997955,19535.55326679349
50087,0.0,0.0,0.0,0.0,0.0,0.0,0.0,0.0,0.0,0.0,0.0,0.0
50090,0.0,-2555.929590269923,-21741.078938141465,-18475.148540813476,-17972.569221921265,-19967.05405139923,-21557.110129147768,-16156.653586894274,-13715.626126624644,-7030.428687304258,-4984.337228953838,-137.8028652369976
50098,213051.4449659586,134303.66083043814,11760.54259173572,-55753.28786288202,-300257.50257384777,-205731.1109073311,-336820.0462129563,-114630.9303181544,-172193.9093964845,-23441.731105778366,63572.61041769199,203061.91792131262
50099,343434.5702661574,239687.0353077352,74740.718416363,74014.74417579174,254749.16123896837,408919.2998485267,689409.2918308154,405943.2001633197,395493.9898009598,216135.16618976742,321069.03466276824,916988.6328275688
50117,6251.366891860962,4816.659485459328,11094.22294318676,0.0,32124.796513706446,31641.303922981024,17395.957057371736,30562.16283109784,37590.71047471464,2643.5938886851072,3096.1722129434347,2745.827639579773
50118,1.4637589156627655,0.1167135238647461,0.0,0.17220281064510345,10.376942977309227,9.94540224969387,2.807923287153244,2.558496430516243,9.270119473338127,1.9437375217676163,1.7506577223539352,0.9839983582496643
50119,0.0,0.0,0.0,0.0,0.0,0.0,0.0,0.0,0.0,0.0,0.0,0.0
50120,-1317.2488887310028,-1345.4895471334457,-1371.3672885894775,-253.0065335035324,592.990886926651,3.5615158081054688,0.0,-19.762514114379883,-280.58956718444824,-2737.0090203285217,-297.7173843383789,-723.7205829620361
50249,0.0,0.0,0.0,0.0,0.0,0.0,0.0,0.0,0.0,0.0,0.0,0.0
50250,-9781819.102742627,-11262685.084354647,-3012647.3410440236,21720.854421660304,-115252.9447824955,-591832.1472690105,-1894516.3541111946,-1862684.7888263464,-5866745.684012771,-6483402.621334195,-2340140.2928386927,-6055857.386324108
50256,17222267.85148035,11246397.749830663,9684647.68588093,0.0,9030081.341065615,8894764.69367896,209343.5254276367,6581269.348434839,8486712.26485587,0.0,7803456.874219738,14224976.525890268
50257,0.0,0.0,0.0,0.0,0.0,0.0,0.0,0.0,0.0,-913.41796875,0.0,0.0
50258,0.0,0.0,0.0,0.0,0.0,0.0,0.0,0.0,0.0,0.0,0.0,0.0
50259,0.0,0.0,0.0,0.0,0.0,0.0,0.0,0.0,0.0,0.0,0.0,0.0
50260,0.0,0.0,0.0,0.0,0.0,0.0,0.0,0.0,0.0,0.0,0.0,0.0
50261,178312.3176639974,3166535.7514758073,6006123.814866625,4359020.658914514,2276150.6764934957,1353787.8578697145,120514.25110435486,481795.19742786884,494338.4886699319,1569377.563809216,1280785.052775845,0.0
50264,0.0,0.0,0.0,0.0,0.0,0.0,0.0,0.0,0.0,0.0,0.0,0.0
50267,0.0,241703.02916443348,3454959.4720584005,3398500.7490006387,1363865.8147561252,2530364.5411673337,-31955.431777894497,1314117.4453344047,368030.09415489435,1528991.4140704274,1508286.0443242788,-45914.66836190224
50268,0.0,-466.05081463232636,-9181.61846801918,-17291.95704943221,-8180.861034285277,-24051.253330794163,-2588.4734462872148,-1030.3734188750386,-2772.869543209672,-11029.896474413574,-13219.549498721957,-12399.24859123677
50269,0.0,0.0,0.0,0.0,0.0,0.0,0.0,0.0,0.0,0.0,0.0,0.0
50270,0.0,0.0,0.0,0.0,0.0,0.0,0.0,0.0,0.0,0.0,0.0,0.0
50271,0.0,0.0,0.0,0.0,0.0,0.0,0.0,0.0,0.0,0.0,0.0,0.0
50272,-42923.98505298793,-69260.64118802547,-241492.715125978,-199738.43396005034,-42050.1439152807,0.0,-397.9305591583252,-41914.09270107746,-65521.16385960579,-53387.57355976105,-88156.24621263146,-76474.51701748371
50273,0.0,0.0,0.0,0.0,0.0,0.0,0.0,0.0,0.0,0.0,0.0,0.0
50274,0.0,0.0,0.0,0.0,0.0,0.0,0.0,0.0,0.0,0.0,0.0,0.0
50275,-12417.422707110643,-3389.051584661007,-16377.641135066748,-21796.54753547907,-53964.82029438019,-47780.718710914254,-34839.888511672616,-62313.64615383744,-3479.776602625847,-56124.30134951323,-22259.401057332754,-46488.83598776162
50277,0.0,0.0,0.0,0.0,0.0,0.0,0.0,0.0,0.0,0.0,0.0,0.0
50278,0.0,0.0,0.0,0.0,0.0,0.0,0.0,0.0,0.0,0.0,0.0,0.0
50279,0.0,0.0,0.0,0.0,0.0,0.0,0.0,0.0,0.0,0.0,0.0,0.0
50280,-2595.6690751239657,0.0,-29.828447110950947,-10073.993636567146,-467.4017649963498,-70.66194405406713,-90.54284281283617,-405.6728381514549,-30.90203657746315,0.0,0.0,-4399.02275288105
50281,159678.55689314008,126842.26931706071,211988.01769076288,345001.8106033504,0.0,608.676256775856,3827.4222519397736,2874.516730427742,1728.9389479160309,0.0,0.0,50506.883707255125
50284,0.0,0.0,0.0,0.0,0.0,0.0,0.0,0.0,0.0,0.0,0.0,0.0
50286,0.0,85.02140538394451,3011.225579082966,12752.861929446459,15.156620800495148,0.0,0.0,0.0,94.84723538160324,10.838905334472656,0.0,64.07677835226059
50287,0.0,0.0,0.0,0.0,0.0,0.0,0.0,0.0,0.0,0.0,0.0,0.0
50288,0.0,0.0,0.0,0.0,0.0,0.0,0.0,0.0,0.0,0.0,0.0,0.0
50289,0.0,0.0,0.0,0.0,0.0,0.0,0.0,0.0,0.0,0.0,0.0,0.0
50290,0.0,0.0,0.0,0.0,0.0,0.0,0.0,0.0,0.0,0.0,0.0,0.0
50291,0.0,0.0,0.0,0.0,0.0,0.0,0.0,0.0,0.0,0.0,0.0,0.0
50293,0.0,99.08554179035127,1122.2668092362583,3619.4145539933816,2294.516410906799,3155.401955269277,1693.1114371493459,511.63755039311945,455.7932007163763,427.50260554999113,752.0715801529586,1078.1717605087906
50294,96.1192764043808,-8599.271807610989,-79395.22410643101,-209271.3578749299,-73134.78011703491,-81873.78892803192,-132671.12479686737,-54772.78887152672,-24086.255192518234,-60457.7021600008,-62230.053745269775,-96790.42157912254
50302,-15142.340178251266,15592.943661212921,70151.8817911148,105750.62266755104,-335384.3342618942,-1305472.9505221844,-558325.9369866848,-132186.30845212936,25866.736488342285,-23689.069878339767,210.2316174507141,58019.08075070381
50303,-10647.792929515243,-35857.03722192347,-34813.117653906345,-90776.12356874347,-248092.85791105032,-3297.4912315011024,-39874.97947841138,-101126.87525788695,-174370.88612114638,-86433.63270237297,-9666.340215317905,-11960.770351678133
50324,0.0,0.0,0.0,0.0,0.0,0.0,0.0,0.0,0.0,0.0,0.0,0.0
50325,-3330.9691059589386,-3959.2225470542908,-6124.834940612316,-3220.3272906541824,-4702.0751188620925,-2.431868255138397,0.0,-1228.4608461856842,-391.3202021121979,-2482.2640128731728,-1127.412060469389,-1674.600356578827
50411,0.0,0.0,0.0,0.0,0.0,0.0,0.0,0.0,0.0,0.0,0.0,0.0
50414,372947.61104393005,433532.8362054825,474280.3689017296,52472.80023479462,-94093.69050264359,-149998.93774414062,-65106.60827112198,-25710.140019893646,-38357.126828193665,-31164.674551963806,-38075.5816822052,120167.81731128693
50416,0.0,0.0,0.0,-238.23147408664227,-210.09944896027446,-68.72439711913466,-108.98741706833243,0.0,0.0,0.0,0.0,0.0
50453,0.0,0.0,0.0,0.0,0.0,0.0,0.0,0.0,0.0,0.0,0.0,0.0
50454,-6527123.131554611,-11566140.168726228,-4754841.025587929,-2211.7412556782365,-1903.8097247481346,-71865.33567154408,-2575730.1956324577,-1976285.6261624694,-2170471.563698709,-2766436.951457083,-1156289.4240575433,-4849418.247774452
50458,3254517.770744443,-13344144.668331444,-31740752.41319889,-9777967.79720655,18742818.204062566,18988700.79049653,17748878.90338739,8856514.335904285,8787907.352662168,8620917.628887232,6787832.068379544,9800025.09744674
50459,2022614.564455822,2509210.631673485,1367754.403952077,-1706696.571982786,6307900.604516834,6780837.832265228,5730543.748327076,2115061.8509254307,4650332.751064651,0.0,2195262.9495015517,4284023.184082113
50460,1770371.068129668,491693.85044101765,53625.64358997198,0.0,0.0,1237611.474233543,388979.5547639708,31581.454874223098,1219871.5901648737,1155191.533836484,1058489.884931352,2059673.698631927
50461,0.0,0.0,0.0,0.0,0.0,0.0,0.0,0.0,0.0,0.0,0.0,0.0
50462,865412.4954894185,959789.172165826,300355.2582260929,184169.8351141475,383077.86374675855,852064.6014006324,1016226.1130636185,929564.4851526469,665134.72305624,363516.7266113702,178578.2702631727,207412.55087221414
50463,352568.6470702514,156263.897147391,0.0,0.0,0.0,0.0,0.0,0.0,36338.190727289766,248177.59447785933,112422.04536842555,162928.3476129882
50465,0.0,0.0,0.0,0.0,0.0,0.0,0.0,0.0,0.0,0.0,0.0,0.0
50466,0.0,0.0,0.0,0.0,0.0,0.0,0.0,0.0,0.0,0.0,0.0,0.0
50467,0.0,68245.55875182152,628816.7625106275,1379971.628159523,968158.3333148956,571084.0976419151,615979.5561294556,428999.9266156554,807657.2797558308,540997.502982378,839294.6656275988,340260.7911338806
50468,-158263.3280838132,0.0,-19363.09983749315,-477002.5917805843,-427399.31300978176,-12935.853515625,0.0,-5026.56005859375,-255472.28405657597,-308949.6591137154,-360771.6446660608,-424467.8470450416
50470,0.0,-2284.5736851990223,-57479.86403096095,-328916.65625,-51510.96968350373,-68548.86324518546,-16852.997405439615,-2798.56919644773,-10700.809111505747,-56330.709367632866,-54425.54031959176,-64316.951822698116
50472,0.0,-12502.366491928697,-211429.49777819216,0.0,-198220.38627164438,-80319.3984375,-39864.74932125211,-18257.22970147431,-25278.599355340004,-204956.63523806632,-165208.88885362446,-190608.29402063787
50473,0.0,-450.25304382666945,-10514.809746457264,0.0,0.0,0.0,-581.5395173202269,-1613.7006049822085,-3088.151370121166,-13708.628975424916,-17706.557824128307,-17241.518579449505
50474,0.0,0.0,0.0,0.0,0.0,0.0,0.0,0.0,0.0,0.0,0.0,0.0
50475,-36783.409959465265,-59839.97102152556,-66336.75042279065,-18865.957985423505,0.0,-1110.9071032702923,-11591.537130445242,-38373.89211988449,-47417.63886848092,-18493.09992751479,-8259.175038293004,-27024.84528642893
50476,0.0,0.0,0.0,0.0,0.0,0.0,0.0,0.0,0.0,0.0,0.0,0.0
50477,0.0,0.0,0.0,0.0,0.0,0.0,0.0,0.0,0.0,0.0,0.0,0.0
50478,0.0,0.0,0.0,0.0,0.0,0.0,0.0,0.0,0.0,0.0,0.0,0.0
50479,0.0,0.0,0.0,0.0,0.0,0.0,0.0,0.0,0.0,0.0,0.0,0.0
50480,0.0,0.0,0.0,0.0,0.0,0.0,0.0,0.0,0.0,0.0,0.0,0.0
50481,-27793.382160663605,-20198.424941062927,-49823.88386631012,-61107.11709475517,-43145.98709607124,-56904.83773493767,-39795.58197903633,-82375.6643166542,-31980.4393389225,-41282.94175684452,-39567.355454444885,-48304.87966990471
50483,-11534.391639709473,-690.1637325286865,-853.4756941795349,-2255.5674628019333,-15771.96483772993,-24484.1787956357,-31879.616970956326,-54937.10593509674,-15498.822164446115,0.0,-4265.675771713257,-10352.352766752243
50484,0.0,0.0,0.0,0.0,0.0,0.0,0.0,0.0,0.0,0.0,0.0,0.0
50485,0.0,0.0,0.0,0.0,0.0,0.0,0.0,0.0,0.0,0.0,0.0,0.0
50488,0.0,0.0,0.0,0.0,0.0,0.0,0.0,0.0,0.0,0.0,0.0,0.0
50489,0.0,0.0,0.0,0.0,0.0,0.0,0.0,0.0,0.0,0.0,0.0,0.0
50490,0.0,0.0,0.0,0.0,0.0,0.0,0.0,0.0,0.0,0.0,0.0,0.0
50492,0.0,0.0,0.0,0.0,0.0,0.0,0.0,0.0,0.0,0.0,0.0,0.0
50493,0.0,0.0,0.0,0.0,0.0,0.0,0.0,0.0,0.0,0.0,0.0,0.0
50495,0.0,0.0,0.0,0.0,0.0,0.0,0.0,0.0,0.0,0.0,0.0,0.0
50496,0.0,0.0,0.0,0.0,0.0,0.0,0.0,0.0,0.0,0.0,0.0,0.0
50497,0.0,0.0,0.0,0.0,0.0,0.0,0.0,0.0,0.0,0.0,0.0,0.0
50498,0.0,-39.98526084050536,-668.8822567481548,-2359.8439269810915,-1032.697115957737,-3373.570349190384,-664.7497314885259,-543.7374519407749,-440.3747551292181,-784.131667882204,-544.5489103235304,-986.1947012618184
50529,1096172.6689224243,1316718.98878479,937722.4156417847,837034.6705169678,-83015.92714691162,417327.63415527344,-310134.8744506836,2185820.568206787,2121060.202102661,723745.8515472412,405427.1816482544,1300249.9949035645
50530,0.0,0.0,0.0,0.0,0.0,0.0,0.0,0.0,0.0,0.0,0.0,0.0
50531,0.0,0.0,0.0,0.0,0.0,0.0,0.0,0.0,0.0,0.0,0.0,0.0
50618,372947.61104393005,433532.8362054825,474280.368901968,52472.8002345562,-94093.69050240517,-149998.93774414062,-65106.60827112198,-25710.140019893646,-38357.126828193665,-31164.674552440643,-38075.58168196678,120167.81731128693
50658,0.0,0.0,0.0,0.0,0.0,0.0,0.0,0.0,0.0,0.0,0.0,0.0
50659,-36125.42869476974,-36280.758986607194,-11138.618974611163,0.0,-603.9880809932947,-2269.2624559253454,-12417.904469430447,-15545.3649905622,-13826.74234725535,-8991.73828470707,-8536.697314351797,-23393.266662463546
50662,5814687.92829904,2057938.0127476007,13582443.114205088,20162936.072358318,20173983.154510215,18684472.426841363,2865618.1618459886,1174898.192430392,9946282.818503957,15379840.476340443,-29506.818587580696,11131605.784054969
50663,1003132.0103178248,905573.2391624358,1232863.015418347,1204568.111002761,352450.43089156784,259846.65186987538,863463.1140854065,-1976129.2557495236,-68054.23760953546,601304.4184382092,240343.74023203924,355638.7711989507
50666,2242491.388417959,1964586.010990575,1007568.8564197123,1352226.8452612162,2758007.8021372706,4343138.15902441,3758759.5359106176,2371330.430217348,1638427.9231232032,1502672.780633241,517033.461932987,711440.0440790653
50667,0.0,0.0,0.0,0.0,0.0,0.0,0.0,0.0,0.0,0.0,0.0,0.0
50670,-261254.53395050764,0.0,-12835.925453796983,-257331.8474882245,-296105.71553367376,-1113932.1778608672,-636472.1712350026,-344043.95988190174,-57031.88135498762,-196031.8256189525,-237612.20002621412,-375938.91352391243
50671,0.0,-3077.971892118454,-36955.22328552231,0.0,-22620.561829596758,-22348.23575134203,-3570.89515761286,-724.8995781391859,-6358.456396222115,-16300.801350593567,-17089.946703508496,-22053.861750990152
50672,0.0,-18083.59501540661,-331308.7724735141,-54731.75626385212,-221846.4421671927,-272810.29004591703,-39393.917238891125,-21611.177457749844,-35443.97268551588,-182206.15321272612,-167739.22536969185,-184236.103631258
50673,0.0,0.0,0.0,0.0,0.0,0.0,0.0,0.0,0.0,0.0,0.0,0.0
50674,0.0,0.0,0.0,0.0,0.0,0.0,0.0,0.0,0.0,0.0,0.0,0.0
50675,0.0,0.0,0.0,0.0,0.0,0.0,0.0,0.0,0.0,0.0,0.0,0.0
50676,0.0,0.0,0.0,0.0,0.0,0.0,0.0,0.0,0.0,0.0,0.0,0.0
50678,-2581.433719277382,-4316.602226257324,-8102.1578034460545,-1247.7844192385674,-357.6064854860306,-127.11904138326645,-607.6626462936401,-5688.067414402962,-4037.3274159431458,-3332.0392819046974,-1319.2082067728043,-6989.239249527454
50681,-4072.329348087311,0.0,-4413.155258774757,-435.55773788690567,-5546.465214729309,-9555.021326005459,-12824.907036721706,-19357.472680822015,-5660.087871044874,-236.91906975209713,-3176.655893087387,-6268.493592619896
50682,0.0,0.0,0.0,0.0,0.0,0.0,0.0,0.0,0.0,0.0,0.0,0.0
50683,0.0,313392.7079909779,647457.0725160725,994764.6002230179,63347.54557279125,3407.590269215405,100362.67570263147,0.0,8505.429794639349,0.0,0.0,0.0
50684,0.0,-43.1296064555645,-489.64982813596725,-9614.537316218019,-77.44685566425323,-21.113439559936523,-1490.0084418058395,-92.36915040016174,-64.06567823886871,0.0,0.0,-200.6686805486679
50685,0.0,-22.818007171154022,-3173.7917561531067,-13384.962726771832,-177.45851063728333,-75.09910273551941,-15.714534759521484,-23.47062063217163,-48.52008080482483,0.0,0.0,-348.2583233118057
50686,0.0,0.0,-161.83475641906261,-9215.83050660789,-45.66639715433121,0.0,0.0,0.0,0.0,0.0,0.0,-268.44057136774063
50689,125.01643121242523,-80.33645920455456,-1232.8316073566675,-2009.8814273551106,-74.92833223938942,-54.865889608860016,-221.97457069158554,-188.2864333987236,-199.81847831606865,0.0,16.6256320476532,-1.0965142250061035
50690,0.0,0.0,0.0,0.0,0.0,0.0,0.0,0.0,0.0,0.0,0.0,0.0
50692,0.0,0.0,0.0,0.0,0.0,0.0,0.0,0.0,0.0,0.0,0.0,0.0
50694,0.0,0.0,0.0,0.0,0.0,0.0,0.0,0.0,0.0,0.0,0.0,0.0
50695,0.0,371.6135997772217,4227.590783596039,6770.18651008606,932.938473701477,3701.9666900634766,573.9645690917969,3320.6611347198486,2549.5517501831055,2140.4164686203003,9.51624584197998,581.0371580123901
50729,0.0,0.0,0.0,0.0,0.0,0.0,0.0,0.0,0.0,0.0,0.0,0.0
50730,0.0,0.0,0.0,0.0,0.0,0.0,0.0,0.0,0.0,0.0,0.0,0.0
50731,0.0,0.0,0.0,0.0,0.0,0.0,0.0,0.0,0.0,0.0,0.0,0.0
50771,-4656167.989630699,-2777943.643383026,290201.221326828,-3426.598418235779,397526.6966547966,5132122.221364021,18772897.1611166,13794957.701065063,28251202.605506897,27777295.55157852,12611660.46295929,1681113.4097213745
50857,0.0,0.0,0.0,0.0,0.0,0.0,0.0,0.0,0.0,0.0,0.0,0.0
50858,0.0,0.0,0.0,0.0,0.0,0.0,0.0,0.0,0.0,0.0,0.0,0.0
50859,0.0,0.0,0.0,0.0,0.0,0.0,0.0,0.0,0.0,0.0,0.0,0.0
50860,622196.2883488238,1500909.6600650102,8865306.273764748,15772634.751371063,14289978.867678866,4061063.1659760117,4538765.2229788825,5905032.8346912265,5147997.249381768,0.0,5944466.347664684,4216575.184816852
50861,-38252.24092274904,-9716.97338823229,-70437.93019682169,-46787.0390625,0.0,0.0,-44780.740775577724,-7810.5962571688,-72169.07183749974,0.0,-50346.72767630592,-80155.99621377885
50862,0.0,0.0,0.0,0.0,0.0,0.0,0.0,0.0,0.0,0.0,0.0,0.0
50863,-3245456.1890190765,-1399283.1794738397,-402872.8266535327,-3125447.320764791,0.0,0.0,0.0,0.0,-243489.453125,0.0,-613093.8451697379,-926874.1955249235
50866,517381.1502432227,1151524.650652945,1182828.1581291854,1187290.3523710966,2823556.319583237,2687808.953120351,1876832.5037347972,1256487.8420559252,2257994.7696092986,2187826.882136965,449922.3965944201,404820.101590395
50868,0.0,-4612.622657153755,-49717.31975924224,-127052.20224243402,-52425.47029821575,-106179.76640934497,-47677.97006264329,-5477.6256485283375,-27441.54589998722,-54725.854264229536,-101187.66176651418,-79990.57962152362
50869,0.0,0.0,0.0,0.0,0.0,0.0,0.0,0.0,0.0,0.0,0.0,0.0
50872,-1379605.8620237112,0.0,-15205.529807329178,-826983.6033363938,-1316038.5329957753,-1632033.75,0.0,-154230.0625,-252240.01444596052,-957331.7946418226,-879437.7052842379,-1621398.9116139412
50873,0.0,0.0,0.0,0.0,0.0,0.0,0.0,0.0,0.0,0.0,0.0,0.0
50875,0.0,0.0,0.0,0.0,0.0,0.0,0.0,0.0,0.0,0.0,0.0,0.0
50877,-15156.835790634155,-42592.64083170891,-53963.967975735664,-72767.05781060457,-7229.556994795799,-26.204751551151276,-935.1979814767838,-38666.23659589887,-20012.856228530407,-49967.53738814592,-23296.92763376236,-39870.393605709076
50878,-12968.700442314148,-24169.64136338234,-31174.580816864967,-3655.556820631027,-556.5908672809601,-4391.605441868305,-8554.987896323204,-40023.41373169422,-24169.12034213543,-15856.89248740673,-7183.730375170708,-34285.9609066844
50882,0.0,0.0,0.0,0.0,0.0,0.0,0.0,0.0,0.0,0.0,0.0,0.0
50883,0.0,0.0,0.0,0.0,0.0,0.0,0.0,0.0,0.0,0.0,0.0,0.0
50884,0.0,0.0,0.0,0.0,0.0,0.0,0.0,0.0,0.0,0.0,0.0,0.0
50885,0.0,0.0,0.0,0.0,0.0,0.0,0.0,0.0,0.0,0.0,0.0,0.0
50886,0.0,0.0,0.0,0.0,0.0,0.0,0.0,0.0,0.0,0.0,0.0,0.0
50887,0.0,0.0,0.0,0.0,0.0,0.0,0.0,0.0,0.0,0.0,0.0,0.0
50926,-71.29011633992195,-307.0455893278122,-1027.4436576515436,-395.32245622575283,-273.03485518693924,-47.55903534591198,-142.83644838631153,-386.62156365811825,-288.19816379994154,0.0,-8.512929171323776,-8.423320263624191
50927,0.0,0.0,0.0,0.0,0.0,0.0,0.0,0.0,0.0,0.0,0.0,0.0
50967,19371.13344669342,19909.04520225525,9545.211332798004,0.0,43122.163725852966,59227.360761642456,21593.06880378723,4743.962247848511,22406.844688415527,5818.197319030762,121023.07948112488,59369.06476020813
51030,0.0,0.0,-54655.90600249916,-331479.9052220732,-469464.7403298393,-444428.38805478206,-19328.6610801816,-51854.94837844372,-283140.5724081993,-282457.7571346089,-1334309.9781478308,-56045.638952590525
51052,0.0,0.0,0.0,0.0,0.0,0.0,0.0,0.0,0.0,0.0,0.0,0.0
51053,1425244.4369891733,1060769.5315757394,326689.6479985714,240472.2252599299,1157134.8388223313,1280953.2180305459,1733307.4855409637,1054921.8999100178,286914.22120373696,588315.6516250744,224739.92706379294,295054.7801428437
51057,-4085774.975963533,-4058379.125202447,-7470009.469500229,-8541245.172844574,-12652484.799992085,-14767681.7114048,-8701872.567241415,-3347249.143767461,-4049377.3888438577,-6015741.934559156,-2263337.6408798397,-3603807.630046904
51059,0.0,0.0,0.0,0.0,0.0,0.0,0.0,0.0,0.0,0.0,0.0,0.0
51060,0.0,0.0,0.0,0.0,0.0,0.0,0.0,0.0,0.0,0.0,0.0,0.0
51062,-822225.0911482573,-631664.6190232635,0.0,-57309.96920798719,-245166.80128872395,-1171120.7635057494,-946818.8449676596,-1209332.4744640999,-240140.6823418215,-105219.44305965304,-219432.91177034378,-651081.2181116939
51063,0.0,0.0,0.0,0.0,0.0,0.0,0.0,0.0,0.0,0.0,0.0,0.0
51064,-14009.951372906566,-20149.358827792108,-2158.615728572011,-399.00032964348793,-400.42721927165985,-12090.893754974008,-4347.405718326569,-31572.6059756577,-11322.400730848312,-3545.4746049642563,-9068.83570343256,-27706.68824838102
51065,-15401.289426505566,-26097.58756516874,-31779.042551398277,-12230.077083587646,-621.9258520007133,-358.8289116024971,-2249.84883081913,-24142.882116049528,-13312.416287183762,-18219.593130469322,-7118.101437866688,-19570.507978647947
51066,-27449.73361247778,-6015.130671709776,0.0,-1588.0875574946404,-9044.16116976738,-23638.773030489683,-5705.835801541805,-50271.218938589096,-8201.75202691555,-27992.403292238712,-20099.823585689068,-72923.8763551712
51067,-28134.620719641447,-49913.29864940047,-23652.665030047297,0.0,-1075.788526982069,-27289.08401788771,-24224.64015200734,-116064.86233878136,-53559.63485480845,-23053.045257888734,-13375.7182444036,-87350.20933914185
51075,0.0,0.0,0.0,0.0,0.0,0.0,0.0,0.0,0.0,0.0,0.0,0.0
51076,0.0,0.0,0.0,0.0,0.0,0.0,0.0,0.0,0.0,0.0,0.0,0.0
51077,0.0,0.0,0.0,0.0,0.0,0.0,0.0,0.0,0.0,0.0,0.0,0.0
51078,0.0,0.0,0.0,0.0,0.0,0.0,0.0,0.0,0.0,0.0,0.0,0.0
51116,-25.611031413078308,-261.55984342098236,-1280.0821183919907,-329.25989231467247,-279.1089495718479,-37.34779489040375,-168.9081859588623,-483.0794157385826,-413.4208865761757,0.0,-22.523136347532272,-5.350383758544922
51117,0.0,0.0,0.0,0.0,0.0,0.0,0.0,0.0,0.0,0.0,0.0,0.0
51118,328.18202471733093,2785.957992374897,6471.370766282082,3512.0234765410423,3328.991095662117,7.209595203399658,0.0,4071.2040712833405,880.7309048175812,2922.910959005356,580.8734532594681,0.0
51240,0.0,0.0,0.0,0.0,0.0,0.0,0.0,0.0,0.0,0.0,0.0,0.0
51241,0.0,0.0,0.0,0.0,0.0,0.0,0.0,0.0,0.0,0.0,0.0,0.0
51242,0.0,0.0,0.0,0.0,0.0,0.0,0.0,0.0,0.0,0.0,0.0,0.0
51246,962880.5365796685,584885.312229842,885235.7300620526,1714599.4078877568,2804461.217790311,3189948.9105676226,2178423.6053649783,581733.014291089,332774.7632025182,1319975.5931466147,527176.045489788,631482.2660384178
51247,0.0,0.0,0.0,0.0,0.0,0.0,0.0,0.0,0.0,0.0,0.0,0.0
51248,0.0,0.0,0.0,0.0,0.0,0.0,0.0,0.0,0.0,0.0,0.0,0.0
51249,-162889.8819039762,92529.45424515009,406828.00844958425,971837.7449947298,740494.5835187286,1779791.1062199771,-142748.80717529356,-62955.59773284197,480198.3350151777,221312.73158979416,225769.89572286606,319375.5277540684
51250,667619.394597888,0.0,64143.08655190468,1796260.1892498434,1526907.4644560218,4833943.576357804,2341338.0387221277,1430223.9580791667,1133047.4920484126,626991.8137371317,521270.69852519035,3043939.522182405
51251,-311011.1499161124,0.0,-3191.2062617242336,-89581.82670907676,-314644.26398169994,-772052.0,-29852.736328125,-352113.9743933417,-20320.494843874127,-158979.57230508886,-44208.207574129105,-467897.8973135799
51254,0.0,0.0,0.0,0.0,0.0,0.0,0.0,0.0,0.0,0.0,0.0,0.0
51255,0.0,0.0,0.0,0.0,0.0,0.0,0.0,0.0,0.0,0.0,0.0,0.0
51256,0.0,0.0,0.0,0.0,0.0,0.0,0.0,0.0,0.0,0.0,0.0,0.0
51258,-295392.9001226425,-331971.09274983406,-367731.47546720505,-296278.9465417862,-56249.79118204117,-126715.19697737694,-62640.52808189392,-527647.5223586559,-485840.99886894226,-399411.4366078377,-101426.64269948006,-300922.8224852085
51261,-29375.51116323471,-2205.2417702674866,-25944.076562285423,-65364.63762640953,-52983.606788635254,-87311.24242830276,-34893.2377538681,-55164.513536930084,-81113.87500053644,-83435.67748963833,-68596.16894078255,-114023.67129200697
51263,0.0,0.0,0.0,0.0,0.0,0.0,0.0,0.0,0.0,0.0,0.0,0.0
51264,0.0,0.0,0.0,0.0,0.0,0.0,0.0,0.0,0.0,0.0,0.0,0.0
51265,0.0,0.0,0.0,0.0,0.0,0.0,0.0,0.0,0.0,0.0,0.0,0.0
51302,15352.268348693848,14933.69317817688,9304.716047286987,4315.38526725769,46989.78382873535,43229.16673660278,33263.33775520325,111161.75102424622,88709.092461586,29922.96165370941,10885.919281959534,12504.266072273254
51303,350.9681441783905,42191.046197772026,270488.40372133255,37212.257615447044,79220.66445708275,6716.713852286339,32957.857652664185,68761.52577376366,60987.587778925896,0.0,0.0,9431.43724489212
51304,43134.27447684854,321985.8419832438,1332388.672692554,245746.0671373494,626613.732831493,58445.951893966645,172127.95897958055,429641.97340280935,187372.34792579804,0.0,546.075286662206,136110.31311558373
51305,0.6373526453971863,5.0636657774448395,13.927297502756119,7.235336601734161,7.876127138733864,0.2344670295715332,0.0,13.344463229179382,2.375426709651947,7.107196241617203,0.41252925992012024,0.0
51306,0.0,0.0,0.0,0.0,0.0,0.0,0.0,0.0,0.0,0.0,0.0,0.0
51427,0.0,0.0,0.0,0.0,0.0,0.0,0.0,0.0,0.0,0.0,0.0,0.0
51428,0.0,0.0,0.0,0.0,0.0,0.0,0.0,0.0,0.0,0.0,0.0,0.0
51432,70776.37803572416,50640.3584077023,21360.432338021696,122798.5644980669,162670.2387187928,211053.64589049108,180575.49802316166,31023.641335114837,40945.99603381008,97009.82727214694,39953.84232994914,58977.79029741883
51433,0.0,0.0,0.0,0.0,0.0,0.0,0.0,0.0,0.0,0.0,0.0,0.0
51434,0.0,0.0,0.0,0.0,0.0,0.0,0.0,0.0,0.0,0.0,0.0,0.0
51437,-142952.27466392517,-50968.08972334862,-397199.72960078716,-1173517.3499314785,-634992.3999416828,-1703846.4841691852,-598990.4055737853,-131923.09337633848,-474110.87087857723,-551625.6529051661,-102746.16396784782,-795383.547712326
51438,528503.2837061882,431512.63581484556,21909.39834243059,1245978.2451516092,814402.7853981256,2904813.6162563413,1639919.8872001916,1321148.6228349209,810515.0037117302,529282.5757716298,333219.06500279903,1202226.4965772629
51439,0.0,0.0,0.0,0.0,0.0,0.0,0.0,0.0,0.0,0.0,0.0,0.0
51440,0.0,0.0,0.0,0.0,0.0,0.0,0.0,0.0,0.0,0.0,0.0,0.0
51441,0.0,0.0,0.0,0.0,0.0,0.0,0.0,0.0,0.0,0.0,0.0,0.0
51442,0.0,0.0,0.0,0.0,0.0,0.0,0.0,0.0,0.0,0.0,0.0,0.0
51443,0.0,0.0,-207563.8619567901,0.0,0.0,0.0,0.0,0.0,0.0,0.0,-73344.33296570182,0.0
51445,-2301.123394548893,-32677.95395207405,-81732.24490465224,-61709.95374983549,-36328.340295761824,-27914.308192193508,-8827.46637737751,-40982.089095801115,-52293.56622609496,-59361.19943130016,-21650.593481093645,0.0
51447,0.0,0.0,0.0,0.0,0.0,0.0,0.0,0.0,0.0,0.0,0.0,0.0
51448,0.0,0.0,0.0,0.0,0.0,0.0,0.0,0.0,0.0,0.0,0.0,0.0
51487,-56065.18419456482,-337940.4336118698,-1186633.6819176674,-232967.02626419067,-447306.3690536022,-51877.50570547581,-103600.0808352232,-378181.84178471565,-319712.95368790627,0.0,0.0,-120594.97928440571
51488,-268709.5853962898,-543410.1967146397,-1500664.3275296688,-362064.7716398239,-647112.0465819836,-65637.90009880066,-122534.45063495636,-411156.3120236397,-198406.32709765434,0.0,-1113.4511197805405,-305587.40939581394
51489,0.0,0.0,0.0,0.0,-2025.4346898198128,-1658.775366306305,0.0,0.0,0.0,0.0,0.0,0.0
51490,0.0,0.0,0.0,0.0,0.0,0.0,0.0,0.0,0.0,0.0,0.0,0.0
51513,0.0,0.0,0.0,0.0,0.0,0.0,0.0,0.0,0.0,0.0,0.0,0.0
51514,-112.6827882528305,116.92631044983864,623.7864856719971,956.8449867069721,2799.4998976886272,91.31910839676857,11946.323233902454,23950.080956339836,22069.054914176464,3435.7210173010826,-1015.690795481205,-852.5629155039787
51515,240.11866039037704,1825.4631393551826,6247.830570340157,9425.017282605171,54264.50091871619,15105.431749343872,46299.820281744,111806.03127989173,26146.09269759059,4246.219260960817,2314.9068371355534,0.0
51516,3583.9905622005463,3440.3208273351192,1436.8647322654724,0.0,54.94168442487717,105.5019451379776,2368.7429027557373,1874.145227432251,29545.25417304039,34201.6099653244,5152.688989460468,3673.880485534668
51517,0.0,0.0,0.0,0.0,0.0,0.0,0.0,0.0,0.0,0.0,0.0,0.0
51518,0.0,0.0,0.0,0.0,0.0,0.0,0.0,0.0,0.0,0.0,0.0,0.0
51519,0.0,0.0,0.0,0.0,0.0,0.0,0.0,0.0,0.0,0.0,0.0,0.0
51586,0.0,0.0,0.0,-933725.1510991082,-2552029.9569322467,0.0,-4480750.903703216,-2770090.710340198,-863566.4096605182,0.0,0.0,0.0
51609,0.0,0.0,0.0,0.0,0.0,0.0,0.0,0.0,0.0,0.0,0.0,0.0
51610,0.0,0.0,0.0,0.0,0.0,0.0,0.0,0.0,0.0,0.0,0.0,0.0
51611,670546.4882127345,257262.61798897386,378536.8413397968,772343.5525820255,1122943.1036596,-254277.92329245806,-589081.3246071935,-500913.35799607635,176401.43580311537,785534.9766591936,78195.47103977203,493298.77974903584
51612,-941576.0191764086,-345246.90762238204,-3785.2659482955933,-207406.73983095586,-1116470.2169821113,-129866.671875,0.0,-4035.9375,-76969.61019507796,-518853.4120463338,-268746.2160332203,-495218.65233790874
51613,0.0,0.0,0.0,0.0,0.0,0.0,0.0,0.0,0.0,0.0,0.0,0.0
51614,0.0,0.0,0.0,0.0,0.0,0.0,0.0,0.0,0.0,0.0,0.0,0.0
51615,-235778.4150764346,0.0,-6560.677449762821,-66531.41091448069,11868.649692118168,-176032.02833736315,-18424.238496661186,34340.09119871259,13936.887238621712,-56697.89188563824,-30131.720257997513,-116647.96922808886
51619,-93369.02714920044,-218085.63664400578,-8613.682092189789,-220412.830180645,-147859.24109244347,-376608.75274670124,-197985.90699410439,-152213.15062463284,-152359.46646380424,-47057.273644685745,-44953.244844436646,-121085.0667181015
51620,0.0,0.0,0.0,0.0,0.0,0.0,0.0,0.0,0.0,0.0,0.0,0.0
51623,0.0,0.0,0.0,0.0,0.0,0.0,0.0,0.0,0.0,0.0,0.0,0.0
51624,0.0,0.0,0.0,0.0,0.0,0.0,0.0,0.0,0.0,0.0,0.0,0.0
51625,0.0,0.0,0.0,0.0,0.0,0.0,0.0,0.0,0.0,0.0,0.0,0.0
51626,0.0,0.0,0.0,0.0,0.0,0.0,0.0,0.0,0.0,0.0,0.0,0.0
51627,0.0,0.0,0.0,0.0,0.0,0.0,0.0,0.0,0.0,0.0,0.0,0.0
51628,0.0,0.0,0.0,0.0,0.0,0.0,0.0,0.0,0.0,0.0,0.0,0.0
51630,-41069.45153224841,-41870.74916382879,-28830.550627432764,-10944.804104797542,-3161.6198468133807,-7675.769031170756,-18723.070572167635,-51525.39831670374,-51848.649009975605,-16736.309147922322,-17768.196830380708,-53754.99800544046
51631,0.0,0.0,0.0,0.0,0.0,0.0,0.0,0.0,0.0,0.0,0.0,0.0
51633,0.0,0.0,0.0,0.0,0.0,0.0,0.0,0.0,0.0,0.0,0.0,0.0
51674,-225014.4330764413,-273077.11567145586,-378615.56017529964,-102706.26305621862,-316966.4835859537,-51177.635890483856,-80984.50379282236,-293603.7559117079,-217163.804736197,-60.348434180021286,-212470.804726094,-231545.53056401014
51675,-203.3978511095047,-318.15269273519516,-686.1639961004257,-104.547483086586,-476.9039800167084,-93.15412032604218,-162.76637768745422,-508.0824010372162,-289.2926517724991,0.0,0.0,-191.8691961169243
51676,-18463.323706626892,-33844.22383451462,-56692.001088142395,-12577.104929506779,-75383.90779685974,-10635.975978910923,-30618.975327789783,-74531.88767910004,-40281.25627952814,0.0,-1360.5280469954014,-10210.444702655077
51677,-37718.55063354969,-52001.728983044624,-66561.39035439491,-66672.72683751583,-229070.1987694502,-25093.37576198578,-65239.51808857918,-78676.78999066353,-6555.126463770866,752.4013524055481,-10104.889258265495,-12413.117869496346
51678,200.7981448918581,476.2477756738663,761.8200568556786,215.77086052298546,1972.4294001758099,200.82214865088463,696.9317330420017,1420.0795642733574,0.0,0.0,17.304677218198776,140.47647382318974
51679,11502.293795585632,5297.9697523117065,4527.163005828857,27984.843640327454,93232.84724140167,18312.56227016449,18567.901302337646,29082.966999053955,698.492903470993,994.6727370023727,52690.71979045868,4899.785405993462
51680,-448.1467192173004,-1110.972192287445,-660.9542994499207,-1403.5233047008514,-6128.799736559391,-874.4544608592987,-2444.3833844661713,-4695.916284561157,0.0,-28.430896401405334,-752.3485635817051,-475.7289760708809
51681,0.0,0.0,0.0,0.0,0.0,0.0,1752.4291033744812,768.8263425827026,627.3143362998962,2208.7164883613586,0.0,0.0
51682,0.0,0.0,0.0,0.0,0.0,0.0,0.0,0.0,0.0,0.0,0.0,0.0
51702,0.0,0.0,0.0,0.0,0.0,0.0,0.0,0.0,0.0,0.0,0.0,0.0
51703,1609.5707697868347,237.73249053955078,-298.42481231689453,1462.5571675300598,-23965.6457362175,-246964.36348485947,-376331.9784755707,-292381.70714378357,-756123.5076751709,-1147601.5905804634,-813659.2450475693,-247012.80964136124
51704,0.0,0.0,0.0,0.0,0.0,0.0,0.0,0.0,0.0,0.0,0.0,0.0
51705,6.436296582221985,57.23303139209747,131.81465303897858,52.11940133571625,15.130460977554321,0.0,241.62780952453613,455.0742301940918,239.02098560333252,168.8814287185669,0.0,0.0
51792,0.0,0.0,0.0,0.0,0.0,0.0,0.0,0.0,0.0,0.0,0.0,0.0
51793,-328273.45996433496,-395682.2464416623,-122171.57839387655,-450299.28236725926,-503984.4859368801,-855844.0782420039,-883774.0659280866,-225265.4013339132,-108657.71933795512,-125216.59220354259,-47831.2057389617,-265120.34954071045
51794,0.0,0.0,0.0,0.0,0.0,0.0,0.0,0.0,0.0,0.0,0.0,0.0
51795,221964.84148070216,1926.6599526107311,6689.234764754772,362707.92553573847,115995.59164428711,680375.9284480512,251380.5500332117,53393.257432460785,134249.172478199,62968.61007082462,39868.51307249069,341652.3361412883
51800,-328.45398247241974,-3193.18727619946,-405.9758715033531,-6973.802877619863,-4313.2259967029095,-15494.570409588516,-10959.140147224069,-5578.744345419109,-4377.134454600513,-2725.7738251686096,-2724.334989309311,-6679.1988517045975
51801,0.0,0.0,0.0,0.0,0.0,0.0,0.0,0.0,0.0,0.0,0.0,0.0
51805,0.0,0.0,0.0,0.0,0.0,0.0,0.0,0.0,0.0,0.0,0.0,0.0
51806,0.0,0.0,0.0,0.0,0.0,0.0,0.0,0.0,0.0,0.0,0.0,0.0
51807,0.0,0.0,0.0,0.0,0.0,0.0,0.0,0.0,0.0,0.0,0.0,0.0
51808,0.0,0.0,0.0,0.0,0.0,0.0,0.0,0.0,0.0,0.0,0.0,0.0
51809,0.0,0.0,0.0,0.0,0.0,0.0,0.0,0.0,0.0,0.0,0.0,0.0
51810,0.0,0.0,0.0,0.0,0.0,0.0,0.0,0.0,0.0,0.0,0.0,0.0
51811,0.0,0.0,0.0,0.0,0.0,0.0,0.0,0.0,0.0,0.0,0.0,0.0
51812,0.0,0.0,0.0,0.0,0.0,0.0,0.0,0.0,0.0,0.0,0.0,0.0
51813,0.0,0.0,0.0,0.0,0.0,0.0,0.0,0.0,0.0,0.0,0.0,0.0
51861,-21.907827615737915,-5.101963996887207,-57.967777967453,-150.97100067138672,-308.24993562698364,-60.35513687133789,-7.9831862449646,0.0,-8.03675639629364,-80.11900389194489,-500.948483645916,-13.82952630519867
51862,186.58652687072754,45.941988706588745,434.07087802886963,-182.03307676315308,-364.9444011449814,138.88145649433136,0.0,0.0,0.0,-32.49965509772301,-934.458892390132,136.08688615262508
51863,0.0,0.0,0.0,0.0,0.0,0.0,0.0,0.0,0.0,0.0,0.0,0.0
51864,0.0,0.0,0.0,0.0,0.0,0.0,0.0,0.0,0.0,0.0,0.0,0.0
51871,0.0,0.0,0.0,0.0,0.0,0.0,0.0,0.0,0.0,0.0,0.0,0.0
51872,0.0,0.0,0.0,0.0,0.0,0.0,0.0,0.0,0.0,0.0,0.0,0.0
51873,1077.6031316518784,1095.873915195465,720.9728469252586,401.48757004737854,2132.772423505783,2849.081264257431,22169.8558498621,9256.216578245163,8644.921895503998,21399.237067103386,4235.432392477989,979.7429877519608
51874,0.0,0.0,0.0,0.0,0.0,0.0,0.0,0.0,0.0,0.0,0.0,0.0
51875,22332.761528134346,25220.516944766045,12744.059729516506,99.69274684786797,2323.214168846607,14289.312023580074,76810.98605382442,51329.01167452335,64681.78984045982,86027.49631285667,11379.167403459549,21813.066013872623
51876,0.0,0.0,0.0,0.0,0.0,0.0,0.0,0.0,0.0,0.0,0.0,0.0
51877,0.0,0.0,0.0,0.0,0.0,0.0,0.0,0.0,0.0,0.0,0.0,0.0
51880,0.0,0.0,0.0,0.0,0.0,0.0,0.0,0.0,0.0,0.0,0.0,0.0
51881,0.0,0.0,0.0,0.0,0.0,0.0,0.0,0.0,0.0,0.0,0.0,0.0
51882,0.0,0.0,0.0,0.0,0.0,0.0,0.0,0.0,0.0,0.0,0.0,0.0
51883,0.0,0.0,0.0,0.0,0.0,0.0,0.0,0.0,0.0,0.0,0.0,0.0
51969,0.0,0.0,0.0,0.0,0.0,0.0,0.0,0.0,0.0,0.0,0.0,0.0
51970,0.0,0.0,0.0,0.0,0.0,0.0,0.0,0.0,0.0,0.0,0.0,0.0
51971,-141394.16912803054,-8300.654519334435,-152183.60541459918,-418548.47914531827,-375879.6902576536,-592762.9344088901,-212140.67722035944,-2210.2542594596744,-118745.99142198265,-325843.8116392959,-43701.87149491906,-209302.67313680053
51973,-170262.35332469642,-13960.77271693945,-156332.6689837277,-379709.8675300479,-302678.99463877827,-536517.577674862,-237799.36479482427,-3032.2868622988462,-173946.89080603048,-564483.9550052229,-58927.20285585523,-279575.39490665495
51974,734669.6678941846,0.0,106743.57518857718,2189466.341567144,1832963.3461860716,3406840.9580149055,4565576.914820343,1161979.2276234329,1156100.4272692353,2352171.452117771,543796.5372648239,1978570.27341035
51975,0.0,32465.31699833274,316101.86669104546,753368.6569189858,499644.4505964592,832090.5486364365,465305.6946211569,211465.70412106067,695843.0704676583,474346.5697677694,134966.95512759686,294543.640130654
51976,188319.0426299572,275645.68305429816,145685.84679073095,1193280.1034746766,802095.2024034858,1463140.7689632177,1936194.0330226421,169505.1060307026,729695.4912193418,937221.3799655735,274873.4093917608,1063759.5208244324
51977,-81304.69849956036,-30778.18636801839,-37212.04534351826,-155637.1818804741,-70274.46819651127,-287553.96818625927,-38285.89386790991,-8312.228841662407,-72434.82419735193,-39457.84804260731,-30423.207716464996,-119037.07343685627
51983,0.0,0.0,0.0,0.0,0.0,0.0,0.0,0.0,0.0,0.0,0.0,0.0
51984,0.0,0.0,0.0,0.0,0.0,0.0,0.0,0.0,0.0,0.0,0.0,0.0
51991,0.0,0.0,0.0,0.0,0.0,0.0,0.0,0.0,0.0,0.0,0.0,0.0
51992,0.0,0.0,0.0,0.0,0.0,0.0,0.0,0.0,0.0,0.0,0.0,0.0
51993,0.0,0.0,0.0,0.0,0.0,0.0,0.0,0.0,0.0,0.0,0.0,0.0
51994,0.0,0.0,0.0,0.0,0.0,0.0,0.0,0.0,0.0,0.0,0.0,0.0
51995,0.0,0.0,0.0,0.0,0.0,0.0,0.0,0.0,0.0,0.0,0.0,0.0
52045,-40.75663375854492,0.0,-184.2295045852661,-431.9545269012451,-1148.5596777200699,0.0,-620.122816324234,-828.5510512590408,0.0,-276.2203700244427,-2437.7454323470592,0.0
52046,0.0,0.0,0.0,0.0,0.0,0.0,0.0,0.0,0.0,0.0,0.0,0.0
52047,0.0,0.0,0.0,0.0,0.0,0.0,0.0,0.0,0.0,0.0,0.0,0.0
52050,0.0,0.11080971732735634,6.659937556833029,214.68544313311577,425.1092985160649,21.067191570997238,130.840183198452,206.77958054840565,37.531822726130486,11.256045319139957,5.263825163245201,1.3670210726559162
52051,36.13808035850525,218.19308066368103,275.140909910202,244.68833446502686,265.03561329841614,1763.658994436264,2583.4547605514526,990.4261014461517,4402.0940408706665,8287.641343593597,22.1567542552948,0.0
52052,0.0,0.0,0.0,0.0,0.0,0.0,0.0,0.0,0.0,0.0,0.0,0.0
52053,36.14671415090561,99.7802317738533,-20531.324590802193,-53362.87108805776,-190386.99387937784,-91850.55910015106,-108030.36325597763,-313778.32447361946,-55014.12426966429,-22926.788829028606,-58491.547431111336,-41367.3708781302
52054,0.0,0.0,0.0,0.0,0.0,0.0,0.0,0.0,0.0,0.0,0.0,0.0
52060,0.0,0.0,0.0,0.0,0.0,0.0,0.0,0.0,0.0,0.0,0.0,0.0
52061,0.0,0.0,0.0,0.0,0.0,0.0,0.0,0.0,0.0,0.0,0.0,0.0
52113,0.0,0.0,0.0,0.0,0.0,0.0,0.0,0.0,0.0,0.0,0.0,0.0
52117,0.0,0.0,0.0,-49006.80926567316,-73344.95452481508,-238888.60711865127,-79809.03860658407,-11661.64187850058,0.0,0.0,0.0,0.0
52140,0.0,0.0,0.0,0.0,0.0,0.0,0.0,0.0,0.0,0.0,0.0,0.0
52141,0.0,0.0,0.0,0.0,0.0,0.0,0.0,0.0,0.0,0.0,0.0,0.0
52142,-260332.7254987657,-341569.6727243662,-31400.02133500576,-363657.884327054,-321579.33827006817,-551321.5806024522,-489985.69167514145,0.0,0.0,-20561.680071428418,-3615.9060747623444,-181071.43541926146
52146,-493493.7452022433,-732686.5589837134,-414236.99999788404,-677160.96757631,-121573.00391875207,0.0,-26291.824518561363,-109443.78679262847,-484297.48802660406,-325361.11260029674,-156553.01392388344,-198984.0756661296
52147,-5705.442210847512,-1735.7853844687343,-283.50737266242504,-6151.530028777197,-3953.769968327135,-11700.079590139445,-4420.925127501134,0.0,0.0,-845.5447961296886,-943.380639789626,-4217.815320098773
52148,-9680.19915163517,-5440.986345976591,-4055.554410159588,-24724.756297409534,-14812.682009100914,-29135.15842908621,0.0,0.0,-10190.07904690504,-4334.634187936783,-3565.5482510328293,-15009.617593288422
52153,0.0,0.0,0.0,0.0,0.0,0.0,0.0,0.0,0.0,0.0,0.0,0.0
52154,0.0,-26425.225366592407,9848.783505439758,-19760.889301776886,-38576.782801389694,-61120.11628270149,-34949.30754542351,9379.448715925217,1113.8507974147797,6832.45529127121,-14064.659420490265,-4477.978774547577
52155,0.0,6013.467505455017,1579.7785654067993,18470.457050800323,23822.7170535326,11829.778482913971,4230.050810217857,6889.16183257103,1645.2054089307785,2715.318209886551,3394.785964488983,2807.1722111701965
52156,0.0,-315.25556218624115,-88.52298510074615,-4239.5074467659,-7634.145135760307,-7914.543201684952,-6712.275760889053,-6363.002102017403,-1855.6519849300385,-2708.6138969659805,-2118.856374144554,-2430.8062192201614
52163,0.0,0.0,0.0,0.0,0.0,0.0,0.0,0.0,0.0,0.0,0.0,0.0
52164,0.0,3395.9612159729004,15016.575908660889,5445.52738571167,10.611305236816406,0.0,23.604668617248535,0.0,0.0,0.0,0.0,0.0
52215,0.0,0.0,0.0,0.0,0.0,0.0,0.0,0.0,0.0,0.0,0.0,0.0
52216,0.0,0.0,0.0,0.0,0.0,0.0,0.0,0.0,0.0,0.0,0.0,0.0
52217,-0.26239609718322754,-0.8320553302764893,-6.494362413883209,-19.928795635700226,-4374.075479626656,-3690.8140744566917,-1191.9103788137436,-1201.6190077066422,-181.3354651927948,-3.7465320825576782,-1.585742712020874,0.0
52218,0.0,0.0,0.0,0.0,0.0,0.0,0.0,0.0,0.0,0.0,0.0,0.0
52219,0.0,0.0,0.0,0.0,0.0,0.0,0.0,0.0,0.0,0.0,0.0,0.0
52220,-4626300.557426453,-2746978.9375333786,304346.11963653564,-3426.598418235779,440714.0023765564,5191831.0374183655,18816144.968410492,13857851.532569885,28352504.78152466,27816232.22494507,12741425.406776428,1750943.7807044983
52221,0.0,0.0,0.0,0.0,0.0,0.0,0.0,0.0,0.0,0.0,0.0,0.0
52222,0.0,0.0,0.0,0.0,0.0,0.0,0.0,0.0,0.0,0.0,0.0,0.0
52223,0.0,0.0,0.0,0.0,0.0,0.0,0.0,0.0,0.0,0.0,0.0,0.0
52224,0.0,0.0,0.0,0.0,0.0,0.0,0.0,0.0,0.0,0.0,0.0,0.0
52225,0.0,0.0,0.0,0.0,0.0,0.0,0.0,0.0,0.0,0.0,0.0,0.0
52226,0.0,0.0,0.0,0.0,0.0,0.0,0.0,0.0,0.0,0.0,0.0,0.0
52302,0.0,0.0,0.0,0.0,0.0,0.0,0.0,0.0,0.0,0.0,0.0,0.0
52303,0.0,0.0,0.0,0.0,0.0,0.0,0.0,0.0,0.0,0.0,0.0,0.0
52304,3385259.927742183,5045846.517878115,332535.47768986225,4832872.90083921,3929617.033825159,6206426.946975231,5970980.574268311,0.0,0.0,242160.63689997792,494898.4851076603,2871968.090641737
52308,322809.40473032,403216.42463827133,637195.9846403599,676984.2424192429,783408.1557588577,435915.9712462425,-273667.8207743168,-126874.88768935204,360896.53390932083,415475.6567065716,355941.67431759834,635580.1209990978
52309,235779.40879797935,6512.2655828893185,22201.751607954502,299581.11234787107,270679.11119768023,458553.7289401293,181282.63901996613,0.0,8534.598969489336,75072.30679890513,53951.28434163332,164459.34938403964
52314,0.0,0.0,0.0,0.0,0.0,0.0,0.0,0.0,0.0,0.0,0.0,0.0
52315,0.0,0.0,0.0,0.0,0.0,0.0,0.0,0.0,0.0,0.0,0.0,0.0
52316,0.0,0.0,0.0,0.0,0.0,0.0,0.0,0.0,0.0,0.0,0.0,0.0
52324,0.0,0.0,0.0,0.0,0.0,0.0,0.0,0.0,0.0,0.0,0.0,0.0
52325,0.0,0.0,0.0,0.0,0.0,0.0,0.0,0.0,0.0,0.0,0.0,0.0
52326,0.0,0.0,0.0,0.0,0.0,0.0,0.0,0.0,0.0,0.0,0.0,0.0
52327,0.0,0.0,0.0,0.0,0.0,0.0,0.0,0.0,0.0,0.0,0.0,0.0
52328,0.0,2987.0190316438675,0.0,54185.037532925606,1561.5490367412567,0.0,0.0,0.0,0.0,1349.4605162143707,547.2648916244507,0.0
52380,0.0,0.0,0.0,0.0,0.0,0.0,0.0,0.0,0.0,0.0,0.0,0.0
52381,0.0,0.0,0.0,0.0,0.0,0.0,0.0,0.0,0.0,0.0,0.0,0.0
52382,0.0,0.0,2048.81564617157,502.22937774658203,0.0,979.7445921897888,0.0,0.0,0.0,0.0,0.0,0.0
52457,0.0,0.0,0.0,0.0,-2.235566020011902,-90.31324002146721,-161.76902040094137,-729.5223669186234,-4055.7766969129443,0.0,0.0,0.0
52458,0.0,0.0,0.0,0.0,0.0,0.0,0.0,0.0,0.0,0.0,0.0,0.0
52459,-82871.22614327073,-92870.71603612602,-140702.2523395717,-305402.6185967326,-258478.84834969044,-202946.8113681078,-2173.3453804701567,-1830.345713943243,-124816.87292915583,-195450.1534792781,-90542.01797831059,-154095.57581162453
52463,353886.57354807854,23095.467818051577,128985.0527279377,931998.2050917149,727022.6955885887,1230547.9205662012,234474.59151682258,7156.655982881784,426928.69456136227,402749.0950239301,304436.4729491472,878393.155347228
52464,-30800.44437597692,-43153.247033995576,-1994.0851155146956,-29424.782587759197,-14570.645095709711,-39081.23593695741,-27284.732266803272,-20750.19394072611,0.0,-241.28929122164845,-7746.427676744759,-30045.737821754068
52465,-39818.15062904358,-35279.86774396896,-1131.1744191646576,-45523.70262980461,-60677.97496032715,-90578.23808431625,-56175.9126418829,-35658.97585058212,-10376.943210840225,-8081.773110151291,-5652.711208343506,-31574.929768562317
52466,-65530.45076787472,-43500.945184767246,-8616.005894303322,-65276.953849077225,-71529.57525134087,-96099.042709589,-22234.439890027046,0.0,-1959.7045246362686,-1409.3501443266869,-6081.763675689697,-25021.862853884697
52470,0.0,0.0,0.0,0.0,0.0,0.0,0.0,0.0,0.0,0.0,0.0,0.0
52471,0.0,0.0,0.0,0.0,0.0,0.0,0.0,0.0,0.0,0.0,0.0,0.0
52472,0.0,0.0,0.0,0.0,0.0,0.0,0.0,0.0,0.0,0.0,0.0,0.0
52473,0.0,0.0,0.0,0.0,0.0,0.0,0.0,0.0,0.0,0.0,0.0,0.0
52481,12554.921274662018,33979.86418890953,19323.26769208908,26080.583333015442,57435.74787354469,95791.82667207718,119068.93195843697,134771.10168647766,0.0,-170.80928134918213,9340.773096084595,147626.04357790947
52482,0.0,0.0,0.0,0.0,0.0,0.0,0.0,0.0,0.0,0.0,0.0,0.0
52483,0.0,0.0,0.0,0.0,0.0,0.0,0.0,0.0,0.0,0.0,0.0,0.0
52485,0.0,0.0,-10759.3806848526,-5312.833761930466,0.0,136.4712097644806,0.0,0.0,61.60687732696533,5.868563652038574,0.0,0.0
52486,0.14646434783935547,29156.17894768715,9233.986036539078,80121.09445214272,3069.054621219635,10785.909197807312,294.0497901439667,0.0,0.0,0.004970550537109375,0.10993814468383789,0.0
52538,0.0,0.0,0.0,0.0,0.0,0.0,0.0,0.0,0.0,0.0,0.0,0.0
52539,0.0,0.0,0.0,0.0,0.0,0.0,0.0,0.0,0.0,0.0,0.0,0.0
52540,0.0,0.0,0.0,0.0,0.0,0.0,0.0,0.0,0.0,0.0,0.0,0.0
52541,0.0,0.0,0.0,0.0,0.0,0.0,0.0,0.0,0.0,0.0,0.0,0.0
52594,1706120.9372069836,1037892.4338374138,0.0,47297.25665187836,1024285.0398359299,3282313.0058119297,2612550.018726349,3445019.1134061813,2184273.327132702,497576.51842308044,1511702.5261237621,1107074.1350769997
52596,0.0,0.0,0.0,0.0,0.0,0.0,0.0,0.0,0.0,0.0,0.0,0.0
52615,0.0,0.0,0.0,0.0,0.0,0.0,0.0,0.0,0.0,0.0,0.0,0.0
52616,-87706.90453517437,-16650.851001024246,-39838.731196284294,-94053.96559214592,-83783.44673466682,-170397.87378335,-40113.8222566247,0.0,-3937.809494435787,-16270.84388101101,-23952.86657857895,-60152.595497488976
52620,-9258.55120152235,-253203.7059829831,-125754.5633314848,-724871.028016746,-383390.4813888073,-464023.6562871188,-5501.772932454944,-5431.736648753285,-306863.80047655106,-108804.18304228783,-173678.52557337284,-459884.57714518905
52621,-177148.48811125755,-36577.202852249146,-13411.616729259491,-207297.155752182,-425486.47657203674,-468214.66985321045,-423576.179746747,-261736.5511161089,-70042.40797126293,-40379.79793989658,-86817.4534649849,-280641.33703684807
52622,-21309.248784184456,-3206.855541408062,-3093.460703074932,-31478.21237742901,-56959.57137675583,-23757.148844994605,0.0,0.0,-9709.81339609623,-14598.91481988132,-4365.475680142641,-11983.83293324709
52626,0.0,0.0,0.0,0.0,0.0,0.0,0.0,0.0,0.0,0.0,0.0,0.0
52627,0.0,0.0,0.0,0.0,0.0,0.0,0.0,0.0,0.0,0.0,0.0,0.0
52628,0.0,0.0,0.0,0.0,0.0,0.0,0.0,0.0,0.0,0.0,0.0,0.0
52629,0.0,0.0,0.0,0.0,0.0,0.0,0.0,0.0,0.0,0.0,0.0,0.0
52638,0.0,0.0,0.0,0.0,0.0,0.0,0.0,0.0,0.0,0.0,0.0,0.0
52640,0.0,0.0,0.0,0.0,0.0,0.0,0.0,0.0,0.0,0.0,0.0,0.0
52641,0.0,0.0,0.0,0.0,0.0,0.0,0.0,0.0,0.0,0.0,0.0,0.0
52695,0.0,0.0,0.0,0.0,0.0,0.0,0.0,0.0,0.0,0.0,0.0,0.0
52696,0.0,0.0,0.0,0.0,0.0,0.0,0.0,0.0,0.0,0.0,0.0,0.0
52769,0.0,0.0,0.0,0.0,0.0,0.0,0.0,0.0,0.0,0.0,0.0,0.0
52770,0.0,0.0,0.0,0.0,0.0,0.0,0.0,0.0,0.0,0.0,0.0,0.0
52771,0.0,0.0,0.0,0.0,0.0,0.0,0.0,0.0,0.0,0.0,0.0,0.0
52772,0.0,0.0,0.0,0.0,0.0,0.0,0.0,0.0,0.0,0.0,0.0,0.0
52778,-829184.827814579,-384854.33080148697,-122643.75161552429,-1364241.5448856354,-2618772.9133120775,-2176738.370491028,-1168866.5071036816,-50913.208956480026,-39618.38553452492,-237604.38612532616,-340720.1375322342,-733411.2786693573
52779,0.0,0.0,0.0,0.0,0.0,0.0,0.0,0.0,0.0,0.0,0.0,0.0
52780,0.0,0.0,0.0,0.0,0.0,0.0,0.0,0.0,0.0,0.0,0.0,0.0
52784,0.0,0.0,0.0,0.0,0.0,0.0,0.0,0.0,0.0,0.0,0.0,0.0
52789,0.0,0.0,0.0,0.0,0.0,0.0,0.0,0.0,0.0,0.0,0.0,0.0
52790,0.0,0.0,0.0,0.0,0.0,0.0,0.0,0.0,0.0,0.0,0.0,0.0
52791,0.0,0.0,0.0,0.0,0.0,0.0,0.0,0.0,0.0,0.0,0.0,0.0
52792,0.0,0.0,0.0,0.0,0.0,0.0,0.0,0.0,0.0,0.0,0.0,0.0
52801,-1828.4284687042236,-1473.145715713501,-1539.334135055542,-3554.177794456482,-9911.549784183502,-5872.493364334106,-14582.438727378845,-7561.000415325165,0.0,-312.8160800933838,-1071.524082183838,-7819.380876541138
52805,0.0,-19156.14647293091,-60714.7539768219,-84072.35255408287,7454.8316514492035,15788.697953939438,1063.4168782234192,0.0,0.0,0.0,0.0,0.0
52861,0.0,0.0,0.0,0.0,0.0,0.0,0.0,0.0,0.0,0.0,0.0,0.0
52862,0.0,0.0,0.0,0.0,0.0,0.0,0.0,0.0,0.0,0.0,0.0,0.0
52863,0.0,0.0,0.0,0.0,0.0,0.0,0.0,0.0,0.0,0.0,0.0,0.0
52935,0.0,0.0,0.0,0.0,0.0,0.0,0.0,0.0,0.0,0.0,0.0,0.0
52938,-428894.5170094967,-150685.54979979992,-160907.03861021996,-435540.1552591324,-618798.2687473297,-808353.5378615856,-365829.0693976879,-37773.615482091904,-127516.63562583923,-201255.5403302908,-111167.25177049637,-368424.89422643185
52939,0.0,0.0,0.0,0.0,0.0,0.0,0.0,0.0,0.0,0.0,0.0,0.0
52944,189279.55109500885,91333.62316608429,-19616.277240753174,390412.74667930603,659541.0790934563,825573.670031786,632292.3938746452,-19743.20416688919,19673.755388259888,83334.01020812988,201578.41265583038,152127.36122703552
52945,0.0,0.0,0.0,0.0,0.0,0.0,0.0,0.0,0.0,0.0,0.0,0.0
52946,0.0,0.0,0.0,0.0,0.0,0.0,0.0,0.0,0.0,0.0,0.0,0.0
52947,-10934.44278909266,-20.129423171281815,-80.96637201309204,-13040.491311699152,-24412.286234021187,-22211.626628819853,-14848.113358248025,-8734.47116181627,-5032.359463721514,-6985.380010664463,-3225.052495867014,-8485.671928346157
52948,0.0,0.0,0.0,0.0,0.0,0.0,0.0,0.0,0.0,0.0,0.0,0.0
52953,0.0,0.0,0.0,0.0,0.0,0.0,0.0,0.0,0.0,0.0,0.0,0.0
52967,-95.2498722076416,-4039.8333110809326,-1919.1289744377136,-5898.345351219177,-18828.80117559433,-23119.924352645874,-25804.400189876556,-2449.8733150959015,0.0,-925.2266526222229,-11976.908465385437,-21458.54769706726
52968,0.0,0.0,0.0,0.0,0.0,0.0,0.0,0.0,0.0,0.0,0.0,0.0
52969,0.0,0.0,0.0,0.0,0.0,0.0,0.0,0.0,0.0,0.0,0.0,0.0
52970,0.0,0.0,0.0,0.0,0.0,0.0,0.0,0.0,0.0,0.0,0.0,0.0
52971,0.0,0.0,0.0,0.0,0.0,0.0,0.0,0.0,0.0,0.0,0.0,0.0
53028,0.0,0.0,0.0,0.0,0.0,0.0,0.0,0.0,0.0,0.0,0.0,0.0
53029,0.0,0.0,0.0,0.0,0.0,0.0,0.0,0.0,0.0,0.0,0.0,0.0
53030,0.0,0.0,0.0,0.0,0.0,0.0,0.0,0.0,0.0,0.0,0.0,0.0
53101,0.0,0.0,0.0,0.0,0.0,0.0,0.0,0.0,0.0,0.0,0.0,0.0
53102,-44895.03023660183,-20516.267627358437,-34711.59108072519,-92165.24220842123,-123741.68740490079,-84426.34667828679,0.0,0.0,-5732.333570897579,-45601.101572692394,-30579.48480272293,-38575.622120797634
53108,-65718.88408377767,-17092.6625700444,0.0,-5889.990191072226,-46993.89671652019,-56434.12611210346,-56548.00691561401,-40553.27322733402,-1404.7070727050304,-3438.6945235729218,-16831.81421738863,-19092.214726626873
53110,0.0,0.0,0.0,0.0,0.0,0.0,0.0,0.0,0.0,0.0,0.0,0.0
53111,0.0,0.0,0.0,0.0,0.0,0.0,0.0,0.0,0.0,0.0,0.0,0.0
53113,0.0,0.0,0.0,0.0,0.0,0.0,0.0,0.0,0.0,0.0,0.0,0.0
53114,0.0,0.0,0.0,0.0,0.0,0.0,0.0,0.0,0.0,0.0,0.0,0.0
53115,0.0,0.0,0.0,0.0,0.0,0.0,0.0,0.0,0.0,0.0,0.0,0.0
53116,0.0,0.0,0.0,0.0,0.0,0.0,0.0,0.0,0.0,0.0,0.0,0.0
53117,0.0,0.0,0.0,0.0,0.0,0.0,0.0,0.0,0.0,0.0,0.0,0.0
53118,-329.4511806964874,-6541.116116285324,-282.57086980342865,-1596.292359828949,-5401.936272382736,-11870.328926980495,-17906.2431178689,-10375.281853377819,0.0,0.0,-382.3672052025795,-268.3139624595642
53132,-1455.516259431839,-10233.698665857315,-19968.830435812473,-2936.260879278183,-525.6977836489677,-12643.520992338657,-33960.57364851236,-60780.16124647856,-56211.05926504731,-7249.366514712572,-2896.5804166793823,-26028.671258062124
53133,0.0,0.0,0.0,0.0,0.0,0.0,0.0,0.0,0.0,0.0,0.0,0.0
53134,0.0,0.0,0.0,0.0,0.0,0.0,0.0,0.0,0.0,0.0,0.0,0.0
53135,0.0,0.0,0.0,0.0,0.0,0.0,0.0,0.0,0.0,0.0,0.0,0.0
53137,0.0,0.0,0.0,0.0,0.0,0.0,0.0,0.0,0.0,0.0,0.0,0.0
53138,0.0,0.0,0.0,0.0,0.0,0.0,0.0,0.0,0.0,0.0,0.0,0.0
53196,0.0,0.0,0.0,0.0,0.0,0.0,0.0,0.0,0.0,0.0,0.0,0.0
53197,0.0,0.0,0.0,0.0,0.0,0.0,0.0,0.0,0.0,0.0,0.0,0.0
53267,274.1619228059426,0.0,0.0,96.17711663153023,386.87533755484037,3473.7444171190145,0.0,0.0,0.0,0.0,3414.8906294866465,473.3722098225262
53268,0.0,0.0,0.0,0.0,0.0,0.0,0.0,0.0,0.0,0.0,0.0,0.0
53269,0.0,0.0,0.0,0.0,0.0,0.0,0.0,0.0,0.0,0.0,0.0,0.0
53270,-176566.49233023822,-72380.14465118945,-46367.471776127815,-129987.85660034418,-196244.18824902177,-214794.44515231997,-77087.3757782504,0.0,-5127.662470370531,-11596.606496453285,-54041.0572206378,-127677.90291292965
53271,181949.3967602253,-25349.70236825943,54210.91089773178,102491.43139624596,684877.3564605713,435284.6835963726,290002.41978019476,0.0,19660.140525579453,216341.53326046467,36736.87035369873,111394.15666174889
53278,-26399.968784332275,-2242.3779883384705,-189.55737686157227,-10167.416260242462,-34851.43926239014,-42713.092552900314,-62782.794303417206,-21381.965569496155,0.0,-17982.948132514954,-12529.732008934021,-3928.432876586914
53279,0.0,0.0,0.0,0.0,0.0,0.0,0.0,0.0,0.0,0.0,0.0,0.0
53280,0.0,0.0,0.0,0.0,0.0,0.0,0.0,0.0,0.0,0.0,0.0,0.0
53281,0.0,0.0,0.0,0.0,0.0,0.0,0.0,0.0,0.0,0.0,0.0,0.0
53282,0.0,0.0,0.0,0.0,0.0,0.0,0.0,0.0,0.0,0.0,0.0,0.0
53283,0.0,0.0,0.0,0.0,0.0,0.0,0.0,0.0,0.0,0.0,0.0,0.0
53284,-63902.83608484268,-263511.6831805706,-39132.84370756149,-121975.64676833153,-298178.893437624,-196911.01702225208,-309686.2340462208,-157830.00422751904,0.0,0.0,-6279.584182739258,-9990.535425662994
53304,0.0,0.0,0.0,0.0,0.0,0.0,0.0,0.0,0.0,0.0,0.0,0.0
53305,0.0,0.0,0.0,0.0,0.0,0.0,0.0,0.0,0.0,0.0,0.0,0.0
53306,-637.7540798187256,-1777.405989408493,-1121.416052699089,-2267.027328133583,-2431.4481825232506,-5349.735777527094,-6373.404508143663,-2827.2628733813763,0.0,-177.1700636446476,-326.26017770171165,-2966.3470342457294
53309,0.0,0.0,0.0,0.0,0.0,0.0,0.0,0.0,0.0,0.0,0.0,0.0
53310,-16667.40222388506,-103818.08966380358,-194745.35064321756,-75883.48062229156,-63053.529257416725,-147975.2396518588,-209268.9552681148,-394639.59624150395,-248005.3673890978,0.0,0.0,-100162.86909157038
53311,0.0,0.0,0.0,0.0,0.0,0.0,0.0,0.0,0.0,0.0,0.0,0.0
53312,0.0,0.0,0.0,0.0,0.0,0.0,0.0,0.0,0.0,0.0,0.0,0.0
53313,0.0,0.0,0.0,0.0,0.0,0.0,0.0,0.0,0.0,0.0,0.0,0.0
53314,0.0,0.0,0.0,0.0,0.0,0.0,0.0,0.0,0.0,0.0,0.0,0.0
53315,0.0,0.0,0.0,0.0,0.0,0.0,0.0,0.0,0.0,0.0,0.0,0.0
53317,0.0,0.0,0.0,0.0,0.0,0.0,0.0,0.0,0.0,0.0,0.0,0.0
53318,0.0,0.0,0.0,0.0,0.0,0.0,0.0,0.0,0.0,0.0,0.0,0.0
53377,0.0,0.0,0.0,0.0,0.0,0.0,0.0,0.0,0.0,0.0,0.0,0.0
53379,0.0,0.0,0.0,0.0,0.0,0.0,0.0,0.0,0.0,0.0,0.0,0.0
53433,0.0,0.0,0.0,0.0,0.0,0.0,0.0,0.0,0.0,0.0,0.0,0.0
53446,144636.59058988094,108722.02539515495,20244.903238922358,-282717.5229972005,-1328890.9629150033,-3648878.6338529885,-1788811.6722548008,-616222.6387490332,-42723.480917871,-3200.038815498352,34178.86410164833,118474.74420893192
53447,548725.5515921488,383446.4740763381,-38988.76352794841,-139.504016764462,62588.5203214623,122197.898025956,33944.77191894874,-33718.69948361255,-710980.7279738784,-627901.2617461849,250595.72985726595,360019.3589118719
53448,0.0,0.0,0.0,0.0,0.0,0.0,0.0,0.0,0.0,0.0,0.0,0.0
53449,0.0,0.0,0.0,0.0,0.0,0.0,0.0,0.0,0.0,0.0,0.0,0.0
53450,0.0,0.0,0.0,0.0,0.0,0.0,0.0,0.0,0.0,0.0,0.0,0.0
53452,-112015.70560240746,-13372.536216199398,-43190.965933799744,-159893.57729792595,-281810.9953138828,-242537.18875813484,-92424.2765429616,0.0,-7257.418870210648,-93529.2707387805,-25960.363110601902,-78975.20749902725
53459,0.0,0.0,0.0,0.0,0.0,0.0,0.0,0.0,0.0,0.0,0.0,0.0
53460,486802.8016676903,145216.221678257,-137666.33817768097,-44590.06989097595,-193988.9104795456,97325.46112585068,371224.95981657505,324558.4113993645,38518.30734395981,44221.90520238876,53655.24429988861,100500.11335754395
53461,0.0,0.0,0.0,0.0,0.0,0.0,0.0,0.0,0.0,0.0,0.0,0.0
53462,0.0,0.0,0.0,0.0,0.0,0.0,0.0,0.0,0.0,0.0,0.0,0.0
53463,0.0,0.0,0.0,0.0,0.0,0.0,0.0,0.0,0.0,0.0,0.0,0.0
53464,0.0,0.0,0.0,0.0,0.0,0.0,0.0,0.0,0.0,0.0,0.0,0.0
53482,0.0,0.0,0.0,0.0,0.0,0.0,0.0,0.0,0.0,0.0,0.0,0.0
53483,0.0,0.0,0.0,0.0,0.0,0.0,0.0,0.0,0.0,0.0,0.0,0.0
53484,0.0,0.0,0.0,0.0,0.0,0.0,0.0,0.0,0.0,0.0,0.0,0.0
53485,83777.59357568622,294346.6170769036,462959.6528547704,160005.9717991501,152063.5106152594,441261.00934972614,626251.7636832744,723462.5340980887,682285.1812936664,0.0,3749.6542143672705,322838.27863162756
53486,-11475.106692433357,-37318.08145278692,-18215.220707774162,-11753.858821034431,-26848.61078813672,-78537.23616698384,-93186.82837355137,-96595.32689647377,-25328.21478046477,-1442.870704188943,-11545.781855553389,-42247.346403598785
53490,-48569.03506362438,-110602.8516651392,-109718.65303987265,-84332.17569577694,-95329.90867275,-133684.0812972784,-259623.243580997,-282755.4538115263,-15497.079750284553,-1801.8408087939024,-4861.0366741120815,-161984.92907220125
53491,-30133.630107432604,-81688.65903154016,-79880.37614068389,-39262.978926718235,-36708.38190752268,-78710.88213080168,-112325.65214020014,-164446.63789253682,-41416.66203434765,0.0,0.0,-96744.06984564662
53492,-49240.76375254989,-100766.06248894334,-134089.67017644644,-70477.02019768953,-61099.94920131564,-87606.95571193099,-140791.6455027759,-243502.64121085405,-116283.10539948195,0.0,0.0,-84914.69428564608
53493,-37694.9688705802,-133128.36415106058,-197833.9484951496,-24264.716328948736,-166598.93405246735,-110582.44305291772,-235241.06464773417,-295174.00247973204,0.0,-2443.850938498974,-12044.435028910637,-125982.96998846531
53494,-2941.336843341589,-10959.625463187695,-4511.269787311554,-8330.270000874996,-10547.46919862926,-8386.066489875317,-13366.521251410246,-8931.912160240114,0.0,-1657.9263091012836,-1225.3340937793255,-5175.370129272342
53495,0.0,0.0,0.0,0.0,0.0,0.0,0.0,0.0,0.0,0.0,0.0,0.0
53496,0.0,0.0,0.0,0.0,0.0,0.0,0.0,0.0,0.0,0.0,0.0,0.0
53497,0.0,0.0,0.0,0.0,0.0,0.0,0.0,0.0,0.0,0.0,0.0,0.0
53501,0.0,0.0,0.0,0.0,0.0,0.0,0.0,0.0,0.0,0.0,0.0,0.0
53561,71941.03784179688,-2345108.1713867188,-8139846.553588867,-18705543.758544922,-41954649.006347656,-10042115.482543945,-1444414.4438476562,-326498.66796875,-110609.2017211914,-257124.07110595703,-112474.2163696289,454676.0309448242
53562,0.0,0.0,0.0,0.0,0.0,0.0,0.0,0.0,0.0,0.0,0.0,0.0
53564,0.0,0.0,0.0,0.0,0.0,0.0,0.0,0.0,0.0,0.0,0.0,0.0
53565,0.0,0.0,0.0,0.0,0.0,0.0,0.0,0.0,0.0,0.0,0.0,0.0
53631,557276.2220489979,297971.0962011814,177168.71812933683,125831.38554558158,160329.04316344857,151919.59660103917,22971.121523052454,0.0,15901.411790162325,144037.3256777823,324716.37730127573,489730.48891699314
53632,671493.9327780604,492168.4994714856,-19113.997551977634,-362451.8096550107,-1875427.6143703163,-4407071.428966999,-2706307.591972053,-1991764.6006603837,-1333394.909675032,-653365.4056667387,263165.65747976303,450917.2765237093
53633,0.0,0.0,0.0,0.0,0.0,0.0,0.0,0.0,0.0,0.0,0.0,0.0
53635,-266005.7224982381,-92851.38228338957,-101907.54834926128,-295214.5025677681,-558460.5463935286,-426819.3511508703,-189932.46305434406,0.0,-20137.32897990942,-109331.14875483513,-43782.62510341406,-106845.09537041187
53644,0.0,0.0,0.0,0.0,0.0,0.0,0.0,0.0,0.0,0.0,0.0,0.0
53645,86547.97441148758,217949.5138138123,13975.430058971047,72872.67572557181,233794.68492995948,138733.07254122198,300091.7486702837,125707.95214689989,0.0,89.03864991292357,7456.943779729307,13751.970428090543
53646,0.0,0.0,0.0,0.0,0.0,0.0,0.0,0.0,0.0,0.0,0.0,0.0
53663,0.0,0.0,0.0,0.0,0.0,0.0,0.0,0.0,0.0,0.0,0.0,0.0
53664,-7275.239024952054,-35748.18262465298,-36229.622334845364,-25089.15961997211,-23674.84361358732,-27994.55797566846,-49083.60308059305,-60313.90697423741,-36260.30484433472,0.0,-525.729533597827,-24310.49056841433
53665,-12556.260119765997,-41796.92154812813,-40556.22118449211,-15214.890261530876,-22122.227129802108,-34190.10356234759,-54492.70272126049,-64625.6870899573,-18273.290457170457,0.0,-396.62524493038654,-32540.442190647125
53666,-23343.826058000326,-31730.730276979506,-23547.792400486767,-14490.733528085053,-7558.540095448494,-29816.659410834312,-40753.189571831375,-47800.64896865003,-80182.37480416894,-13541.345338800922,-840.2312375456095,-21520.301752857864
53667,0.0,0.0,0.0,0.0,0.0,0.0,0.0,0.0,0.0,0.0,0.0,0.0
53668,-6988.763713538647,-14054.885000050068,-7581.840283870697,-2443.473450779915,-8522.969353348017,-16115.027656048536,-29232.219279691577,-40429.321143984795,-10405.314498350024,-552.8104266896844,-1597.4937373250723,-21228.649273902178
53669,0.0,0.0,0.0,0.0,0.0,0.0,0.0,0.0,0.0,0.0,0.0,0.0
53670,0.0,0.0,0.0,0.0,0.0,0.0,0.0,0.0,0.0,0.0,0.0,0.0
53671,0.0,0.0,0.0,0.0,0.0,0.0,0.0,0.0,0.0,0.0,0.0,0.0
53672,0.0,0.0,0.0,0.0,0.0,0.0,0.0,0.0,0.0,0.0,0.0,0.0
53673,0.0,0.0,0.0,0.0,0.0,0.0,0.0,0.0,0.0,0.0,0.0,0.0
53674,0.0,0.0,0.0,0.0,0.0,0.0,0.0,0.0,0.0,0.0,0.0,0.0
53675,0.0,0.0,0.0,0.0,0.0,0.0,0.0,0.0,0.0,0.0,0.0,0.0
53676,0.0,0.0,0.0,0.0,0.0,0.0,0.0,0.0,0.0,0.0,0.0,0.0
53677,0.0,0.0,0.0,0.0,0.0,0.0,0.0,0.0,0.0,0.0,0.0,0.0
53678,0.0,0.0,0.0,0.0,0.0,0.0,0.0,0.0,0.0,0.0,0.0,0.0
53679,0.0,0.0,0.0,0.0,0.0,0.0,0.0,0.0,0.0,0.0,0.0,0.0
53680,0.0,0.0,0.0,0.0,0.0,0.0,0.0,0.0,0.0,0.0,0.0,0.0
53681,0.0,0.0,0.0,0.0,0.0,0.0,0.0,0.0,0.0,0.0,0.0,0.0
53741,0.0,0.0,0.0,0.0,0.0,0.0,0.0,0.0,0.0,0.0,0.0,0.0
53742,0.0,0.0,0.0,0.0,0.0,0.0,0.0,0.0,0.0,0.0,0.0,0.0
53743,0.0,0.0,0.0,0.0,0.0,0.0,0.0,0.0,0.0,0.0,0.0,0.0
53744,0.0,0.0,0.0,0.0,0.0,0.0,0.0,0.0,0.0,0.0,0.0,0.0
53745,0.0,0.0,0.0,0.0,0.0,0.0,0.0,0.0,0.0,0.0,0.0,0.0
53746,0.0,0.0,0.0,0.0,0.0,0.0,0.0,0.0,0.0,0.0,0.0,0.0
53763,0.0,0.0,0.0,0.0,0.0,0.0,0.0,0.0,0.0,0.0,0.0,0.0
53764,-16917.372177124023,107373.86134338379,263796.5096206665,1374999.1026763916,1065923.7917099,-23256.191200256348,-24556.370307922363,-13534.221214294434,-4233.694694519043,-2736.079818725586,-5918.81672668457,3483.547218322754
53813,1228770.1548269987,790139.5956727266,158054.7205773592,-236620.42410939932,-1715098.5712068677,-4255151.83236599,-2683336.4704490304,-1991764.6006603837,-1317493.4978848398,-509328.07998895645,587882.0347810984,940647.7654407024
53814,0.0,0.0,0.0,0.0,0.0,0.0,0.0,0.0,0.0,0.0,0.0,0.0
53816,2308688.007078886,60421.53822898865,1146018.7821282148,2465826.6513724327,2583110.9966357946,2802942.405811906,781576.7070580721,-117268.99805307388,506488.09982967377,1035954.3225336075,710412.3361368179,773659.7050700188
53824,-396079.55833530426,-123796.69465112686,-130048.71685028076,-501305.7353134155,-1325565.7285137177,-939743.8959205151,-593993.0232818127,-132816.11699199677,-17239.93816280365,-358515.75780820847,-180379.3301448822,-119923.05883216858
53825,0.0,0.0,0.0,0.0,0.0,0.0,0.0,0.0,0.0,0.0,0.0,0.0
53826,0.0,0.0,0.0,0.0,0.0,0.0,0.0,0.0,0.0,0.0,0.0,0.0
53827,-33578.326972961426,-149781.62349891663,-5001.963191986084,-35153.498947143555,-100206.71942329407,-132859.8046245575,-241287.65254211426,-122557.94582462311,0.0,0.0,-10448.641422271729,-10110.062557220459
53844,78139.91541147232,237521.40954864025,29176.006795942783,24027.452368974686,110033.3670835495,231787.18258869648,133660.01763117313,93003.33064171672,0.0,0.0,10876.47139725089,58137.67026749253
53845,0.0,0.0,0.0,0.0,0.0,0.0,0.0,0.0,0.0,0.0,0.0,0.0
53847,0.0,0.0,0.0,0.0,0.0,0.0,0.0,0.0,0.0,0.0,0.0,0.0
53849,0.0,0.0,0.0,0.0,0.0,0.0,0.0,0.0,0.0,0.0,0.0,0.0
53850,0.0,0.0,0.0,0.0,0.0,0.0,0.0,0.0,0.0,0.0,0.0,0.0
53852,0.0,0.0,0.0,0.0,0.0,0.0,0.0,0.0,0.0,0.0,0.0,0.0
53853,0.0,0.0,0.0,0.0,0.0,0.0,0.0,0.0,0.0,0.0,0.0,0.0
53854,0.0,0.0,0.0,0.0,0.0,0.0,0.0,0.0,0.0,0.0,0.0,0.0
53855,0.0,0.0,0.0,0.0,0.0,0.0,0.0,0.0,0.0,0.0,0.0,0.0
53856,0.0,0.0,0.0,0.0,0.0,0.0,0.0,0.0,0.0,0.0,0.0,0.0
53857,0.0,0.0,0.0,0.0,0.0,0.0,0.0,0.0,0.0,0.0,0.0,0.0
53858,0.0,0.0,0.0,0.0,0.0,0.0,0.0,0.0,0.0,0.0,0.0,0.0
53859,0.0,0.0,0.0,0.0,0.0,0.0,0.0,0.0,0.0,0.0,0.0,0.0
53860,0.0,0.0,0.0,0.0,0.0,0.0,0.0,0.0,0.0,0.0,0.0,0.0
53862,247008.08685433492,494378.37754817307,1914618.9678748995,3024409.880697489,1182221.8079404794,372854.9329813104,892971.136497993,1020356.8731494416,1017343.3110682592,544784.961625996,0.0,5368.393058015965
53900,-3097.900266647339,-2983.4798583984375,-1657.9921922683716,-484.5357189178467,-5850.527124404907,-2964.0876150131226,-1395.0267009735107,-4536.199279785156,-4252.481139183044,-819.4192752838135,-2043.5922031402588,-3225.9810156822205
53926,0.0,0.0,0.0,0.0,0.0,0.0,0.0,0.0,0.0,0.0,0.0,0.0
53927,0.0,0.0,0.0,0.0,0.0,0.0,0.0,0.0,0.0,0.0,0.0,0.0
53928,0.0,0.0,0.0,0.0,0.0,0.0,0.0,0.0,0.0,0.0,0.0,0.0
53929,0.0,0.0,0.0,0.0,0.0,0.0,0.0,0.0,0.0,0.0,0.0,0.0
53930,0.0,0.0,0.0,0.0,0.0,0.0,0.0,0.0,0.0,0.0,0.0,0.0
53932,0.0,0.0,0.0,0.0,0.0,0.0,0.0,0.0,0.0,0.0,0.0,0.0
53949,0.0,0.0,0.0,0.0,0.0,0.0,0.0,0.0,0.0,0.0,0.0,0.0
53987,0.0,0.0,-59948.957348667085,0.0,0.0,-9941.417356226593,0.0,0.0,0.0,0.0,0.0,0.0
53998,0.0,0.0,0.0,0.0,0.0,0.0,0.0,0.0,0.0,0.0,0.0,0.0
53999,0.0,0.0,0.0,0.0,0.0,0.0,0.0,0.0,0.0,0.0,0.0,0.0
54002,-250309.88950401545,-101835.08797562122,-5737.404442459345,-187999.81248790026,-330506.73258534074,-252336.56665569544,-191420.8209183812,-112036.01957052946,-14129.457340419292,-14640.514618575573,-41990.437206983566,-65581.52863895893
54008,-39689.35820364952,-1767.996820449829,-404.8133316040039,-20390.674498081207,-73412.28082060814,-74412.6024876833,-14790.701648235321,0.0,-1475.7546023130417,-42409.08646261692,-12634.918422460556,-2412.807380437851
54009,0.0,0.0,0.0,0.0,0.0,0.0,0.0,0.0,0.0,0.0,0.0,0.0
54010,0.0,0.0,0.0,0.0,0.0,0.0,0.0,0.0,0.0,0.0,0.0,0.0
54011,0.0,0.0,0.0,0.0,0.0,0.0,0.0,0.0,0.0,0.0,0.0,0.0
54028,101050.7730808258,189024.6419582367,25947.770658493042,24743.144861221313,142379.64052391052,192934.7767906189,163911.0688972473,138111.99787664413,0.0,-162.6072883605957,6008.313871383667,57480.748540878296
54029,-73730.9653891623,-100233.36126096547,-115101.04856714606,-118499.9962156713,-123690.71270516515,-33903.44358421862,-19069.28074926138,-53137.449533730745,-200887.22611385584,-220567.73647207767,-125225.2385199219,-113318.82469764352
54030,-321199.0165522024,-255036.51174234785,-214934.9632874988,-46409.107308104634,-85360.66033236682,-173974.9052869156,-217340.01488497853,-378836.3510259893,-223402.18292097375,-20389.505824184045,-1450.7629163525999,-199952.69575701654
54031,0.0,0.0,0.0,0.0,0.0,0.0,0.0,0.0,0.0,0.0,0.0,0.0
54032,0.0,0.0,0.0,0.0,0.0,0.0,0.0,0.0,0.0,0.0,0.0,0.0
54033,-17574.56955461204,-97797.6890007481,-92301.77772197127,-68162.64234769344,-79797.75913190842,-23904.06840851158,-63533.17622923851,-91874.40569903702,-144471.05739687383,-50267.13389794156,0.0,-822.041834063828
54034,0.0,0.0,0.0,0.0,0.0,0.0,0.0,0.0,0.0,0.0,0.0,0.0
54035,-34094.85234594345,-67075.23510026187,-24056.239980354905,-27093.456156164408,-55166.33739151806,-40673.2655403167,-67699.47554574162,-50711.218710470945,0.0,-4955.339833188802,-29579.38638552837,-79452.32452626247
54036,0.0,0.0,0.0,0.0,0.0,0.0,0.0,0.0,0.0,0.0,0.0,0.0
54037,0.0,0.0,0.0,0.0,0.0,0.0,0.0,0.0,0.0,0.0,0.0,0.0
54038,0.0,0.0,0.0,0.0,0.0,0.0,0.0,0.0,0.0,0.0,0.0,0.0
54040,0.0,0.0,0.0,0.0,0.0,0.0,0.0,0.0,0.0,0.0,0.0,0.0
54041,0.0,0.0,0.0,0.0,0.0,0.0,0.0,0.0,0.0,0.0,0.0,0.0
54042,0.0,0.0,0.0,0.0,0.0,0.0,0.0,0.0,0.0,0.0,0.0,0.0
54045,0.0,0.0,0.0,0.0,0.0,0.0,0.0,0.0,0.0,0.0,0.0,0.0
54046,0.0,0.0,0.0,0.0,0.0,0.0,0.0,0.0,0.0,0.0,0.0,0.0
54047,0.0,0.0,0.0,0.0,0.0,0.0,0.0,0.0,0.0,0.0,0.0,0.0
54048,0.0,0.0,0.0,0.0,0.0,0.0,0.0,0.0,0.0,0.0,0.0,0.0
54049,0.0,0.0,0.0,0.0,0.0,0.0,0.0,0.0,0.0,0.0,0.0,0.0
54050,0.0,0.0,0.0,0.0,0.0,0.0,0.0,0.0,0.0,0.0,0.0,0.0
54051,0.0,0.0,0.0,0.0,0.0,0.0,0.0,0.0,0.0,0.0,0.0,0.0
54054,-26190.884694367647,-344965.7641865746,-899340.8030223828,-1241934.75,-893969.1875,-595800.692499939,-227517.42669901357,-343728.0891529379,-288105.1875,-134334.5625,-94422.14263489825,0.0
54091,0.0,0.0,0.0,0.0,0.0,0.0,0.0,0.0,0.0,0.0,0.0,0.0
54118,-1975224.096282959,-3456021.2995147705,-9364586.684158325,-7351101.942810059,-8887527.05847168,-852715.8186645508,-1899897.5390701294,-6565078.351531982,-5026617.394363403,-4909808.0361766815,-2176296.4158477783,-154821.36671829224
54119,0.0,-68.10515308380127,-58.96573829650879,-7.007772445678711,0.0,-721.4255390167236,-2681.8463430404663,-3289.2938537597656,-3623.16779088974,-1920.2634563446045,0.0,0.0
54123,0.0,0.0,0.0,0.0,0.0,0.0,0.0,0.0,0.0,0.0,0.0,0.0
54124,0.0,0.0,0.0,0.0,0.0,0.0,0.0,0.0,0.0,0.0,0.0,0.0
54125,0.0,0.0,0.0,0.0,0.0,0.0,0.0,0.0,0.0,0.0,0.0,0.0
54126,0.0,0.0,0.0,0.0,0.0,0.0,0.0,0.0,0.0,0.0,0.0,0.0
54143,-16917.372177124023,107373.86134338379,263796.5096206665,1374999.1026763916,1065923.7917022705,-23256.191200256348,-24556.370307922363,-13534.221214294434,-4233.6947021484375,-2736.079818725586,-5918.81672668457,3483.5472259521484
54192,0.0,0.0,0.0,0.0,0.0,0.0,0.0,0.0,0.0,0.0,0.0,0.0
54193,0.0,0.0,0.0,0.0,0.0,0.0,0.0,0.0,0.0,0.0,0.0,0.0
54194,0.0,0.0,0.0,0.0,0.0,0.0,0.0,0.0,0.0,0.0,0.0,0.0
54195,0.0,0.0,0.0,0.0,0.0,0.0,0.0,0.0,0.0,0.0,0.0,0.0
54196,-20480.159254312515,-12372.004244685173,-38095.352415680885,-63814.15111249685,-90592.6893851161,-43948.3645029366,0.0,0.0,-20372.394386410713,-26589.721675932407,-9130.425408124924,-11820.638881921768
54203,-1073717.5465221405,-427780.71314430237,-68334.30400276184,-505628.20218753815,-1020894.5651931763,-1247489.358177662,-1390069.2425289154,-577565.7193033695,-5861.578924179077,-137583.22706604004,-114210.73912525177,-143129.11946201324
54204,0.0,0.0,0.0,0.0,0.0,0.0,0.0,0.0,0.0,0.0,0.0,0.0
54205,0.0,0.0,0.0,0.0,0.0,0.0,0.0,0.0,0.0,0.0,0.0,0.0
54219,-553.1098920702934,-3038.6354383826256,-3266.479840040207,-5378.317786633968,-5154.031484782696,-5398.285016834736,-9051.573551744223,-15243.715708270669,-19624.27940019965,-2207.12655544281,0.0,-89.78265106678009
54220,0.0,0.0,0.0,0.0,0.0,0.0,0.0,0.0,0.0,0.0,0.0,0.0
54221,-181808.92764997482,-181877.95504057407,-84921.6003100872,-16218.95176076889,-64869.5465798378,-164379.35532033443,-130902.6781847477,-240933.76473748684,-39009.72558224201,0.0,-5625.160809636116,-135147.89304041862
54224,-1020.1481168270111,-110352.31857383251,-35856.93865454197,-142407.86854743958,-138022.94481307268,-25947.937213748693,-61312.676194667816,-118838.12843936682,-240836.7143803537,-252916.37450940907,-74730.38258832693,0.0
54225,0.0,0.0,0.0,0.0,0.0,0.0,0.0,0.0,0.0,0.0,0.0,0.0
54227,-35162.02122193575,-309977.6576914042,-227935.23433069885,-165263.98299826682,-62440.86595606804,-6118.332045048475,-54619.57755166292,-135649.19596511126,-389598.37110602856,-264005.75485628843,0.0,0.0
54228,-10790.430743336678,-28961.22518697381,-36325.630852252245,-12257.88499789685,-9643.456743121147,-12855.3326420784,-20190.02792045474,-37491.37429001182,-26901.09187624231,0.0,0.0,-9447.295360213146
54229,0.0,0.0,0.0,0.0,0.0,0.0,0.0,0.0,0.0,0.0,0.0,0.0
54231,0.0,0.0,0.0,0.0,0.0,0.0,0.0,0.0,0.0,0.0,0.0,0.0
54232,0.0,0.0,0.0,0.0,0.0,0.0,0.0,0.0,0.0,0.0,0.0,0.0
54233,0.0,0.0,0.0,0.0,0.0,0.0,0.0,0.0,0.0,0.0,0.0,0.0
54234,0.0,0.0,0.0,0.0,0.0,0.0,0.0,0.0,0.0,0.0,0.0,0.0
54240,0.0,0.0,0.0,0.0,0.0,0.0,0.0,0.0,0.0,0.0,0.0,0.0
54241,0.0,0.0,0.0,0.0,0.0,0.0,0.0,0.0,0.0,0.0,0.0,0.0
54242,0.0,0.0,0.0,0.0,0.0,0.0,0.0,0.0,0.0,0.0,0.0,0.0
54243,0.0,0.0,0.0,0.0,0.0,0.0,0.0,0.0,0.0,0.0,0.0,0.0
54244,0.0,0.0,0.0,0.0,0.0,0.0,0.0,0.0,0.0,0.0,0.0,0.0
54245,4585.4559100251645,25022.960635975003,47474.7623219993,52871.808618131094,41630.92772641219,4128.556950206868,9177.243735814001,14452.713420152664,-86747.57306452305,-240865.93232233543,3767.2458022618666,0.0
54301,71941.03784179688,-2345108.1713867188,-8139846.553588867,-18705543.758544922,-41954649.006347656,-10042115.482543945,-1444414.4438476562,-326498.66796875,-110609.2017211914,-257124.07110595703,-112474.2163696289,454676.0309448242
54302,0.0,0.0,0.0,0.0,0.0,0.0,0.0,0.0,0.0,0.0,0.0,0.0
54316,0.0,0.0,0.0,0.0,0.0,0.0,0.0,0.0,0.0,0.0,0.0,0.0
54317,0.0,0.0,0.0,0.0,0.0,0.0,0.0,0.0,0.0,0.0,0.0,0.0
54318,0.0,0.0,0.0,0.0,0.0,0.0,0.0,0.0,0.0,0.0,0.0,0.0
54382,0.0,0.0,0.0,0.0,0.0,0.0,0.0,0.0,0.0,0.0,0.0,0.0
54383,0.0,0.0,0.0,0.0,0.0,0.0,0.0,0.0,0.0,0.0,0.0,0.0
54384,0.0,0.0,0.0,0.0,0.0,0.0,0.0,0.0,0.0,0.0,0.0,0.0
54385,0.0,0.0,0.0,0.0,0.0,0.0,0.0,0.0,0.0,0.0,0.0,0.0
54386,0.0,0.0,0.0,0.0,0.0,0.0,0.0,0.0,0.0,0.0,0.0,0.0
54394,-55035.02640551329,-10648.187654852867,-3712.177263915539,-20916.89148235321,-52835.72990375757,-53230.919925391674,-70559.44801452756,-4156.516157090664,0.0,-1207.415381371975,-3908.569192945957,-7019.257491290569
54395,0.0,0.0,0.0,0.0,0.0,0.0,0.0,0.0,0.0,0.0,0.0,0.0
54396,0.0,0.0,0.0,0.0,0.0,0.0,0.0,0.0,0.0,0.0,0.0,0.0
54397,0.0,0.0,0.0,0.0,0.0,0.0,0.0,0.0,0.0,0.0,0.0,0.0
54399,0.0,0.0,0.0,0.0,0.0,0.0,0.0,0.0,0.0,0.0,0.0,0.0
54412,-9478.577415704727,-14074.958221673965,-12164.089730501175,-4776.219470977783,-10609.786884903908,-33735.634481430054,-36016.311482548714,-84266.42836678028,-45137.2370390892,0.0,0.0,-3949.0170588493347
54413,0.0,0.0,0.0,0.0,0.0,0.0,0.0,0.0,0.0,0.0,0.0,0.0
54418,0.0,0.0,0.0,0.0,0.0,0.0,0.0,0.0,0.0,0.0,0.0,0.0
54419,-34518.98807654902,-137883.7975658998,-106850.54236940295,-90217.168901328,-33251.33927287161,-28614.494005143642,-29839.887525752187,-123124.96472981572,-189271.63154884428,-65480.282264921814,0.0,-18.72312810830772
54420,0.0,0.0,0.0,0.0,0.0,0.0,0.0,0.0,0.0,0.0,0.0,0.0
54423,0.0,0.0,0.0,0.0,0.0,0.0,0.0,0.0,0.0,0.0,0.0,0.0
54424,0.0,0.0,0.0,0.0,0.0,0.0,0.0,0.0,0.0,0.0,0.0,0.0
54425,0.0,0.0,0.0,0.0,0.0,0.0,0.0,0.0,0.0,0.0,0.0,0.0
54426,0.0,0.0,0.0,0.0,0.0,0.0,0.0,0.0,0.0,0.0,0.0,0.0
54427,0.0,0.0,0.0,0.0,0.0,0.0,0.0,0.0,0.0,0.0,0.0,0.0
54428,0.0,0.0,0.0,0.0,0.0,0.0,0.0,0.0,0.0,0.0,0.0,0.0
54429,0.0,0.0,0.0,0.0,0.0,0.0,0.0,0.0,0.0,0.0,0.0,0.0
54430,0.0,0.0,0.0,0.0,0.0,0.0,0.0,0.0,0.0,0.0,0.0,0.0
54431,0.0,0.0,0.0,0.0,0.0,0.0,0.0,0.0,0.0,0.0,0.0,0.0
54432,0.0,0.0,0.0,0.0,0.0,0.0,0.0,0.0,0.0,0.0,0.0,0.0
54433,0.0,0.0,0.0,0.0,0.0,0.0,0.0,0.0,0.0,0.0,0.0,0.0
54434,0.0,0.0,0.0,0.0,0.0,0.0,0.0,0.0,0.0,0.0,0.0,0.0
54439,0.0,0.0,0.0,0.0,0.0,0.0,0.0,0.0,0.0,0.0,0.0,0.0
54440,0.0,0.0,0.0,0.0,0.0,0.0,0.0,0.0,0.0,0.0,0.0,0.0
54441,0.0,0.0,0.0,0.0,0.0,0.0,0.0,0.0,0.0,0.0,0.0,0.0
54442,0.0,0.0,0.0,0.0,0.0,0.0,0.0,0.0,0.0,0.0,0.0,0.0
54443,0.0,0.0,0.0,0.0,0.0,0.0,0.0,0.0,0.0,0.0,0.0,0.0
54444,0.0,0.0,0.0,0.0,0.0,0.0,0.0,0.0,0.0,0.0,0.0,0.0
54445,0.0,0.0,0.0,0.0,0.0,0.0,0.0,0.0,0.0,0.0,0.0,0.0
54446,0.0,0.0,0.0,0.0,0.0,0.0,0.0,0.0,0.0,0.0,0.0,0.0
54447,0.0,0.0,0.0,0.0,0.0,0.0,0.0,0.0,0.0,0.0,0.0,0.0
54450,-55401.19800681621,-137039.30485638976,-263091.9232405722,-745409.2325930316,-445581.77289079875,-38296.212722774595,-163395.81376037933,-219841.88944844063,-392156.0925156659,-3998.578779041709,-35705.672868423164,-1264.2035919036716
54452,-130530.28636169434,-274381.3527984619,-1071892.6774024963,-3981033.517695904,-2034811.6757223606,-445217.2235028744,-124850.19487535954,-1447658.5135781765,-1638387.538293302,-2065750.1499735117,-1694524.7292511463,-95886.6611866355
54480,204139.18478393555,-2030386.6337280273,-7772952.971496582,-18325671.595336914,-41474265.8359375,-10080090.417419434,-1482309.1178894043,-354462.8969116211,-108141.95338439941,-223193.78775024414,219.23863220214844,549812.618347168
54481,0.0,74904.11315536499,104395.32315826416,150604.02885437012,571.5755920410156,0.0,0.0,0.0,0.0,3252.904083251953,2030.9012184143066,13870.620487213135
54501,71941.03784179688,-2345108.1713867188,-8139846.553588867,-18705543.758544922,-41954649.006347656,-10042115.482543945,-1444414.4438476562,-326498.66796875,-110609.2017211914,-257124.07110595703,-112474.2163696289,454676.0309448242
54522,0.0,0.0,0.0,0.0,0.0,0.0,0.0,0.0,0.0,0.0,0.0,0.0
54523,0.0,0.0,0.0,0.0,0.0,0.0,0.0,0.0,0.0,0.0,0.0,0.0
54525,0.0,0.0,0.0,0.0,0.0,0.0,0.0,0.0,0.0,0.0,0.0,0.0
54526,0.0,0.0,0.0,0.0,0.0,0.0,0.0,0.0,0.0,0.0,0.0,0.0
54580,0.0,0.0,0.0,0.0,0.0,0.0,0.0,0.0,0.0,0.0,0.0,0.0
54589,0.0,0.0,0.0,0.0,0.0,0.0,0.0,0.0,0.0,0.0,0.0,0.0
54590,0.0,0.0,0.0,0.0,0.0,0.0,0.0,0.0,0.0,0.0,0.0,0.0
54591,0.0,0.0,0.0,0.0,0.0,0.0,0.0,0.0,0.0,0.0,0.0,0.0
54592,0.0,0.0,0.0,0.0,0.0,0.0,0.0,0.0,0.0,0.0,0.0,0.0
54593,0.0,0.0,0.0,0.0,0.0,0.0,0.0,0.0,0.0,0.0,0.0,0.0
54600,-45556.155796051025,523730.1636657715,332192.79958343506,323090.15400123596,1531987.425122261,121159.94735813141,583467.6853985786,770204.0891284943,448885.3866209984,241235.96424770355,-104423.9542798996,198143.46730327606
54601,293505.2816939354,295304.08899605274,3348.6399965286255,247927.0214791298,543963.3828651905,374675.2593509555,555406.9811094403,154153.84287688136,9646.95643761754,134806.1447659433,196116.27562838793,89278.08845078945
54602,-22567.417431354523,-38210.97088319063,-6657.639712572098,-36099.30480197072,-52205.539410054684,-33322.73354393244,-15699.832487106323,0.0,-1709.1775158941746,-27615.681843936443,-17480.271708920598,-9436.343001574278
54603,0.0,0.0,0.0,0.0,0.0,0.0,0.0,0.0,0.0,0.0,0.0,0.0
54604,0.0,0.0,0.0,0.0,0.0,0.0,0.0,0.0,0.0,0.0,0.0,0.0
54616,-1247.1875524520874,-32835.68090689182,-34885.67559558153,-25263.92559015751,-44841.79547929764,0.0,-2625.5157677531242,-107161.75683112442,-205873.7458474189,-121015.9097147286,-41446.688301593065,-4254.375591188669
54617,0.0,0.0,0.0,0.0,0.0,0.0,0.0,0.0,0.0,0.0,0.0,0.0
54618,0.0,0.0,0.0,0.0,0.0,0.0,0.0,0.0,0.0,0.0,0.0,0.0
54623,59570.74474811554,347813.7904474735,221684.19990110397,640099.4975128174,683934.9982300997,2409.5994124412537,0.0,75846.57423728704,1397325.425937891,1713682.8156021833,1007551.1209564209,423670.2796905041
54624,0.0,0.0,0.0,0.0,0.0,0.0,0.0,0.0,0.0,0.0,0.0,0.0
54625,0.0,0.0,0.0,0.0,0.0,0.0,0.0,0.0,0.0,0.0,0.0,0.0
54626,0.0,0.0,0.0,0.0,0.0,0.0,0.0,0.0,0.0,0.0,0.0,0.0
54627,0.0,0.0,0.0,0.0,0.0,0.0,0.0,0.0,0.0,0.0,0.0,0.0
54628,0.0,0.0,0.0,0.0,0.0,0.0,0.0,0.0,0.0,0.0,0.0,0.0
54629,0.0,0.0,0.0,0.0,0.0,0.0,0.0,0.0,0.0,0.0,0.0,0.0
54630,0.0,0.0,0.0,0.0,0.0,0.0,0.0,0.0,0.0,0.0,0.0,0.0
54631,0.0,0.0,0.0,0.0,0.0,0.0,0.0,0.0,0.0,0.0,0.0,0.0
54632,0.0,0.0,0.0,0.0,0.0,0.0,0.0,0.0,0.0,0.0,0.0,0.0
54633,0.0,0.0,0.0,0.0,0.0,0.0,0.0,0.0,0.0,0.0,0.0,0.0
54634,0.0,0.0,0.0,0.0,0.0,0.0,0.0,0.0,0.0,0.0,0.0,0.0
54635,0.0,0.0,0.0,0.0,0.0,0.0,0.0,0.0,0.0,0.0,0.0,0.0
54640,0.0,0.0,0.0,0.0,0.0,0.0,0.0,0.0,0.0,0.0,0.0,0.0
54641,0.0,0.0,0.0,0.0,0.0,0.0,0.0,0.0,0.0,0.0,0.0,0.0
54642,0.0,0.0,0.0,0.0,0.0,0.0,0.0,0.0,0.0,0.0,0.0,0.0
54643,0.0,0.0,0.0,0.0,0.0,0.0,0.0,0.0,0.0,0.0,0.0,0.0
54644,0.0,0.0,0.0,0.0,0.0,0.0,0.0,0.0,0.0,0.0,0.0,0.0
54645,0.0,0.0,0.0,0.0,0.0,0.0,0.0,0.0,0.0,0.0,0.0,0.0
54646,0.0,0.0,0.0,0.0,0.0,0.0,0.0,0.0,0.0,0.0,0.0,0.0
54647,21954.928925150074,50771.14150659344,149964.4801414256,0.0,0.0,261159.32938816445,114375.64128235728,127627.13765350217,138530.8867911985,40647.75894718105,0.0,3093.1628107933793
54648,-13163.244872897863,-2958.0469365417957,-120579.99699889868,-335069.11390189454,-163205.311424708,-45311.654404645786,-115135.65976628475,-127413.96096450835,0.0,-49479.277064249385,0.0,-214.8476955993101
54687,-3097.9002685546875,-2983.4798583984375,-1657.9921875,-484.5357208251953,-5850.527130126953,-2964.087615966797,-1395.0267028808594,-4536.199279785156,-4252.481140136719,-819.4192733764648,-2043.5922012329102,-3225.9810180664062
54697,0.0,0.0,0.0,0.0,0.0,0.0,0.0,0.0,0.0,0.0,0.0,0.0
54718,14.14193606376648,0.0,15.055185794830322,0.0,0.0,11.438112258911133,810.4695544242859,2501.638355731964,3130.7621908187866,3932.6799705028534,1735.8365409374237,151.69356775283813
54719,-2734.744146645069,5555.034063220024,-8540.874870300293,-152.02978229522705,-7403.472564697266,0.0,1555.2781383991241,9578.960667133331,25636.303680181503,19515.030856966972,12206.493711948395,876.9840842485428
54720,0.0,0.0,0.0,0.0,0.0,0.0,0.0,0.0,0.0,0.0,0.0,0.0
54722,0.0,0.0,0.0,0.0,0.0,0.0,0.0,0.0,0.0,0.0,0.0,0.0
54723,0.0,0.0,0.0,0.0,0.0,0.0,0.0,0.0,0.0,0.0,0.0,0.0
54724,-889991.6932692528,-2045544.3304684162,-681616.300775528,-94712.53695583344,-12484.986625671387,-780883.8559913635,-3594257.0836029053,-7628397.063834429,-9427906.52446413,-6604601.220662832,-1734143.0906569958,-223172.12159228325
54725,0.0,0.0,0.0,0.0,0.0,0.0,0.0,0.0,0.0,0.0,0.0,0.0
54726,-247882.56382394582,-114534.81318944693,-72078.9667274952,-5881.617967844009,-2113.2340948581696,-24783.272304177284,-287112.31793636084,-930135.4152235091,-1104764.1528685987,-1149261.9414259791,-457208.9271168858,0.0
54727,236.22692200541496,25514.745728105307,352216.9814180434,437103.5144944787,328176.7295227051,566802.3321517706,313594.9021114111,1202347.7750846148,1420430.3191220164,1493755.5610098243,688096.1737633944,0.0
54728,0.0,-19.195345314219594,-92.10011607781053,-117.66172332316637,-125.41554959490895,-91.76192874554545,-100.31816466711462,-331.5305727228988,-405.56321321672294,-417.8520745271817,-151.08343299175613,0.0
54729,0.0,0.0,0.0,0.0,0.0,0.0,0.0,0.0,0.0,0.0,0.0,0.0
54730,0.0,0.0,0.0,0.0,0.0,0.0,0.0,0.0,0.0,0.0,0.0,0.0
54742,-16917.372177124023,107373.86134338379,263796.5096206665,1374999.1026763916,1065923.7917022705,-23256.191207885742,-24556.370307922363,-13534.221206665039,-4233.6947021484375,-2736.079818725586,-5918.81672668457,3483.5472259521484
54790,0.0,0.0,0.0,0.0,0.0,0.0,0.0,0.0,0.0,0.0,0.0,0.0
54791,713621.6195129603,422852.87250709534,-22073.702040836215,78450.4000442028,-483008.77534872293,-1848831.3855795339,-2039112.3118632808,-815748.24881652,328047.0859362334,84140.02672755718,384763.639115572,476585.5358106792
54793,0.0,0.0,0.0,0.0,0.0,0.0,0.0,0.0,0.0,0.0,0.0,0.0
54794,-180170.88176333904,-41624.623928397894,-14578.654162466526,-126330.61655896902,-291311.5978214741,-206020.01532401145,-201118.89031098783,-113191.33913083375,-9968.288067683578,-85819.41030719876,-99664.88469134271,-66110.00026318431
54803,-73835.92338997126,-77259.52316504717,-1743.4312717914581,-59542.27032673359,-151948.71878176928,-108014.2912966311,-137077.26586979628,-9271.545237660408,-8308.305802330375,-83162.50235328078,-68412.2796895802,-32259.75929236412
54804,0.0,0.0,0.0,0.0,0.0,0.0,0.0,0.0,0.0,0.0,0.0,0.0
54805,0.0,0.0,0.0,0.0,0.0,0.0,0.0,0.0,0.0,0.0,0.0,0.0
54807,0.0,0.0,0.0,0.0,0.0,0.0,0.0,0.0,0.0,0.0,0.0,0.0
54808,-30613.380452930927,-95605.7345379144,-41028.68704275787,-8800.451042592525,-5417.530970737338,-65956.41611641645,-72814.4768422991,-138023.55013526976,-93981.87750514969,0.0,0.0,-12725.44101832807
54809,0.0,0.0,0.0,0.0,0.0,0.0,0.0,0.0,0.0,0.0,0.0,0.0
54811,-28169.466062545776,-105761.35919952393,-23407.963411331177,-1488.080426454544,-6394.196754455566,-1253.972903728485,-29594.74532711506,-120462.06481719017,-177209.9070945382,-46111.865938067436,-18688.219089388847,-7488.800777435303
54812,-8482.595524251461,-17872.431795179844,-4310.030466675758,-461.0713530778885,-5358.664601892233,-25904.186390578747,-16653.790012329817,-27659.3322160542,-20070.605662092566,0.0,0.0,-1219.238694369793
54821,0.0,0.0,0.0,0.0,0.0,0.0,0.0,0.0,0.0,0.0,0.0,0.0
54822,0.0,0.0,0.0,0.0,0.0,0.0,0.0,0.0,0.0,0.0,0.0,0.0
54825,-8418.664357304573,-103267.42117512226,-23487.102397084236,-139711.16208940744,-96073.3318542242,-30096.432699501514,0.0,-12024.715783178806,-267072.361171931,-237893.9619846344,-191349.84935823083,-84354.98924309015
54826,138008.8811018467,588131.4504572153,206054.4312338829,-38353.35069727898,285106.85728240013,337320.67324352264,349119.43224954605,701388.8130233288,-443314.4743205309,-280119.45892858505,11086.527814865112,132437.5350971222
54829,0.0,0.0,0.0,0.0,0.0,0.0,0.0,0.0,0.0,0.0,0.0,0.0
54830,0.0,0.0,0.0,0.0,0.0,0.0,0.0,0.0,0.0,0.0,0.0,0.0
54831,0.0,0.0,0.0,0.0,0.0,0.0,0.0,0.0,0.0,0.0,0.0,0.0
54832,0.0,0.0,0.0,0.0,0.0,0.0,0.0,0.0,0.0,0.0,0.0,0.0
54833,0.0,0.0,0.0,0.0,0.0,0.0,0.0,0.0,0.0,0.0,0.0,0.0
54834,0.0,0.0,0.0,0.0,0.0,0.0,0.0,0.0,0.0,0.0,0.0,0.0
54835,0.0,0.0,0.0,0.0,0.0,0.0,0.0,0.0,0.0,0.0,0.0,0.0
54839,0.0,0.0,0.0,0.0,0.0,0.0,0.0,0.0,0.0,0.0,0.0,0.0
54840,0.0,0.0,0.0,0.0,0.0,0.0,0.0,0.0,0.0,0.0,0.0,0.0
54841,0.0,0.0,0.0,0.0,0.0,0.0,0.0,0.0,0.0,0.0,0.0,0.0
54850,0.0,0.0,0.0,0.0,0.0,0.0,0.0,0.0,0.0,0.0,0.0,0.0
54851,0.0,0.0,0.0,0.0,0.0,0.0,0.0,0.0,0.0,0.0,0.0,0.0
54852,0.0,0.0,0.0,0.0,0.0,0.0,0.0,0.0,0.0,0.0,0.0,0.0
54853,0.0,0.0,0.0,0.0,0.0,0.0,0.0,0.0,0.0,0.0,0.0,0.0
54854,0.0,0.0,0.0,0.0,0.0,0.0,0.0,0.0,0.0,0.0,0.0,0.0
54855,0.0,0.0,0.0,0.0,0.0,0.0,0.0,0.0,0.0,0.0,0.0,0.0
54858,-67797.9846854806,-60726.85863876343,-426585.52838253975,-2115770.926439166,-662352.7761415839,-302203.7316236943,-5671.043910250068,-69038.67782790214,-291111.7108767107,-444056.4885925008,0.0,-293722.93614756875
54859,-21616.80540752411,-179550.73520183563,-1047312.9274522886,0.0,-697000.2277896395,0.0,0.0,0.0,0.0,0.0,-380372.6421748735,0.0
54898,204104.8874206543,-1955482.5205688477,-7668570.423583984,-18175074.453308105,-41473704.696777344,-10080098.681213379,-1482386.7287597656,-354462.8969116211,-108141.95336914062,-220087.9005126953,1981.2408447265625,563616.2331542969
54900,201006.98712158203,-1958466.000427246,-7670228.415771484,-18175558.989013672,-41479555.22387695,-10083062.768798828,-1483781.755432129,-358999.09619140625,-112394.43450927734,-220907.3197631836,-62.351348876953125,560390.2521362305
54939,0.0,-28.277621552348137,-483.65407288074493,-656.076566696167,-945.957390666008,-1398.169310927391,-136.34385591745377,-1711.3785211741924,-2525.5406868308783,-2837.139091923833,-2546.0956580117345,-437.7505479231477
54940,14050.972687344998,1995.3505448922515,2695.334465742111,4821.1887592077255,8106.474598765373,8732.594833374023,2282.892821252346,1041.034000635147,2721.5197422504425,15848.855473399162,19683.66494640708,20277.44775533676
54942,0.0,0.0,0.0,0.0,0.0,0.0,0.0,0.0,0.0,0.0,0.0,0.0
54943,0.0,0.0,0.0,0.0,0.0,0.0,0.0,0.0,0.0,0.0,0.0,0.0
54955,0.0,0.0,0.0,0.0,0.0,0.0,0.0,0.0,0.0,0.0,0.0,0.0
54994,-264820.73987746984,-231233.7518247664,-211337.09293188527,0.0,0.0,0.0,0.0,0.0,0.0,0.0,0.0,0.0
55002,779269.3706659302,687266.8635141626,536143.4562829286,-6832375.154428024,-4111183.7484491505,-2923032.8155767918,-2045173.2661200464,-813914.6720292047,6271.297149911523,35181.949446737766,253242.48194885254,280949.569791764
55003,0.0,0.0,0.0,0.0,0.0,0.0,0.0,0.0,0.0,0.0,0.0,0.0
55004,-234549.48570990562,-347473.8145272732,-150773.9704501629,-461321.10643196106,-795589.100714922,-314344.7952170372,-285553.6692442894,-40798.26236653328,-248477.29573452473,-190535.23127031326,-172343.63292503357,-114653.46808838844
55012,-100949.84453868866,-135750.64676117897,-88818.22774553299,-31312.869245052338,-205090.9832354784,-206812.6789314747,-364834.58054089546,-431613.8741103411,-253477.09173420072,0.0,0.0,-31550.71323430538
55014,0.0,0.0,0.0,0.0,0.0,0.0,0.0,0.0,0.0,0.0,0.0,0.0
55015,0.0,0.0,0.0,0.0,0.0,0.0,0.0,0.0,0.0,0.0,0.0,0.0
55016,0.0,0.0,0.0,0.0,0.0,0.0,0.0,0.0,0.0,0.0,0.0,0.0
55017,0.0,0.0,0.0,0.0,0.0,0.0,0.0,0.0,0.0,0.0,0.0,0.0
55018,-2901.207461932674,-9707.76642406173,-2699.1735355742276,-3622.741088591516,-4905.288855158724,-6070.2610433623195,-9701.437723632902,-12007.708381990902,-15828.96711227321,-853.2277631610632,0.0,-65.17846668884158
55019,0.0,0.0,0.0,0.0,0.0,0.0,0.0,0.0,0.0,0.0,0.0,0.0
55020,0.0,0.0,0.0,0.0,0.0,0.0,0.0,0.0,0.0,0.0,0.0,0.0
55021,31382.1940908432,135751.53747916222,71764.71893119812,63232.232303619385,12424.933945894241,-6090.573718070984,2641.0513949394226,338461.1353595257,396472.7583280802,154751.39187270403,87345.12372994423,-288.72603940963745
55022,-171.09455394744873,-349.9999032020569,-550.6307907104492,-1002.2782096862793,-980.9969611167908,-320.24356865882874,0.0,-130.92142581939697,-1583.4350236654282,-575.8086664676666,-650.2188889980316,-94.37218046188354
55023,-2838.430070877075,-8954.927332878113,-685.9618902206421,-2230.3954496383667,-6275.759618282318,-13655.157730102539,-15163.26752948761,-5840.897766470909,0.0,-447.9710786342621,-1502.5488340854645,-1189.8666234016418
55024,-5140.5880579948425,-11532.523787498474,-22805.136483192444,-19864.359663009644,-14407.690405845642,-1805.1408286094666,-49461.13915729523,-69819.56042575836,-76927.32518863678,-42758.325889110565,-2965.012849211693,-531.0361065864563
55025,-13661.695272445679,-71969.54471969604,-19016.53193283081,-39252.091762542725,-70853.60323047638,-254816.35228061676,-138054.44610261917,-16757.952248573303,119273.36531209946,178686.72951889038,31539.881833076477,-13416.477550506592
55028,-23135.08940988779,-169722.95047450066,-184083.27924787998,-133419.79188245535,-41871.892138302326,-311611.16839545965,-427267.4029544294,-653814.8941552639,-466296.05888420343,0.0,0.0,-2611.0482153594494
55029,0.0,0.0,0.0,0.0,0.0,0.0,0.0,0.0,0.0,0.0,0.0,0.0
55032,0.0,0.0,0.0,0.0,0.0,0.0,0.0,0.0,0.0,0.0,0.0,0.0
55033,0.0,0.0,0.0,0.0,0.0,0.0,0.0,0.0,0.0,0.0,0.0,0.0
55036,0.0,0.0,0.0,0.0,0.0,0.0,0.0,0.0,0.0,0.0,0.0,0.0
55037,0.0,0.0,0.0,0.0,0.0,0.0,0.0,0.0,0.0,0.0,0.0,0.0
55038,-1905.4158210754395,-28346.836024940014,-163804.04371517897,-353336.11140201986,-182094.4016444981,0.0,-8848.177948594093,-138569.3725758493,-297093.85600574315,-436474.8731703162,-272889.6486862749,-43448.57492110133
55039,0.0,0.0,0.0,0.0,0.0,0.0,0.0,0.0,0.0,0.0,0.0,0.0
55040,0.0,0.0,0.0,0.0,0.0,0.0,0.0,0.0,0.0,0.0,0.0,0.0
55041,0.0,0.0,0.0,0.0,0.0,0.0,0.0,0.0,0.0,0.0,0.0,0.0
55042,0.0,0.0,0.0,0.0,0.0,0.0,0.0,0.0,0.0,0.0,0.0,0.0
55043,0.0,0.0,0.0,0.0,0.0,0.0,0.0,0.0,0.0,0.0,0.0,0.0
55044,0.0,0.0,0.0,0.0,0.0,0.0,0.0,0.0,0.0,0.0,0.0,0.0
55045,0.0,0.0,0.0,0.0,0.0,0.0,0.0,0.0,0.0,0.0,0.0,0.0
55046,0.0,0.0,0.0,0.0,0.0,0.0,0.0,0.0,0.0,0.0,0.0,0.0
55047,0.0,0.0,0.0,0.0,0.0,0.0,0.0,0.0,0.0,0.0,0.0,0.0
55048,0.0,0.0,0.0,0.0,0.0,0.0,0.0,0.0,0.0,0.0,0.0,0.0
55050,0.0,0.0,0.0,0.0,0.0,0.0,0.0,0.0,0.0,0.0,0.0,0.0
55052,0.0,0.0,0.0,0.0,0.0,0.0,0.0,0.0,0.0,0.0,0.0,0.0
55053,0.0,0.0,0.0,0.0,0.0,0.0,0.0,0.0,0.0,0.0,0.0,0.0
55054,0.0,0.0,0.0,0.0,0.0,0.0,0.0,0.0,0.0,0.0,0.0,0.0
55067,0.0,0.0,0.0,0.0,0.0,0.0,0.0,0.0,0.0,0.0,0.0,0.0
55068,0.0,0.0,0.0,0.0,0.0,0.0,0.0,0.0,0.0,0.0,0.0,0.0
55069,0.0,0.0,0.0,0.0,0.0,0.0,0.0,0.0,0.0,0.0,0.0,0.0
55070,0.0,0.0,0.0,0.0,0.0,0.0,0.0,0.0,0.0,0.0,0.0,0.0
55071,0.0,0.0,0.0,0.0,0.0,0.0,0.0,0.0,0.0,0.0,0.0,0.0
55072,0.0,0.0,0.0,0.0,0.0,0.0,0.0,0.0,0.0,0.0,0.0,0.0
55075,-8822.58701037988,-17693.382005751133,-60674.772896274924,-37746.2734375,-1091.5982666015625,-36944.98373855511,-7955.072689102963,-37336.20704672462,0.0,0.0,0.0,-12578.783626021701
55113,204139.18478393555,-1955482.5205688477,-7668557.648345947,-18175067.56652832,-41473694.26031494,-10080090.417419434,-1482309.1179199219,-354462.8969116211,-108141.95336914062,-219940.8836669922,2250.139862060547,563683.2388305664
55118,-129065.94931030273,-386642.17095947266,-469618.1378326416,-529984.7695922852,-475093.7824707031,40947.28625488281,39367.31164550781,32500.42822265625,1785.2327880859375,-36216.75135040283,-112411.86500549316,-105714.22116851807
55159,-60488.07014046423,-64846.830860093236,-15255.0139760077,-11426.903719186783,-12755.777829110622,-2554.526508063078,-25166.976582050323,-195385.31745493412,-239351.06426018476,-262289.28233299404,-94851.38283813,0.0
55160,0.0,0.0,0.0,0.0,0.0,0.0,0.0,0.0,0.0,0.0,0.0,0.0
55161,0.0,0.0,0.0,0.0,0.0,0.0,0.0,0.0,0.0,0.0,0.0,0.0
55162,0.0,0.0,0.0,0.0,0.0,0.0,0.0,0.0,0.0,0.0,0.0,0.0
55209,426428.8146504164,530568.5762357712,-697841.180962503,423386.8095628619,124636.14754396677,0.0,0.0,0.0,0.0,0.0,22085.91614317894,80257.60986489058
55211,-4587423.5992716625,-4221198.473535463,-4364461.3939783275,-1108118.6594259143,-1715320.9711969048,-695832.9489156753,-49975.09641050547,0.0,0.0,0.0,-46260.00805602968,-2523090.707581021
55219,0.0,0.0,0.0,0.0,0.0,0.0,0.0,0.0,0.0,0.0,0.0,0.0
55220,-130118.9718645215,-121334.39192867279,-1919.1071596741676,-134919.14647114277,-306141.31048339605,-162438.87212884426,-232181.37095454335,-29432.57232761383,0.0,-14026.784079253674,-61205.11074703932,-47955.24347400665
55227,-45520.615738749504,-38660.48353743553,-23746.381547927856,-15600.124610245228,-51104.25875648856,-69257.6647350192,-168078.08312153816,-162339.79650858045,-90035.35130037367,0.0,0.0,-8929.22598040104
55228,0.0,0.0,0.0,0.0,0.0,0.0,0.0,0.0,0.0,0.0,0.0,0.0
55229,-28876.004710495472,-109653.01293843985,-252099.56887173653,-141709.43167576194,-90685.89204397798,0.0,-18362.66205485165,-363111.9821954593,-404084.70458592474,-365583.7281120047,-103741.28393290192,-3390.78481182456
55230,0.0,0.0,0.0,0.0,0.0,0.0,0.0,0.0,0.0,0.0,0.0,0.0
55231,-4483.128533124924,-56802.892197951674,-68223.09712554514,-69624.92624543607,-71844.59335690737,-7655.149508886039,-115499.32796984911,-189580.29316669703,-229383.11130697653,-131891.9867691286,-10735.147195149213,0.0
55232,0.0,0.0,0.0,0.0,0.0,0.0,0.0,0.0,0.0,0.0,0.0,0.0
55233,0.0,0.0,0.0,0.0,0.0,0.0,0.0,0.0,0.0,0.0,0.0,0.0
55234,-69888.52655267715,-497921.27452659607,-1138158.0949633121,-944517.3390815258,-424866.0370750427,-637500.2992979288,-1260258.7022631168,-2164504.5577434897,-2912789.2902554274,-588376.7129274011,-413.4716656804085,-306.51299273967743
55236,-11853.419542431831,-299801.2660128176,-274881.1976299584,-195483.35101228952,-60466.41193807125,-43221.30695489049,-198858.12129184604,-462730.71199184656,-733288.817649655,-271434.4517092332,0.0,0.0
55237,0.0,0.0,0.0,0.0,0.0,0.0,0.0,0.0,0.0,0.0,0.0,0.0
55238,0.0,0.0,0.0,0.0,0.0,0.0,0.0,0.0,0.0,0.0,0.0,0.0
55241,-83662.60861706734,-107128.4420208931,-225254.43238210678,-189735.16921007633,-124314.16939842701,-71701.61010026932,-101043.8306580782,-323757.7263083458,-478426.77677726746,-263332.6769387722,-84193.3400503397,-23555.598676085472
55243,0.0,0.0,0.0,0.0,0.0,0.0,0.0,0.0,0.0,0.0,0.0,0.0
55244,0.0,0.0,0.0,0.0,0.0,0.0,0.0,0.0,0.0,0.0,0.0,0.0
55245,0.0,0.0,0.0,0.0,0.0,0.0,0.0,0.0,0.0,0.0,0.0,0.0
55247,0.0,0.0,0.0,0.0,0.0,0.0,0.0,0.0,0.0,0.0,0.0,0.0
55249,0.0,0.0,0.0,0.0,0.0,0.0,0.0,0.0,0.0,0.0,0.0,0.0
55250,0.0,0.0,0.0,0.0,0.0,0.0,0.0,0.0,0.0,0.0,0.0,0.0
55251,0.0,0.0,0.0,0.0,0.0,0.0,0.0,0.0,0.0,0.0,0.0,0.0
55252,0.0,0.0,0.0,0.0,0.0,0.0,0.0,0.0,0.0,0.0,0.0,0.0
55253,0.0,0.0,0.0,0.0,0.0,0.0,0.0,0.0,0.0,0.0,0.0,0.0
55254,0.0,0.0,0.0,0.0,0.0,0.0,0.0,0.0,0.0,0.0,0.0,0.0
55273,0.0,0.0,0.0,0.0,0.0,0.0,0.0,0.0,0.0,0.0,0.0,0.0
55274,0.0,0.0,0.0,0.0,0.0,0.0,0.0,0.0,0.0,0.0,0.0,0.0
55275,0.0,0.0,0.0,0.0,0.0,0.0,0.0,0.0,0.0,0.0,0.0,0.0
55276,0.0,0.0,0.0,0.0,0.0,0.0,0.0,0.0,0.0,0.0,0.0,0.0
55277,0.0,0.0,0.0,0.0,0.0,0.0,0.0,0.0,0.0,0.0,0.0,0.0
55278,0.0,0.0,0.0,-60401.319262608886,-63047.1338166818,0.0,0.0,0.0,-50941.296450372785,-57404.66640023608,-54375.11581673566,0.0
55317,0.0,0.0,0.0,0.0,0.0,0.0,0.0,0.0,0.0,0.0,0.0,0.0
55364,-55315.03650755435,245694.11768231913,717912.6623860002,350903.28424596786,304776.7938899994,217560.88749170303,326824.6905890703,1007390.3143666983,1185010.6633954346,1297098.653417766,546637.7306355387,0.0
55365,-122412.67881369591,-248072.1052005887,-365692.1511082649,-220633.61808151007,-178416.30658853054,-608613.708238244,-509411.1147686243,-667706.4027178288,-879868.3814817667,-773776.6772108078,-222941.35004246235,-19.940309822559357
55366,0.0,0.0,0.0,0.0,0.0,0.0,0.0,0.0,0.0,0.0,0.0,0.0
55367,0.0,2077.5547008514404,20988.20075893402,5460.532371997833,3568.86789226532,12400.392300605774,0.0,0.0,0.0,0.0,0.0,0.0
55423,-234220.93842754606,-913690.1875,-1393391.8577843965,-14483494.044695113,-5914930.203125,-3992325.015625,-2926239.5048828125,-1751185.417563443,-1193148.5529497704,-5012.624531656504,-112563.93606255949,-84889.02903256565
55424,0.0,0.0,0.0,0.0,0.0,0.0,0.0,0.0,0.0,0.0,0.0,0.0
55425,487893.3056727648,657336.628062427,486469.2368712425,661535.6856552362,248430.1371203661,723713.7092269957,1367675.4471652508,1579154.130572483,1381999.126702994,0.0,0.0,10808.010974049568
55426,-4571.1368597745895,-30101.285270690918,-75469.75505113602,-120478.1777768135,-307014.19054579735,-8059.84599173069,0.0,0.0,-209391.77418583632,-182714.84270584583,-104152.49773740768,-6921.707854628563
55431,-529555.1484880447,-493793.41590857506,-462282.92371606827,-793612.0648593903,-748820.5458948612,-775971.096247077,-2018466.5000089407,-2061008.6905254126,-1230683.7972488403,-78444.27372536063,0.0,-50654.85889720917
55432,0.0,0.0,0.0,0.0,0.0,0.0,0.0,0.0,0.0,0.0,0.0,0.0
55433,0.0,0.0,0.0,0.0,0.0,0.0,0.0,0.0,0.0,0.0,0.0,0.0
55434,0.0,0.0,0.0,0.0,0.0,0.0,0.0,0.0,0.0,0.0,0.0,0.0
55435,-23840.911345243454,-41677.14577302337,-194719.16165567935,-76693.0641707778,-33801.17377448082,-48638.20869874954,-68154.78876574337,-123749.75644925237,-136874.97241219133,-60135.89422582835,0.0,-524.7583300564438
55436,-95493.9349758774,-175845.76543691754,-243671.47848927975,-182052.60227379203,-136673.62400469184,-120483.07860910892,-162797.0417471528,-482619.947742939,-618210.986325834,-140282.0866415426,0.0,0.0
55437,-77878.75122585148,-307290.46381478384,-390849.0721517429,-393441.7122873962,-271139.59538951516,-169995.69963115454,-284364.9642306268,-810554.4206036478,-935795.8356405236,-283995.29222487286,0.0,0.0
55438,-20146.913951680064,-70167.77610104531,-100692.96920792758,-104932.40054792166,-91050.33643280715,-46628.69428111613,-73943.31449019164,-199074.42988841236,-224488.2851357907,-86191.1080427207,0.0,0.0
55439,0.0,0.0,0.0,0.0,0.0,0.0,0.0,0.0,0.0,0.0,0.0,0.0
55440,0.0,0.0,0.0,0.0,0.0,0.0,0.0,0.0,0.0,0.0,0.0,0.0
55441,0.0,0.0,0.0,0.0,0.0,0.0,0.0,0.0,0.0,0.0,0.0,0.0
55442,0.0,0.0,0.0,0.0,0.0,0.0,0.0,0.0,0.0,0.0,0.0,0.0
55443,0.0,0.0,0.0,0.0,0.0,0.0,0.0,0.0,0.0,0.0,0.0,0.0
55444,0.0,0.0,0.0,0.0,0.0,0.0,0.0,0.0,0.0,0.0,0.0,0.0
55463,0.0,0.0,0.0,0.0,0.0,0.0,0.0,0.0,0.0,0.0,0.0,0.0
55464,0.0,0.0,0.0,0.0,0.0,0.0,0.0,0.0,0.0,0.0,0.0,0.0
55465,0.0,0.0,0.0,0.0,0.0,0.0,0.0,0.0,0.0,0.0,0.0,0.0
55466,0.0,0.0,0.0,0.0,0.0,0.0,0.0,0.0,0.0,0.0,0.0,0.0
55467,0.0,0.0,0.0,0.0,0.0,0.0,0.0,0.0,0.0,0.0,0.0,0.0
55469,-66957.54717582464,-536254.6890306473,-1081196.510677576,-2449266.4445676208,-2477335.4761255383,-955552.0281889439,-185024.96911081672,0.0,0.0,0.0,0.0,-8351.709002099931
55483,227938.75161743164,-1546442.721382141,-6208464.956504822,-15380934.10749054,-38235800.192604065,-9114689.07334137,-1258683.7224578857,-354448.74981689453,-107614.13722229004,-217265.06777191162,27020.44453048706,615176.5798721313
55557,-88.98194748163223,-2232.2620134204626,-2540.734842836857,-1396.5913937091827,-1768.8319494724274,-2915.485004425049,-7539.61252117157,-5493.615523576736,-6990.639876484871,-7272.855042457581,-1264.1299398243427,0.0
55559,0.0,0.0,0.0,0.0,0.0,0.0,0.0,0.0,0.0,0.0,0.0,0.0
55609,-207923.8660016302,-35477.50390625,-0.003010434564203024,0.0,0.0,0.0,0.0,0.0,0.0,0.0,0.0,0.0
55610,0.0,0.0,0.0,0.0,0.0,0.0,0.0,0.0,0.0,0.0,0.0,0.0
55614,0.0,0.0,-62167.4765625,-162858.84375,-58341.51953125,-50426.34375,-45888.8671875,0.0,0.0,-770875.0243526418,-1093445.0307480264,-393261.0447102459
55616,0.0,0.0,0.0,0.0,0.0,0.0,0.0,0.0,0.0,0.0,0.0,0.0
55621,-69498.5091394186,-167897.74197137356,-361088.74304682016,-699760.4191108942,-256095.37148821354,0.0,-9294.606734097004,-125134.14411917329,-773172.5451171696,-603747.555904597,-308193.98964226246,-126774.01154977083
55622,-83805.85495352745,-79292.64390420914,-417761.01595151424,-147913.37122119963,-44929.19325426221,-303388.2405388355,-429194.12595279515,-656791.4421077073,-351153.3824932873,0.0,0.0,-8108.384753197432
55623,-78852.67357468605,-115813.57378041744,-694528.0599168688,-255646.54101703316,-118199.87110316753,-112000.40162736177,-248651.72987928987,-463266.7537937686,-501042.95875312015,-331332.6190494802,0.0,-4746.069874513894
55625,-191549.86869220436,-162448.77115012705,-230378.2286016643,-60007.701085060835,-88308.73633649945,-213099.81878969073,-177986.50171604007,-443831.89853543043,-188518.42808956653,0.0,-5718.2921761497855,-19710.28090184927
55626,0.0,0.0,0.0,0.0,0.0,0.0,0.0,0.0,0.0,0.0,0.0,0.0
55627,0.0,0.0,0.0,0.0,0.0,0.0,0.0,0.0,0.0,0.0,0.0,0.0
55628,0.0,0.0,0.0,0.0,0.0,0.0,0.0,0.0,0.0,0.0,0.0,0.0
55630,0.0,0.0,0.0,0.0,0.0,0.0,0.0,0.0,0.0,0.0,0.0,0.0
55631,0.0,0.0,0.0,0.0,0.0,0.0,0.0,0.0,0.0,0.0,0.0,0.0
55649,0.0,0.0,0.0,0.0,0.0,0.0,0.0,0.0,0.0,0.0,0.0,0.0
55650,0.0,0.0,0.0,0.0,0.0,0.0,0.0,0.0,0.0,0.0,0.0,0.0
55653,0.0,0.0,0.0,0.0,0.0,0.0,0.0,0.0,0.0,0.0,0.0,0.0
55654,0.0,0.0,0.0,0.0,0.0,0.0,0.0,0.0,0.0,0.0,0.0,0.0
55655,0.0,0.0,0.0,0.0,0.0,0.0,0.0,0.0,0.0,0.0,0.0,0.0
55657,0.0,0.0,0.0,0.0,0.0,0.0,0.0,0.0,0.0,0.0,0.0,0.0
55671,-23799.566833496094,-483943.91234588623,-1564439.010810852,-2944737.4878616333,-3238465.6433181763,-965401.3440666199,-223625.39544296265,0.0,0.0,-5882.985492706299,-26740.995977401733,-65359.26330566406
55723,-2021370.3071041107,-3458429.5058059692,-9439172.935829163,-7361480.83662796,-8961078.214168549,-852138.5012950897,-1956601.8316364288,-7270527.612411499,-6082923.319599152,-5295930.1916332245,-2317604.494813919,-166128.22957229614
55746,-25722.924457728863,-1957914.8326886296,-12045668.27977568,-7574468.1386938095,-2793681.2286317945,-5487623.404915571,-1292554.575690031,-7225590.011892319,-11918659.065329075,-14551202.013954401,-12124434.808213472,-1812667.9552959204
55747,0.0,0.0,0.0,0.0,0.0,0.0,0.0,0.0,0.0,0.0,0.0,0.0
55748,0.0,0.0,0.0,0.0,0.0,0.0,0.0,0.0,0.0,0.0,0.0,0.0
55749,-1390.6672206874937,-1121.7216096352786,-510.408239165321,-710.4990689605474,-727.0706504285336,-717.3424927294254,-506.8353667780757,-356.1227107793093,0.0,-59.91505804192275,-714.3649399448186,-1897.355309855193
55750,0.0,0.0,0.0,0.0,0.0,0.0,0.0,0.0,0.0,0.0,0.0,0.0
55799,0.0,0.0,0.0,0.0,0.0,0.0,0.0,0.0,0.0,0.0,0.0,0.0
55804,-862357.7374191731,-31099133.123913594,-39503177.70801224,-4912290.399630785,-10253162.085524559,-7201026.607603133,-8440488.346074156,-2333765.456971474,0.0,-6112.823390200734,637972.3558744565,258561.49682635814
55805,0.0,0.0,0.0,0.0,0.0,0.0,0.0,0.0,0.0,0.0,0.0,0.0
55806,0.0,0.0,0.0,0.0,0.0,0.0,0.0,0.0,0.0,0.0,0.0,0.0
55807,0.0,0.0,0.0,0.0,0.0,0.0,0.0,0.0,0.0,0.0,0.0,0.0
55811,-516222.1046772003,-592685.1485030651,-1022911.0980598927,-1212383.497144103,-361688.03047418594,-373837.03658497334,-1326530.61124295,-1756890.3276070356,-2499453.6133732125,-751156.309882924,-341674.3894518763,-159165.63277590275
55812,461777.95058631897,332680.0251660347,2971537.6613992453,2313184.189586967,601118.5866559148,2743342.769337982,4005445.536058858,6794956.27647505,6724997.16621235,2066562.0103304908,-9359.011274248362,-30102.873470187187
55814,337020.6765267849,642557.2792000175,8145242.19529286,2469509.098089516,1515684.805845797,780361.2835946083,2595445.9946730435,5207993.38158001,4808251.552571755,4181676.47732104,0.0,0.0
55815,0.0,0.0,0.0,0.0,0.0,0.0,0.0,0.0,0.0,0.0,0.0,0.0
55816,0.0,0.0,0.0,0.0,0.0,0.0,0.0,0.0,0.0,0.0,0.0,0.0
55817,0.0,0.0,0.0,0.0,0.0,0.0,0.0,0.0,0.0,0.0,0.0,0.0
55818,0.0,0.0,0.0,0.0,0.0,0.0,0.0,0.0,0.0,0.0,0.0,0.0
55822,0.0,0.0,0.0,0.0,0.0,0.0,0.0,0.0,0.0,0.0,0.0,0.0
55823,0.0,0.0,0.0,0.0,0.0,0.0,0.0,0.0,0.0,0.0,0.0,0.0
55824,0.0,0.0,0.0,0.0,0.0,0.0,0.0,0.0,0.0,0.0,0.0,0.0
55839,0.0,0.0,0.0,0.0,0.0,0.0,0.0,0.0,0.0,0.0,0.0,0.0
55840,0.0,0.0,0.0,0.0,0.0,0.0,0.0,0.0,0.0,0.0,0.0,0.0
55844,0.0,0.0,0.0,0.0,0.0,0.0,0.0,0.0,0.0,0.0,0.0,0.0
55845,0.0,0.0,0.0,0.0,0.0,0.0,0.0,0.0,0.0,0.0,0.0,0.0
55846,0.0,0.0,0.0,0.0,0.0,0.0,0.0,0.0,0.0,0.0,0.0,0.0
55847,0.0,0.0,0.0,0.0,0.0,0.0,0.0,0.0,0.0,0.0,0.0,0.0
55848,0.0,0.0,0.0,0.0,0.0,0.0,0.0,0.0,0.0,0.0,0.0,0.0
55850,0.0,0.0,0.0,0.0,0.0,0.0,0.0,0.0,0.0,0.0,0.0,0.0
55851,0.0,0.0,0.0,0.0,0.0,0.0,0.0,0.0,0.0,0.0,0.0,0.0
55852,-634629.3306630217,-1210726.02809974,-1838937.036430031,-2144021.327094866,-970886.4966495978,-704312.7020559628,-572622.720713608,0.0,0.0,0.0,0.0,-70804.20245155692
55918,46146.21082305908,2408.2062911987305,74586.2516708374,10378.893821716309,73551.15570831299,-577.3173675537109,56704.29256439209,705449.2608785629,1056305.9252357483,386122.15545749664,141308.0789680481,11306.862854003906
55944,-19.283613473176956,-1324.075747527182,-1191.0801928117871,-1577.570557884872,-465.61809891462326,-183.22061106562614,-231.62441340088844,-863.0624415874481,-2776.1350380182266,-3503.0308102220297,0.0,0.0
55945,0.0,0.0,0.0,0.0,0.0,0.0,0.0,0.0,0.0,0.0,0.0,0.0
55975,-38466.80391430855,-37303.489305496216,5144.189091205597,-108020.39006888866,-42636.922695696354,-22896.80956336856,-23942.6233227849,-13216.191287189722,-3756.100401878357,-2274.5849752873182,-4270.133031412959,-8514.961818307638
55998,0.0,0.0,0.0,0.0,0.0,0.0,0.0,0.0,0.0,0.0,0.0,0.0
55999,0.0,0.0,0.0,0.0,0.0,0.0,0.0,0.0,0.0,0.0,0.0,0.0
56000,0.0,0.0,0.0,0.0,0.0,0.0,0.0,0.0,0.0,0.0,0.0,0.0
56001,-179304.26479268074,-164079.33678370714,-217788.84775203466,-41871.79381966591,-19692.06299984455,-22761.278800308704,-475081.8848837614,-608944.8582385927,-630572.8810947388,-452063.99391300976,-169319.11660528183,-64468.64358663559
56002,0.0,0.0,0.0,0.0,0.0,0.0,0.0,0.0,0.0,0.0,0.0,0.0
56003,-62873.69246631861,-82556.34238442779,-91737.66708686948,-177602.46254743636,-28563.003027692437,-48925.81483438611,-193720.98751988262,-246174.2731724754,-251236.7632638421,-1107423.7355947606,0.0,-3621.9195840340108
56004,-181721.5131446123,-60033.52350175381,-631008.3484318256,-1023511.7735334039,-228969.60216742754,-2705.6769956052303,-35943.41840673983,-972891.2852863967,-1900884.7486454654,-337377.2670716236,-661268.790547967,-418251.11772078276
56006,0.0,0.0,0.0,0.0,0.0,0.0,0.0,0.0,0.0,0.0,0.0,0.0
56008,0.0,0.0,0.0,0.0,0.0,0.0,0.0,0.0,0.0,0.0,0.0,0.0
56009,-7135.608155488968,-14198.432953029871,-215260.66625211015,-60644.55956713483,-44492.83401133865,-50789.25516240299,-60422.09236266278,-104479.52443340188,-12469.898410986178,0.0,-1813.8322905637324,-15733.188433854375
56010,0.0,0.0,0.0,0.0,0.0,0.0,0.0,0.0,0.0,0.0,0.0,0.0
56011,0.0,0.0,0.0,0.0,0.0,0.0,0.0,0.0,0.0,0.0,0.0,0.0
56013,0.0,0.0,0.0,0.0,0.0,0.0,0.0,0.0,0.0,0.0,0.0,0.0
56014,0.0,0.0,0.0,0.0,0.0,0.0,0.0,0.0,0.0,0.0,0.0,0.0
56015,0.0,0.0,0.0,0.0,0.0,0.0,0.0,0.0,0.0,0.0,0.0,0.0
56031,0.0,0.0,0.0,0.0,0.0,0.0,0.0,0.0,0.0,0.0,0.0,0.0
56032,0.0,0.0,0.0,0.0,0.0,0.0,0.0,0.0,0.0,0.0,0.0,0.0
56033,0.0,0.0,0.0,0.0,0.0,0.0,0.0,0.0,0.0,0.0,0.0,0.0
56034,0.0,0.0,0.0,0.0,0.0,0.0,0.0,0.0,0.0,0.0,0.0,0.0
56035,0.0,0.0,0.0,0.0,0.0,0.0,0.0,0.0,0.0,0.0,0.0,0.0
56036,0.0,0.0,0.0,0.0,0.0,0.0,0.0,0.0,0.0,0.0,0.0,0.0
56041,0.0,0.0,0.0,0.0,0.0,0.0,0.0,0.0,0.0,0.0,0.0,0.0
56042,0.0,0.0,0.0,0.0,0.0,0.0,0.0,0.0,0.0,0.0,0.0,0.0
56043,0.0,0.0,0.0,0.0,0.0,0.0,0.0,0.0,0.0,0.0,0.0,0.0
56044,0.0,0.0,0.0,0.0,0.0,0.0,0.0,0.0,0.0,0.0,0.0,0.0
56045,0.0,0.0,0.0,0.0,0.0,0.0,0.0,0.0,0.0,0.0,0.0,0.0
56046,-194754.890625,-54444.90625,-1259771.465876855,-1566179.7345534526,0.0,0.0,-1325.1888573266333,0.0,0.0,0.0,0.0,-1034.5949546730553
56137,-25804.402584273368,-17615.042363464832,-1764.694117307663,-5177.8133925795555,-5301.322413086891,-15184.114642441273,-13638.941754043102,-17219.86995500326,-2289.1805132627487,-2297.995255678892,-23663.83813405037,-31603.746532395482
56139,-15548.82763671875,108970.4771118164,266103.6580810547,1376553.4830322266,1074404.0494995117,-9318.815032958984,-18529.607376098633,-13534.221206665039,-4233.6947021484375,-2736.079818725586,-5918.81672668457,3483.5472106933594
56168,21662.75325679779,144677.35064601898,258889.91738510132,1483565.1717281342,1109086.7887439728,0.0,0.0,0.0,0.0,-192.26710844039917,-1193.3368496894836,13039.025116920471
56185,-11928.423522565514,-12603.562183327973,-23847.827303126454,-18741.231105796993,-14786.817126207054,-5945.95346006006,-560.552812229842,0.0,0.0,0.0,0.0,0.0
56192,37534.08191639185,-2297.862716317177,100756.5866856277,78325.88468247652,136892.11944413185,89859.80729264021,-10832.084938138723,9776.050080060959,143130.29278579354,258171.89921545982,185893.89749020338,169941.3579800427
56193,0.0,0.0,0.0,0.0,0.0,0.0,0.0,0.0,0.0,0.0,0.0,0.0
56194,0.0,0.0,0.0,0.0,0.0,0.0,0.0,0.0,0.0,0.0,0.0,0.0
56195,-5124.226184427738,-66536.57769572735,-78188.09382751584,-114708.41988411546,-121075.23727190495,-6691.486109480262,-7921.7295598983765,-132533.51968348026,-202062.65248599648,-172184.98741272092,-73883.13652023673,-24707.84134013951
56197,-453517.2514781952,-196016.88737726212,-706556.7486002445,-164801.07186222076,-197685.11107444763,-862432.222389698,-2216104.087969005,-3042114.273361698,-2092532.333320409,-158135.54738682508,0.0,-540840.7838292122
56198,-491731.4661722183,-255771.5767915249,-1845210.3376636505,-2361963.812723756,-1247670.8181681633,-618061.0696549416,-1287777.3028068542,-6069261.17691344,-5744339.673955321,-3319170.049485743,-1776544.6334444284,-1127981.976675868
56199,-567666.5485583544,-143039.12081301212,-950040.5667973757,-872154.7860351205,-552279.7893130481,-1223676.1599445045,-2104768.479609579,0.0,0.0,0.0,0.0,-39941.64338611066
56200,-517187.86123615503,-162875.10318136215,-1460563.8440366983,-1163631.4887428284,-1018622.5383318067,-1438487.0815555602,-3095982.1129030734,0.0,0.0,-769357.9283871055,0.0,-57241.382511526346
56201,0.0,0.0,0.0,0.0,0.0,0.0,0.0,-534965.5,0.0,0.0,0.0,0.0
56202,0.0,0.0,0.0,0.0,0.0,0.0,0.0,0.0,0.0,0.0,0.0,0.0
56203,0.0,0.0,0.0,0.0,0.0,0.0,0.0,0.0,0.0,0.0,0.0,0.0
56204,0.0,0.0,0.0,0.0,0.0,0.0,0.0,0.0,0.0,0.0,0.0,0.0
56205,0.0,0.0,0.0,0.0,0.0,0.0,0.0,0.0,0.0,0.0,0.0,0.0
56224,0.0,0.0,0.0,0.0,0.0,0.0,0.0,0.0,0.0,0.0,0.0,0.0
56225,0.0,0.0,0.0,0.0,0.0,0.0,0.0,0.0,0.0,0.0,0.0,0.0
56226,0.0,0.0,0.0,0.0,0.0,0.0,0.0,0.0,0.0,0.0,0.0,0.0
56227,0.0,0.0,0.0,0.0,0.0,0.0,0.0,0.0,0.0,0.0,0.0,0.0
56228,0.0,0.0,0.0,0.0,0.0,0.0,0.0,0.0,0.0,0.0,0.0,0.0
56229,0.0,0.0,0.0,0.0,0.0,0.0,0.0,0.0,0.0,0.0,0.0,0.0
56230,0.0,0.0,0.0,0.0,0.0,0.0,0.0,0.0,0.0,0.0,0.0,0.0
56231,0.0,0.0,0.0,0.0,0.0,0.0,0.0,0.0,0.0,0.0,0.0,0.0
56232,-8586.2607421875,0.0,0.0,0.0,0.0,0.0,-229727.8841402363,0.0,0.0,0.0,0.0,-54845.4780445653
56233,-1365775.5883051455,-3050039.6213043407,-3862851.822792411,-3993720.399742851,0.0,0.0,449432.60938050784,0.0,0.0,0.0,0.0,-130446.51571784914
56323,-16132.669250702485,-11224.963102034293,-1263.5009318739176,-2231.8530133776367,-2443.769400089979,-5366.104067772627,-4036.995453298092,-10164.918274343014,-2524.1520776450634,-1321.3158598467708,-15815.959508242086,-20911.722641261294
56324,0.0,0.0,0.0,0.0,0.0,0.0,0.0,0.0,0.0,0.0,0.0,0.0
56377,0.0,0.0,0.0,0.0,0.0,0.0,0.0,0.0,0.0,0.0,0.0,0.0
56378,0.0,0.0,0.0,0.0,0.0,0.0,0.0,0.0,0.0,0.0,0.0,0.0
56379,-135592.17153835297,-90904.71719133854,-230199.85995185375,-424792.24549824,-140740.7296177745,0.0,-13581.815100803971,-349110.405799523,-905045.5375878401,-419106.7402750887,-247703.684674263,-222896.43163359165
56380,-51387.38304579258,-13719.705007195473,-78239.27233326435,-122995.83846473694,-7226.0163333415985,0.0,-11120.104566335678,-246742.78946265578,-355423.0254841298,-150953.8545640409,-56024.03554522991,-12079.597390413284
56385,-196098.30601501465,-75267.10613530874,-553092.0495779514,-402134.57437086105,-363122.9708697498,-393405.30339078605,-944877.8129470609,-103672.1015625,0.0,-583422.6861687861,0.0,-10110.483777873218
56386,-110562.12435734272,-192896.93333935738,-563496.7653232664,-622097.8503904156,-243592.22650548816,-437306.1275886297,-997144.5641961098,0.0,0.0,-350964.53125,0.0,-39626.47715809196
56387,-101633.72649872303,-81486.61051082611,-412611.5319380313,-338594.46640212834,-141010.07161572576,-391081.5935123414,-636974.656886708,0.0,0.0,-192555.35620013624,0.0,-18514.05488597229
56388,-91973.90706527233,-59228.348093003035,-571213.8343268745,-333907.36928491294,-230339.57891656458,-365136.9091071524,-670439.3715958893,0.0,0.0,0.0,-1691652.8118928745,-12697.084218479693
56389,-1519247.1129333973,-219668.0255675316,-4275596.833039939,-1904153.934460342,-998806.594545126,-27756.304454803467,-2755228.283180505,-7129755.3604558855,0.0,0.0,-292813.48826497793,-181127.95452702045
56390,-370550.35136544704,-228461.90199828148,-2404088.8924445957,-1139862.0162519962,-794026.7012472153,-800458.3898772746,-1620214.1543791667,0.0,0.0,0.0,0.0,-21470.211998090148
56391,-148788.94549012184,-221411.165219903,-926720.7855494022,-1670601.2103954107,-520999.7211340219,-311881.59814472124,-1559265.1019541472,0.0,0.0,0.0,0.0,-11442.34496973455
56392,-180268.78444872797,-95312.89357826114,-378855.3014219701,-290790.753194347,-108283.12429761328,-349537.10719951615,0.0,0.0,0.0,-196214.09375,-5379.149470877601,-52763.41514920443
56393,-258584.8011879921,-110194.47768306732,-2701606.4657292366,-2384870.9620871544,-1365818.1841495037,-1398059.3213245869,-3070575.9385213256,-6259770.308889594,0.0,0.0,754578.2088639773,-289761.56093961
56394,0.0,0.0,0.0,0.0,0.0,0.0,0.0,0.0,0.0,-121022.796875,0.0,0.0
56395,-169150.20704489946,-94312.74051505327,-601076.8595843948,-279036.50106132217,-77553.66244130954,-480725.10032084584,0.0,0.0,0.0,0.0,0.0,-32844.72334714234
56396,-8632.465425089002,-6769.127962529659,-56883.167451164685,-41433.86235078587,-14672.960705770645,-30239.05582350481,-2579.103271484375,0.0,0.0,0.0,0.0,0.0
56397,0.0,0.0,0.0,0.0,0.0,0.0,0.0,0.0,0.0,0.0,0.0,0.0
56399,0.0,0.0,0.0,0.0,0.0,0.0,0.0,0.0,0.0,0.0,0.0,0.0
56401,0.0,0.0,0.0,0.0,0.0,0.0,0.0,0.0,0.0,0.0,0.0,0.0
56417,0.0,0.0,0.0,0.0,0.0,0.0,0.0,0.0,0.0,0.0,0.0,0.0
56418,0.0,0.0,0.0,0.0,0.0,0.0,0.0,0.0,0.0,0.0,0.0,0.0
56419,0.0,0.0,0.0,0.0,0.0,0.0,0.0,0.0,0.0,0.0,0.0,0.0
56420,0.0,0.0,0.0,0.0,0.0,0.0,0.0,0.0,0.0,0.0,0.0,0.0
56421,0.0,0.0,0.0,0.0,0.0,0.0,0.0,0.0,0.0,0.0,0.0,0.0
56423,0.0,0.0,0.0,0.0,0.0,0.0,0.0,0.0,0.0,0.0,0.0,0.0
56425,-391219.87298953533,-1067360.2565796226,-1601507.1801076978,-1068408.3112750202,0.0,0.0,0.0,0.0,0.0,0.0,0.0,-41745.88525480963
56515,-175076.50708010048,-113390.94147016108,-144413.06922921538,-73332.60046155751,-3809.2072199583054,-2427.564768910408,-5358.0247057676315,-35125.45298534632,-22137.016403138638,-7938.925401479006,-2409.315369695425,-294812.4194416851
56516,0.0,0.0,0.0,0.0,0.0,0.0,0.0,0.0,0.0,0.0,0.0,0.0
56569,0.0,0.0,0.0,0.0,0.0,0.0,0.0,0.0,0.0,0.0,0.0,0.0
56570,-6187.367828547955,-21073.222792744637,-49706.07824571431,-69480.16141059995,-66245.9132746607,-296.3019316494465,0.0,-22203.59312915802,-191241.66135832947,-104135.86801130325,-40889.86871257424,-38878.57251803577
56571,-303733.29547047615,-127650.91559839249,-454962.93495714664,-67298.08773213625,-314519.5649060011,-322114.7390591502,-987485.5449614823,-1614953.6297260374,-679397.2907276452,0.0,0.0,-317822.3970272541
56572,-100967.28408014774,-34761.69260632992,-164660.61477088928,-84152.05218017101,-99370.6003011465,-251527.70407032967,-467926.7402305603,-645107.9778502584,-263809.22644138336,0.0,0.0,-6230.788070440292
56573,-26148.802775382996,0.0,-97992.06364750862,-92126.59967064857,-128429.79652923346,-3061.556870698929,0.0,-2796733.5407108665,-3426856.282192573,-62062.89189696312,-29622.624723672867,-57173.02195966244
56583,-99773.24770879745,-59876.70620846748,-665156.0918218493,-722592.134258084,-153511.20169508457,-511432.8958940059,-1317841.6672332734,0.0,0.0,0.0,0.0,0.0
56584,-210750.02836471796,-140008.76516225934,-965506.437936753,-682410.4147937037,-180191.07886214182,-541950.3283328321,-42196.86328125,0.0,0.0,0.0,0.0,-5444.077573698014
56585,-76919.24251770973,-52671.49187641591,-434807.9273412507,-406861.8909223564,-128861.13040025905,-304415.10910937004,-3598.14794921875,0.0,0.0,-34642.50909649348,0.0,0.0
56587,0.0,0.0,0.0,0.0,0.0,0.0,0.0,0.0,0.0,0.0,0.0,0.0
56589,0.0,0.0,0.0,0.0,0.0,0.0,0.0,0.0,0.0,0.0,0.0,0.0
56590,0.0,0.0,0.0,0.0,0.0,0.0,0.0,0.0,0.0,0.0,0.0,0.0
56591,0.0,0.0,0.0,0.0,0.0,0.0,0.0,0.0,0.0,0.0,0.0,0.0
56592,0.0,0.0,0.0,0.0,0.0,0.0,0.0,0.0,0.0,0.0,0.0,0.0
56593,0.0,0.0,0.0,0.0,0.0,0.0,0.0,0.0,0.0,0.0,0.0,0.0
56594,0.0,0.0,0.0,0.0,0.0,0.0,0.0,0.0,0.0,0.0,0.0,0.0
56610,0.0,0.0,0.0,0.0,0.0,0.0,0.0,0.0,0.0,0.0,0.0,0.0
56611,0.0,0.0,0.0,0.0,0.0,0.0,0.0,0.0,0.0,0.0,0.0,0.0
56612,0.0,0.0,0.0,0.0,0.0,0.0,0.0,0.0,0.0,0.0,0.0,0.0
56613,0.0,0.0,0.0,0.0,0.0,0.0,0.0,0.0,0.0,0.0,0.0,0.0
56615,-629451.0451449752,-1966324.173825793,-2992098.476080179,-4132773.9772636835,0.0,0.0,0.0,0.0,0.0,0.0,0.0,0.0
56704,-11868.90547440201,-5119.129913836718,-25421.21730542183,-7715.062234967947,-119.01299035549164,0.0,-65.35068559646606,-674.3647503852844,-7490.97453981638,-4798.520860016346,-3930.485263451934,-9432.70057412982
56705,0.0,0.0,0.0,0.0,0.0,0.0,0.0,0.0,0.0,0.0,0.0,0.0
56757,-277323.66176629066,-686798.4087164402,-1103604.2236499786,-2972815.946185112,-2761869.6991767883,-32383.35934305191,-38342.9829723835,-49582.04273915291,-62233.06225967407,-27159.76389169693,-771.064316868782,-55485.64967787266
56758,0.0,0.0,0.0,0.0,0.0,0.0,0.0,0.0,0.0,0.0,0.0,0.0
56759,-7925.298989951611,-23589.473985224962,-67938.9205545485,-99677.99462464452,-68866.91103327274,-19826.32061226666,-41148.32144936919,-73970.58452981338,-52835.315029248595,-2071.8504800200462,0.0,-1795.5822176635265
56760,-7116.908264666796,-6466.877965986729,-86067.85745674372,-48660.210063904524,-15757.124293863773,0.0,-1012.75814011693,-21112.140843331814,-19076.230697222054,-13252.32970571518,-9115.35178810358,-642.1152032613754
56761,-398795.6521971226,-198182.5522892475,-1410767.3848497868,-481496.37888121605,-216556.79010879993,-187670.39414334297,-1606978.219050169,-3174885.2632617354,-4000967.98518613,-913477.5663190484,-127093.48391592503,-233984.58860254288
56762,163886.66562080383,-60535.610072135925,1105247.084586382,433241.7134420872,447896.7451848984,455810.0984675884,1157545.906044364,-526333.8356181383,279023.6959631294,1418186.2921794653,521395.0649383068,252571.1806690693
56763,-95969.46794205904,-120100.29427683353,-637667.3649717569,-368217.9248639941,-265104.2926772833,0.0,-53092.196999028325,-1070726.031212248,-1155310.875,-749405.8158968389,-435430.94036489725,-103724.2761914134
56769,61124.18873548508,164242.02753305435,2015335.6919853687,2961678.9007179737,1427428.8368893862,148950.02784109116,1810955.045437038,4173485.6192424893,3412319.038393095,5312816.536371283,2025005.6630946007,388883.81245329976
56770,48244.46100580692,33399.5474049449,703436.9373331666,802675.5899136215,169567.83333566785,0.0,40370.22241270542,-808462.4363391642,0.0,324737.9828195572,860688.1288691591,171449.72401914746
56771,-8610.787932872772,-5129.0588928461075,-331238.7346867919,-357054.83604088426,-274416.7233491987,0.0,-5774.82427431643,-971833.7792649381,-2122692.612149067,0.0,-500016.1521486249,-145390.46009030193
56772,-40096.655359983444,-38667.48993757367,-535967.3597846627,-323077.92251264304,-114500.68321665376,-290270.5036061555,-476320.22630456835,-47177.28515625,0.0,-56455.33984375,0.0,-2189.34092772007
56773,0.0,0.0,0.0,0.0,0.0,0.0,0.0,0.0,0.0,0.0,0.0,0.0
56774,0.0,0.0,0.0,0.0,0.0,0.0,0.0,0.0,0.0,0.0,0.0,0.0
56775,0.0,0.0,0.0,0.0,0.0,0.0,0.0,0.0,0.0,0.0,0.0,0.0
56777,0.0,0.0,0.0,0.0,0.0,0.0,0.0,0.0,0.0,0.0,0.0,0.0
56779,0.0,0.0,0.0,0.0,0.0,0.0,0.0,0.0,0.0,0.0,0.0,0.0
56780,0.0,0.0,0.0,0.0,0.0,0.0,0.0,0.0,0.0,0.0,0.0,0.0
56781,0.0,0.0,0.0,0.0,0.0,0.0,0.0,0.0,0.0,0.0,0.0,0.0
56782,0.0,0.0,0.0,0.0,0.0,0.0,0.0,0.0,0.0,0.0,0.0,0.0
56793,0.0,0.0,0.0,0.0,0.0,0.0,0.0,0.0,0.0,0.0,0.0,0.0
56794,0.0,0.0,0.0,0.0,0.0,0.0,0.0,0.0,0.0,0.0,0.0,0.0
56795,0.0,0.0,0.0,0.0,0.0,0.0,0.0,0.0,0.0,0.0,0.0,0.0
56796,0.0,0.0,0.0,0.0,0.0,0.0,0.0,0.0,0.0,0.0,0.0,0.0
56797,0.0,0.0,0.0,0.0,0.0,0.0,0.0,0.0,0.0,0.0,0.0,0.0
56800,0.0,0.0,0.0,0.0,0.0,0.0,0.0,0.0,0.0,0.0,0.0,0.0
56801,0.0,0.0,0.0,0.0,0.0,0.0,0.0,0.0,0.0,0.0,0.0,0.0
56802,0.0,0.0,0.0,0.0,0.0,0.0,0.0,0.0,0.0,0.0,0.0,0.0
56803,0.0,0.0,0.0,0.0,0.0,0.0,0.0,0.0,0.0,0.0,0.0,0.0
56805,0.0,0.0,0.0,0.0,0.0,0.0,0.0,0.0,0.0,0.0,0.0,0.0
56806,0.0,0.0,0.0,0.0,0.0,0.0,0.0,0.0,0.0,0.0,0.0,0.0
56807,-29078.8203125,0.0,0.0,0.0,0.0,0.0,-262447.6274177991,0.0,0.0,0.0,0.0,0.0
56808,-54242.44919606298,-409804.3573282985,0.0,0.0,0.0,0.0,0.0,0.0,0.0,0.0,0.0,0.0
56896,-464657.5750276223,-169539.27096378803,-996518.5836942196,-306914.7862673253,-23096.750347971916,-15677.64350950718,-8408.64771515131,-23775.75033634901,-108313.10652640462,-336.7273373603821,-2143.162812694907,-213198.89173249155
56897,-56.642586439847946,-4104.102305501699,-11256.600779116154,-18855.57673048973,-41452.238226771355,-40442.44865745306,-27255.469406813383,-1159.1680382490158,0.0,0.0,0.0,0.0
56936,-15831.185406446457,-30191.07956457138,-28857.841554641724,-57668.32190322876,-33309.89170360565,0.0,0.0,0.0,0.0,0.0,0.0,-1676.2149027585983
56949,0.0,0.0,0.0,0.0,0.0,0.0,0.0,0.0,0.0,0.0,0.0,0.0
56950,-162989.7613891363,-10963.516139030457,-585970.4887186289,-161169.82743561268,-24650.08712553978,101427.96676307917,-242374.23337128758,-1894095.2939641327,-3181615.339165287,-4086494.674803719,-273620.61359217763,13296.816903829575
56951,0.0,0.0,675399.7349999249,539767.5646349341,106054.75088220835,1218256.1070384607,1569928.5292472877,2074694.9687569737,-2091466.296382036,-2882236.353778407,8033.472068026662,432673.31185655296
56952,108706.75682467222,117816.13021403551,782165.4090954065,585067.8999817371,252893.04569628835,1015868.4053373486,1010816.2873734944,1281393.9018987007,77781.2203018628,0.0,5714.970803499222,581131.4257067591
56953,-53764.653911054134,-59593.75264364481,-370553.7740790546,-599075.4620902836,-141564.93410915136,0.0,-5915.2691419273615,-360624.85666434467,-452055.3375638183,-569352.8130345196,-372682.24427969754,-141728.77027813718
56954,41593.52437180281,57779.23588973284,397214.3653752804,437271.14581373334,228753.1367329955,0.0,22710.841636657715,511614.98085823655,552209.3213294744,673647.1997062638,412196.2602150366,101203.10874610394
56955,-15333.621163189411,-29485.67617660761,-339638.25244921446,-413771.0240711272,-186995.96439054608,0.0,-4993.602690368891,-246832.5342726335,-506761.2649510391,-587561.0592022836,-382567.8382252455,-236441.7934334576
56956,47373.519877552986,17269.45155620575,356172.5310817659,357995.7349192202,67508.89398816228,0.0,11924.102209307253,519634.50548033044,520482.66992852464,709644.6409124285,315617.12503688596,76758.85454767942
56957,5736.091647028923,4511.347139835358,170208.84266006947,167891.00662320852,113662.64393609762,0.0,1773.1459502577782,147973.13486386836,-56997.87308847159,42879.61616179347,-161825.53138376772,102821.32407724857
56958,-99443.25869649649,-23338.824812233448,-533257.3127714396,-256388.46186685562,-45065.72538796067,-470516.8617519736,-382519.44531840086,-770065.144739151,-600285.2856795788,0.0,0.0,-10902.74478417635
56959,-65276.659871429205,-51135.32510390878,-480175.9819191992,-424483.2179799676,-220552.44133411348,-294786.4263379723,-428267.9784168899,-727906.8566521537,-868081.7991761863,-238267.82263994962,0.0,0.0
56960,-48825.92435204983,-20069.89225935936,-373240.7219634056,-439455.90173983574,-215030.86193674803,-267678.90415489674,-402457.33033645153,-647522.5915363729,-586641.554461211,-303148.4953659773,0.0,-2977.6915048360825
56961,0.0,0.0,0.0,0.0,0.0,0.0,0.0,0.0,-1124172.0507813692,-1696714.9800199717,-702656.9375,0.0
56962,0.0,0.0,0.0,0.0,0.0,0.0,0.0,0.0,-965958.1744458079,-9045.9443359375,-122760.171875,0.0
56963,0.0,0.0,0.0,-221946.49894294143,-146345.48175213858,0.0,-182085.01917337812,-259758.3531157719,-273463.742229186,-133796.140625,-177488.265625,0.0
56964,-41622.78919291496,-23923.73062743619,-201213.46093240194,0.0,-1649.265869140625,-89395.64257360203,-8088.873046875,0.0,0.0,0.0,0.0,-475680.47678255476
56965,-141759.3229432255,-132850.2240537703,-409629.996245414,-412862.9441176802,-212156.05430705473,-19309.271139398217,-548580.3925211746,-482932.28125,0.0,0.0,0.0,-171625.32284290623
56966,-84429.89153942466,-58073.94857440889,-279779.40058003366,-290428.3474714458,-118356.92048379034,-148350.32301114872,-262885.125,0.0,0.0,0.0,0.0,0.0
56967,2162152.939646408,2361309.4984499663,4479224.2684416175,3105813.125420518,2257469.8345662868,3752081.236449293,4252261.67106523,3347853.837559871,1357691.062373998,0.0,141043.7470152214,0.0
56970,0.0,0.0,0.0,0.0,0.0,0.0,0.0,0.0,0.0,0.0,0.0,0.0
56971,0.0,0.0,0.0,0.0,0.0,0.0,0.0,0.0,0.0,0.0,0.0,0.0
56972,0.0,0.0,0.0,0.0,0.0,0.0,0.0,0.0,0.0,0.0,0.0,0.0
56973,0.0,0.0,0.0,0.0,0.0,0.0,0.0,0.0,0.0,0.0,0.0,0.0
56974,0.0,0.0,0.0,0.0,0.0,0.0,0.0,0.0,0.0,0.0,0.0,0.0
56975,0.0,0.0,0.0,0.0,0.0,0.0,0.0,0.0,0.0,0.0,0.0,0.0
56976,0.0,0.0,0.0,0.0,0.0,0.0,0.0,0.0,0.0,0.0,0.0,0.0
56977,0.0,0.0,0.0,0.0,0.0,0.0,0.0,0.0,0.0,0.0,0.0,0.0
56978,0.0,0.0,0.0,0.0,0.0,0.0,0.0,0.0,0.0,0.0,0.0,0.0
56980,0.0,0.0,0.0,0.0,0.0,0.0,0.0,0.0,0.0,0.0,0.0,0.0
56981,89597.21807136573,122304.3750730902,358269.4959575385,197475.8365458995,168748.85001305118,72647.81919982377,95025.56434179703,117485.3860258758,23153.326566413976,0.0,4453.976118847728,44253.174736216664
56982,0.0,0.0,0.0,0.0,0.0,0.0,0.0,0.0,0.0,0.0,0.0,0.0
56983,0.0,0.0,0.0,0.0,0.0,0.0,0.0,0.0,0.0,0.0,0.0,0.0
56984,0.0,0.0,0.0,0.0,0.0,0.0,0.0,0.0,0.0,0.0,0.0,0.0
56985,0.0,0.0,0.0,0.0,0.0,0.0,0.0,0.0,0.0,0.0,0.0,0.0
56986,0.0,0.0,0.0,0.0,0.0,0.0,0.0,0.0,0.0,0.0,0.0,0.0
56987,0.0,0.0,0.0,0.0,0.0,0.0,0.0,0.0,0.0,0.0,0.0,0.0
56988,0.0,0.0,0.0,0.0,0.0,0.0,0.0,0.0,0.0,0.0,0.0,0.0
56989,0.0,0.0,0.0,0.0,0.0,0.0,0.0,0.0,0.0,0.0,0.0,0.0
56990,0.0,0.0,0.0,0.0,0.0,0.0,0.0,0.0,0.0,0.0,0.0,0.0
56991,0.0,0.0,0.0,0.0,0.0,0.0,0.0,0.0,0.0,0.0,0.0,0.0
56992,0.0,0.0,0.0,0.0,0.0,0.0,0.0,0.0,0.0,0.0,0.0,0.0
56993,0.0,0.0,0.0,0.0,0.0,0.0,0.0,0.0,0.0,0.0,0.0,0.0
56994,0.0,0.0,0.0,0.0,0.0,0.0,0.0,0.0,0.0,0.0,0.0,0.0
57000,0.0,0.0,0.0,0.0,0.0,0.0,0.0,0.0,0.0,0.0,0.0,0.0
57001,0.0,0.0,0.0,0.0,0.0,0.0,0.0,0.0,0.0,0.0,0.0,0.0
57002,0.0,0.0,0.0,0.0,0.0,0.0,0.0,0.0,0.0,0.0,0.0,0.0
57006,0.0,0.0,0.0,0.0,0.0,0.0,0.0,0.0,0.0,0.0,0.0,0.0
57009,0.0,0.0,0.0,0.0,0.0,0.0,0.0,0.0,0.0,0.0,0.0,0.0
57010,0.0,0.0,0.0,0.0,0.0,0.0,0.0,0.0,0.0,0.0,0.0,0.0
57011,0.0,0.0,0.0,0.0,0.0,0.0,0.0,0.0,0.0,0.0,0.0,0.0
57012,0.0,0.0,0.0,0.0,0.0,0.0,0.0,0.0,0.0,0.0,0.0,0.0
57013,0.0,0.0,0.0,0.0,0.0,0.0,0.0,0.0,0.0,0.0,0.0,0.0
57014,-271514.69580847025,-738915.0402879119,-992470.5799030066,-1585092.8881714046,-1422.6837158203125,0.0,-67647.10102705052,0.0,0.0,0.0,0.0,0.0
57101,-5254.861741989851,-3302.100891634822,-10337.819506853819,-5033.785429596901,-99.94053292274475,-654.2029241323471,-70.81937754154205,-273.46338653564453,-776.3147968053818,-7634.063808053732,-58.984932869672775,-2198.093960031867
57103,284041.72212842107,383846.80579842627,421462.6085371226,590686.2605413795,1058896.3202885687,1049182.1599984467,808407.7024663985,35441.68012100458,0.0,0.0,0.0,16562.769438803196
57155,0.0,0.0,0.0,0.0,0.0,0.0,0.0,0.0,0.0,0.0,0.0,0.0
57156,0.0,0.0,0.0,0.0,0.0,0.0,0.0,0.0,0.0,0.0,0.0,0.0
57157,-5406.949893638492,-73140.2996930182,-306572.1406081319,-256665.5073498711,-181778.50706215203,0.0,-16451.64500234835,-280119.4004968172,-1597.40234375,-149387.671875,0.0,-50594.45259778574
57158,0.0,0.0,0.0,0.0,0.0,0.0,0.0,0.0,0.0,0.0,0.0,0.0
57159,-64502.923582196236,-54691.804155409336,-252829.62724995613,-311671.5098438971,-79360.13189473748,-197193.44680031762,-198773.02103465516,-286987.90625,-8968.2177734375,0.0,-1433.8250079182908,-13380.426191709936
57160,0.0,0.0,0.0,0.0,0.0,0.0,0.0,0.0,0.0,0.0,-739182.3125,0.0
57161,-198565.46689027548,-173269.992061615,-903425.2083702981,-1404039.6560355574,-558392.605035603,0.0,-8204.2370923087,-631371.9729089923,-68192.234375,0.0,0.0,-307096.1754293293
57162,-162842.55148911476,-123232.89866656065,-740219.6817201972,-934176.5937511064,-369322.33970507234,0.0,-8071.27764801681,-444713.2175943032,0.0,0.0,0.0,-294958.1707819123
57163,0.0,0.0,0.0,-1018577.7531535998,0.0,0.0,0.0,-431486.546132531,0.0,0.0,-133641.3125,0.0
57164,-281340.62005983293,-268483.51778155565,-958397.8633628897,0.0,-518257.50680838525,0.0,-2969.8154081879184,-191505.65625,0.0,0.0,0.0,0.0
57165,-301855.4305872917,-296506.9503870532,-562508.0371297374,-289868.435224548,-241386.46871712618,-461756.0,0.0,0.0,0.0,0.0,0.0,-176741.25577772036
57166,5662600.457906067,6652837.290173203,13476962.621313319,15908430.706928551,3792216.233838558,8810168.936237553,10597595.56647195,8369408.795112746,7312650.162482783,2740560.9632977457,0.0,217687.02927500755
57167,0.0,0.0,0.0,0.0,0.0,0.0,0.0,0.0,0.0,0.0,0.0,0.0
57168,0.0,0.0,0.0,0.0,0.0,0.0,0.0,0.0,0.0,0.0,0.0,0.0
57169,-70230.48716726899,-21476.501837968826,-88656.10222989321,-217039.8961005211,-48316.51356635988,0.0,-6210.138719394803,-157350.36753167212,-140667.00659975037,-235577.44670558348,-230495.36209552363,-27049.047577112913
57170,-16470.468948215246,-3141.6936890482903,-30235.782667517662,-113383.1853966415,-16586.643498390913,0.0,-4373.457088716328,-59842.68829578534,-63841.17611519992,-112460.55734504387,-98893.39515701681,-8166.377526164055
57171,0.0,0.0,0.0,0.0,0.0,0.0,0.0,0.0,0.0,0.0,0.0,0.0
57172,0.0,0.0,0.0,0.0,0.0,0.0,0.0,0.0,0.0,0.0,0.0,0.0
57173,0.0,0.0,0.0,0.0,0.0,0.0,0.0,0.0,0.0,0.0,0.0,0.0
57174,0.0,0.0,0.0,0.0,0.0,0.0,0.0,0.0,0.0,0.0,0.0,0.0
57175,0.0,0.0,0.0,0.0,0.0,0.0,0.0,0.0,0.0,0.0,0.0,0.0
57177,0.0,0.0,0.0,0.0,0.0,0.0,0.0,0.0,0.0,0.0,0.0,0.0
57179,-51010.2843465209,-24598.648480832577,-382409.62334123254,-422177.36116728187,-280149.2917663902,-153365.7501430288,-217211.27721066028,-312537.5836563967,-320934.6974093914,-20824.98867936805,0.0,-4220.017865151167
57180,-4206.403375700116,-7721.067810356617,-28020.860177904367,-23271.862869650126,-11873.945872485638,-4803.292821805924,-8093.781715512276,-11580.637357430533,-13382.10246434249,-3598.6602064212784,0.0,-105.3997829630971
57181,-9076.732186309993,-16430.183541327715,-57431.5762732923,-43016.54265254736,-21593.14991080761,-8160.245989523828,-15535.236117277294,-23390.07890816778,-26474.981215804815,-7495.447310617194,0.0,-99.82714699208736
57182,-9740.459653135389,-14998.768530383706,-46001.32053041458,-24831.355325177312,-18645.926264330745,-9492.807695928961,-11783.331589365378,-16558.444548277184,-9361.867588680238,0.0,-161.28369821608067,-2859.1073612496257
57183,0.0,0.0,0.0,0.0,0.0,0.0,0.0,0.0,0.0,0.0,0.0,0.0
57184,0.0,0.0,0.0,0.0,0.0,0.0,0.0,0.0,0.0,0.0,0.0,0.0
57185,0.0,0.0,0.0,0.0,0.0,0.0,0.0,0.0,0.0,0.0,0.0,0.0
57190,0.0,0.0,0.0,0.0,0.0,0.0,0.0,0.0,0.0,0.0,0.0,0.0
57191,0.0,0.0,0.0,0.0,0.0,0.0,0.0,0.0,0.0,0.0,0.0,0.0
57192,0.0,0.0,0.0,0.0,0.0,0.0,0.0,0.0,0.0,0.0,0.0,0.0
57193,0.0,0.0,0.0,0.0,0.0,0.0,0.0,0.0,0.0,0.0,0.0,0.0
57196,0.0,0.0,0.0,0.0,0.0,0.0,0.0,0.0,0.0,0.0,0.0,0.0
57197,0.0,0.0,0.0,0.0,0.0,0.0,0.0,0.0,0.0,0.0,0.0,0.0
57199,0.0,0.0,0.0,0.0,0.0,0.0,0.0,0.0,0.0,0.0,0.0,0.0
57200,0.0,0.0,0.0,0.0,0.0,0.0,0.0,0.0,0.0,0.0,0.0,0.0
57201,0.0,0.0,0.0,0.0,0.0,0.0,0.0,0.0,0.0,0.0,0.0,0.0
57202,0.0,0.0,0.0,0.0,0.0,0.0,0.0,0.0,0.0,0.0,0.0,0.0
57203,0.0,0.0,0.0,0.0,0.0,0.0,0.0,0.0,0.0,0.0,0.0,0.0
57204,-110744.91002882272,-293819.83420776203,-615379.2862249743,0.0,0.0,0.0,-195839.30899161752,0.0,0.0,0.0,0.0,0.0
57290,-15194.874080769718,-11181.564411364496,-17069.66128244996,-18359.83953722194,0.0,-465.1506581902504,0.0,-509.2364258170128,-8133.676538854837,-4329.373488590121,0.0,-53.210324838757515
57291,0.0,0.0,0.0,0.0,0.0,0.0,0.0,0.0,0.0,0.0,0.0,0.0
57292,-7736.897867202759,-61791.62839412689,-190868.8783454895,-305699.87013435364,-606516.9377465248,-625114.5731511116,-338657.613070488,0.0,0.0,0.0,0.0,0.0
57345,0.0,0.0,0.0,0.0,0.0,0.0,0.0,0.0,0.0,0.0,0.0,0.0
57347,0.0,0.0,0.0,0.0,0.0,0.0,0.0,0.0,-14092.6953125,-19844.587890625,-852110.625,0.0
57348,0.0,0.0,0.0,0.0,0.0,0.0,0.0,0.0,0.0,0.0,0.0,0.0
57349,0.0,0.0,0.0,0.0,0.0,0.0,0.0,0.0,0.0,0.0,0.0,0.0
57350,0.0,0.0,0.0,0.0,0.0,0.0,0.0,0.0,0.0,0.0,0.0,0.0
57352,-444.1815842092037,-559.5152164399624,-11377.009873457253,-13752.489748761058,-4153.53910157457,-1214.1676697731018,-3090.756741594523,-4298.208639347926,-5014.161525502801,-2400.5797156505287,0.0,-15.213159799575806
57354,-920.1941396445036,-1121.6215031445026,-7341.37860879302,-5204.490989923477,-6440.007761776447,-2091.905392408371,-2991.812162011862,-4943.208253536373,-1954.6082479543984,0.0,-69.02338511496782,-724.1551718711853
57355,422.2113848924637,508.27124586701393,2494.7232714146376,1332.8860215097666,1895.160276800394,738.5431088246405,909.3017515968531,1568.2596586924046,969.4352998388931,0.0,4.209830552339554,199.24816951155663
57356,26826.115300292964,31802.861851357273,118600.98314261902,79180.78836966003,80046.69835896546,37241.49523775908,34383.90775085392,44694.715755889425,11967.576760466589,0.0,1948.3035196324345,11877.094668249483
57357,0.0,0.0,0.0,0.0,0.0,0.0,0.0,0.0,0.0,0.0,0.0,0.0
57358,0.0,0.0,0.0,0.0,0.0,0.0,0.0,0.0,0.0,0.0,0.0,0.0
57359,0.0,0.0,0.0,0.0,0.0,0.0,0.0,0.0,0.0,0.0,0.0,0.0
57360,0.0,0.0,0.0,0.0,0.0,0.0,0.0,0.0,0.0,0.0,0.0,0.0
57361,0.0,0.0,0.0,0.0,0.0,0.0,0.0,0.0,0.0,0.0,0.0,0.0
57362,0.0,0.0,0.0,0.0,0.0,0.0,0.0,0.0,0.0,0.0,0.0,0.0
57363,0.0,0.0,0.0,0.0,0.0,0.0,0.0,0.0,0.0,0.0,0.0,0.0
57367,0.0,0.0,0.0,0.0,0.0,0.0,0.0,0.0,0.0,0.0,0.0,0.0
57368,0.0,0.0,0.0,0.0,0.0,0.0,0.0,0.0,0.0,0.0,0.0,0.0
57369,0.0,0.0,0.0,0.0,0.0,0.0,0.0,0.0,0.0,0.0,0.0,0.0
57370,0.0,0.0,0.0,0.0,0.0,0.0,0.0,0.0,0.0,0.0,0.0,0.0
57371,0.0,0.0,0.0,0.0,0.0,0.0,0.0,0.0,0.0,0.0,0.0,0.0
57373,0.0,0.0,0.0,0.0,0.0,0.0,0.0,0.0,0.0,0.0,0.0,0.0
57374,0.0,0.0,0.0,0.0,0.0,0.0,0.0,0.0,0.0,0.0,0.0,0.0
57375,0.0,0.0,0.0,0.0,0.0,0.0,0.0,0.0,0.0,0.0,0.0,0.0
57376,0.0,0.0,0.0,0.0,0.0,0.0,0.0,0.0,0.0,0.0,0.0,0.0
57377,0.0,-89690.56921288371,-15950.697662174702,-868276.0747650638,-121114.703125,0.0,-60071.8203125,0.0,0.0,0.0,0.0,0.0
57462,-6800.951866813004,-6981.619202058762,-11387.593449495733,-10555.86532086879,0.0,-124.4567237496376,-20.42268592119217,-486.82307583093643,-6060.519643187523,-4949.955063715577,0.0,-19.82997766137123
57463,0.0,0.0,0.0,0.0,0.0,0.0,0.0,0.0,0.0,0.0,0.0,0.0
57516,0.0,0.0,0.0,0.0,0.0,0.0,0.0,0.0,0.0,0.0,0.0,0.0
57518,333997.7848727703,340952.9622961283,860173.2001058161,1200925.2089309096,228105.81183686852,589338.8936383501,1192510.9301560484,1940100.0204822272,1545807.3331842683,1079993.7685844842,0.0,31941.295382499695
57519,0.0,0.0,0.0,0.0,0.0,0.0,0.0,0.0,0.0,0.0,0.0,0.0
57520,-31524.763785734773,-30642.71445439756,-43719.5249928534,-48924.934497997165,-23422.4579693228,-302246.0485975109,-299783.7962721344,-359587.138529988,-33937.316794836894,0.0,-2680.4777072500437,-119775.73726605484
57521,0.0,0.0,0.0,0.0,0.0,0.0,0.0,0.0,0.0,0.0,0.0,0.0
57522,0.0,0.0,0.0,0.0,0.0,0.0,0.0,0.0,0.0,0.0,0.0,0.0
57524,-34570.187579870224,-89512.8395460844,-200081.13354170322,-211289.38738535345,-73237.94303834438,-60680.291792571545,-143159.38798541576,-213090.41095511615,-273565.03402205184,-141366.3821475096,0.0,-994.7720282077789
57525,0.0,0.0,0.0,0.0,0.0,0.0,0.0,0.0,0.0,0.0,0.0,0.0
57529,0.0,0.0,0.0,0.0,0.0,0.0,0.0,0.0,0.0,0.0,0.0,0.0
57530,0.0,0.0,0.0,0.0,0.0,0.0,0.0,0.0,0.0,0.0,0.0,0.0
57531,0.0,0.0,0.0,0.0,0.0,0.0,0.0,0.0,0.0,0.0,0.0,0.0
57532,0.0,0.0,0.0,0.0,0.0,0.0,0.0,0.0,0.0,0.0,0.0,0.0
57533,0.0,0.0,0.0,0.0,0.0,0.0,0.0,0.0,0.0,0.0,0.0,0.0
57534,0.0,0.0,0.0,0.0,0.0,0.0,0.0,0.0,0.0,0.0,0.0,0.0
57535,0.0,0.0,0.0,0.0,0.0,0.0,0.0,0.0,0.0,0.0,0.0,0.0
57536,0.0,0.0,0.0,0.0,0.0,0.0,0.0,0.0,0.0,0.0,0.0,0.0
57538,0.0,-78993.38942784071,-56780.39835399389,-339484.6885782927,0.0,0.0,-34763.47564113693,0.0,0.0,0.0,0.0,0.0
57622,24121542.500728607,38071800.80005741,40018832.550209045,1842490.8507022858,6512930.296455383,9444563.231466293,14294680.00548172,17635200.551239967,11826174.52188015,1148902.162700653,6687586.091373444,18043871.683502197
57623,-114362.34302324057,-160800.10160076618,-265000.5616298914,-356886.215931654,-558970.9903984666,-440773.5519154072,-260599.24150389433,0.0,0.0,0.0,0.0,-1615.207869887352
57676,0.0,0.0,0.0,0.0,0.0,0.0,0.0,0.0,0.0,0.0,0.0,0.0
57677,0.0,0.0,0.0,0.0,0.0,0.0,0.0,0.0,0.0,0.0,0.0,0.0
57678,0.0,0.0,0.0,0.0,0.0,0.0,0.0,0.0,0.0,0.0,0.0,0.0
57679,-220496.20979780052,-168262.22729033697,-212074.03545903042,-142010.40122805117,-177728.8970080642,0.0,0.0,0.0,-59614.62883624062,0.0,-23952.86940109008,-40336.5859375
57680,0.0,0.0,0.0,0.0,0.0,0.0,0.0,0.0,0.0,0.0,0.0,0.0
57681,0.0,0.0,0.0,0.0,0.0,0.0,0.0,0.0,0.0,0.0,0.0,0.0
57682,0.0,0.0,0.0,0.0,0.0,0.0,0.0,0.0,0.0,0.0,0.0,0.0
57683,-8276.43311059475,-7787.108733534813,-69094.54298132658,-43268.1299097687,-33164.53780597448,-46694.73472729325,-59201.76099173725,-82710.01110658795,-33141.25723544881,0.0,-404.9428281262517,-5002.147166490555
57684,0.0,0.0,0.0,0.0,0.0,0.0,0.0,0.0,0.0,0.0,0.0,0.0
57685,0.0,0.0,0.0,0.0,0.0,0.0,0.0,0.0,0.0,0.0,0.0,0.0
57686,0.0,0.0,0.0,0.0,0.0,0.0,0.0,0.0,0.0,0.0,0.0,0.0
57687,0.0,0.0,0.0,0.0,0.0,0.0,0.0,0.0,0.0,0.0,0.0,0.0
57688,0.0,0.0,0.0,0.0,0.0,0.0,0.0,0.0,0.0,0.0,0.0,0.0
57689,0.0,0.0,0.0,0.0,0.0,0.0,0.0,0.0,0.0,0.0,0.0,0.0
57690,0.0,0.0,0.0,0.0,0.0,0.0,0.0,0.0,0.0,0.0,0.0,0.0
57691,0.0,0.0,0.0,0.0,0.0,0.0,0.0,0.0,0.0,0.0,0.0,0.0
57692,0.0,0.0,0.0,0.0,0.0,0.0,0.0,0.0,0.0,0.0,0.0,0.0
57693,0.0,0.0,0.0,0.0,0.0,0.0,0.0,0.0,0.0,0.0,0.0,0.0
57694,0.0,0.0,0.0,0.0,0.0,0.0,0.0,0.0,0.0,0.0,0.0,0.0
57696,-280148.9283635437,0.0,-626738.2848248258,-734779.2406699229,0.0,-123750.0234375,-90646.044758562,0.0,0.0,0.0,0.0,0.0
57720,-5884.763526916504,-37598.217304229736,-79356.56050872803,-120791.51393127441,-191626.14714050293,-2748.893814086914,-515.7197952270508,-1432.215093612671,0.0,0.0,-53082.27507972717,0.0
57721,-123126.46748924255,-349027.8007698059,-390234.05209350586,-409186.39614105225,-283455.4026565552,43696.18008041382,39897.08241271973,34090.18654060364,1972.925983428955,-36063.47590637207,-59313.86868572235,-105714.22116661072
57777,0.0,0.0,0.0,0.0,0.0,0.0,0.0,0.0,0.0,0.0,0.0,0.0
57778,-248.84942542761564,-288.2401513494551,-526.5096054710448,-285.97106800973415,-0.022892355918884277,-1.1661025285720825,-6.85633909702301,-12.812533438205719,-150.4979986846447,-150.48163962364197,0.0,0.0
57779,0.0,0.0,0.0,0.0,0.0,0.0,0.0,0.0,0.0,0.0,0.0,0.0
57833,0.0,0.0,0.0,0.0,0.0,0.0,0.0,0.0,0.0,0.0,0.0,0.0
57834,0.0,0.0,0.0,0.0,0.0,0.0,0.0,0.0,0.0,0.0,0.0,0.0
57835,0.0,0.0,0.0,0.0,0.0,0.0,0.0,0.0,0.0,0.0,0.0,0.0
57836,0.0,0.0,0.0,0.0,0.0,0.0,0.0,0.0,0.0,0.0,0.0,0.0
57837,0.0,0.0,0.0,0.0,0.0,0.0,0.0,0.0,0.0,0.0,0.0,0.0
57838,0.0,0.0,0.0,0.0,0.0,0.0,0.0,0.0,0.0,0.0,0.0,0.0
57840,0.0,0.0,0.0,0.0,0.0,0.0,0.0,0.0,0.0,0.0,0.0,0.0
57841,0.0,0.0,0.0,0.0,0.0,0.0,0.0,0.0,0.0,0.0,0.0,0.0
57842,0.0,0.0,0.0,0.0,0.0,0.0,0.0,0.0,0.0,0.0,0.0,0.0
57843,0.0,0.0,0.0,0.0,0.0,0.0,0.0,0.0,0.0,0.0,0.0,0.0
57844,0.0,0.0,0.0,0.0,0.0,0.0,0.0,0.0,0.0,0.0,0.0,0.0
57845,0.0,0.0,0.0,0.0,0.0,0.0,0.0,0.0,0.0,0.0,0.0,0.0
57846,0.0,0.0,0.0,0.0,0.0,0.0,0.0,0.0,0.0,0.0,0.0,0.0
57847,-1020458.5896697044,-30326.716796875,-1608045.5914872587,-1573934.4669984132,0.0,-292986.41289281845,-1928.6825620010495,0.0,0.0,0.0,0.0,0.0
57928,0.0,0.0,0.0,0.0,0.0,0.0,0.0,0.0,0.0,0.0,0.0,0.0
57929,429234.3727477789,534534.1643332094,544983.1362652183,1178786.2202835083,1927436.7195901424,1502936.0516934544,1188087.0703802183,71220.59782605246,0.0,0.0,0.0,1209.655412197113
57983,0.0,0.0,0.0,0.0,0.0,0.0,0.0,0.0,0.0,0.0,0.0,0.0
57984,0.0,0.0,0.0,0.0,0.0,0.0,0.0,0.0,0.0,0.0,0.0,0.0
57985,0.0,0.0,0.0,0.0,0.0,0.0,0.0,0.0,0.0,0.0,0.0,0.0
57986,0.0,0.0,0.0,0.0,0.0,0.0,0.0,0.0,0.0,0.0,0.0,0.0
57987,0.0,0.0,0.0,0.0,0.0,0.0,0.0,0.0,0.0,0.0,0.0,0.0
57988,0.0,0.0,0.0,0.0,0.0,0.0,0.0,0.0,0.0,0.0,0.0,0.0
57989,0.0,0.0,0.0,0.0,0.0,0.0,0.0,0.0,0.0,0.0,0.0,0.0
57990,0.0,0.0,0.0,0.0,0.0,0.0,0.0,0.0,0.0,0.0,0.0,0.0
57991,0.0,0.0,0.0,0.0,0.0,0.0,0.0,0.0,0.0,0.0,0.0,0.0
57992,0.0,0.0,0.0,0.0,0.0,0.0,0.0,0.0,0.0,0.0,0.0,0.0
57993,0.0,0.0,0.0,0.0,0.0,0.0,0.0,0.0,0.0,0.0,0.0,0.0
57994,0.0,0.0,0.0,0.0,0.0,0.0,0.0,0.0,0.0,0.0,0.0,0.0
57995,0.0,0.0,0.0,0.0,0.0,0.0,0.0,0.0,0.0,0.0,0.0,0.0
57996,-43707.74442695081,-863941.198113218,-94053.34738234803,-86902.81102021178,0.0,0.0,0.0,0.0,0.0,0.0,0.0,0.0
58075,673267.7283052057,621717.8045240417,698366.0942824334,154805.6281143725,93999.61892527342,398470.91396293044,775664.0657528341,971685.9915141463,1219522.899362743,489195.1719967723,60631.13771483302,494140.9221957624
58076,0.0,0.0,0.0,0.0,0.0,0.0,0.0,0.0,0.0,0.0,0.0,0.0
58077,0.0,0.0,0.0,0.0,0.0,0.0,0.0,0.0,0.0,0.0,0.0,0.0
58130,0.0,0.0,0.0,0.0,0.0,0.0,0.0,0.0,0.0,0.0,0.0,0.0
58131,0.0,0.0,0.0,0.0,0.0,0.0,0.0,0.0,0.0,0.0,0.0,0.0
58132,0.0,0.0,0.0,0.0,0.0,0.0,0.0,0.0,0.0,0.0,0.0,0.0
58133,0.0,0.0,0.0,0.0,0.0,0.0,0.0,0.0,0.0,0.0,0.0,0.0
58134,0.0,0.0,0.0,0.0,0.0,0.0,0.0,0.0,0.0,0.0,0.0,0.0
58135,0.0,0.0,0.0,0.0,0.0,0.0,0.0,0.0,0.0,0.0,0.0,0.0
58136,0.0,0.0,0.0,0.0,0.0,0.0,0.0,0.0,0.0,0.0,0.0,0.0
58137,0.0,0.0,0.0,0.0,0.0,0.0,0.0,0.0,0.0,0.0,0.0,0.0
58138,0.0,0.0,0.0,0.0,0.0,0.0,0.0,0.0,0.0,0.0,0.0,0.0
58139,0.0,0.0,0.0,0.0,0.0,0.0,0.0,0.0,0.0,0.0,0.0,0.0
58140,0.0,0.0,0.0,0.0,0.0,0.0,0.0,0.0,0.0,0.0,0.0,0.0
58141,0.0,0.0,0.0,0.0,0.0,0.0,0.0,0.0,0.0,0.0,0.0,0.0
58142,0.0,0.0,0.0,0.0,0.0,0.0,0.0,0.0,0.0,0.0,0.0,0.0
58144,0.0,0.0,0.0,0.0,0.0,0.0,0.0,0.0,0.0,0.0,0.0,0.0
58145,0.0,0.0,0.0,0.0,0.0,0.0,0.0,0.0,0.0,0.0,0.0,0.0
58148,0.0,0.0,0.0,0.0,0.0,0.0,0.0,0.0,0.0,0.0,0.0,0.0
58150,0.0,0.0,0.0,0.0,0.0,0.0,0.0,0.0,0.0,0.0,0.0,0.0
58151,-212898.4895139262,-181659.87594452966,-423841.34948953986,-852325.5772003978,-225440.52518151328,0.0,0.0,0.0,0.0,0.0,0.0,0.0
58152,-370506.7337576784,0.0,-629262.7545792237,-22321.958984375,0.0,-166567.3892180659,0.0,0.0,0.0,0.0,0.0,0.0
58175,-146993.46337127686,-359119.0016937256,-404162.6291465759,-438201.18589782715,-336967.54595565796,7764.207635879517,4783.6241092681885,0.0,-27911.996348381042,-56876.077582359314,-68055.2919549942,-115134.20321273804
58176,23866.995880126953,10091.20092201233,13928.577056884766,29014.789752960205,53512.14330101013,35931.97244644165,35113.45830440521,34090.18654060364,29884.922332286835,20812.60167646408,8741.423268795013,9419.982047080994
58230,-151.43967847526073,-98.03951396048069,-105.82569207623601,-36.46922438964248,-6.489992082118988,-24.36675226688385,-21.23243224620819,-29.21071368455887,-35.63827297091484,-0.11665582656860352,-85.89494180679321,-177.71773023158312
58231,-10624.74557954073,-13049.880437791348,-13758.98375916481,-30146.92159819603,-45776.41051584482,-36402.18946868181,-29067.351666003466,-4928.668928042054,0.0,0.0,0.0,-142.09394013881683
58284,0.0,0.0,0.0,0.0,0.0,0.0,0.0,0.0,0.0,0.0,0.0,0.0
58285,0.0,0.0,0.0,0.0,0.0,0.0,0.0,0.0,0.0,0.0,0.0,0.0
58286,0.0,0.0,0.0,0.0,0.0,0.0,0.0,0.0,0.0,0.0,0.0,0.0
58287,0.0,0.0,0.0,0.0,0.0,0.0,0.0,0.0,0.0,0.0,0.0,0.0
58288,0.0,-46557.913657857105,-59945.57493818831,-6293.20386438258,-51035.66201195354,-9835.1171875,0.0,0.0,-337305.625,-1139682.625,0.0,-18678.732421875
58289,-753906.4722464625,-417920.323811844,-789863.6221788134,-637213.47368972,-80737.69056899846,-6562.018506724387,-480019.8649014598,-25698.517578125,0.0,0.0,-537681.5555691784,-14003.965705174953
58290,0.0,0.0,0.0,0.0,0.0,0.0,0.0,0.0,-102077.484375,-77675.4453125,0.0,0.0
58291,0.0,0.0,0.0,0.0,0.0,0.0,0.0,0.0,0.0,0.0,0.0,0.0
58292,0.0,0.0,0.0,0.0,0.0,0.0,0.0,0.0,0.0,0.0,0.0,0.0
58293,0.0,0.0,0.0,0.0,0.0,0.0,0.0,0.0,0.0,0.0,0.0,0.0
58294,0.0,0.0,0.0,0.0,0.0,0.0,0.0,0.0,0.0,0.0,0.0,0.0
58295,0.0,0.0,0.0,0.0,0.0,0.0,0.0,0.0,0.0,0.0,0.0,0.0
58298,0.0,0.0,0.0,0.0,0.0,0.0,0.0,0.0,0.0,0.0,0.0,0.0
58299,0.0,0.0,0.0,0.0,0.0,0.0,0.0,0.0,0.0,0.0,0.0,0.0
58300,0.0,0.0,0.0,0.0,0.0,0.0,0.0,0.0,0.0,0.0,0.0,0.0
58301,0.0,0.0,0.0,0.0,0.0,0.0,0.0,0.0,0.0,0.0,0.0,0.0
58302,0.0,0.0,0.0,0.0,0.0,0.0,0.0,0.0,0.0,0.0,0.0,0.0
58303,0.0,0.0,0.0,0.0,0.0,0.0,0.0,0.0,0.0,0.0,0.0,0.0
58304,0.0,0.0,0.0,0.0,0.0,0.0,0.0,0.0,0.0,0.0,0.0,0.0
58307,0.0,0.0,0.0,0.0,0.0,0.0,0.0,0.0,0.0,0.0,0.0,0.0
58308,-66166.578125,0.0,-192611.5383502841,-715128.7172041386,0.0,-179108.47716184985,-68534.96071862802,0.0,0.0,0.0,0.0,0.0
58384,-2528883.925127253,-4618605.451274052,-3686349.7716841847,152350.73971647024,2213.2569100260735,309152.5318683237,196796.18629936874,246903.74691593647,203072.68132948875,134726.33456973732,-416536.14925193787,-4574236.803686291
58385,-95326.19300620258,-94021.60722920299,-132156.51115767658,-23737.767470002174,0.0,-2495.8960443735123,-72953.2623244524,-96233.47827154398,-34623.15824615955,0.0,-7238.984630584717,-97215.91275416315
58386,-29978.711416244507,-37791.45714753866,-50316.33280992508,-96736.01575350761,-128621.19598785043,-94004.43394637108,-70361.25302049518,-5231.733174189925,0.0,0.0,0.0,-276.6178579926491
58441,0.0,0.0,0.0,0.0,0.0,0.0,0.0,0.0,0.0,0.0,0.0,0.0
58442,0.0,0.0,0.0,0.0,0.0,0.0,0.0,0.0,0.0,0.0,0.0,0.0
58443,-136960.5073046526,-41556.88909061998,-118655.19905284047,-155629.6186111197,-126255.89842398837,-65176.47510622442,-86433.3939869646,-279068.0697366588,-24260.53515625,0.0,0.0,-88048.23575177882
58445,-196443.66051188856,-99835.96913139522,-302419.25393125415,-388072.76634174585,-369667.7511268258,-219492.77257744223,-374138.9004659727,-511745.0545803867,-1809850.1168299792,-31279.17578125,-42221.29934582673,-4204.384642448276
58446,0.0,0.0,0.0,0.0,0.0,0.0,0.0,0.0,0.0,0.0,0.0,0.0
58459,0.0,0.0,0.0,0.0,0.0,0.0,0.0,0.0,0.0,0.0,0.0,0.0
58460,0.0,0.0,0.0,0.0,0.0,0.0,0.0,0.0,0.0,0.0,0.0,0.0
58463,0.0,0.0,0.0,0.0,0.0,0.0,0.0,0.0,0.0,0.0,0.0,0.0
58464,-581540.0162628889,-1613149.3995326757,-2278155.6889728606,-2222536.086397499,-108210.640625,-179797.67621700838,-85095.03565201908,0.0,0.0,0.0,0.0,0.0
58539,101.57833130657673,621.3556230217218,1416.2580203711987,396.8993669450283,11.541724681854248,0.0,0.0,0.0,0.0,0.0,0.0,0.0
58540,0.0,0.0,0.0,0.0,0.0,0.0,0.0,0.0,0.0,0.0,0.0,0.0
58596,0.0,0.0,0.0,0.0,0.0,0.0,0.0,0.0,0.0,0.0,0.0,0.0
58597,0.0,0.0,0.0,0.0,0.0,0.0,0.0,0.0,-313975.5291600358,-480976.8949783314,-315548.5936729098,0.0
58598,-1002249.733288765,-447797.2644237876,-965151.0962498188,-239529.6439678669,-858464.8121952415,-1807376.047285229,-1928102.656817466,-2641442.7954874635,-1731669.240074098,-348996.7103354931,0.0,-76386.97239339352
58600,-77885.00545733422,-58245.86229200661,-63353.35774226487,-30985.294539511204,-49910.87137821317,-31548.923549190164,-45437.40075929463,-43159.95645338297,-74758.75501002371,-59455.064072966576,0.0,0.0
58601,0.0,0.0,0.0,0.0,0.0,0.0,0.0,0.0,0.0,0.0,0.0,0.0
58612,0.0,0.0,0.0,0.0,0.0,0.0,0.0,0.0,0.0,0.0,0.0,0.0
58613,0.0,0.0,0.0,0.0,0.0,0.0,0.0,0.0,0.0,0.0,0.0,0.0
58614,0.0,0.0,0.0,0.0,0.0,0.0,0.0,0.0,0.0,0.0,0.0,0.0
58618,0.0,0.0,0.0,0.0,0.0,0.0,0.0,0.0,0.0,0.0,0.0,0.0
58619,0.0,0.0,0.0,0.0,0.0,0.0,0.0,0.0,0.0,0.0,0.0,0.0
58620,0.0,0.0,0.0,0.0,0.0,0.0,0.0,0.0,0.0,0.0,0.0,0.0
58621,0.0,0.0,0.0,0.0,0.0,0.0,0.0,0.0,0.0,0.0,0.0,0.0
58622,-1208213.5379953906,-1285052.6543248706,0.0,0.0,0.0,-17201.859375,0.0,0.0,0.0,0.0,0.0,0.0
58697,701.7842041701078,1468.949037462473,3647.1754580959678,849.3609094545245,0.0,87.96962282061577,124.3752651810646,228.3425090610981,260.85054367780685,61.38022081553936,11.058646395802498,114.96781134605408
58698,0.0,0.0,0.0,0.0,0.0,0.0,0.0,0.0,0.0,0.0,0.0,0.0
58754,0.0,0.0,0.0,0.0,0.0,0.0,0.0,0.0,0.0,0.0,0.0,0.0
58755,-30227.193724768236,-23825.793966703117,-33221.758837047964,-6916.679131697863,-36568.647734420374,-65426.823688518256,-78387.8411985673,-90409.78828251828,-46524.420933054294,0.0,0.0,-5118.197245290503
58756,-131836.4968149066,-58951.465072751045,-112110.49059653282,-35703.776812672615,-161584.60574954748,-355930.8773677945,-388265.8265693337,-454663.64860896766,-284522.8238581568,0.0,0.0,-4504.413225591183
58760,-150188.0674597472,-108804.90115512908,-186540.61267781258,-88961.44102421403,-15849.520741701126,-38532.87110474706,-83989.74631810933,-62724.36648570001,-106518.34740115702,-104624.96731546521,0.0,-8074.405503705144
58761,0.0,0.0,0.0,0.0,0.0,0.0,0.0,0.0,0.0,0.0,0.0,0.0
58762,0.0,0.0,0.0,0.0,0.0,0.0,0.0,0.0,0.0,0.0,0.0,0.0
58763,0.0,0.0,0.0,0.0,0.0,0.0,0.0,0.0,0.0,0.0,0.0,0.0
58764,0.0,0.0,0.0,0.0,0.0,0.0,0.0,0.0,0.0,0.0,0.0,0.0
58776,0.0,0.0,0.0,0.0,0.0,0.0,0.0,0.0,0.0,0.0,0.0,0.0
58777,0.0,0.0,0.0,0.0,0.0,0.0,0.0,0.0,0.0,0.0,0.0,0.0
58778,0.0,0.0,0.0,0.0,0.0,0.0,0.0,0.0,0.0,0.0,0.0,0.0
58779,0.0,0.0,0.0,0.0,0.0,0.0,0.0,0.0,0.0,0.0,0.0,0.0
58783,0.0,0.0,0.0,0.0,0.0,0.0,0.0,0.0,0.0,0.0,0.0,0.0
58784,0.0,0.0,0.0,0.0,0.0,0.0,0.0,0.0,0.0,0.0,0.0,0.0
58785,0.0,0.0,0.0,0.0,0.0,0.0,0.0,0.0,0.0,0.0,0.0,0.0
58787,0.0,0.0,0.0,0.0,0.0,0.0,0.0,0.0,0.0,0.0,0.0,0.0
58788,0.0,0.0,0.0,0.0,0.0,0.0,0.0,0.0,0.0,0.0,0.0,0.0
58863,-714392.1068354547,221853.87548467517,-5581527.13947691,-1915342.8465741575,-2003198.459495306,-1577713.71288684,-1074050.3735797107,-153199.6473260522,72589.41465911269,54107.97898811102,87062.19393253326,-1299433.2604859173
58864,21902.8310587015,36950.86845083535,55411.25406074524,59320.70993632078,42624.85767223686,19266.24098484963,0.0,0.0,0.0,0.0,0.0,1376.8107502572238
58921,0.0,0.0,0.0,0.0,0.0,0.0,0.0,0.0,0.0,0.0,0.0,0.0
58922,563475.0668198764,147846.21415650845,789529.2785707712,39433.91074627638,1119984.694181949,2145663.5252073556,2509819.336489901,2770399.035854824,1109464.578377977,0.0,0.0,118391.66076003015
58927,-4769.217480182648,-99784.63078641891,-467823.7435506582,-120263.47982764244,-332259.0344596505,-17843.25276708603,0.0,-30528.98969578743,-126598.64496093988,-258623.67872691154,-242335.46402919292,-2438.330618739128
58928,0.0,0.0,0.0,0.0,0.0,0.0,0.0,0.0,0.0,0.0,0.0,0.0
58929,0.0,0.0,0.0,0.0,0.0,0.0,0.0,0.0,0.0,0.0,0.0,0.0
58932,0.0,0.0,0.0,0.0,0.0,0.0,0.0,0.0,0.0,0.0,0.0,0.0
58933,0.0,0.0,0.0,0.0,0.0,0.0,0.0,0.0,0.0,0.0,0.0,0.0
58934,0.0,0.0,0.0,0.0,0.0,0.0,0.0,0.0,0.0,0.0,0.0,0.0
58946,0.0,0.0,0.0,0.0,0.0,0.0,0.0,0.0,0.0,0.0,0.0,0.0
58947,0.0,0.0,0.0,0.0,0.0,0.0,0.0,0.0,0.0,0.0,0.0,0.0
58948,0.0,0.0,0.0,0.0,0.0,0.0,0.0,0.0,0.0,0.0,0.0,0.0
58949,0.0,0.0,0.0,0.0,0.0,0.0,0.0,0.0,0.0,0.0,0.0,0.0
58953,0.0,0.0,0.0,0.0,0.0,0.0,0.0,0.0,0.0,0.0,0.0,0.0
58954,0.0,0.0,0.0,0.0,0.0,0.0,0.0,0.0,0.0,0.0,0.0,0.0
58955,0.0,0.0,0.0,0.0,0.0,0.0,0.0,0.0,0.0,0.0,0.0,0.0
58956,0.0,0.0,0.0,0.0,0.0,0.0,0.0,0.0,0.0,0.0,0.0,0.0
58957,0.0,0.0,0.0,0.0,0.0,0.0,0.0,0.0,0.0,0.0,0.0,0.0
58958,-76477.6701887562,-905275.4425054118,0.0,0.0,0.0,0.0,0.0,0.0,0.0,0.0,0.0,0.0
59031,0.0,0.0,0.0,0.0,0.0,0.0,0.0,0.0,0.0,0.0,0.0,0.0
59032,0.0,0.0,0.0,0.0,0.0,0.0,0.0,0.0,0.0,0.0,0.0,0.0
59089,0.0,0.0,0.0,0.0,0.0,0.0,0.0,0.0,0.0,0.0,0.0,0.0
59090,0.0,0.0,0.0,0.0,0.0,0.0,0.0,0.0,0.0,0.0,0.0,0.0
59091,-109226.38166606426,-122729.6929974556,-343569.4914511442,-409850.8398361206,10269.625767290592,-188295.94251295924,-305796.5017038286,-405389.86669784784,-787194.5564330369,-113346.30339758098,1855.0042879581451,62374.9652094394
59096,-129744.6761444211,-159992.97290068865,-206876.61110329628,-6449.717720985413,-51989.75388869643,0.0,-3132.643182039261,-12212.02544361353,-48709.77593958378,-89815.77440398932,-544.8057135939598,-67617.55078035593
59097,0.0,0.0,0.0,0.0,0.0,0.0,0.0,0.0,0.0,0.0,0.0,0.0
59098,0.0,0.0,0.0,0.0,0.0,0.0,0.0,0.0,0.0,0.0,0.0,0.0
59103,0.0,0.0,0.0,0.0,0.0,0.0,0.0,0.0,0.0,0.0,0.0,0.0
59104,0.0,0.0,0.0,0.0,0.0,0.0,0.0,0.0,0.0,0.0,0.0,0.0
59105,0.0,0.0,0.0,0.0,0.0,0.0,0.0,0.0,0.0,0.0,0.0,0.0
59106,0.0,0.0,0.0,0.0,0.0,0.0,0.0,0.0,0.0,0.0,0.0,0.0
59117,0.0,0.0,0.0,0.0,0.0,0.0,0.0,0.0,0.0,0.0,0.0,0.0
59118,0.0,0.0,0.0,0.0,0.0,0.0,0.0,0.0,0.0,0.0,0.0,0.0
59119,0.0,0.0,0.0,0.0,0.0,0.0,0.0,0.0,0.0,0.0,0.0,0.0
59125,0.0,0.0,0.0,0.0,0.0,0.0,0.0,0.0,0.0,0.0,0.0,0.0
59126,0.0,0.0,0.0,0.0,0.0,0.0,0.0,0.0,0.0,0.0,0.0,0.0
59127,0.0,0.0,0.0,0.0,0.0,0.0,0.0,0.0,0.0,0.0,0.0,0.0
59128,-214968.49570013583,-313164.7528053224,-2257271.3215368055,-0.1558605432510376,-0.15588125586509705,0.0,0.0,0.0,0.0,0.0,0.0,0.0
59201,-15107.65586195141,-382703.8998931423,-486069.80719698966,-34389.369645774364,-53065.86899651587,-16442.38547707349,-53324.74092936516,-93541.47157291323,-158087.4646002017,-122540.26376914978,0.0,0.0
59202,-416931.18707209826,-798015.1491860747,-923321.2582668066,-886280.012567997,-576966.8165978789,-67104.64919947088,-7928.750032551587,0.0,0.0,0.0,0.0,0.0
59249,7050.944784879684,50031.805371403694,71454.44880223274,212469.28574475646,113725.74289301038,0.0,0.0,0.0,0.0,0.0,0.0,11594.138961613178
59259,0.0,0.0,0.0,0.0,0.0,0.0,0.0,0.0,0.0,0.0,0.0,0.0
59260,-788443.9726518467,-558999.2938451767,-1399663.1942560822,-764922.439569667,-1482340.0226561874,-785340.375,0.0,-2908572.6885303035,-1458065.5827520154,0.0,0.0,-613296.610229278
59261,-1287590.7662262917,-802298.9360637665,-2151862.0474824905,-1083025.30701828,-1555358.8294057846,-3644638.4711630344,-4130460.798226714,-4631959.144567788,-3386019.0722390413,-123109.98222523928,0.0,-475349.10248601437
59266,-78667.93847882748,-339724.17811119556,-397914.381108284,-3256.820000886917,-331874.5359289646,0.0,0.0,0.0,0.0,0.0,0.0,0.0
59267,-8655.170460015535,-22974.187664866447,-24904.312358886003,-173.2218118906021,-16634.629754453897,0.0,0.0,0.0,0.0,0.0,0.0,0.0
59268,0.0,0.0,0.0,0.0,0.0,0.0,0.0,0.0,0.0,0.0,0.0,0.0
59269,0.0,0.0,0.0,0.0,0.0,0.0,0.0,0.0,0.0,0.0,0.0,0.0
59275,0.0,0.0,0.0,0.0,0.0,0.0,0.0,0.0,0.0,0.0,0.0,0.0
59277,0.0,0.0,0.0,0.0,0.0,0.0,0.0,0.0,0.0,0.0,0.0,0.0
59278,0.0,0.0,0.0,0.0,0.0,0.0,0.0,0.0,0.0,0.0,0.0,0.0
59290,0.0,0.0,0.0,0.0,0.0,0.0,0.0,0.0,0.0,0.0,0.0,0.0
59291,0.0,0.0,0.0,0.0,0.0,0.0,0.0,0.0,0.0,0.0,0.0,0.0
59292,0.0,0.0,0.0,0.0,0.0,0.0,0.0,0.0,0.0,0.0,0.0,0.0
59299,0.0,0.0,0.0,0.0,0.0,0.0,0.0,0.0,0.0,0.0,0.0,0.0
59300,0.0,0.0,0.0,0.0,0.0,0.0,0.0,0.0,0.0,0.0,0.0,0.0
59301,0.0,0.0,0.0,0.0,0.0,0.0,0.0,0.0,0.0,0.0,0.0,0.0
59302,0.0,0.0,0.0,0.0,0.0,0.0,0.0,0.0,0.0,0.0,0.0,0.0
59304,-284940.3141608834,-802324.1452931091,-1014105.7038227469,-992001.644174166,-296705.8125,-7753.487903539091,0.0,0.0,0.0,0.0,0.0,-8446.567016953602
59305,-26587.98828125,0.0,0.0,0.0,0.0,0.0,0.0,0.0,0.0,0.0,0.0,0.0
59376,7486448.114975929,13885572.811184883,10166380.114058137,441666.5824775696,422746.31327056885,268814.68191730976,132660.75972294807,0.0,0.0,30700.271282196045,2549041.1396574974,8033429.770914435
59377,0.0,0.0,0.0,0.0,0.0,0.0,0.0,0.0,0.0,0.0,0.0,0.0
59434,0.0,0.0,0.0,0.0,0.0,0.0,0.0,0.0,0.0,0.0,0.0,0.0
59435,-43368.8649571538,-42744.84902405739,-83817.67865389585,-29003.506593063474,-184316.63785773516,-217783.9132437408,-240245.85480068624,-264922.8175248839,-65453.50028739497,0.0,-15194.692715544254,-83399.55226448178
59436,-54748.349022865295,88949.54350852966,-66153.93666648865,-42542.90142226219,-136010.4589729309,-356195.603638649,-953750.0241981149,-1629136.2794182897,-1801035.8117834032,-1833868.3148025423,-548122.7463147044,-40257.56363454461
59437,-417293.81862449646,4620293.447835922,2225045.8534727097,4961459.647521496,5925380.897031069,-2540710.8667901754,-2783110.0340914726,-3220392.26409626,-1622344.513001144,0.0,0.0,-436983.99808454514
59444,-17205.55811136961,-55374.16163927317,-75074.79842686653,-3791.024565935135,-74975.55109345913,0.0,0.0,0.0,0.0,0.0,0.0,0.0
59445,-35285.70765776932,-162488.53826066852,-163184.09684813023,-3775.104007959366,-192287.10572084785,0.0,0.0,0.0,0.0,0.0,0.0,0.0
59446,0.0,0.0,0.0,0.0,0.0,0.0,0.0,0.0,0.0,0.0,0.0,0.0
59447,0.0,0.0,0.0,0.0,0.0,0.0,0.0,0.0,0.0,0.0,0.0,0.0
59471,0.0,0.0,0.0,0.0,0.0,0.0,0.0,0.0,0.0,0.0,0.0,0.0
59472,0.0,0.0,0.0,0.0,0.0,0.0,0.0,0.0,0.0,0.0,0.0,0.0
59473,0.0,0.0,0.0,0.0,0.0,0.0,0.0,0.0,0.0,0.0,0.0,0.0
59481,0.0,0.0,0.0,0.0,0.0,0.0,0.0,0.0,0.0,0.0,0.0,0.0
59482,0.0,0.0,0.0,0.0,0.0,0.0,0.0,0.0,0.0,0.0,0.0,0.0
59483,0.0,0.0,0.0,0.0,0.0,0.0,0.0,0.0,0.0,0.0,0.0,0.0
59485,0.0,0.0,0.0,-54433.11328125,-10748.470703125,0.0,0.0,0.0,0.0,0.0,0.0,0.0
59486,-206166.86261692643,-551597.460261751,-732003.7906925976,-714503.4862694442,-478046.2708275821,-167085.80165934097,0.0,0.0,0.0,0.0,-7427.731838209555,-100345.40418021753
59555,0.0,0.0,0.0,0.0,0.0,0.0,0.0,0.0,0.0,0.0,0.0,0.0
59556,0.0,0.0,0.0,0.0,0.0,0.0,0.0,0.0,0.0,0.0,0.0,0.0
59612,0.0,0.0,0.0,0.0,0.0,0.0,0.0,0.0,0.0,0.0,0.0,0.0
59613,0.0,0.0,0.0,0.0,0.0,0.0,0.0,0.0,0.0,0.0,0.0,0.0
59614,0.0,0.0,0.0,0.0,0.0,0.0,0.0,0.0,0.0,0.0,0.0,0.0
59615,0.0,0.0,0.0,0.0,0.0,0.0,0.0,0.0,0.0,0.0,0.0,0.0
59625,-5005.377343535423,-17942.308074355125,-28419.078022003174,-493.38308000564575,-22764.656764000654,0.0,0.0,0.0,0.0,0.0,0.0,0.0
59626,0.0,0.0,0.0,0.0,0.0,0.0,0.0,0.0,0.0,0.0,0.0,0.0
59627,0.0,0.0,0.0,0.0,0.0,0.0,0.0,0.0,0.0,0.0,0.0,0.0
59628,0.0,0.0,0.0,0.0,0.0,0.0,0.0,0.0,0.0,0.0,0.0,0.0
59654,0.0,0.0,0.0,0.0,0.0,0.0,0.0,0.0,0.0,0.0,0.0,0.0
59655,0.0,0.0,0.0,0.0,0.0,0.0,0.0,0.0,0.0,0.0,0.0,0.0
59656,0.0,0.0,0.0,0.0,0.0,0.0,0.0,0.0,0.0,0.0,0.0,0.0
59657,0.0,0.0,0.0,0.0,0.0,0.0,0.0,0.0,0.0,0.0,0.0,0.0
59658,0.0,0.0,0.0,0.0,0.0,0.0,0.0,0.0,0.0,0.0,0.0,0.0
59666,0.0,0.0,0.0,0.0,0.0,0.0,0.0,0.0,0.0,0.0,0.0,0.0
59667,0.0,0.0,0.0,0.0,0.0,0.0,0.0,0.0,0.0,0.0,0.0,0.0
59668,0.0,0.0,0.0,0.0,0.0,0.0,0.0,0.0,0.0,0.0,0.0,0.0
59669,0.0,0.0,0.0,0.0,0.0,0.0,0.0,0.0,0.0,0.0,0.0,0.0
59670,0.0,0.0,0.0,0.0,0.0,0.0,0.0,0.0,0.0,0.0,0.0,0.0
59671,0.0,0.0,0.0,0.0,0.0,0.0,0.0,0.0,0.0,0.0,0.0,0.0
59673,-1193159.1906845868,-1433035.4098262638,-1768246.3086845577,0.0,0.0,0.0,0.0,0.0,0.0,0.0,-61663.470820944756,-282287.48731195927
59674,-183035.76812993526,0.0,0.0,0.0,0.0,-1435.4091796875,0.0,0.0,0.0,0.0,0.0,-34334.859375
59740,-230.3450195416808,-1722.3736319541931,-2008.663478165865,-13.610517382621765,-218.85314047336578,-341.4140057563782,-243.63868547976017,-251.83640936017036,-774.4217833727598,-936.6211555600166,-91.88080048561096,-28.99653108417988
59741,0.0,0.0,0.0,0.0,0.0,0.0,0.0,0.0,0.0,0.0,0.0,0.0
59796,0.0,0.0,0.0,0.0,0.0,0.0,0.0,0.0,0.0,0.0,0.0,0.0
59797,0.0,0.0,0.0,0.0,0.0,0.0,0.0,0.0,0.0,0.0,0.0,0.0
59798,-100471.83509540558,-66564.60715198517,-299024.6105327606,-235872.89773893356,-333178.143533051,-523309.5928327143,-550041.8389363438,-653761.566282928,-314476.8998434916,0.0,-448.5714311003685,-138046.03115823492
59809,-17065.72978770733,-53318.498864769936,-69254.1620260477,-814.6457281112671,-48951.774727374315,0.0,0.0,0.0,0.0,0.0,0.0,0.0
59810,0.0,0.0,0.0,0.0,0.0,0.0,0.0,0.0,0.0,0.0,0.0,0.0
59811,0.0,0.0,0.0,0.0,0.0,0.0,0.0,0.0,0.0,0.0,0.0,0.0
59812,0.0,0.0,0.0,0.0,0.0,0.0,0.0,0.0,0.0,0.0,0.0,0.0
59840,0.0,0.0,0.0,0.0,0.0,0.0,0.0,0.0,0.0,0.0,0.0,0.0
59841,0.0,0.0,0.0,0.0,0.0,0.0,0.0,0.0,0.0,0.0,0.0,0.0
59842,0.0,0.0,0.0,0.0,0.0,0.0,0.0,0.0,0.0,0.0,0.0,0.0
59843,0.0,0.0,0.0,0.0,0.0,0.0,0.0,0.0,0.0,0.0,0.0,0.0
59844,0.0,0.0,0.0,0.0,0.0,0.0,0.0,0.0,0.0,0.0,0.0,0.0
59853,0.0,0.0,0.0,0.0,0.0,0.0,0.0,0.0,0.0,0.0,0.0,0.0
59855,0.0,0.0,0.0,0.0,0.0,0.0,0.0,0.0,0.0,0.0,0.0,0.0
59856,0.0,0.0,0.0,0.0,0.0,0.0,0.0,0.0,0.0,0.0,0.0,0.0
59857,0.0,0.0,0.0,0.0,0.0,0.0,0.0,0.0,0.0,0.0,0.0,0.0
59858,0.0,0.0,0.0,0.0,0.0,0.0,0.0,0.0,0.0,0.0,0.0,0.0
59859,0.0,0.0,0.0,0.0,0.0,0.0,0.0,0.0,0.0,0.0,0.0,0.0
59861,-672735.5107034296,-655453.1245033825,-701511.7063338086,0.0,0.0,0.0,0.0,0.0,0.0,0.0,-33523.818174989894,-258237.678024292
59926,-1968.91394880414,-4125.81954112649,-2377.912366554141,-55.971012353897095,-78.21349680423737,-329.8396693468094,-497.75615341961384,-476.32135497033596,-828.3462318703532,-483.41908387839794,-1196.3894472718239,-3949.0201458856463
59927,0.0,0.0,0.0,0.0,0.0,0.0,0.0,0.0,0.0,0.0,0.0,0.0
59979,0.0,0.0,0.0,0.0,0.0,0.0,0.0,0.0,0.0,0.0,0.0,0.0
59980,0.0,0.0,0.0,0.0,0.0,0.0,0.0,0.0,0.0,0.0,0.0,0.0
59981,0.0,0.0,0.0,0.0,0.0,0.0,0.0,0.0,0.0,0.0,0.0,0.0
59982,71895.97903001308,35425.86056089401,166792.24370592833,277894.96789228916,26340.128289088607,239970.68392591178,324119.38230471313,410852.2357118651,471920.77943784,72660.83497548103,0.0,11562.860176611692
59993,-884815.4164829254,-1000480.9168491364,-2228276.0243763924,-15996.013765335083,-44922.17694735527,0.0,0.0,0.0,0.0,0.0,-13010.664594173431,-837497.0337224007
59994,0.0,0.0,0.0,0.0,0.0,0.0,0.0,0.0,0.0,0.0,0.0,0.0
59996,0.0,0.0,0.0,0.0,0.0,0.0,0.0,0.0,0.0,0.0,0.0,0.0
59997,0.0,0.0,0.0,0.0,0.0,0.0,0.0,0.0,0.0,0.0,0.0,0.0
60028,0.0,0.0,0.0,0.0,0.0,0.0,0.0,0.0,0.0,0.0,0.0,0.0
60029,0.0,0.0,0.0,0.0,0.0,0.0,0.0,0.0,0.0,0.0,0.0,0.0
60039,0.0,0.0,0.0,0.0,0.0,0.0,0.0,0.0,0.0,0.0,0.0,0.0
60040,0.0,0.0,0.0,0.0,0.0,0.0,0.0,0.0,0.0,0.0,0.0,0.0
60041,0.0,0.0,0.0,0.0,0.0,0.0,0.0,0.0,0.0,0.0,0.0,0.0
60042,0.0,0.0,0.0,0.0,0.0,0.0,0.0,0.0,0.0,0.0,0.0,0.0
60044,-303893.1439096108,-433880.7884258402,-534719.238307964,0.0,0.0,0.0,0.0,0.0,0.0,-3502.560791015625,-158321.00203292398,-313902.69853544235
60045,-122746.90942285955,-324188.9124500125,-475412.40625,0.0,0.0,0.0,0.0,0.0,0.0,0.0,0.0,0.0
60108,-109756.10307145119,-386775.38411289454,-496239.0596064478,-96832.90656363964,-170229.0806080699,-222050.65237140656,-50801.581443205476,-23977.36020950973,-211047.833104074,-275294.74851445854,-280777.255112648,-186844.90240891278
60109,0.0,0.0,0.0,0.0,0.0,0.0,0.0,0.0,0.0,0.0,0.0,0.0
60159,0.0,0.0,0.0,0.0,0.0,0.0,0.0,0.0,0.0,0.0,0.0,0.0
60160,0.0,0.0,0.0,0.0,0.0,0.0,0.0,0.0,0.0,0.0,0.0,0.0
60161,0.0,0.0,0.0,0.0,0.0,0.0,0.0,0.0,0.0,0.0,0.0,0.0
60162,-48730.14212989807,-25523.37894153595,-102717.0259655714,-168644.48488742113,-12987.631132304668,-141332.8881854415,-194918.4045240879,-242686.9534931481,-278681.0726160854,-46302.85409013927,0.0,-6539.842654787004
60172,-19397.629019618034,-80064.83612024784,-136030.74179542065,-29472.955464839935,-69458.58871093392,0.0,0.0,0.0,0.0,0.0,0.0,0.0
60173,0.0,0.0,0.0,0.0,0.0,0.0,0.0,0.0,0.0,0.0,0.0,0.0
60195,0.0,0.0,0.0,0.0,0.0,0.0,0.0,0.0,0.0,0.0,0.0,0.0
60208,0.0,0.0,0.0,0.0,0.0,0.0,0.0,0.0,0.0,0.0,0.0,0.0
60209,0.0,0.0,0.0,0.0,0.0,0.0,0.0,0.0,0.0,0.0,0.0,0.0
60210,0.0,0.0,0.0,0.0,0.0,0.0,0.0,0.0,0.0,0.0,0.0,0.0
60221,0.0,0.0,0.0,0.0,0.0,0.0,0.0,0.0,0.0,0.0,0.0,0.0
60222,0.0,0.0,0.0,0.0,0.0,0.0,0.0,0.0,0.0,0.0,0.0,0.0
60224,0.0,0.0,0.0,0.0,0.0,0.0,0.0,0.0,0.0,0.0,0.0,0.0
60227,0.0,0.0,0.0,0.0,0.0,0.0,0.0,0.0,0.0,0.0,0.0,0.0
60228,-178946.42840018123,0.0,0.0,0.0,0.0,0.0,0.0,0.0,0.0,0.0,0.0,0.0
60229,-104176.0412966609,-166340.54569577426,-211922.5351197049,0.0,0.0,0.0,0.0,0.0,0.0,0.0,0.0,0.0
60290,73517.89269590378,165271.61379659176,248128.93556970358,40096.08464741707,145260.78857576847,79034.12959289551,31394.461791813374,1819.9878866672516,6869.214902967215,5758.490011841059,6532.026781082153,100268.36834567785
60292,0.0,0.0,0.0,0.0,0.0,0.0,0.0,0.0,0.0,0.0,0.0,0.0
60342,0.0,0.0,0.0,0.0,0.0,0.0,0.0,0.0,0.0,0.0,0.0,0.0
60343,-48722.36363404989,-31129.264371454716,-90708.68003697693,-96080.75378933549,0.0,-8085.764334641397,-88073.26255400851,-174301.95751611516,-234964.786426384,0.0,-90297.98807338905,-10899.59976246953
60353,0.0,-16949.395084142685,-169679.65588593483,-41500.92397403717,-176752.61680835485,-5778.077211856842,0.0,0.0,0.0,0.0,0.0,0.0
60354,0.0,0.0,0.0,0.0,0.0,0.0,0.0,0.0,0.0,0.0,0.0,0.0
60355,0.0,0.0,0.0,0.0,0.0,0.0,0.0,0.0,0.0,0.0,0.0,0.0
60381,0.0,0.0,0.0,0.0,0.0,0.0,0.0,0.0,0.0,0.0,0.0,0.0
60403,0.0,0.0,0.0,0.0,0.0,0.0,0.0,0.0,0.0,0.0,0.0,0.0
60404,0.0,0.0,0.0,0.0,0.0,0.0,0.0,0.0,0.0,0.0,0.0,0.0
60405,457.2219035625458,915.5507912635803,176.01368635892868,95.5363095998764,65.05340591073036,175.02269178628922,258.97588776052,1841.7912294343114,1660.0082014352083,3509.139048166573,0.0,0.0
60406,0.0,0.0,0.0,0.0,1.2946822941303253,21.357438638806343,3.0934402644634247,122.8613832294941,62.81099593639374,314.15352788567543,138.0849496498704,0.0
60407,0.0,0.0,0.0,0.0,0.0,0.0,0.0,0.0,0.0,0.0,0.0,0.0
60408,0.0,0.0,0.0,0.0,0.0,0.0,0.0,0.0,0.0,0.0,0.0,0.0
60409,0.0,0.0,0.0,0.0,0.0,0.0,0.0,0.0,0.0,0.0,0.0,0.0
60410,0.0,0.0,0.0,0.0,0.0,0.0,0.0,0.0,0.0,0.0,0.0,0.0
60471,-1505193.702592373,-5752149.71732825,-5033550.059379786,-871347.0124120116,-3159303.351846546,-793513.9990519285,-1187836.1778136939,-1259340.0278903246,-133289.62384527922,1740.6749976277351,-1439677.0723919868,-2176701.092238471
60472,0.0,0.0,0.0,0.0,0.0,0.0,0.0,0.0,0.0,0.0,0.0,0.0
60480,-1562.3418385982513,-3625.213592529297,-6502.629759788513,-7882.344927787781,-2693.8428196907043,-7.6204283237457275,0.0,0.0,0.0,0.0,0.0,-39.98936998844147
60519,0.0,0.0,0.0,0.0,0.0,0.0,0.0,0.0,0.0,0.0,0.0,0.0
60520,-164720.6491165161,1653716.5129508972,1750446.0063323975,5283169.246635437,7579510.6050338745,-41405.75302886963,-14185.534105300903,-0.017391204833984375,-0.024628639221191406,-3218.6729345321655,-2350.2867012023926,-388105.7855911255
60521,159249.8553892374,116206.39617788792,425832.94942325354,229995.89679780602,-7885.619100391865,-16845.959867164493,-18120.95650757104,-21812.741782829165,-12340.537862885743,0.0,13574.920148378238,164989.38604009151
60531,-102662.05177736282,-165126.98485970497,-300297.7456777096,-49561.45429754257,-81340.50847893953,0.0,0.0,0.0,0.0,0.0,0.0,-27740.36790961027
60532,0.0,0.0,0.0,0.0,0.0,0.0,0.0,0.0,0.0,0.0,0.0,0.0
60581,0.0,0.0,0.0,0.0,0.0,0.0,0.0,0.0,0.0,0.0,0.0,0.0
60582,0.0,0.0,0.0,0.0,0.0,0.0,0.0,0.0,0.0,0.0,0.0,0.0
60584,0.0,0.0,0.0,0.0,0.0,0.0,0.0,0.0,0.0,0.0,0.0,0.0
60588,-168866.89796245098,-805863.5868463516,-780303.4552361965,-1524866.6770986319,-95246.06988346577,521370.4710651636,37574.1979316473,0.0,-35.12990093231201,-1813.4168736934662,-7835.538323760033,13268.591836929321
60645,-104284.47503048182,-169973.59219048917,-217631.60326116532,-40237.22499901056,-216530.6657243371,-198879.02009408176,-113291.44842996076,-74536.3626653105,0.0,0.0,-1698.2574729919434,-180860.4761997871
60646,0.0,0.0,0.0,0.0,0.0,0.0,0.0,0.0,0.0,0.0,0.0,0.0
60691,0.0,0.0,0.0,0.0,0.0,0.0,0.0,0.0,0.0,0.0,0.0,0.0
60692,0.0,0.0,0.0,0.0,0.0,0.0,0.0,0.0,0.0,0.0,0.0,0.0
60693,640.6360397338867,-376818.7263736725,-387011.1602804661,140853.04471826553,-9889.830281317234,-20257.27867335081,-22250.885239362717,-26554.78866609931,-14162.94023925066,0.0,-50249.31161566079,-330977.16065204144
60703,5222.7869619727135,25995.50777822733,38809.61107341945,-84.62100422382355,-9064.490249864757,0.0,0.0,0.0,0.0,0.0,0.0,19180.805159531534
60704,0.0,0.0,0.0,0.0,0.0,0.0,0.0,0.0,0.0,0.0,0.0,0.0
60755,0.0,0.0,0.0,0.0,0.0,0.0,0.0,0.0,0.0,0.0,0.0,0.0
60756,0.0,0.0,0.0,0.0,0.0,0.0,0.0,0.0,0.0,0.0,0.0,0.0
60757,0.0,0.0,0.0,0.0,0.0,0.0,0.0,0.0,0.0,0.0,0.0,0.0
60758,0.0,0.0,0.0,0.0,0.0,0.0,0.0,0.0,0.0,0.0,0.0,0.0
60759,0.0,0.0,0.0,0.0,0.0,0.0,0.0,0.0,0.0,0.0,0.0,0.0
60783,0.0,0.0,0.0,0.0,0.0,0.0,0.0,0.0,0.0,0.0,0.0,0.0
60819,-110447.5981785059,-515618.4131772071,-551843.1351482719,-42384.63636523485,-202123.99321244657,-58010.89579708874,-61617.20554201305,-115083.8733221516,-1787.414010990411,0.0,-5058.86822617054,-123244.7004186809
60820,-777202.8357467651,-1562415.0593423843,-4875209.7819132805,-1991093.9499940872,-4274847.3983950615,-636594.3217644691,-833371.5633893013,-859512.7548146248,-558.9415726065636,-22.313767671585083,-275773.58009815216,-51063.526925086975
60821,0.0,0.0,0.0,0.0,0.0,0.0,0.0,0.0,0.0,0.0,0.0,0.0
60822,0.0,0.0,0.0,0.0,0.0,0.0,0.0,0.0,0.0,0.0,0.0,0.0
60865,-31532.5571975708,8520.108102798462,81783.09489297867,118520.22580647469,156286.43477094173,38435.27711999416,0.0,0.0,0.0,3.0039190649986267,104.35667675733566,319.0327410697937
60866,0.0,0.0,0.0,0.0,0.0,0.0,0.0,0.0,0.0,0.0,0.0,0.0
60867,-1234158.1004695892,-3490549.490257263,-4130049.5146574974,-1297519.6128993034,-723295.3897886276,-89183.86629462242,-98579.34120643139,-120421.81686794758,-63647.348136126995,0.0,-75531.36785435677,-1838888.6390366554
60876,-66098.76855182648,-462706.75242877007,-894234.1503665447,-392323.78606820107,-502212.46680629253,0.0,0.0,0.0,0.0,0.0,0.0,-119102.90396487713
60877,0.0,0.0,0.0,0.0,0.0,0.0,0.0,0.0,0.0,0.0,0.0,0.0
60878,0.0,0.0,0.0,0.0,0.0,0.0,0.0,0.0,0.0,0.0,0.0,0.0
60879,0.0,0.0,0.0,0.0,0.0,0.0,0.0,0.0,0.0,0.0,0.0,0.0
60880,0.0,0.0,0.0,0.0,0.0,0.0,0.0,0.0,0.0,0.0,0.0,0.0
60933,-171512.9445271492,-215741.9587135315,-3917455.079088211,-2278386.080714226,-1807634.1095186472,-1235513.1774568558,-1764092.7310256958,-3596631.0898757577,-4088431.1739028096,-3965832.1321311593,-950314.8983877897,-344627.3808270097
60934,-6833.117412984371,-15913.057136535645,-269997.11072692275,-185381.8592748344,-67053.9628714174,-140100.5390690863,-258138.14831646532,-353969.17371052504,-345017.7804685235,-597731.609208852,-3389.124994736165,-94221.006920835
60935,0.0,0.0,0.0,0.0,0.0,0.0,0.0,0.0,0.0,0.0,0.0,0.0
60936,0.0,0.0,0.0,0.0,0.0,0.0,0.0,0.0,0.0,0.0,0.0,0.0
60939,0.0,0.0,0.0,0.0,0.0,0.0,0.0,0.0,0.0,0.0,0.0,0.0
60941,0.0,0.0,0.0,0.0,0.0,0.0,0.0,0.0,0.0,0.0,0.0,0.0
60996,1579.7760034799576,13151.94630753994,10654.972107365727,1394.1051684617996,2069.080664500594,-241.8776756376028,-282.71924021840096,-626.1584185212851,-130.0456013828516,-130.47500240802765,2979.7388957738876,1833.1513390541077
60997,0.0,0.0,0.0,0.0,0.0,0.0,0.0,0.0,0.0,0.0,0.0,0.0
61040,0.0,0.0,0.0,0.0,0.0,0.0,0.0,0.0,0.0,0.0,0.0,0.0
61041,6295.2184727191925,260847.18091869354,-128163.51106095314,-68399.35290765762,-19113.169084191322,0.0,0.0,0.0,0.0,0.0,-7900.325035646558,213800.32986357063
61050,-8093.868775367737,-40203.42568850517,-59075.946976184845,-3674.4588416814804,0.0,0.0,0.0,0.0,0.0,0.0,0.0,-26689.133391290903
61051,-13357.279593253508,-42346.54950718302,-127810.86148943007,-49155.930508479476,-69008.7171197068,-52172.909732433036,0.0,0.0,0.0,0.0,0.0,0.0
61052,0.0,0.0,0.0,0.0,0.0,0.0,0.0,0.0,0.0,0.0,0.0,0.0
61053,0.0,0.0,0.0,0.0,0.0,0.0,0.0,0.0,0.0,0.0,0.0,0.0
61054,0.0,0.0,0.0,0.0,0.0,0.0,0.0,0.0,0.0,0.0,0.0,0.0
61070,0.0,0.0,0.0,0.0,0.0,0.0,0.0,0.0,0.0,0.0,0.0,0.0
61087,0.0,0.0,0.0,0.0,0.0,0.0,0.0,0.0,0.0,0.0,0.0,0.0
61113,-5993.111304625869,-10345.717424035072,-111499.82349994779,-118030.02840867639,-29779.303508616984,-39350.84295171499,-145590.29304904118,-260610.89730795845,-300649.6978873722,-271122.44125374686,-36371.643302245066,-19359.738921366632
61114,-161.94186156243086,-235.85972613468766,-134.22731456905603,-325.7255494594574,-180.08316077291965,-23.987295046448708,-131.37413643300533,-612.6292268633842,-708.913736358285,-582.3475831374526,0.0,0.0
61115,-31.705517940223217,-44.85025154054165,-16.514075487852097,-31.565651893615723,-19.783302798867226,-1.9331313073635101,-27.943562146276236,-140.5682875243947,-120.372918154113,-50.97343718633056,0.0,-10.490316832438111
61117,0.0,0.0,0.0,0.0,0.0,0.0,0.0,0.0,0.0,0.0,0.0,0.0
61119,0.0,0.0,0.0,0.0,0.0,0.0,0.0,0.0,0.0,0.0,0.0,0.0
61120,0.0,0.0,0.0,0.0,0.0,0.0,0.0,0.0,0.0,0.0,0.0,0.0
61122,0.0,0.0,0.0,0.0,0.0,0.0,0.0,0.0,0.0,0.0,0.0,0.0
61123,0.0,0.0,0.0,0.0,0.0,0.0,0.0,0.0,0.0,0.0,0.0,0.0
61124,0.0,0.0,0.0,0.0,0.0,0.0,0.0,0.0,0.0,0.0,0.0,0.0
61178,-3879.6196261644363,-4259.432890623808,-2449.243328809738,0.0,-1548.7031367123127,-1858.352920398116,-1904.0116680711508,-3340.349244184792,-446.5380153208971,-1173.1676112264395,-5880.189906775951,-6449.576094478369
61180,0.0,0.0,0.0,0.0,0.0,0.0,0.0,0.0,0.0,0.0,0.0,0.0
61205,21695.573318719864,111171.35853266716,203731.1812288761,218268.42877078056,123858.12886357307,32518.554547429085,0.0,0.0,0.0,0.0,0.0,31690.81203198433
61223,0.0,0.0,0.0,0.0,0.0,0.0,0.0,0.0,0.0,0.0,0.0,0.0
61224,539145.6184654236,1258538.3562247753,1810341.692261815,1294462.3327230215,669511.1603055,229159.61644124985,5.942571640014648,0.0,0.0,76.70505121350288,690.7276073843241,215883.3489547968
61225,-244210.31637725234,-242514.46875064634,-171338.7647935748,-185234.2480617687,-3483.2042032405734,-16958.3541789297,-24209.168063787743,-33021.26891456917,-40787.06986518856,-7757.805428001098,-11749.127317721024,-137410.89213189285
61235,45955.81579887867,191103.06674939394,237368.4440804124,150277.6941922903,202466.67412537336,0.0,0.0,0.0,0.0,0.0,0.0,0.0
61236,0.0,0.0,0.0,0.0,0.0,0.0,0.0,0.0,0.0,0.0,0.0,0.0
61237,-237.81185926496983,-3121.8205572515726,-960.503560334444,-50.73177653551102,-95.61724999547005,0.0,0.0,0.0,0.0,0.0,0.0,0.0
61238,0.0,0.0,0.0,0.0,0.0,0.0,0.0,0.0,0.0,0.0,0.0,0.0
61239,0.0,0.0,0.0,0.0,0.0,0.0,0.0,0.0,0.0,0.0,0.0,0.0
61240,0.0,0.0,0.0,0.0,0.0,0.0,0.0,0.0,0.0,0.0,0.0,0.0
61241,0.0,0.0,0.0,0.0,0.0,0.0,0.0,0.0,0.0,0.0,0.0,0.0
61242,0.0,0.0,0.0,0.0,0.0,0.0,0.0,0.0,0.0,0.0,0.0,0.0
61304,-5992.7636124789715,-13924.884343147278,-232588.69268113375,-195625.55738823116,-99422.27595795691,-73138.86439272016,-243885.54772540182,-441949.37452217564,-501147.98110332526,-9809.2294921875,-64470.558409999125,-26329.45185075514
61305,147.74146935669705,196.7401679828763,115.30724900960922,306.5199903920293,156.65469297766685,1.5788071267306805,88.67153124511242,481.6931923292577,604.3527123844251,611.7593219103292,80.68155096564442,0.0
61306,-305.0464513003826,-76.39035928249359,0.0,-64.22056174278259,-39.01999568939209,-17.065435975790024,-80.56136107444763,-549.7689672708511,-427.4173747897148,-52.776464857161045,0.0,-68.28672361373901
61307,0.0,0.0,0.0,0.0,0.0,0.0,0.0,0.0,0.0,0.0,0.0,0.0
61308,0.0,0.0,0.0,0.0,0.0,0.0,0.0,0.0,0.0,0.0,0.0,0.0
61309,0.0,0.0,0.0,0.0,0.0,0.0,0.0,0.0,0.0,0.0,0.0,0.0
61310,0.0,0.0,0.0,0.0,0.0,0.0,0.0,0.0,0.0,0.0,0.0,0.0
61311,0.0,0.0,0.0,0.0,0.0,0.0,0.0,0.0,0.0,0.0,0.0,0.0
61314,0.0,0.0,0.0,0.0,0.0,0.0,0.0,0.0,0.0,0.0,0.0,0.0
61369,376170.81856274605,384468.26365602016,118128.9020844698,82010.503967762,361556.35393732786,252222.624881953,415764.39680832624,406662.71915231645,419313.0047721267,145971.8414798677,446378.5196862221,397678.06367993355
61370,0.6474841001909226,443.9496811312856,11096.081391462125,15422.349046719843,12351.696874470712,7211.491172856011,360.39902084998903,0.0,0.0,0.0,0.0,0.0
61413,0.0,0.0,0.0,0.0,0.0,0.0,0.0,0.0,0.0,0.0,0.0,0.0
61414,-1042946.5512332916,166838.7788324356,-48578.76922893524,-56290.610072255135,147117.6340571642,0.0,0.0,0.0,0.0,0.0,-97143.34051316977,-345226.27873778343
61423,196369.76160240173,262675.37007188797,362669.3617762327,96827.3723012209,139676.83633977175,0.0,0.0,0.0,0.0,0.0,0.0,0.0
61424,2017.0858762562275,8436.313759403303,11208.211176954675,741.5263544172049,2592.602153081447,0.0,0.0,0.0,0.0,0.0,0.0,0.0
61425,-8307.798428498209,-32646.364015579224,-14260.155168130994,0.0,-1332.4269196540117,0.0,0.0,0.0,0.0,0.0,0.0,0.0
61426,0.0,0.0,0.0,0.0,0.0,0.0,0.0,0.0,0.0,0.0,0.0,0.0
61452,0.0,0.0,0.0,0.0,0.0,0.0,0.0,0.0,0.0,0.0,0.0,0.0
61493,7353.604717850685,451.0355181694031,321006.70245957375,286951.9530900717,330229.6396933198,5588.191536799073,105919.93264010549,500632.76085694507,672169.896095898,1154427.9073024811,183086.15892765857,48766.73092349991
61494,-36.49301032582298,-17.476316660642624,-6.186020880937576,-55.231715869158506,-35.81813268363476,0.0,-13.358953461050987,-111.4678423050791,-133.38974155392498,-172.59054122678936,-28.168076802510768,0.0
61495,-121.53565390408039,-64.24373698234558,-2.2335604429244995,-140.6728567481041,-204.08353281021118,0.0,-12.537944972515106,-675.7812470495701,-962.7454909384251,-1672.2983363494277,-633.4591603800654,-37.96314564347267
61496,-10.317295596003532,-6.536060154438019,-1.3299794793128967,-13.274909541010857,-22.419659674167633,0.0,-0.570413127541542,-72.09000197798014,-136.5407038591802,-208.78466243296862,-100.32107027992606,-8.29858173429966
61498,0.0,0.0,0.0,0.0,0.0,0.0,0.0,0.0,0.0,0.0,0.0,0.0
61499,0.0,0.0,0.0,0.0,0.0,0.0,0.0,0.0,0.0,0.0,0.0,0.0
61501,0.0,0.0,0.0,0.0,0.0,0.0,0.0,0.0,0.0,0.0,0.0,0.0
61505,0.0,0.0,0.0,0.0,0.0,0.0,0.0,0.0,0.0,0.0,0.0,0.0
61506,0.0,0.0,0.0,0.0,0.0,0.0,0.0,0.0,0.0,0.0,0.0,0.0
61559,-964175.9831447601,-2823770.9077939987,-2117783.376970291,-441089.8839364052,-664276.89209795,-56959.94801092148,-99238.82091879845,-99074.01653039455,0.0,-89.48867344856262,-274148.82724905014,-1279781.9391260147
61560,0.0,0.0,0.0,0.0,0.0,0.0,0.0,0.0,0.0,0.0,0.0,0.0
61603,0.0,0.0,0.0,0.0,0.0,0.0,0.0,0.0,0.0,0.0,0.0,0.0
61604,-239148.729330156,0.0,-180756.45516851358,-258328.21012844518,-15150.758449392393,0.0,0.0,0.0,0.0,0.0,0.0,-127271.9453125
61614,272869.2405834794,351626.04050835967,166699.29845035076,-6011.628880739212,-29977.00360405445,0.0,0.0,0.0,0.0,0.0,0.0,461897.95616704226
61616,0.0,0.0,0.0,0.0,0.0,0.0,0.0,0.0,0.0,0.0,0.0,0.0
61617,0.0,0.0,0.0,0.0,0.0,0.0,0.0,0.0,0.0,0.0,0.0,0.0
61618,0.0,0.0,0.0,0.0,0.0,0.0,0.0,0.0,0.0,0.0,0.0,0.0
61686,0.0,0.0,0.0,0.0,0.0,0.0,0.0,0.0,0.0,0.0,0.0,0.0
61687,-91.9899090398103,-28.940707482397556,-12.969822347164154,-89.07156130298972,-69.42189178615808,0.0,-20.317929323762655,-182.0421915501356,-259.8938914453611,-351.8979090708308,-70.82548091746867,0.0
61688,-111.24526489526033,-90.45542773604393,-77.10874098539352,-117.0192124992609,-87.66741777956486,-12.684234902262688,-38.5409699678421,-258.88592098653316,-322.53923730552197,-265.09342262521386,0.0,-3.8115059696137905
61689,66.60933203995228,52.53773635625839,47.25954079627991,62.95389637351036,58.75874483585358,0.0,19.381639897823334,182.12893075495958,241.85326121002436,289.9779715500772,79.0937112532556,0.0
61690,0.0,0.0,0.0,0.0,0.0,0.0,0.0,0.0,0.0,0.0,0.0,0.0
61691,0.0,0.0,0.0,0.0,0.0,0.0,0.0,0.0,0.0,0.0,0.0,0.0
61692,0.0,0.0,0.0,0.0,0.0,0.0,0.0,0.0,0.0,0.0,0.0,0.0
61693,0.0,0.0,0.0,0.0,0.0,0.0,0.0,0.0,0.0,0.0,0.0,0.0
61698,0.0,0.0,0.0,0.0,0.0,0.0,0.0,0.0,0.0,0.0,0.0,0.0
61702,0.0,0.0,0.0,0.0,0.0,0.0,0.0,0.0,0.0,0.0,0.0,0.0
61750,0.0,0.0,0.0,0.0,0.0,0.0,0.0,0.0,0.0,0.0,0.0,0.0
61751,-703.9023041203618,-2411.4471576865762,-2382.612829744816,-1015.8065635021776,-2319.7752218181267,-588.5190318087116,-412.165294053033,0.0,0.0,0.0,-29.1688140174374,-1297.4782677588519
61752,0.0,0.0,0.0,0.0,0.0,0.0,0.0,0.0,0.0,0.0,0.0,0.0
61795,0.0,0.0,0.0,0.0,0.0,0.0,0.0,0.0,0.0,0.0,0.0,0.0
61796,0.0,-148716.5875829542,0.0,0.0,0.0,0.0,0.0,0.0,0.0,0.0,0.0,-42803.93359375
61805,151171.17001831532,281788.0953043699,104301.58646398783,102682.1307952404,103721.84211099148,0.0,0.0,0.0,0.0,0.0,0.0,414.0020296573639
61806,0.0,0.0,0.0,0.0,0.0,0.0,0.0,0.0,0.0,0.0,0.0,0.0
61807,0.0,0.0,0.0,0.0,0.0,0.0,0.0,0.0,0.0,0.0,0.0,0.0
61808,0.0,0.0,0.0,0.0,0.0,0.0,0.0,0.0,0.0,0.0,0.0,0.0
61809,0.0,0.0,0.0,0.0,0.0,0.0,0.0,0.0,0.0,0.0,0.0,0.0
61826,0.0,0.0,0.0,0.0,0.0,0.0,0.0,0.0,0.0,0.0,0.0,0.0
61837,0.0,0.0,0.0,0.0,0.0,0.0,0.0,0.0,0.0,0.0,0.0,0.0
61879,0.0,0.0,0.0,0.0,0.0,0.0,0.0,0.0,0.0,0.0,0.0,0.0
61880,0.0,0.0,0.0,0.0,0.0,0.0,0.0,0.0,0.0,0.0,0.0,0.0
61881,0.0,0.0,0.0,0.0,0.0,0.0,0.0,0.0,0.0,0.0,0.0,0.0
61882,0.0,0.0,285.437337026,800.157467611134,679.0963209234178,285.53634683415294,31.332775343209505,691.4813963472843,1580.1892813295126,2629.1274658069015,2443.535083718598,963.809243477881
61883,-18.139974057674408,-2.4655688405036926,-7.710521042346954,-67.3959469795227,-91.70839551091194,0.0,-39.80030483007431,-409.2147257477045,-520.5549606382847,-438.1333300471306,-8.09075716137886,0.0
61885,0.0,0.0,0.0,0.0,0.0,0.0,0.0,0.0,0.0,0.0,0.0,0.0
61886,0.0,0.0,0.0,0.0,0.0,0.0,0.0,0.0,0.0,0.0,0.0,0.0
61890,0.0,0.0,0.0,0.0,0.0,0.0,0.0,0.0,0.0,0.0,0.0,0.0
61892,0.0,0.0,0.0,0.0,0.0,0.0,0.0,0.0,0.0,0.0,0.0,0.0
61937,-0.82660973072052,-68.07383078336716,-120.79245737195015,-73.66145303845406,-51.58875274658203,0.0,0.0,0.0,0.0,0.0,0.0,0.0
61938,0.0,0.0,0.0,0.0,0.0,0.0,0.0,0.0,0.0,0.0,0.0,0.0
61939,0.0,0.0,0.0,0.0,0.0,0.0,0.0,0.0,0.0,0.0,0.0,0.0
61940,0.0,0.0,0.0,0.0,0.0,0.0,0.0,0.0,0.0,0.0,0.0,0.0
61941,213.3371617794037,876.6564297676086,1641.8834631443024,89.30961388349533,232.0813728570938,0.0,0.0,0.0,0.0,0.0,0.0,360.7679817080498
61943,0.0,0.0,0.0,0.0,0.0,0.0,0.0,0.0,0.0,0.0,0.0,0.0
61986,0.0,0.0,0.0,0.0,0.0,0.0,0.0,0.0,0.0,0.0,0.0,0.0
61987,0.0,1025614.1355947517,759302.8624154776,294789.50395260844,0.0,0.0,0.0,0.0,0.0,0.0,45271.8042591773,-8009.95556640625
61996,22569.846024274826,42884.524658977985,12774.81893479824,28702.28986287117,10365.999876379967,0.0,0.0,0.0,0.0,0.0,0.0,0.0
61997,0.0,0.0,0.0,0.0,0.0,0.0,0.0,0.0,0.0,0.0,0.0,0.0
62071,0.0,0.0,0.0,0.0,0.0,0.0,0.0,0.0,0.0,0.0,0.0,0.0
62073,0.0,0.0,0.0,0.0,0.0,0.0,0.0,0.0,0.0,0.0,0.0,0.0
62074,0.0,0.0,0.0,0.0,0.0,0.0,0.0,0.0,0.0,0.0,0.0,0.0
62080,0.0,0.0,0.0,0.0,0.0,0.0,0.0,0.0,0.0,0.0,0.0,0.0
62125,0.0,0.0,0.0,0.0,0.0,0.0,0.0,0.0,0.0,0.0,0.0,0.0
62126,0.0,0.0,0.0,0.0,0.0,0.0,0.0,0.0,0.0,0.0,0.0,0.0
62127,0.0,0.0,0.0,0.0,0.0,0.0,0.0,0.0,0.0,0.0,0.0,0.0
62128,0.0,0.0,0.0,0.0,0.0,0.0,0.0,0.0,0.0,0.0,0.0,0.0
62170,0.0,0.0,0.0,0.0,0.0,0.0,0.0,0.0,0.0,0.0,0.0,0.0
62171,-602469.1151055992,-602646.7099425644,-387759.44430685043,-151501.48778889328,0.0,0.0,0.0,0.0,0.0,0.0,-41523.811166649684,-414488.75
62179,177653.37800133228,376399.2583974004,138827.06952768564,368569.7009012699,160534.19556081295,0.0,0.0,0.0,0.0,0.0,-94.88555969297886,-233346.22233097255
62180,0.0,0.0,0.0,0.0,0.0,0.0,0.0,0.0,0.0,0.0,0.0,0.0
62198,0.0,0.0,0.0,0.0,0.0,0.0,0.0,0.0,0.0,0.0,0.0,0.0
62210,0.0,0.0,0.0,0.0,0.0,0.0,0.0,0.0,0.0,0.0,0.0,0.0
62254,3640611.049625218,7763153.262109876,12938137.082374811,7190880.335493326,4912583.756564498,2308986.595527321,5665169.471381664,8250534.772417799,10561187.311840143,7926341.628700335,2496441.3165184604,2329644.7927610828
62255,0.0,0.0,0.0,0.0,0.0,0.0,0.0,0.0,0.0,0.0,0.0,0.0
62258,0.0,0.0,0.0,0.0,0.0,0.0,0.0,0.0,0.0,0.0,0.0,0.0
62259,0.0,0.0,0.0,0.0,0.0,0.0,0.0,0.0,0.0,0.0,0.0,0.0
62260,0.0,0.0,0.0,0.0,0.0,0.0,0.0,0.0,0.0,0.0,0.0,0.0
62262,0.0,0.0,0.0,0.0,0.0,0.0,0.0,0.0,0.0,0.0,0.0,0.0
62263,0.0,0.0,0.0,0.0,0.0,0.0,0.0,0.0,0.0,0.0,0.0,0.0
62303,2979.3013682365417,4778.972222954035,4681.6346163749695,3806.319237589836,892.5920786559582,0.0,0.0,0.0,0.0,0.0,0.0,947.0881440639496
62304,0.0,0.0,0.0,0.0,0.0,0.0,0.0,0.0,0.0,0.0,0.0,0.0
62305,0.0,0.0,0.0,0.0,0.0,0.0,0.0,0.0,0.0,0.0,0.0,0.0
62306,0.0,0.0,0.0,0.0,0.0,0.0,0.0,0.0,0.0,0.0,0.0,0.0
62348,0.0,0.0,0.0,0.0,0.0,0.0,0.0,0.0,0.0,0.0,0.0,0.0
62349,-1183088.1856369972,-736777.3321983814,-1154773.7240179777,-529837.986356318,93905.14564856887,0.0,0.0,0.0,0.0,51511.24430980533,677557.1441851258,58418.57859300077
62357,1419991.352920264,2488707.201298408,675990.2433451414,1182643.0312544107,76591.0681218803,0.0,0.0,0.0,0.0,0.0,0.0,32372.617922246456
62434,0.0,0.0,0.0,0.0,0.0,0.0,0.0,0.0,0.0,0.0,0.0,0.0
62437,0.0,0.0,0.0,0.0,0.0,0.0,0.0,0.0,0.0,0.0,0.0,0.0
62439,0.0,0.0,0.0,0.0,0.0,0.0,0.0,0.0,0.0,0.0,0.0,0.0
62441,0.0,0.0,0.0,0.0,0.0,0.0,0.0,0.0,0.0,0.0,0.0,0.0
62442,0.0,0.0,0.0,0.0,0.0,0.0,0.0,0.0,0.0,0.0,0.0,0.0
62483,0.0,0.0,0.0,0.0,0.0,0.0,0.0,0.0,0.0,0.0,0.0,0.0
62484,0.0,0.0,0.0,0.0,0.0,0.0,0.0,0.0,0.0,0.0,0.0,0.0
62525,0.0,0.0,0.0,0.0,0.0,0.0,0.0,0.0,0.0,0.0,0.0,0.0
62526,0.0,0.0,0.0,0.0,0.0,0.0,0.0,0.0,0.0,0.0,0.0,0.0
62533,-553096.9552170336,-861434.0537169725,-146389.03523260355,-11741.69443923235,0.0,0.0,0.0,0.0,0.0,0.0,0.0,-496477.65702933073
62534,0.0,0.0,0.0,0.0,0.0,0.0,0.0,0.0,0.0,0.0,0.0,0.0
62565,0.0,0.0,0.0,0.0,0.0,0.0,0.0,0.0,0.0,0.0,0.0,0.0
62611,0.0,0.0,0.0,0.0,0.0,0.0,0.0,0.0,0.0,0.0,0.0,0.0
62612,0.0,0.0,0.0,0.0,0.0,0.0,0.0,0.0,0.0,0.0,0.0,0.0
62614,0.0,0.0,0.0,0.0,0.0,0.0,0.0,0.0,0.0,0.0,0.0,0.0
62616,0.0,0.0,0.0,0.0,0.0,0.0,0.0,0.0,0.0,0.0,0.0,0.0
62617,0.0,0.0,0.0,0.0,0.0,0.0,0.0,0.0,0.0,0.0,0.0,0.0
62618,0.0,0.0,0.0,0.0,0.0,0.0,0.0,0.0,0.0,0.0,0.0,0.0
62619,0.0,0.0,0.0,0.0,0.0,0.0,0.0,0.0,0.0,0.0,0.0,0.0
62620,0.0,0.0,0.0,0.0,0.0,0.0,0.0,0.0,0.0,0.0,0.0,0.0
62658,0.0,0.0,0.0,0.0,0.0,0.0,0.0,0.0,0.0,0.0,0.0,0.0
62659,0.0,-63070.94837856293,-191891.19744038582,-175244.46723425388,-37243.18684089184,0.0,0.0,0.0,0.0,0.0,0.0,0.0
62660,0.0,0.0,0.0,0.0,0.0,0.0,0.0,0.0,0.0,0.0,0.0,0.0
62699,0.0,0.0,0.0,0.0,0.0,0.0,0.0,0.0,0.0,0.0,0.0,0.0
62700,0.0,0.0,0.0,0.0,0.0,0.0,0.0,0.0,0.0,0.0,0.0,0.0
62701,0.0,0.0,0.0,0.0,0.0,0.0,0.0,0.0,0.0,0.0,0.0,0.0
62702,0.0,0.0,0.0,0.0,0.0,0.0,0.0,0.0,0.0,0.0,0.0,0.0
62709,-179597.70138926618,-494557.19779667817,-143850.78053865582,-169908.33821371198,-59281.68930250406,0.0,0.0,0.0,0.0,0.0,0.0,-10555.109791919589
62710,0.0,0.0,0.0,0.0,0.0,0.0,0.0,0.0,0.0,0.0,0.0,0.0
62711,0.0,0.0,0.0,0.0,0.0,0.0,0.0,0.0,0.0,0.0,0.0,0.0
62788,-444838.362867035,-122862.7746759057,-521414.9753557369,-335444.7703785673,-278642.8226553686,-251316.9367079083,-159140.79417584836,-451693.77005496435,-284619.8865738474,0.0,0.0,0.0
62789,0.0,0.0,0.0,0.0,0.0,0.0,0.0,0.0,0.0,0.0,0.0,0.0
62790,0.0,0.0,0.0,0.0,0.0,0.0,0.0,0.0,0.0,0.0,0.0,0.0
62794,0.0,0.0,0.0,0.0,0.0,0.0,0.0,0.0,0.0,0.0,0.0,0.0
62795,0.0,0.0,0.0,0.0,0.0,0.0,0.0,0.0,0.0,0.0,0.0,0.0
62797,0.0,0.0,0.0,0.0,0.0,0.0,0.0,0.0,0.0,0.0,0.0,0.0
62834,0.0,0.0,0.0,0.0,0.0,0.0,0.0,0.0,0.0,0.0,0.0,0.0
62835,0.0,0.0,0.0,0.0,0.0,0.0,0.0,0.0,0.0,0.0,0.0,0.0
62836,0.0,0.0,0.0,0.0,0.0,0.0,0.0,0.0,0.0,0.0,0.0,0.0
62837,0.0,0.0,0.0,0.0,0.0,0.0,0.0,0.0,0.0,0.0,0.0,0.0
62874,8199.482029454317,6369.541940543335,55043.76838874398,145312.19530914212,130035.61387656443,46096.41522819502,6689.276595475618,0.0,0.0,0.0,0.0,291.21772549301386
62875,1652590.7804863453,1335792.6026627421,2025536.1307815313,2472885.883987546,795037.9816282392,-183433.06049847603,-42381.21959531307,0.0,1.0371199250221252,322.79608446359634,27537.63390082121,671123.6688657999
62876,0.0,0.0,0.0,0.0,0.0,0.0,0.0,0.0,0.0,0.0,0.0,0.0
62877,0.0,0.0,0.0,0.0,0.0,0.0,0.0,0.0,0.0,0.0,0.0,0.0
62879,0.0,0.0,0.0,0.0,0.0,0.0,0.0,0.0,0.0,0.0,0.0,0.0
62880,-613343.2769489884,-733470.2509594038,-239401.88318493962,-128408.47582708299,-8239.637284681201,0.0,0.0,0.0,0.0,0.0,-2219.0851075798273,-317289.5152911842
62881,-112982.1489036798,-72887.21875,-41114.66716512106,-6725.38306081295,0.0,0.0,0.0,0.0,0.0,0.0,-234.30375393107533,-78680.36382826418
62882,0.0,0.0,0.0,0.0,0.0,0.0,0.0,0.0,0.0,0.0,0.0,0.0
62960,-102276.54907508194,-208680.050268054,-384437.91918084025,-105044.45731198788,-77133.27640104294,-33765.145443320274,-222380.881305933,0.0,-314979.1422726959,-174466.83241522312,-119.2371423104778,-24852.746598543134
62961,0.0,0.0,0.0,0.0,0.0,0.0,0.0,0.0,0.0,0.0,0.0,0.0
62962,0.0,0.0,0.0,0.0,0.0,0.0,0.0,0.0,0.0,0.0,0.0,0.0
62966,0.0,0.0,0.0,0.0,0.0,0.0,0.0,0.0,0.0,0.0,0.0,0.0
62967,0.0,0.0,0.0,0.0,0.0,0.0,0.0,0.0,0.0,0.0,0.0,0.0
63006,0.0,-253.90039706230164,-118.18419682979584,-362.58663830161095,-205.3360486626625,0.0,0.0,0.0,0.0,0.0,0.0,0.0
63007,0.0,0.0,0.0,0.0,0.0,0.0,0.0,0.0,0.0,0.0,0.0,0.0
63008,0.0,0.0,0.0,0.0,0.0,0.0,0.0,0.0,0.0,0.0,0.0,0.0
63044,448615.40914681554,303734.0798354149,209665.74695289135,331738.64599093795,59973.11852234602,4596.082782328129,12096.092159211636,0.0,0.0,4.546227857470512,680.2363601028919,177550.36673036218
63045,0.0,0.0,0.0,0.0,0.0,0.0,0.0,0.0,0.0,0.0,0.0,0.0
63046,0.0,0.0,0.0,0.0,0.0,0.0,0.0,0.0,0.0,0.0,0.0,0.0
63047,0.0,0.0,0.0,0.0,0.0,0.0,0.0,0.0,0.0,0.0,0.0,0.0
63048,0.0,0.0,0.0,0.0,0.0,0.0,0.0,0.0,0.0,0.0,0.0,0.0
63049,0.0,0.0,0.0,0.0,0.0,0.0,0.0,0.0,0.0,0.0,0.0,0.0
63050,0.0,0.0,0.0,0.0,0.0,0.0,0.0,0.0,0.0,0.0,0.0,0.0
63063,0.0,0.0,0.0,0.0,0.0,0.0,0.0,0.0,0.0,0.0,0.0,0.0
63128,0.0,0.0,0.0,0.0,0.0,0.0,0.0,0.0,0.0,0.0,0.0,0.0
63129,0.0,0.0,0.0,0.0,0.0,0.0,0.0,0.0,0.0,0.0,0.0,0.0
63133,0.0,0.0,0.0,0.0,0.0,0.0,0.0,0.0,0.0,0.0,0.0,0.0
63134,0.0,0.0,0.0,0.0,0.0,0.0,0.0,0.0,0.0,0.0,0.0,0.0
63135,0.0,0.0,0.0,0.0,0.0,0.0,0.0,0.0,0.0,0.0,0.0,0.0
63136,0.0,0.0,0.0,0.0,0.0,0.0,0.0,0.0,0.0,0.0,0.0,0.0
63173,1980.7961241602898,4799.330475509167,1235.0583035051823,6079.088057875633,1865.8540520966053,0.0,0.0,0.0,0.0,0.0,0.0,1988.763438358903
63174,0.0,0.0,0.0,0.0,0.0,0.0,0.0,0.0,0.0,0.0,0.0,0.0
63209,-471039.7902267873,-272040.32831811905,-133608.53621542454,149770.73634046316,89188.20414608717,20226.80101007223,0.0,0.0,0.25141066312789917,16.742498338222504,-17916.104885995388,-325949.84216308594
63210,0.0,0.0,0.0,0.0,0.0,0.0,0.0,0.0,0.0,0.0,0.0,0.0
63211,0.0,0.0,0.0,0.0,0.0,0.0,0.0,0.0,0.0,0.0,0.0,0.0
63212,0.0,0.0,0.0,0.0,0.0,0.0,0.0,0.0,0.0,0.0,0.0,0.0
63229,0.0,0.0,0.0,0.0,0.0,0.0,0.0,0.0,0.0,0.0,0.0,0.0
63290,0.0,0.0,0.0,0.0,0.0,0.0,0.0,0.0,0.0,0.0,0.0,0.0
63291,0.0,0.0,0.0,0.0,0.0,0.0,0.0,0.0,0.0,0.0,0.0,0.0
63294,0.0,0.0,0.0,0.0,0.0,0.0,0.0,0.0,0.0,0.0,0.0,0.0
63295,0.0,0.0,0.0,0.0,0.0,0.0,0.0,0.0,0.0,0.0,0.0,0.0
63296,0.0,0.0,0.0,0.0,0.0,0.0,0.0,0.0,0.0,0.0,0.0,0.0
63297,0.0,0.0,0.0,0.0,0.0,0.0,0.0,0.0,0.0,0.0,0.0,0.0
63298,0.0,0.0,0.0,0.0,0.0,0.0,0.0,0.0,0.0,0.0,0.0,0.0
63316,-835270.0758724213,-1405151.801199913,-2549931.6779289246,-4465227.061514854,-1573085.0175952911,-520464.95673179626,-295839.00166511536,-192112.91766357422,-247253.39194107056,-205167.01313209534,-393254.528881073,-435445.2341270447
63335,-27738.7485165596,-172816.68538188934,-386440.8750090599,-492257.1734793186,-103984.44306266308,0.0,0.0,0.0,0.0,0.0,0.0,-54383.50499653816
63336,0.0,0.0,0.0,0.0,0.0,0.0,0.0,0.0,0.0,0.0,0.0,0.0
63371,0.0,0.0,0.0,0.0,0.0,0.0,0.0,0.0,0.0,0.0,0.0,0.0
63372,0.0,0.0,0.0,0.0,0.0,0.0,0.0,0.0,0.0,0.0,0.0,0.0
63373,0.0,0.0,0.0,0.0,0.0,0.0,0.0,0.0,0.0,0.0,0.0,0.0
63452,0.0,0.0,0.0,0.0,0.0,0.0,0.0,0.0,0.0,0.0,0.0,0.0
63453,0.0,0.0,0.0,0.0,0.0,0.0,0.0,0.0,0.0,0.0,0.0,0.0
63478,-7255665.714672089,-17492679.34272766,-34427547.53800964,-23304462.209991455,-11830481.473575592,-15120.201721191406,-25970.693786621094,-140240.28633117676,-138044.43654632568,-126957.47914123535,-893570.9528198242,-1960113.4445724487
63497,-8753.746137738228,-125561.09286421537,-92181.84592735767,-188821.59693843126,-50694.72953701019,0.0,0.0,0.0,0.0,0.0,0.0,0.0
63499,0.0,0.0,0.0,0.0,0.0,0.0,0.0,0.0,0.0,0.0,0.0,0.0
63534,0.0,0.0,0.0,0.0,0.0,0.0,0.0,0.0,0.0,0.0,0.0,0.0
63535,0.0,0.0,0.0,0.0,0.0,0.0,0.0,0.0,0.0,0.0,0.0,0.0
63614,-414189.7599539086,-184071.83254913986,-250030.390625,-337005.0051840544,-258649.85380148888,-57612.1064119339,0.0,-84185.44245375693,-380149.72493192554,-21601.841796875,-57234.44140625,-157125.34375
63615,0.0,0.0,0.0,0.0,0.0,0.0,0.0,0.0,0.0,0.0,0.0,0.0
63620,0.0,0.0,0.0,0.0,0.0,0.0,0.0,0.0,0.0,0.0,0.0,0.0
63660,-3267.043814957142,-29488.87911516428,-13316.449853032827,-30016.16772800684,-15648.143088445067,0.0,0.0,0.0,0.0,0.0,0.0,0.0
63662,0.0,0.0,0.0,0.0,0.0,0.0,0.0,0.0,0.0,0.0,0.0,0.0
63671,862.7265812829137,7158.554903745651,-1104334.4546375275,-1239967.5876848698,-742257.2507395446,3444.3106955885887,0.0,0.0,0.0,2.9868848621845245,38.52534610033035,170.0750214010477
63696,0.0,0.0,0.0,0.0,0.0,0.0,0.0,0.0,0.0,0.0,243.85253367573023,0.0
63697,0.0,0.0,0.0,0.0,0.0,0.0,0.0,0.0,0.0,0.0,0.0,0.0
63743,0.0,0.0,0.0,0.0,0.0,0.0,0.0,0.0,0.0,0.0,0.0,0.0
63744,0.0,0.0,0.0,0.0,0.0,0.0,0.0,0.0,0.0,0.0,0.0,0.0
63775,0.0,0.0,-475443.941178672,0.0,0.0,0.0,0.0,0.0,0.0,-580495.5573143065,-585648.0559178554,-429350.83332554623
63776,0.0,0.0,0.0,0.0,0.0,0.0,0.0,0.0,0.0,0.0,0.0,0.0
63786,0.0,-2607332.75,-13106.91961146146,-5254943.254970461,-1330965.6383627877,0.0,0.0,0.0,0.0,0.0,-25872.746644665487,0.0
63821,-186.3992564678192,-1146.2402412295341,-587.5352064073086,-1953.03676456213,-754.5248286426067,0.0,0.0,0.0,0.0,0.0,0.0,0.0
63822,0.0,0.0,0.0,0.0,0.0,0.0,0.0,0.0,0.0,0.0,0.0,0.0
63823,0.0,0.0,0.0,0.0,0.0,0.0,0.0,0.0,0.0,0.0,0.0,0.0
63856,13733.03505314514,8643.17869545333,4273.3327356074005,1658.741747153923,0.0,0.0,0.0,0.0,0.0,0.0,1358.0637632608414,16239.557923253626
63857,0.0,0.0,0.0,0.0,0.0,0.0,0.0,0.0,0.0,0.0,0.0,0.0
63903,0.0,0.0,0.0,0.0,0.0,0.0,0.0,0.0,0.0,0.0,0.0,0.0
63904,0.0,0.0,0.0,0.0,0.0,0.0,0.0,0.0,0.0,0.0,0.0,0.0
63936,0.0,0.0,0.0,0.0,0.0,0.0,0.0,0.0,0.0,0.0,0.0,0.0
63937,0.0,0.0,0.0,0.0,0.0,0.0,0.0,0.0,0.0,0.0,0.0,0.0
63981,325.0165898799896,1364.7030040323734,3738.203896135092,8703.828147441149,2944.5326149612665,0.0,0.0,0.0,0.0,0.0,0.0,0.0
63982,-96.0175257846713,-760.5979079995304,-932.3335020430386,-1499.1959732212126,-434.15753033943474,0.0,0.0,0.0,0.0,0.0,0.0,0.0
63983,-1920664.82680998,-2162272.4445257187,-2871425.71869123,-2448418.0496967733,-230234.8332851231,-216855.40080413222,-10020.439645409584,0.0,-0.8583459705114365,4815.206512466073,-32828.219896912575,-1409175.7045573145
63984,0.0,0.0,0.0,0.0,2556.4971546836314,0.0,0.0,0.0,0.0,0.0,0.0,0.0
63992,-2071374.6501426995,-2430683.551283598,-2102542.4005748034,-1478250.8267871141,362568.11243519187,-227457.8336390853,-10020.439645409584,0.0,-0.8583459854125977,4766.717982769012,-33488.79458451271,-1410304.1308425665
64015,-511606.4515507147,-245636.61117598414,-34212.18948096037,0.0,0.0,0.0,0.0,0.0,0.0,-8713.202844202518,-106275.59083664417,-560614.7147446871
64016,0.0,0.0,0.0,0.0,0.0,0.0,0.0,0.0,0.0,0.0,0.0,0.0
64026,0.0,0.0,0.0,0.0,0.0,0.0,0.0,0.0,0.0,0.0,0.0,0.0
64094,0.0,0.0,0.0,0.0,0.0,0.0,0.0,0.0,0.0,0.0,0.0,0.0
64095,0.0,0.0,0.0,0.0,0.0,0.0,0.0,0.0,0.0,0.0,0.0,0.0
64105,86246.55868299212,0.0,63838.16272002831,49666.22666263394,19740.71061274223,0.0,0.0,0.0,0.0,0.0,0.0,52141.27552705258
64106,-4814439.383305134,-270009.625,-7109421.487473337,-1782451.875,-2284144.25,-1058103.614722496,0.0,0.0,0.0,-204142.3674522452,-1571234.75,-3183841.7292023506
64109,11058.608276754618,-533800.8462462947,-832897.8094361797,-1020719.3896999266,69421.22649119422,-196566.7911443729,0.0,0.0,0.0,877.9940365571529,7385.942960884422,0.0
64138,-91.56555825471878,-4148.58762973547,-2526.2401646375656,-16528.094212770462,-3225.7702854573727,0.0,0.0,0.0,0.0,0.0,0.0,0.0
64139,0.0,0.0,0.0,0.0,0.0,0.0,0.0,0.0,0.0,0.0,0.0,0.0
64168,423151.5733938813,131935.73553419113,97732.32694101334,82231.32006511092,1973.4084112644196,288.7854184359312,0.0,0.0,0.0,3276.0633555948734,43936.11775022745,423349.33504354954
64169,0.0,0.0,0.0,0.0,0.0,0.0,0.0,0.0,0.0,0.0,0.0,0.0
64170,0.0,0.0,0.0,0.0,0.0,0.0,0.0,0.0,0.0,0.0,0.0,0.0
64173,0.0,0.0,0.0,0.0,0.0,0.0,0.0,0.0,0.0,0.0,0.0,0.0
64220,0.0,0.0,0.0,0.0,0.0,0.0,0.0,0.0,0.0,0.0,0.0,0.0
64247,0.0,0.0,0.0,0.0,0.0,0.0,0.0,0.0,0.0,0.0,0.0,0.0
64248,0.0,0.0,0.0,0.0,0.0,0.0,0.0,0.0,0.0,0.0,0.0,0.0
64257,173791.53692372027,194597.5344911362,306152.90251979325,71821.98201963934,107526.21898007859,1645.7722416948527,0.0,0.0,0.0,2207.304462526692,20454.50968301081,64316.711319975555
64258,0.0,0.0,0.0,0.0,0.0,0.0,0.0,0.0,0.0,0.0,0.0,0.0
64261,-432444.8779885173,-1284250.585857585,-1062602.9843556434,-572190.1597004831,-152885.74760760367,25131.707136452198,0.0,0.0,0.0,6314.392596818507,48849.106883734465,38720.47237622738
64292,0.0,0.0,0.0,0.0,0.0,0.0,0.0,0.0,0.0,0.0,0.0,0.0
64320,9579.885075360537,10811.683533146977,16584.637497246265,11398.761011779308,2437.0749431699514,0.0,0.0,0.0,0.0,0.0,843.9224416166544,5092.627777636051
64321,0.0,0.0,0.0,0.0,0.0,0.0,0.0,0.0,0.0,0.0,0.0,0.0
64376,0.0,0.0,0.0,0.0,0.0,0.0,0.0,0.0,0.0,0.0,0.0,0.0
64398,0.0,0.0,0.0,0.0,0.0,0.0,0.0,0.0,0.0,0.0,0.0,0.0
64399,0.0,0.0,0.0,0.0,0.0,0.0,0.0,0.0,0.0,0.0,0.0,0.0
64400,0.0,0.0,0.0,0.0,0.0,0.0,0.0,0.0,0.0,0.0,0.0,0.0
64442,-574.6184602752328,-2598.312593538314,-9964.404087830335,-15672.49710762687,-3558.59839547053,0.0,0.0,0.0,0.0,0.0,0.0,0.0
64443,0.0,0.0,0.0,0.0,0.0,0.0,0.0,0.0,0.0,0.0,0.0,0.0
64470,787.4270743429661,19457.65910667181,60674.68362003565,64138.76389814913,18944.24348720908,0.0,0.0,0.0,0.0,0.0,0.0,0.0
64471,0.0,0.0,0.0,0.0,0.0,0.0,0.0,0.0,0.0,0.0,0.0,0.0
64475,0.0,0.0,0.0,0.0,0.0,0.0,0.0,0.0,0.0,0.0,0.0,0.0
64547,0.0,0.0,0.0,0.0,0.0,0.0,0.0,0.0,0.0,0.0,0.0,0.0
64548,0.0,0.0,0.0,0.0,0.0,0.0,0.0,0.0,0.0,0.0,0.0,0.0
64567,650270.5113429427,-872497.8635339588,-2362026.9033198357,-3435261.6436787844,-2999645.996179953,-1279704.9596495032,86592.63941533864,0.0,0.0,-468295.0780840218,-406664.4823791981,-280780.8127966821
64591,0.0,0.0,0.0,0.0,0.0,0.0,-53.46949603036046,-200.98496361076832,-234.12068973854184,-677.4105820469558,-637.3831787947565,-172.12933883536607
64592,0.0,0.0,0.0,0.0,0.0,0.0,0.0,0.0,0.0,0.0,0.0,0.0
64617,21287.437847435474,12684.070612609386,34804.716179430485,33407.46144768596,9777.45657095313,2257.397961229086,1339.3384775593877,0.0,0.0,0.0,449.51706197857857,22208.684381455183
64618,0.0,0.0,0.0,0.0,0.0,0.0,0.0,0.0,0.0,0.0,0.0,0.0
64619,0.0,0.0,0.0,0.0,0.0,0.0,0.0,0.0,0.0,0.0,0.0,0.0
64694,0.0,0.0,0.0,0.0,0.0,0.0,0.0,0.0,0.0,0.0,0.0,0.0
64695,0.0,0.0,0.0,0.0,0.0,0.0,0.0,0.0,0.0,0.0,0.0,0.0
64702,0.0,0.0,0.0,0.0,0.0,0.0,0.0,0.0,0.0,0.0,0.0,0.0
64737,0.0,0.0,2178.281408585608,8130.136189620942,1734.7680589966476,96.4770273566246,0.0,0.0,0.0,0.0,0.0,0.0
64738,0.0,0.0,0.0,0.0,0.0,0.0,0.0,0.0,0.0,0.0,0.0,0.0
64762,0.0,0.0,0.0,0.0,0.0,0.0,0.0,0.0,0.0,0.0,0.0,0.0
64763,33.411489337682724,1251.5087624192238,3237.194684058428,3987.2048928812146,986.6706990450621,0.0,0.0,0.0,0.0,0.0,0.0,0.0
64764,0.0,0.0,0.0,0.0,0.0,0.0,0.0,0.0,0.0,0.0,0.0,0.0
64839,0.0,0.0,0.0,0.0,0.0,0.0,0.0,0.0,0.0,0.0,0.0,0.0
64840,0.0,0.0,0.0,0.0,0.0,0.0,0.0,0.0,0.0,0.0,0.0,0.0
64849,0.0,0.0,0.0,0.0,0.0,0.0,0.0,0.0,0.0,0.0,0.0,0.0
64850,19815.518589548767,43402.47769925743,48370.37004087493,26225.591936551034,8904.499176844954,0.0,0.0,0.0,0.0,0.0,0.0,90.74653143249452
64881,0.0,0.0,0.0,0.0,0.0,0.0,0.0,0.0,0.0,0.0,0.0,0.0
64882,884909.280933355,218937.00646689907,0.0,0.0,1474.1083893477917,0.0,878.7235763967037,45112.47189681977,463196.5856090486,1116526.7375425359,1361640.989584729,1827795.4591812151
64904,0.0,0.0,487.37563982605934,1142.0886151753366,1561.6712648645043,1305.8360700272024,938.0181174427271,33.77571714669466,0.0,0.0,0.0,0.0
64905,-345981.1312548816,-171953.27814269066,-337302.0079257488,-170024.33429513872,4346.150709658861,0.0,0.0,0.0,0.0,0.0,0.0,-163371.159227252
64906,0.0,0.0,0.0,0.0,0.0,0.0,0.0,0.0,0.0,0.0,0.0,0.0
64919,0.0,0.0,0.0,0.0,0.0,0.0,0.0,0.0,0.0,0.0,0.0,0.0
64931,0.0,0.0,0.0,0.0,0.0,0.0,0.0,0.0,0.0,0.0,0.0,0.0
64932,0.0,0.0,0.0,0.0,0.0,0.0,0.0,0.0,0.0,0.0,0.0,0.0
64933,0.0,0.0,0.0,0.0,0.0,0.0,0.0,0.0,0.0,0.0,0.0,0.0
64934,0.0,0.0,0.0,0.0,0.0,0.0,0.0,0.0,0.0,0.0,0.0,0.0
64935,0.0,0.0,0.0,0.0,0.0,0.0,0.0,0.0,0.0,0.0,0.0,0.0
64936,0.0,0.0,0.0,0.0,0.0,0.0,0.0,0.0,0.0,0.0,0.0,0.0
64937,0.0,0.0,0.0,0.0,0.0,0.0,0.0,0.0,0.0,0.0,0.0,0.0
64938,0.0,0.0,0.0,0.0,0.0,0.0,0.0,0.0,0.0,0.0,0.0,0.0
64980,0.0,0.0,0.0,0.0,0.0,0.0,0.0,0.0,0.0,0.0,0.0,0.0
64981,0.0,0.0,0.0,0.0,0.0,0.0,0.0,0.0,0.0,0.0,0.0,0.0
65020,-12905081.109039307,-6285307.285465717,-3512543.6924495697,-6955141.942970276,-2156094.5249700546,390.4215211868286,-871.1480560302734,-136429.40639686584,-17137.180103302002,-1231766.696363449,-1255573.5831756592,-5958728.433235168
65022,0.0,0.0,0.0,0.0,0.0,0.0,2086.068865642592,0.0,0.0,83156.61625141464,68447.7586290054,44267.49323078152
65043,17656.02178746462,5584.745272547007,11602.652195513248,2904.1676063537598,0.0,0.0,0.0,0.0,0.0,0.0,1031.8917414397001,15136.474217370152
65044,0.0,0.0,0.0,0.0,0.0,0.0,0.0,0.0,0.0,0.0,0.0,0.0
65045,0.0,0.0,0.0,0.0,0.0,0.0,0.0,0.0,0.0,0.0,0.0,0.0
65055,0.0,0.0,0.0,0.0,0.0,0.0,0.0,0.0,0.0,0.0,0.0,0.0
65065,0.0,0.0,0.0,0.0,0.0,0.0,0.0,0.0,0.0,0.0,0.0,0.0
65066,0.0,0.0,0.0,0.0,0.0,0.0,0.0,0.0,0.0,0.0,0.0,0.0
65067,0.0,0.0,0.0,0.0,0.0,0.0,0.0,0.0,0.0,0.0,0.0,0.0
65068,0.0,0.0,0.0,0.0,0.0,0.0,0.0,0.0,0.0,0.0,0.0,0.0
65069,0.0,0.0,0.0,0.0,0.0,0.0,0.0,0.0,0.0,0.0,0.0,0.0
65070,0.0,0.0,0.0,0.0,0.0,0.0,0.0,0.0,0.0,0.0,0.0,0.0
65071,0.0,0.0,0.0,0.0,0.0,0.0,0.0,0.0,0.0,0.0,0.0,0.0
65072,0.0,0.0,0.0,0.0,0.0,0.0,0.0,0.0,0.0,0.0,0.0,0.0
65073,0.0,0.0,0.0,0.0,0.0,0.0,0.0,0.0,0.0,0.0,0.0,0.0
65074,0.0,0.0,0.0,0.0,0.0,0.0,0.0,0.0,0.0,0.0,0.0,0.0
65111,0.0,0.0,0.0,0.0,0.0,0.0,0.0,0.0,0.0,0.0,0.0,0.0
65112,0.0,0.0,0.0,0.0,0.0,0.0,0.0,0.0,0.0,0.0,0.0,0.0
65152,0.0,0.0,0.0,0.0,0.0,0.0,0.0,0.0,0.0,0.0,0.0,0.0
65153,111502.72499030596,0.0,0.0,0.0,0.0,0.0,0.0,15400.174210965633,213953.47969336063,610797.5589161571,601345.4925128184,715612.8792692721
65172,10023.18443975877,3297.717097089626,0.0,0.0,0.0,0.0,0.0,0.0,1676.7165038726525,2881.6916941567324,11205.16336800903,15563.104253165424
65173,26691.539497055113,98085.06558901072,177503.12472335994,117300.57353735715,30654.058433819562,6171.751995746046,0.0,0.0,0.0,2891.0416577756405,19736.790462836623,18672.68328154087
65174,-112789.92724406719,-45198.3773047775,-62616.57555817813,-53294.72873868793,-21960.293043792248,-1000.245285436511,0.0,0.0,0.0,-66511.25211724639,-87465.6107699275,-158403.2165697515
65191,0.0,0.0,0.0,0.0,0.0,0.0,0.0,0.0,0.0,0.0,0.0,0.0
65192,0.0,0.0,0.0,0.0,0.0,0.0,0.0,0.0,0.0,0.0,0.0,0.0
65193,0.0,0.0,0.0,0.0,0.0,0.0,0.0,0.0,0.0,0.0,0.0,0.0
65194,0.0,0.0,0.0,0.0,0.0,0.0,0.0,0.0,0.0,0.0,0.0,0.0
65199,0.0,0.0,0.0,0.0,0.0,0.0,0.0,0.0,0.0,0.0,0.0,0.0
65201,0.0,0.0,0.0,0.0,0.0,0.0,0.0,0.0,0.0,0.0,0.0,0.0
65229,0.0,0.0,0.0,0.0,0.0,0.0,0.0,0.0,0.0,0.0,0.0,0.0
65230,0.0,0.0,0.0,0.0,0.0,0.0,0.0,0.0,0.0,0.0,0.0,0.0
65231,0.0,0.0,0.0,0.0,0.0,0.0,0.0,0.0,0.0,0.0,0.0,0.0
65269,-1918.146871978417,-322.2941173687577,-4893.705623107031,-9477.051365628839,-1374.1191223878413,-730.4519307706505,0.0,0.0,0.0,0.0,0.0,0.0
65270,0.0,0.0,0.0,0.0,0.0,0.0,0.0,0.0,0.0,0.0,0.0,0.0
65288,315866.3036020645,284918.91967727244,524827.878142111,367641.10624414636,109785.41671193764,19186.622699176427,-24259.98466297984,-744928.7844252214,-1685796.8701636684,-1270960.9912447669,-1680763.3628018461,134002.90028311312
65289,0.0,0.0,0.0,0.0,0.0,0.0,0.0,0.0,0.0,0.0,0.0,0.0
65290,-377336.29758592695,-146529.67125542462,-143670.9269668609,-158237.839965716,-63611.39384105243,-2810.5322046875954,0.0,0.0,0.0,-164226.59743005037,-249399.39483466744,-476341.0361431241
65307,0.0,0.0,0.0,0.0,0.0,0.0,0.0,0.0,0.0,0.0,0.0,0.0
65308,0.0,0.0,0.0,0.0,0.0,0.0,0.0,0.0,0.0,0.0,0.0,0.0
65309,0.0,0.0,0.0,0.0,0.0,0.0,0.0,0.0,0.0,0.0,0.0,0.0
65314,0.0,0.0,0.0,0.0,0.0,0.0,0.0,0.0,0.0,0.0,0.0,0.0
65315,0.0,0.0,0.0,0.0,0.0,0.0,0.0,0.0,0.0,0.0,0.0,0.0
65342,0.0,0.0,0.0,0.0,0.0,0.0,0.0,0.0,0.0,0.0,0.0,0.0
65343,0.0,0.0,0.0,0.0,0.0,0.0,0.0,0.0,0.0,0.0,0.0,0.0
65344,0.0,0.0,0.0,0.0,0.0,0.0,0.0,0.0,0.0,0.0,0.0,0.0
65345,0.0,0.0,0.0,0.0,0.0,0.0,0.0,0.0,0.0,0.0,0.0,0.0
65372,30117628.34073448,17954984.613412857,2525751.380414963,-6333650.144771576,-2165253.5709576607,-740981.1946802139,-311436.21950912476,-2940.91219329834,-22209.64297103882,-568893.1798782349,467373.814704895,10232062.77419281
65382,-190.28559288568795,-196.74370438139886,-148.19005240872502,-706.1693038213998,-126.81389509513974,-42.6313479533419,0.0,0.0,0.0,0.0,0.0,0.0
65383,712494.2519744039,0.0,0.0,0.0,0.0,0.0,0.0,13653.485450208187,54578.84461772442,0.0,0.0,1188905.7123619616
65392,215727.72300796583,54395.893567126244,0.0,0.0,0.0,0.0,0.0,0.0,0.0,76007.52915470675,197417.63593361154,224030.12033580616
65394,186664.11357069388,56356.42845476046,0.0,0.0,0.0,0.0,0.0,0.0,456.04277269588783,21136.2151186876,129878.51712486334,166256.2273061797
65397,249814.637083821,13822.614933993202,20572.89686547825,11041.014635289088,13028.939549889183,345.24109547038097,0.0,1959.2470002762275,69199.33922947058,169035.80220205896,299193.64634900354,330767.85645228904
65398,459716.5578507888,74482.64942495257,177976.32074892242,130455.67104975297,44151.181152234494,0.0,0.0,38571.48017826566,227452.0609214697,166426.09827283164,219601.21607382223,485847.88815074787
65399,10948.604738756083,0.0,0.0,0.0,0.0,0.0,118.92216603155248,16440.57443296886,64018.01096611272,81179.82024361147,134319.66393963882,108774.87282044627
65400,0.0,0.0,0.0,0.0,0.0,0.0,0.0,0.0,0.0,0.0,0.0,0.0
65402,0.0,0.0,0.0,0.0,0.0,0.0,0.0,0.0,0.0,0.0,0.0,0.0
65411,0.0,0.0,0.0,0.0,0.0,0.0,0.0,0.0,0.0,0.0,0.0,0.0
65412,0.0,0.0,0.0,0.0,0.0,0.0,0.0,0.0,0.0,0.0,0.0,0.0
65413,0.0,0.0,0.0,0.0,0.0,0.0,0.0,0.0,0.0,0.0,0.0,0.0
65414,0.0,0.0,0.0,0.0,0.0,0.0,0.0,0.0,0.0,0.0,0.0,0.0
65415,0.0,0.0,0.0,0.0,0.0,0.0,0.0,0.0,0.0,0.0,0.0,0.0
65416,0.0,0.0,0.0,0.0,0.0,0.0,0.0,0.0,0.0,0.0,0.0,0.0
65417,0.0,0.0,0.0,0.0,0.0,0.0,0.0,0.0,0.0,0.0,0.0,0.0
65418,0.0,0.0,0.0,0.0,0.0,0.0,0.0,0.0,0.0,0.0,0.0,0.0
65419,0.0,0.0,0.0,0.0,0.0,0.0,0.0,0.0,0.0,0.0,0.0,0.0
65420,0.0,0.0,0.0,0.0,0.0,0.0,0.0,0.0,0.0,0.0,0.0,0.0
65421,0.0,0.0,0.0,0.0,0.0,0.0,0.0,0.0,0.0,0.0,0.0,0.0
65424,0.0,0.0,0.0,0.0,0.0,0.0,0.0,0.0,0.0,0.0,0.0,0.0
65425,0.0,0.0,0.0,0.0,0.0,0.0,0.0,0.0,0.0,0.0,0.0,0.0
65426,0.0,0.0,0.0,0.0,0.0,0.0,0.0,0.0,0.0,0.0,0.0,0.0
65435,5515374.274216164,2828792.0964980237,4168071.103290841,991762.6432076916,450096.05634208396,110552.55393974483,393059.7822724283,2264359.82631775,2669083.8624695614,3330682.3723888323,66025.24450229481,1852581.4501357898
65453,0.0,0.0,0.0,0.0,0.0,0.0,0.0,0.0,0.0,0.0,0.0,0.0
65454,0.0,0.0,0.0,0.0,0.0,0.0,0.0,0.0,0.0,0.0,0.0,0.0
65481,-41458854.27983475,-28813469.65548706,-39071009.048439026,-28751043.442390442,-12814388.13217163,-661211.2660675049,-867948.9270172119,-332353.203994751,-625517.6839599609,-1560732.0378952026,-7060981.033370972,-11507568.99734497
65482,0.0,0.0,0.0,0.0,0.0,0.0,0.0,0.0,0.0,0.0,0.0,0.0
65483,0.0,0.0,0.0,0.0,0.0,0.0,0.0,0.0,0.0,0.0,0.0,0.0
65490,0.0,0.0,0.0,0.0,0.0,0.0,0.0,0.0,0.0,0.0,0.0,0.0
65491,0.0,0.0,0.0,0.0,0.0,0.0,0.0,0.0,0.0,0.0,0.0,0.0
65492,215649.35784027353,28277.449718421325,0.0,0.0,0.0,0.0,0.0,0.0,0.0,43285.61912909895,130976.8539387118,241157.55205670744
65493,266621.7317359522,37250.649470034055,0.0,0.0,0.0,0.0,0.0,0.0,0.0,56483.969873182476,185661.2822255306,334721.6926840842
65496,1828886.4436889477,392446.22662766126,0.0,0.0,0.0,0.0,0.0,1953.095199584961,95730.67413909733,602401.3861418329,418833.9307629671,2115795.998629939
65497,26116.001268535387,0.0,0.0,0.0,0.0,0.0,0.0,1333.8164567388594,10041.618663522415,31815.03959710058,48124.21553358901,54861.56859659869
65498,705171.7648558472,347622.40255900484,153112.86374294106,50093.53838642663,32007.877404961502,0.0,0.0,3002.82322103926,38125.191711178515,184297.23310378136,492503.60640433454,647208.5286631435
65499,36442.18512670696,9657.47331549984,0.0,0.0,0.0,0.0,0.0,0.0,2454.2908460834296,11009.407454510685,33682.863625921775,40246.06067519728
65500,0.0,0.0,0.0,0.0,0.0,0.0,0.0,0.0,0.0,0.0,0.0,0.0
65501,0.0,0.0,0.0,0.0,0.0,0.0,0.0,0.0,0.0,0.0,0.0,0.0
65502,0.0,0.0,0.0,0.0,0.0,0.0,0.0,0.0,0.0,0.0,0.0,0.0
65503,0.0,0.0,0.0,0.0,0.0,0.0,0.0,0.0,0.0,0.0,0.0,0.0
65504,0.0,0.0,0.0,0.0,0.0,0.0,0.0,0.0,0.0,0.0,0.0,0.0
65510,0.0,0.0,0.0,0.0,0.0,0.0,0.0,0.0,0.0,0.0,0.0,0.0
65511,0.0,0.0,0.0,0.0,0.0,0.0,0.0,0.0,0.0,0.0,0.0,0.0
65512,0.0,0.0,0.0,0.0,0.0,0.0,0.0,0.0,0.0,0.0,0.0,0.0
65513,0.0,0.0,0.0,0.0,0.0,0.0,0.0,0.0,0.0,0.0,0.0,0.0
65515,0.0,0.0,0.0,0.0,0.0,0.0,0.0,0.0,0.0,0.0,0.0,0.0
65517,0.0,0.0,0.0,0.0,0.0,0.0,0.0,0.0,0.0,0.0,0.0,0.0
65518,0.0,0.0,0.0,0.0,0.0,0.0,0.0,0.0,0.0,0.0,-368845.53125,0.0
65526,26988253.37508408,9352343.924924854,11928762.413160523,7387916.44527102,4041004.4213750362,-20792.830018697307,0.0,76900.05308233574,1283048.9600109234,17847244.877504732,34061864.22030936,35830074.34621739
65544,0.0,0.0,0.0,0.0,0.0,0.0,0.0,0.0,0.0,0.0,0.0,0.0
65546,122032.70275899768,80011.08444486558,26084.588324584067,0.0,0.0,0.0,0.0,0.0,0.0,6960.943589985371,54395.5179399848,133347.39658612013
65574,-2916692.4124501497,-758092.7549699396,0.0,0.0,0.0,0.0,0.0,0.0,0.0,0.0,-478090.5502206385,-1295706.6104162931
65575,0.0,0.0,0.0,0.0,0.0,0.0,0.0,0.0,0.0,0.0,0.0,0.0
65576,0.0,0.0,0.0,0.0,0.0,0.0,0.0,0.0,0.0,0.0,0.0,0.0
65577,-1098887.6189735793,0.0,0.0,0.0,0.0,0.0,0.0,0.0,-23983.571717858315,-212875.16154766083,-470416.29982209206,-861410.2422302365
65578,0.0,0.0,0.0,0.0,0.0,0.0,0.0,0.0,0.0,0.0,0.0,0.0
65579,0.0,0.0,0.0,0.0,0.0,0.0,0.0,0.0,0.0,0.0,0.0,0.0
65580,0.0,0.0,0.0,0.0,0.0,0.0,0.0,0.0,0.0,0.0,0.0,0.0
65581,23070.88015451841,37836.914026160724,62698.636845342815,104800.32568339258,29136.981749046594,5143.442102957517,0.0,0.0,0.0,0.0,0.0,0.0
65582,0.0,0.0,0.0,0.0,0.0,0.0,0.0,0.0,0.0,0.0,0.0,0.0
65583,0.0,0.0,0.0,0.0,0.0,0.0,0.0,0.0,0.0,0.0,0.0,0.0
65584,0.0,0.0,0.0,0.0,0.0,0.0,0.0,0.0,0.0,0.0,0.0,0.0
65585,0.0,0.0,0.0,0.0,0.0,0.0,0.0,0.0,0.0,0.0,0.0,0.0
65586,0.0,0.0,0.0,0.0,0.0,0.0,0.0,0.0,0.0,0.0,0.0,0.0
65590,0.0,0.0,0.0,0.0,0.0,0.0,0.0,0.0,0.0,0.0,0.0,0.0
65591,0.0,0.0,0.0,0.0,0.0,0.0,0.0,0.0,0.0,0.0,0.0,0.0
65592,0.0,0.0,0.0,0.0,0.0,0.0,0.0,0.0,0.0,0.0,0.0,0.0
65593,0.0,0.0,0.0,0.0,0.0,0.0,0.0,0.0,0.0,0.0,0.0,0.0
65594,0.0,0.0,0.0,0.0,0.0,0.0,0.0,0.0,0.0,0.0,0.0,0.0
65595,0.0,0.0,0.0,0.0,0.0,0.0,0.0,0.0,0.0,0.0,0.0,0.0
65596,0.0,0.0,0.0,0.0,0.0,0.0,0.0,0.0,-19710.115146011114,-457385.35207502916,-39260.9765625,0.0
65621,0.0,0.0,0.0,0.0,0.0,0.0,0.0,0.0,0.0,0.0,0.0,0.0
65622,-1451.907294026576,-1323.7479571814183,-2074.702742258087,-1086.2949713788694,0.0,0.0,0.0,0.0,-159.20143685862422,-1269.0292691257782,-3418.9643837036565,-3156.885167999193
65623,-9876.394089277834,-2836.7388698700815,0.0,0.0,0.0,0.0,0.0,0.0,0.0,-6.757352784276009,-5239.237260002643,-9104.998307481408
65625,0.0,0.0,0.0,0.0,0.0,0.0,0.0,0.0,0.0,-368.6741906404495,-6781.5136169195175,0.0
65647,-792632.9408435524,-181887.76841813326,317450.5256602764,176685.77385106683,49705.588233821094,0.0,0.0,0.0,0.0,36476.3600127846,4810.495535336435,53712.39164817333
65654,58232.37491052598,19081.789221707266,27.0166878355667,0.0,0.0,0.0,0.0,0.0,0.0,0.0,6155.715998902917,24045.363795161247
65655,0.0,0.0,0.0,0.0,0.0,0.0,0.0,0.0,0.0,0.0,0.0,0.0
65656,0.0,0.0,0.0,0.0,0.0,0.0,0.0,0.0,0.0,0.0,0.0,0.0
65657,0.0,0.0,0.0,0.0,0.0,0.0,0.0,0.0,0.0,0.0,0.0,0.0
65658,0.0,0.0,0.0,0.0,0.0,0.0,0.0,0.0,0.0,0.0,0.0,0.0
65659,0.0,0.0,0.0,0.0,0.0,0.0,0.0,0.0,0.0,0.0,0.0,0.0
65660,0.0,0.0,0.0,0.0,0.0,0.0,0.0,0.0,0.0,0.0,0.0,0.0
65661,0.0,0.0,0.0,0.0,0.0,0.0,0.0,0.0,0.0,0.0,0.0,0.0
65662,0.0,0.0,0.0,0.0,0.0,0.0,0.0,0.0,0.0,0.0,-50505.54296875,0.0
65686,0.0,0.0,0.0,0.0,0.0,0.0,0.0,0.0,0.0,0.0,0.0,0.0
65687,0.0,0.0,0.0,0.0,0.0,0.0,0.0,0.0,0.0,0.0,0.0,0.0
65688,-35757.39646785706,-11922.192037217319,-2701.771409742534,0.0,0.0,0.0,0.0,0.0,0.0,0.0,-8576.57668800652,-29837.97010294348
65689,-52451.561642602086,-17937.409675762057,-8044.761998832226,0.0,0.0,0.0,0.0,0.0,0.0,0.0,-12121.712720409036,-42611.719271339476
65690,-6755.165309723467,-5254.863120339811,-4300.14386536181,-2968.6341261416674,0.0,0.0,0.0,0.0,0.0,0.0,0.0,-2253.976768247783
65691,0.0,0.0,0.0,0.0,0.0,0.0,0.0,0.0,0.0,0.0,0.0,0.0
65698,0.0,0.0,0.0,0.0,0.0,0.0,0.0,0.0,0.0,0.0,0.0,0.0
65715,0.0,0.0,0.0,0.0,0.0,0.0,0.0,0.0,0.0,0.0,0.0,0.0
65722,-107646.02550578117,0.0,-177850.6784798503,-65407.9609375,-13388.222326911986,0.0,0.0,0.0,0.0,-10836.166746616364,-116811.67154073715,-1892056.3652647734
65723,0.0,0.0,0.0,0.0,0.0,0.0,0.0,0.0,0.0,0.0,0.0,0.0
65724,0.0,0.0,0.0,0.0,0.0,0.0,0.0,0.0,0.0,0.0,0.0,0.0
65725,0.0,0.0,0.0,0.0,0.0,0.0,0.0,0.0,0.0,0.0,0.0,0.0
65726,0.0,0.0,0.0,0.0,0.0,0.0,0.0,0.0,0.0,0.0,0.0,0.0
65727,0.0,0.0,0.0,0.0,0.0,0.0,0.0,0.0,-33059.54731976986,-737861.9635307342,-14802.0830078125,0.0
65728,27832529.717848703,9981314.308186617,13930856.339394184,7221496.501636408,4045627.220287025,82042.81135494635,393059.7822724283,2276582.8167101145,3531093.982228823,21973988.623867184,31884552.93111647,34434103.05314203
65729,0.0,0.0,0.0,0.0,0.0,0.0,0.0,0.0,0.0,0.0,-807228.8191218525,-518841.875
65750,0.0,0.0,0.0,0.0,0.0,0.0,0.0,0.0,0.0,0.0,0.0,0.0
65751,-1481.0099035347812,-577.6805725144222,-214.00341880880296,0.0,0.0,0.0,0.0,0.0,0.0,0.0,-208.0773757766001,-1086.871241337154
65752,-36830.31359523535,-15485.83985953778,-7428.914133965969,-1099.5483804419637,0.0,0.0,0.0,0.0,0.0,0.0,-3936.8359944820404,-23718.561581112444
65753,-121390.43967461586,-45395.82616961002,-14168.857055470347,-1888.1039828807116,0.0,0.0,0.0,0.0,0.0,0.0,-21013.44714090228,-91148.67246749997
65755,0.0,0.0,0.0,0.0,0.0,0.0,0.0,0.0,0.0,0.0,0.0,0.0
65786,0.0,0.0,0.0,0.0,0.0,0.0,0.0,0.0,0.0,0.0,0.0,0.0
65787,0.0,0.0,0.0,0.0,0.0,0.0,0.0,0.0,0.0,0.0,0.0,0.0
65788,0.0,0.0,0.0,0.0,0.0,0.0,0.0,0.0,0.0,0.0,0.0,0.0
65789,-0.46078479290008545,0.0,0.0,0.0,0.0,0.0,0.0,0.0,0.0,-238696.79412224144,0.0,-404491.0246841386
65810,0.0,0.0,0.0,0.0,0.0,0.0,0.0,0.0,0.0,0.0,0.0,0.0
65811,-6261.151786244474,-2890.9222697135992,-431.940682944376,0.0,0.0,0.0,0.0,0.0,0.0,0.0,-1099.5861928472295,-4982.122632242739
65812,-43084.46126553416,-17394.83900219947,-2894.3909909129143,0.0,0.0,0.0,0.0,0.0,0.0,0.0,-8159.103716507554,-29251.60548707843
65813,-25254.73670835048,-9037.476584170014,-331.5957742482424,0.0,0.0,0.0,0.0,0.0,0.0,0.0,-6953.785193379968,-16600.539602726698
65816,0.0,0.0,0.0,0.0,0.0,0.0,0.0,0.0,0.0,0.0,0.0,0.0
65838,0.0,0.0,0.0,0.0,0.0,0.0,0.0,0.0,0.0,0.0,0.0,0.0
65849,0.0,0.0,0.0,0.0,0.0,0.0,0.0,0.0,0.0,0.0,0.0,0.0
65850,0.0,0.0,0.0,0.0,0.0,0.0,0.0,0.0,0.0,0.0,0.0,0.0
65870,3542940.7514178343,5258656.493553211,4532062.570750027,1039308.8668515682,773558.946462689,0.0,0.0,0.0,0.0,0.0,0.0,430047.4928216301
65871,-14794.719074403867,-6837.176011504605,-712.8362003471702,0.0,0.0,0.0,0.0,0.0,0.0,-2.7793863713741302,-2915.0410192869604,-9444.492323681712
65872,-12357.373975396156,-4847.313018515706,-107.11014330387115,0.0,0.0,0.0,0.0,0.0,0.0,-9.773061826825142,-4093.262670584023,-8625.104661561549
65873,-2508.932498927228,-1057.208566378802,-9.627492807805538,0.0,0.0,0.0,0.0,0.0,0.0,0.0,-728.6523540243506,-1578.5706083141267
65874,-7755.7390691414475,-3790.9550627470016,-4.885167270898819,0.0,0.0,0.0,0.0,0.0,0.0,0.0,-1595.8199333772063,-5244.097665175796
65875,0.0,0.0,0.0,0.0,0.0,0.0,0.0,0.0,0.0,0.0,0.0,0.0
65876,0.0,0.0,0.0,0.0,0.0,0.0,0.0,0.0,0.0,0.0,0.0,0.0
65887,0.0,0.0,0.0,0.0,0.0,0.0,0.0,0.0,0.0,0.0,0.0,0.0
65888,0.0,0.0,0.0,0.0,0.0,0.0,0.0,0.0,0.0,0.0,0.0,0.0
65896,0.0,0.0,0.0,0.0,0.0,0.0,0.0,0.0,0.0,0.0,0.0,0.0
65897,0.0,0.0,0.0,0.0,0.0,0.0,0.0,0.0,0.0,0.0,0.0,0.0
65909,0.0,0.0,0.0,0.0,0.0,0.0,0.0,0.0,0.0,0.0,0.0,0.0
65910,0.0,0.0,0.0,0.0,0.0,0.0,0.0,0.0,0.0,0.0,0.0,0.0
65930,0.0,0.0,0.0,0.0,0.0,0.0,0.0,0.0,0.0,0.0,0.0,0.0
65931,-401542.11195230484,-202979.32225584984,-50716.43736600876,-26315.642171621323,0.0,0.0,0.0,0.0,0.0,0.0,-29840.5087351799,-236492.5299808979
65933,-119323.51578247547,-79022.09064885974,-4324.5069668293,-3957.714119195938,0.0,0.0,0.0,0.0,0.0,0.0,-21751.597780406475,-94154.48017191887
65934,0.0,0.0,0.0,0.0,0.0,0.0,0.0,0.0,0.0,0.0,0.0,0.0
65944,0.0,0.0,0.0,0.0,0.0,0.0,0.0,0.0,0.0,0.0,0.0,0.0
65955,0.0,0.0,0.0,0.0,0.0,0.0,0.0,0.0,0.0,0.0,0.0,0.0
65967,-4183281.933637865,-4207568.446479,-2043222.4289599769,-8175.89306640625,0.0,0.0,0.0,0.0,0.0,-159916.22379362583,-402407.2006047666,-875662.5349153355
65968,0.0,0.0,0.0,0.0,0.0,0.0,0.0,0.0,0.0,0.0,0.0,0.0
65977,-453639.07049969956,-4296.1240234375,0.0,0.0,0.0,0.0,0.0,0.0,0.0,-59744.91827298701,-259703.58118876815,-342172.41274902225
65978,0.0,0.0,0.0,0.0,0.0,0.0,0.0,0.0,0.0,0.0,0.0,0.0
65983,0.0,0.0,0.0,0.0,0.0,0.0,0.0,0.0,0.0,0.0,0.0,0.0
65984,0.0,0.0,0.0,0.0,0.0,0.0,0.0,0.0,0.0,0.0,0.0,0.0
65985,0.0,0.0,0.0,0.0,0.0,0.0,0.0,0.0,0.0,0.0,0.0,0.0
65986,0.0,0.0,0.0,0.0,0.0,0.0,0.0,0.0,0.0,0.0,0.0,0.0
65987,0.0,0.0,0.0,0.0,0.0,0.0,0.0,0.0,0.0,0.0,0.0,0.0
65988,-25552.95775724575,-13458.901357844472,-5395.820704434067,-806.0656706504524,0.0,0.0,0.0,0.0,0.0,0.0,-773.9861742034554,-15258.72954814881
65991,-60899.07524704933,-34916.06754204631,-705.1793907880783,0.0,0.0,0.0,0.0,0.0,0.0,0.0,-8318.67952503264,-47887.01152704656
65992,-163313.20561552048,-72211.67327153683,-4402.0485590696335,-16527.82594665885,0.0,0.0,0.0,0.0,0.0,0.0,-10573.735575139523,-94380.37995928526
65993,-47599.94660876691,-22326.45629054308,-2002.934894502163,-6694.170458555222,0.0,0.0,0.0,0.0,0.0,0.0,-703.6741073429585,-23830.56860077381
65994,-2241.088229574263,-1050.1927111297846,-18.823613986372948,-141.9231996461749,0.0,0.0,0.0,0.0,0.0,0.0,-280.71503349393606,-1324.7859793752432
65995,-10441.823958739638,-5543.994702428579,-165.61542990803719,-974.3816246241331,0.0,0.0,0.0,0.0,0.0,0.0,-99.3821621388197,-3972.1912964582443
65996,0.0,0.0,0.0,0.0,0.0,0.0,0.0,0.0,0.0,0.0,0.0,0.0
66015,0.0,0.0,0.0,0.0,0.0,0.0,0.0,0.0,0.0,0.0,0.0,0.0
66016,0.0,0.0,0.0,0.0,0.0,0.0,0.0,0.0,0.0,0.0,0.0,0.0
66026,-1427357.0,-242954.296875,-214974.015625,-373993.5625,0.0,0.0,0.0,0.0,0.0,0.0,0.0,0.0
66027,-350254.4375,0.0,-67.96773529052734,-131783.96875,-122973.63805123395,0.0,0.0,0.0,0.0,0.0,0.0,-71805.9999571396
66028,-894286.0601819195,-651616.0139486082,-79421.55509100482,0.0,0.0,0.0,0.0,0.0,0.0,-57452.9132899344,-264139.7461055368,-523688.0780250579
66029,0.0,0.0,0.0,0.0,0.0,0.0,0.0,0.0,0.0,0.0,0.0,0.0
66030,0.0,0.0,0.0,0.0,0.0,0.0,0.0,0.0,0.0,0.0,0.0,0.0
66031,0.0,0.0,0.0,0.0,0.0,0.0,0.0,0.0,0.0,0.0,0.0,0.0
66032,0.0,0.0,0.0,0.0,0.0,0.0,0.0,0.0,0.0,0.0,0.0,0.0
66035,0.0,-207931.03041879088,0.0,0.0,0.0,0.0,0.0,0.0,0.0,0.0,0.0,0.0
66036,0.0,0.0,0.0,0.0,0.0,0.0,0.0,0.0,0.0,0.0,0.0,0.0
66037,0.0,0.0,0.0,0.0,0.0,0.0,0.0,0.0,0.0,0.0,0.0,0.0
66041,-2515481.3012722433,-1478286.1441604048,-662647.3520621955,-28177.1462072134,0.0,0.0,0.0,0.0,0.0,-182705.19968125224,-1000781.2534144819,-2270494.000917554
66042,0.0,0.0,0.0,0.0,0.0,0.0,0.0,0.0,0.0,0.0,0.0,0.0
66043,-4144.646277263761,-3008.6112066805363,-1206.9276846051216,-534.1240230724216,0.0,0.0,0.0,0.0,0.0,0.0,-10.411032870411873,-1810.4415563642979
66050,-13205.279225721955,-9070.733250070363,-153.39882834255695,-724.9466723054647,0.0,0.0,0.0,0.0,0.0,0.0,-883.905204847455,-7777.652711227536
66051,0.0,0.0,0.0,0.0,0.0,0.0,0.0,0.0,0.0,0.0,0.0,0.0
66063,0.0,0.0,0.0,0.0,0.0,0.0,0.0,0.0,0.0,0.0,0.0,0.0
66070,-91873.9765625,0.0,0.0,0.0,0.0,0.0,0.0,0.0,0.0,0.0,-6732.1025390625,-172409.36080733407
66071,0.0,0.0,0.0,0.0,0.0,0.0,0.0,0.0,0.0,0.0,0.0,0.0
66073,-5881.60791015625,0.0,0.0,0.0,0.0,0.0,0.0,0.0,0.0,0.0,-235588.98240020312,0.0
66074,-44629.80859375,0.0,0.0,0.0,0.0,0.0,0.0,0.0,0.0,-1423177.7202422526,-1320116.375,-1168049.0
66075,0.0,0.0,0.0,0.0,0.0,0.0,0.0,0.0,0.0,0.0,0.0,0.0
66076,-516389.99376152456,-481645.8693480119,-100.68220174312592,-13492.544551229104,0.0,0.0,0.0,0.0,0.0,0.0,0.0,0.0
66077,53508.33522149362,-167772.859375,2496.3000287208706,0.0,-815.8528442382812,0.0,0.0,0.0,0.0,2237.834735646844,9940.173359822482,-868579.6141289528
66078,0.0,-719159.8554508591,-62059.17578125,0.0,0.0,0.0,0.0,0.0,0.0,-88798.00204870291,-320747.9188028928,-320642.03125
66079,0.0,-74447.3984375,0.0,0.0,0.0,0.0,0.0,0.0,0.0,0.0,0.0,0.0
66080,0.0,0.0,-1014.656494140625,0.0,0.0,0.0,0.0,0.0,0.0,-154407.52407440543,-667251.2855732478,-156047.8125
66081,0.0,0.0,0.0,0.0,0.0,0.0,0.0,0.0,0.0,0.0,0.0,0.0
66082,0.0,0.0,0.0,0.0,0.0,0.0,0.0,0.0,0.0,0.0,0.0,0.0
66083,0.0,0.0,0.0,0.0,0.0,0.0,0.0,0.0,0.0,0.0,0.0,0.0
66084,0.0,0.0,0.0,0.0,0.0,0.0,0.0,0.0,0.0,0.0,0.0,0.0
66085,0.0,0.0,0.0,0.0,0.0,0.0,0.0,0.0,0.0,0.0,0.0,0.0
66086,0.0,0.0,0.0,0.0,0.0,0.0,0.0,0.0,0.0,0.0,0.0,0.0
66087,0.0,0.0,0.0,0.0,0.0,0.0,0.0,0.0,0.0,0.0,0.0,0.0
66088,-16.669197347015142,-8.44351001828909,-3.3253309167921543,-1.210032507777214,0.0,0.0,0.0,0.0,0.0,0.0,-1.3899313993752003,-8.34287004172802
66089,-2265.2346518933773,-2186.8232224583626,-1566.3641104996204,-880.5479508191347,0.0,0.0,0.0,0.0,0.0,0.0,0.0,-184.04322853684425
66095,-46233.35884460807,-25555.559505715966,-3104.0736285746098,-5753.165237739682,0.0,0.0,0.0,0.0,0.0,0.0,-3169.5712711811066,-24991.082455039024
66096,-3019.586891627405,-3187.6110869420227,-410.7316691589076,-878.6337806307711,0.0,0.0,0.0,0.0,0.0,0.0,0.0,-1279.6147751715034
66097,0.0,0.0,0.0,0.0,0.0,0.0,0.0,0.0,0.0,0.0,0.0,0.0
66108,0.0,34775.788595749065,2466.098722908646,0.0,0.0,0.0,0.0,0.0,15806.383420802653,178269.474637456,0.0,0.0
66119,0.0,-746182.9986618403,0.0,0.0,0.0,0.0,0.0,0.0,-166457.21389814757,-895.9243774414062,0.0,0.0
66120,-16631.2421875,0.0,0.0,0.0,0.0,0.0,0.0,0.0,0.0,0.0,-990973.3125,-1405051.2601802517
66121,0.0,0.0,0.0,0.0,0.0,0.0,0.0,0.0,0.0,0.0,0.0,0.0
66122,-13809.069255784154,-11743.77888854593,-5206.701913323253,-3389.788712710142,0.0,0.0,0.0,0.0,0.0,0.0,0.0,-821.6505830436945
66123,-12189.202468723059,-8344.412162840366,-2212.8363271951675,-1801.0946573615074,0.0,0.0,0.0,0.0,0.0,0.0,0.0,-2528.2894628047943
66129,-192684.4596889615,-92564.07787305117,-37646.23113101721,-28046.782497763634,0.0,0.0,0.0,0.0,0.0,0.0,-216.42681714892387,-47756.77212256193
66130,-2022.8578745061532,-1106.0155771137215,-68.44465044420213,-17.009935922920704,0.0,0.0,0.0,0.0,0.0,0.0,-594.8345995172858,-1612.3845756575465
66131,0.0,0.0,0.0,0.0,0.0,0.0,0.0,0.0,0.0,0.0,0.0,0.0
66132,0.0,0.0,0.0,0.0,0.0,0.0,0.0,0.0,0.0,0.0,0.0,0.0
66145,0.0,0.0,0.0,0.0,0.0,0.0,0.0,0.0,0.0,0.0,0.0,0.0
66152,-101690.27663035505,-50263.84271880309,0.0,0.0,0.0,0.0,0.0,0.0,-11997.546021696762,-66430.6015625,-20790.998046875,0.0
66154,-5812587.048365973,1424556.8486177921,5490247.260565758,3427644.0656240582,979588.3128051162,4192.464976251125,0.0,0.0,542117.4103448391,1373943.7136440575,705399.6868266687,-1050746.8904929329
66155,0.0,0.0,0.0,0.0,0.0,0.0,0.0,0.0,0.0,0.0,0.0,0.0
66156,0.0,0.0,0.0,0.0,0.0,0.0,0.0,0.0,0.0,0.0,0.0,0.0
66157,0.0,0.0,0.0,0.0,0.0,0.0,0.0,0.0,0.0,0.0,0.0,0.0
66158,0.0,0.0,0.0,0.0,0.0,0.0,0.0,0.0,0.0,0.0,0.0,0.0
66159,-13864.801762322895,-7069.196346305311,-4815.423472035676,-1093.7951017133892,0.0,0.0,0.0,0.0,0.0,0.0,-75.62788194976747,-4917.97479198873
66160,-26281.86091762781,-13529.969258666039,-4909.233368217945,-2769.6013614833355,0.0,0.0,0.0,0.0,0.0,0.0,-169.4451431632042,-7840.699643373489
66161,-31076.480657219887,-16018.569987475872,-6440.148335874081,-3452.71072524786,0.0,0.0,0.0,0.0,0.0,0.0,-269.5147914290428,-9048.765335798264
66164,-450517.25846612453,-217303.72622096539,-46708.91722083092,-1484.1076040565968,0.0,0.0,0.0,0.0,-18.76227617263794,-210.84217989444733,-99723.0012987256,-300279.4923340678
66166,0.0,0.0,0.0,0.0,0.0,0.0,0.0,0.0,0.0,0.0,0.0,0.0
66181,0.0,0.0,0.0,0.0,0.0,0.0,0.0,0.0,0.0,0.0,0.0,0.0
66183,0.0,0.0,0.0,0.0,0.0,0.0,0.0,0.0,0.0,0.0,0.0,0.0
66189,0.0,0.0,0.0,0.0,0.0,0.0,0.0,0.0,0.0,0.0,0.0,0.0
66190,0.0,0.0,0.0,0.0,0.0,0.0,0.0,0.0,0.0,0.0,0.0,0.0
66191,0.0,0.0,0.0,0.0,0.0,0.0,0.0,0.0,0.0,0.0,0.0,0.0
66192,0.0,0.0,0.0,0.0,0.0,0.0,0.0,0.0,0.0,0.0,0.0,0.0
66193,0.0,0.0,0.0,0.0,0.0,0.0,0.0,0.0,0.0,0.0,0.0,0.0
66194,-108792.66422444582,-54139.3996270448,-21687.008917167783,-9999.361430704594,0.0,0.0,0.0,0.0,0.0,0.0,-3367.759132474661,-35799.39059329033
66197,-53270.91091044899,-33845.64187355898,-17447.329234234057,-15420.2823677985,0.0,0.0,0.0,0.0,0.0,0.0,0.0,-15002.425533749163
66198,0.0,0.0,0.0,0.0,0.0,0.0,0.0,0.0,0.0,0.0,0.0,0.0
66211,0.0,0.0,0.0,0.0,0.0,0.0,0.0,0.0,0.0,0.0,0.0,0.0
66214,0.0,0.0,0.0,0.0,0.0,0.0,0.0,0.0,0.0,0.0,0.0,0.0
66216,0.0,0.0,0.0,0.0,0.0,0.0,0.0,0.0,0.0,0.0,0.0,0.0
66217,0.0,0.0,0.0,0.0,0.0,0.0,0.0,0.0,0.0,0.0,0.0,0.0
66221,0.0,0.0,0.0,0.0,0.0,0.0,0.0,0.0,0.0,0.0,0.0,0.0
66222,0.0,0.0,0.0,0.0,0.0,0.0,0.0,0.0,0.0,0.0,0.0,0.0
66223,0.0,0.0,0.0,0.0,0.0,0.0,0.0,0.0,0.0,0.0,0.0,0.0
66224,0.0,0.0,0.0,0.0,0.0,0.0,0.0,0.0,0.0,0.0,0.0,0.0
66225,0.0,0.0,0.0,0.0,0.0,0.0,0.0,0.0,0.0,0.0,0.0,0.0
66226,0.0,0.0,0.0,0.0,0.0,0.0,0.0,0.0,0.0,0.0,0.0,0.0
66227,0.0,0.0,0.0,0.0,0.0,0.0,0.0,0.0,0.0,0.0,0.0,0.0
66228,-5241.323321841657,-2253.5720208585262,-228.5798695385456,-149.90736850351095,0.0,0.0,0.0,0.0,0.0,0.0,-3.1858967766165733,-792.2932684719563
66229,-30944.182179629803,-20633.65313820541,-6521.790570318699,-6123.52362896502,0.0,0.0,0.0,0.0,0.0,0.0,0.0,-1913.2565991282463
66232,-147566.5391229987,-69281.15376314521,-32442.11683860421,-18057.293414860964,0.0,0.0,0.0,0.0,0.0,0.0,-1034.5800928473473,-31017.51224154234
66234,-24754.983501229435,-11913.90281458199,-3220.338743008673,-2092.4369121417403,0.0,0.0,0.0,0.0,0.0,0.0,-410.49933010339737,-10061.124387055635
66235,0.0,0.0,0.0,0.0,0.0,0.0,0.0,0.0,0.0,0.0,0.0,0.0
66244,0.0,0.0,0.0,0.0,0.0,0.0,0.0,0.0,0.0,0.0,0.0,0.0
66252,0.0,0.0,0.0,0.0,0.0,0.0,0.0,0.0,0.0,0.0,0.0,0.0
66253,0.0,0.0,0.0,0.0,0.0,0.0,0.0,0.0,0.0,0.0,0.0,0.0
66254,0.0,0.0,0.0,0.0,0.0,0.0,0.0,0.0,0.0,0.0,0.0,0.0
66255,3346965.575769007,884433.2277469635,0.0,0.0,0.0,0.0,0.0,0.0,174308.70929670334,1343937.8095927238,2562013.1751697063,3508801.1130440235
66256,0.0,0.0,0.0,0.0,0.0,0.0,0.0,0.0,0.0,0.0,0.0,0.0
66258,0.0,0.0,0.0,0.0,0.0,0.0,0.0,0.0,0.0,0.0,0.0,0.0
66259,0.0,0.0,0.0,0.0,0.0,0.0,0.0,0.0,0.0,0.0,0.0,0.0
66260,0.0,0.0,0.0,0.0,0.0,0.0,0.0,0.0,0.0,0.0,0.0,0.0
66263,0.0,0.0,0.0,0.0,0.0,0.0,0.0,0.0,0.0,0.0,0.0,0.0
66264,-68.84157359600067,-194.92909595370293,-157.0952173769474,-52.777249187231064,-3.827682137489319,-4.725956082344055,0.0,0.0,0.0,0.0,0.0,0.0
66266,-159209.0557577908,-63067.280381292105,-12596.66648671031,-3394.743135422468,0.0,0.0,0.0,0.0,0.0,0.0,-9838.094331473112,-47266.12200862169
66267,-201651.69466911256,-65017.518059283495,-26508.480512931943,-12812.997645899653,0.0,0.0,0.0,0.0,0.0,0.0,-3212.2152741253376,-54381.44643884897
66268,-21039.53132133186,-7077.632754579186,-4765.808219902217,-2244.7367697767913,0.0,0.0,0.0,0.0,0.0,0.0,-146.945658210665,-6266.596457380801
66269,-1552.0994393974543,-531.6025312319398,-204.13922053202987,-94.11187748424709,0.0,0.0,0.0,0.0,0.0,0.0,0.0,-468.14769657328725
66270,-203276.27225089073,-76516.41779230535,-29765.300944805145,-19205.10071785748,0.0,0.0,0.0,0.0,0.0,0.0,-56.075760781764984,-32013.507108807564
66271,-208430.3166031912,-84998.08787879162,-23374.328595243394,-18986.73779332824,0.0,0.0,0.0,0.0,0.0,0.0,-1711.0852293670177,-51480.18639648706
66272,-3766.2915104343556,-1885.5082650920376,-374.1998962238431,-303.7633746754145,0.0,0.0,0.0,0.0,0.0,0.0,-67.15001983288676,-1146.6739571490325
66274,0.0,0.0,0.0,0.0,0.0,0.0,0.0,0.0,0.0,0.0,0.0,0.0
66275,0.0,0.0,0.0,0.0,0.0,0.0,0.0,0.0,0.0,0.0,0.0,0.0
66276,0.0,0.0,0.0,0.0,0.0,0.0,0.0,0.0,0.0,0.0,0.0,0.0
66291,0.0,0.0,0.0,0.0,0.0,0.0,0.0,0.0,0.0,0.0,0.0,0.0
66292,0.0,0.0,0.0,0.0,0.0,0.0,0.0,0.0,0.0,0.0,0.0,0.0
66299,0.0,0.0,0.0,0.0,0.0,0.0,0.0,0.0,0.0,0.0,0.0,0.0
66301,-40671.01822221279,-7939.213486671448,-313.99962651729584,-131.6738874912262,0.0,0.0,0.0,0.0,0.0,-2575.1193096637726,-47396.010608792305,-14915.529394388199
66306,-888326.0023806989,-320341.3633363843,-155243.2656826973,-52635.03382231295,0.0,0.0,0.0,0.0,0.0,0.0,-97531.8918645382,-372730.2438893914
66307,-7782.776554289274,-2764.9644920676947,-776.0142389661632,-340.6627380363643,0.0,0.0,0.0,0.0,0.0,0.0,-24.350947361439466,-3053.751318365801
66308,0.0,0.0,0.0,0.0,0.0,0.0,0.0,0.0,0.0,0.0,0.0,0.0
66309,0.0,0.0,0.0,0.0,0.0,0.0,0.0,0.0,0.0,0.0,0.0,0.0
66310,0.0,0.0,0.0,0.0,0.0,0.0,0.0,0.0,0.0,0.0,0.0,0.0
66311,0.0,0.0,0.0,0.0,0.0,0.0,0.0,0.0,0.0,0.0,0.0,0.0
66317,0.0,0.0,0.0,0.0,0.0,0.0,0.0,0.0,0.0,0.0,0.0,0.0
66323,0.0,0.0,0.0,0.0,0.0,0.0,0.0,0.0,0.0,0.0,0.0,0.0
66327,0.0,0.0,0.0,0.0,0.0,0.0,0.0,0.0,0.0,0.0,0.0,0.0
66328,0.0,0.0,0.0,0.0,0.0,0.0,0.0,0.0,0.0,0.0,0.0,0.0
66329,0.0,0.0,0.0,0.0,0.0,0.0,0.0,0.0,0.0,0.0,0.0,0.0
66330,0.0,0.0,0.0,0.0,0.0,0.0,0.0,0.0,0.0,0.0,0.0,0.0
66331,0.0,0.0,0.0,0.0,0.0,0.0,0.0,0.0,0.0,0.0,0.0,0.0
66336,0.0,0.0,0.0,0.0,0.0,0.0,0.0,0.0,0.0,0.0,0.0,0.0
66337,-4167.8320308327675,-3536.0756842195988,-52.057220697402954,-51.777392506599426,0.0,0.0,0.0,0.0,0.0,0.0,0.0,-385.011515378952
66342,-110591.71286480129,-19535.96605527401,-1806.7991331666708,-350.63726741075516,0.0,0.0,0.0,-86.43399953842163,-17067.528932213783,-8939.863177657127,-141381.35057523847,-90860.577403754
66343,0.0,0.0,0.0,0.0,0.0,0.0,0.0,0.0,0.0,0.0,0.0,0.0
66344,0.0,0.0,0.0,0.0,0.0,0.0,0.0,0.0,0.0,0.0,0.0,0.0
66345,0.0,0.0,0.0,0.0,0.0,0.0,0.0,0.0,0.0,0.0,0.0,0.0
66346,0.0,0.0,0.0,0.0,0.0,0.0,0.0,0.0,0.0,0.0,0.0,0.0
66353,0.0,0.0,0.0,0.0,0.0,0.0,0.0,0.0,0.0,0.0,0.0,0.0
66355,0.0,0.0,0.0,0.0,0.0,0.0,0.0,0.0,0.0,0.0,0.0,0.0
66358,0.0,0.0,0.0,0.0,0.0,0.0,0.0,0.0,0.0,0.0,0.0,0.0
66362,0.0,0.0,0.0,0.0,0.0,0.0,0.0,0.0,0.0,0.0,0.0,0.0
66363,0.0,0.0,0.0,0.0,0.0,0.0,0.0,0.0,0.0,0.0,0.0,0.0
66364,0.0,0.0,0.0,0.0,0.0,0.0,0.0,0.0,0.0,0.0,0.0,0.0
66365,0.0,0.0,0.0,0.0,0.0,0.0,0.0,0.0,0.0,0.0,0.0,0.0
66369,0.0,0.0,0.0,0.0,0.0,0.0,0.0,0.0,0.0,0.0,0.0,0.0
66370,0.0,0.0,0.0,0.0,0.0,0.0,0.0,0.0,0.0,0.0,0.0,0.0
66371,0.0,0.0,0.0,0.0,0.0,0.0,0.0,0.0,0.0,0.0,0.0,0.0
66372,204.49298152327538,231.48467801511288,0.6629455983638763,0.0,0.0,0.0,0.0,0.0,0.0,0.0,0.0,0.0
66373,-717.5481035709381,-85.07760071754456,-24.737578630447388,-66.96848821640015,0.0,0.0,0.0,0.0,0.0,-11.550938367843628,-508.65990817546844,-98.12381529808044
66377,-1116859.6047433615,-331247.1704841107,-366134.24659492075,-37338.77677345276,0.0,0.0,0.0,0.0,0.0,0.0,-113462.64842316508,-356345.1684451699
66378,0.0,0.0,0.0,0.0,0.0,0.0,0.0,0.0,0.0,0.0,0.0,0.0
66379,0.0,0.0,0.0,0.0,0.0,0.0,0.0,0.0,0.0,0.0,0.0,0.0
66380,0.0,0.0,0.0,0.0,0.0,0.0,0.0,0.0,0.0,0.0,0.0,0.0
66381,0.0,0.0,0.0,0.0,0.0,0.0,0.0,0.0,0.0,0.0,0.0,0.0
66386,0.0,0.0,0.0,0.0,0.0,0.0,0.0,0.0,0.0,0.0,0.0,0.0
66396,-2813222.446376741,-1393456.327941537,-146631.90894645452,0.0,0.0,0.0,0.0,0.0,0.0,-471605.5490462184,-1404743.9201716185,-2397152.597250879
66397,0.0,0.0,0.0,0.0,0.0,0.0,0.0,0.0,0.0,0.0,0.0,0.0
66398,0.0,0.0,0.0,0.0,0.0,0.0,0.0,0.0,0.0,0.0,0.0,0.0
66399,0.0,0.0,0.0,0.0,0.0,0.0,0.0,0.0,0.0,0.0,0.0,0.0
66402,0.0,0.0,0.0,0.0,0.0,0.0,0.0,0.0,0.0,0.0,0.0,0.0
66403,0.0,0.0,0.0,0.0,0.0,0.0,0.0,0.0,0.0,0.0,0.0,0.0
66404,0.0,0.0,0.0,0.0,0.0,0.0,0.0,0.0,0.0,0.0,0.0,0.0
66405,0.0,0.0,0.0,0.0,0.0,0.0,0.0,0.0,0.0,0.0,0.0,0.0
66406,-1447.421254992485,-1211.5285165905952,-0.9062374234199524,0.0,0.0,0.0,0.0,0.0,0.0,0.0,0.0,-12.351245641708374
66410,-2059832.9072820991,-597089.690719083,-399446.0142926127,-53408.433757036924,0.0,0.0,0.0,0.0,-1293.9159020781517,0.0,-554748.338715747,-817521.5802593231
66411,-14228.694444962777,-5228.574913437595,-5080.385747367283,-531.2947855946259,0.0,0.0,0.0,0.0,0.0,0.0,-879.613884716644,-3657.62489885767
66412,0.0,0.0,0.0,0.0,0.0,0.0,0.0,0.0,0.0,0.0,0.0,0.0
66413,0.0,0.0,0.0,0.0,0.0,0.0,0.0,0.0,0.0,0.0,0.0,0.0
66414,0.0,0.0,0.0,0.0,0.0,0.0,0.0,0.0,0.0,0.0,0.0,0.0
66415,0.0,0.0,0.0,0.0,0.0,0.0,0.0,0.0,0.0,0.0,0.0,0.0
66416,0.0,0.0,0.0,0.0,0.0,0.0,0.0,0.0,0.0,0.0,0.0,0.0
66417,0.0,0.0,0.0,0.0,0.0,0.0,0.0,0.0,0.0,0.0,0.0,0.0
66423,0.0,0.0,0.0,0.0,0.0,0.0,0.0,0.0,0.0,0.0,0.0,0.0
66424,0.0,0.0,0.0,0.0,0.0,0.0,0.0,0.0,0.0,0.0,0.0,0.0
66433,0.0,0.0,0.0,0.0,0.0,0.0,0.0,0.0,0.0,0.0,0.0,0.0
66434,0.0,0.0,0.0,0.0,0.0,0.0,0.0,0.0,0.0,0.0,0.0,0.0
66435,0.0,0.0,0.0,0.0,0.0,0.0,0.0,0.0,0.0,0.0,0.0,0.0
66436,-605.4623407125473,-664.7128771543503,0.0,0.0,0.0,0.0,0.0,0.0,0.0,0.0,-71.07903891801834,-101.7025158405304
66437,-200.06931322813034,-180.6497252881527,0.0,0.0,0.0,0.0,0.0,0.0,0.0,0.0,-1.9157419800758362,-79.48805505037308
66438,-271.97899663448334,-175.63385462760925,0.0,0.0,0.0,0.0,0.0,0.0,0.0,0.0,-61.684756338596344,-114.99736320972443
66443,-5727501.391508192,-1889725.9138138294,-1780902.5253161788,-241410.91290518641,0.0,0.0,0.0,0.0,0.0,0.0,-580242.7233843803,-1722017.3373586535
66444,-389605.04678359814,-140384.10917181242,-117331.48287725355,-21235.713767921552,0.0,0.0,0.0,0.0,0.0,0.0,-20470.118212576956,-103824.29356283695
66447,0.0,0.0,0.0,0.0,0.0,0.0,0.0,0.0,0.0,0.0,0.0,0.0
66448,0.0,0.0,0.0,0.0,0.0,0.0,0.0,0.0,0.0,0.0,0.0,0.0
66449,0.0,0.0,0.0,0.0,0.0,0.0,0.0,0.0,0.0,0.0,0.0,0.0
66450,0.0,0.0,0.0,0.0,0.0,0.0,0.0,0.0,0.0,0.0,0.0,0.0
66458,0.0,0.0,0.0,0.0,0.0,0.0,0.0,0.0,0.0,0.0,0.0,0.0
66460,0.0,0.0,0.0,0.0,0.0,0.0,0.0,0.0,0.0,0.0,0.0,0.0
66461,0.0,0.0,0.0,0.0,0.0,0.0,0.0,0.0,0.0,0.0,0.0,0.0
66465,0.0,0.0,0.0,0.0,0.0,0.0,0.0,0.0,0.0,0.0,0.0,0.0
66467,-9.543591856956482,0.0,0.0,0.0,0.0,0.0,0.0,0.0,0.0,-3.9647396504879,-11.295136034488678,-2.642354965209961
66473,-1644867.1148838922,-543324.0502050193,-547436.1364401877,-64826.09818074852,0.0,0.0,0.0,0.0,0.0,0.0,-173589.28298098594,-578615.3214017451
66474,-1278337.9653694928,-141044.377336666,-194678.56582338363,-20195.160528555512,0.0,0.0,0.0,0.0,-54334.40315131843,-16020.942245960236,-1047497.8892261162,-1057733.8688518852
66476,0.0,0.0,0.0,0.0,0.0,0.0,0.0,0.0,0.0,0.0,0.0,0.0
66477,0.0,0.0,0.0,0.0,0.0,0.0,0.0,0.0,0.0,0.0,0.0,0.0
66478,0.0,0.0,0.0,0.0,0.0,0.0,0.0,0.0,0.0,0.0,0.0,0.0
66479,0.0,0.0,0.0,0.0,0.0,0.0,0.0,0.0,0.0,0.0,0.0,0.0
66480,0.0,0.0,0.0,0.0,0.0,0.0,0.0,0.0,0.0,0.0,0.0,0.0
66487,0.0,0.0,0.0,0.0,0.0,0.0,0.0,0.0,0.0,0.0,0.0,0.0
66490,0.0,0.0,0.0,0.0,0.0,0.0,0.0,0.0,0.0,0.0,0.0,0.0
66494,0.0,0.0,0.0,0.0,0.0,0.0,0.0,0.0,0.0,0.0,0.0,0.0
66496,0.0,0.0,0.0,0.0,0.0,0.0,0.0,0.0,0.0,0.0,0.0,0.0
66497,0.0,0.0,0.0,0.0,0.0,0.0,0.0,0.0,0.0,0.0,0.0,0.0
66504,-1453626.8542166948,-535716.6331629753,-280735.1340587139,-25074.937429070473,0.0,0.0,0.0,0.0,0.0,0.0,-348216.04975652695,-877438.6297626495
66505,0.0,0.0,0.0,0.0,0.0,0.0,0.0,0.0,0.0,0.0,0.0,0.0
66506,0.0,0.0,0.0,0.0,0.0,0.0,0.0,0.0,0.0,0.0,0.0,0.0
66507,0.0,0.0,0.0,0.0,0.0,0.0,0.0,0.0,0.0,0.0,0.0,0.0
66520,0.0,0.0,0.0,0.0,0.0,0.0,0.0,0.0,0.0,0.0,0.0,0.0
66521,0.0,0.0,0.0,0.0,0.0,0.0,0.0,0.0,0.0,0.0,0.0,0.0
66522,0.0,0.0,0.0,0.0,0.0,0.0,0.0,0.0,0.0,0.0,0.0,0.0
66523,0.0,0.0,0.0,0.0,0.0,0.0,0.0,0.0,0.0,0.0,0.0,0.0
66530,-86262.69098443538,-37083.51786474511,-142911.5438297391,-49056.66917793825,0.0,0.0,0.0,0.0,0.0,0.0,0.0,-431.02890133857727
66531,0.0,-8751.801411983964,-6278.485808899568,-737.1066524828202,0.0,0.0,0.0,0.0,0.0,0.0,-2609.1973541225307,-10666.3671875
66532,0.0,0.0,0.0,0.0,0.0,0.0,0.0,0.0,0.0,0.0,0.0,0.0
66533,0.0,0.0,0.0,0.0,0.0,0.0,0.0,0.0,0.0,0.0,0.0,0.0
66534,0.0,0.0,0.0,0.0,0.0,0.0,0.0,0.0,0.0,0.0,0.0,0.0
66547,0.0,0.0,0.0,0.0,0.0,0.0,0.0,0.0,0.0,0.0,0.0,0.0
66548,0.0,0.0,0.0,0.0,0.0,0.0,0.0,0.0,0.0,0.0,0.0,0.0
66556,0.0,0.0,0.0,0.0,0.0,0.0,0.0,-1547.6714877337217,-2844.49433048442,0.0,0.0,0.0
66557,0.0,0.0,0.0,0.0,0.0,0.0,0.0,0.0,0.0,0.0,0.0,0.0
66558,0.0,0.0,0.0,0.0,0.0,0.0,0.0,0.0,0.0,0.0,0.0,0.0
66559,0.0,0.0,0.0,0.0,0.0,0.0,0.0,0.0,0.0,0.0,0.0,0.0
66560,0.0,0.0,0.0,0.0,0.0,0.0,0.0,0.0,0.0,0.0,0.0,0.0
66569,0.0,0.0,0.0,0.0,0.0,0.0,0.0,0.0,0.0,0.0,0.0,0.0
66570,0.0,0.0,0.0,0.0,0.0,0.0,0.0,0.0,0.0,0.0,0.0,0.0
66572,0.0,0.0,0.0,0.0,0.0,0.0,0.0,0.0,0.0,0.0,0.0,0.0
66573,0.0,0.0,0.0,0.0,0.0,0.0,0.0,0.0,0.0,0.0,0.0,0.0
66574,0.0,-13.587364673614502,-13.45786440372467,-0.013783872127532959,0.0,0.0,0.0,0.0,0.0,0.0,0.0,0.0
66575,-2688.0867584347725,-8331.218168020248,-2821.0612936019897,0.0,0.0,0.0,0.0,0.0,0.0,-443.30838376283646,-5071.225673377514,-6291.005278289318
66576,-1420.144353851676,-7474.316733188927,-4620.193634271622,-1199.555561169982,-458.88246232271194,0.0,0.0,0.0,0.0,0.0,0.0,0.0
66579,-1817217.5487782955,-456043.782681942,-67178.54848718643,-9436.25374174118,0.0,0.0,0.0,-242.53165531158447,-31768.40110349655,-139040.53974461555,-1454366.0053076744,-1854169.553315878
66580,-38837.565329261124,-219500.66351050138,-47020.78932823241,-9298.057875722647,0.0,0.0,0.0,0.0,0.0,-4793.492270261049,-205069.359375,-3869.2348201796412
66581,0.0,0.0,0.0,0.0,0.0,0.0,0.0,0.0,0.0,0.0,0.0,0.0
66582,0.0,0.0,0.0,0.0,0.0,0.0,0.0,0.0,0.0,0.0,0.0,0.0
66583,0.0,0.0,0.0,0.0,0.0,0.0,0.0,0.0,0.0,0.0,0.0,0.0
66584,0.0,0.0,0.0,0.0,0.0,0.0,0.0,0.0,0.0,0.0,0.0,0.0
66585,0.0,0.0,0.0,0.0,0.0,0.0,0.0,0.0,0.0,0.0,0.0,0.0
66598,0.0,0.0,0.0,0.0,0.0,0.0,0.0,0.0,0.0,0.0,0.0,0.0
66600,0.0,0.0,0.0,0.0,0.0,0.0,0.0,0.0,0.0,0.0,0.0,0.0
66601,0.0,1696.9172077775002,1486.0715000228956,219.1376241883263,0.0,0.0,0.0,0.0,0.0,0.0,0.0,0.0
66602,-1397.7931752949953,-6335.951016560197,-4020.976607352495,-364.8093599677086,-97.02730143070221,0.0,0.0,0.0,0.0,0.0,0.0,0.0
66603,0.0,0.0,904.2041596062481,190.1745592840016,0.0,0.0,0.0,0.0,0.0,0.0,0.0,0.0
66604,0.0,0.0,0.0,0.0,0.0,0.0,0.0,0.0,0.0,0.0,0.0,0.0
66614,0.0,0.0,0.0,0.0,0.0,0.0,0.0,0.0,0.0,0.0,0.0,0.0
66615,0.0,0.0,0.0,0.0,0.0,0.0,0.0,0.0,0.0,0.0,0.0,0.0
66621,0.0,0.0,0.0,0.0,0.0,0.0,0.0,0.0,0.0,0.0,0.0,0.0
66622,0.0,0.0,0.0,0.0,0.0,0.0,0.0,0.0,0.0,0.0,0.0,0.0
66623,0.0,0.0,0.0,0.0,0.0,0.0,0.0,0.0,0.0,0.0,0.0,0.0
66624,0.0,0.0,0.0,0.0,0.0,0.0,0.0,0.0,0.0,0.0,0.0,0.0
66625,0.0,0.0,0.0,0.0,0.0,0.0,0.0,0.0,0.0,0.0,0.0,0.0
66626,0.0,0.0,0.0,0.0,0.0,0.0,0.0,0.0,0.0,0.0,0.0,0.0
66627,0.0,0.0,0.0,0.0,0.0,0.0,0.0,0.0,0.0,0.0,0.0,0.0
66628,0.0,0.0,0.0,0.0,0.0,0.0,0.0,0.0,0.0,0.0,0.0,0.0
66631,0.0,0.0,0.0,0.0,0.0,0.0,0.0,0.0,0.0,0.0,0.0,0.0
66634,0.0,0.0,0.0,0.0,0.0,0.0,0.0,0.0,0.0,0.0,0.0,0.0
66635,0.0,0.0,0.0,0.0,0.0,0.0,0.0,0.0,0.0,0.0,0.0,0.0
66636,0.0,0.0,0.0,0.0,0.0,0.0,0.0,0.0,0.0,0.0,0.0,0.0
66640,0.0,0.0,0.0,0.0,0.0,0.0,0.0,0.0,0.0,0.0,0.0,0.0
66644,0.0,0.0,0.0,0.0,0.0,0.0,0.0,0.0,0.0,0.0,0.0,0.0
66645,0.0,0.0,0.0,0.0,0.0,0.0,0.0,0.0,0.0,0.0,0.0,0.0
66646,0.0,0.0,0.0,0.0,0.0,0.0,0.0,0.0,0.0,0.0,0.0,0.0
66647,0.0,0.0,0.0,0.0,0.0,0.0,0.0,0.0,0.0,0.0,0.0,0.0
66648,0.0,0.0,0.0,0.0,0.0,0.0,0.0,0.0,0.0,0.0,0.0,0.0
66655,0.0,0.0,0.0,0.0,0.0,0.0,0.0,0.0,0.0,0.0,0.0,0.0
66659,0.0,0.0,0.0,0.0,0.0,0.0,0.0,0.0,0.0,0.0,0.0,0.0
66662,0.0,0.0,0.0,0.0,0.0,0.0,0.0,0.0,0.0,0.0,0.0,0.0
66663,0.0,0.0,0.0,0.0,0.0,0.0,0.0,0.0,0.0,0.0,0.0,0.0
66665,0.0,0.0,0.0,0.0,0.0,0.0,0.0,0.0,0.0,0.0,0.0,0.0
66666,0.0,0.0,0.0,0.0,0.0,0.0,0.0,0.0,0.0,0.0,0.0,0.0
66667,0.0,0.0,0.0,0.0,0.0,0.0,0.0,0.0,0.0,0.0,0.0,0.0
66674,0.0,0.0,0.0,0.0,0.0,0.0,0.0,0.0,0.0,0.0,0.0,0.0
66682,0.0,0.0,0.0,0.0,0.0,0.0,0.0,0.0,0.0,0.0,0.0,0.0
66683,0.0,0.0,0.0,0.0,0.0,0.0,0.0,0.0,0.0,0.0,0.0,0.0
66684,0.0,0.0,0.0,0.0,0.0,0.0,0.0,0.0,0.0,0.0,0.0,0.0
66685,0.0,0.0,0.0,0.0,0.0,0.0,0.0,0.0,0.0,0.0,0.0,0.0
66686,0.0,0.0,0.0,0.0,0.0,0.0,0.0,0.0,0.0,0.0,0.0,0.0
66694,0.0,0.0,0.0,0.0,0.0,0.0,0.0,0.0,0.0,0.0,0.0,0.0
66700,0.0,0.0,0.0,0.0,0.0,0.0,0.0,0.0,0.0,0.0,0.0,0.0
66701,0.0,0.0,0.0,0.0,0.0,0.0,0.0,0.0,0.0,0.0,0.0,0.0
66702,0.0,0.0,0.0,0.0,0.0,0.0,0.0,0.0,0.0,0.0,0.0,0.0
66703,0.0,0.0,0.0,0.0,0.0,0.0,0.0,0.0,0.0,0.0,0.0,0.0
66717,0.0,0.0,0.0,0.0,0.0,0.0,0.0,0.0,0.0,0.0,0.0,0.0
66718,0.0,0.0,0.0,0.0,0.0,0.0,0.0,0.0,0.0,0.0,0.0,0.0
66719,0.0,0.0,0.0,0.0,0.0,0.0,0.0,0.0,0.0,0.0,0.0,0.0
66731,0.0,0.0,0.0,0.0,0.0,0.0,0.0,0.0,0.0,0.0,0.0,0.0
66732,0.0,0.0,0.0,0.0,0.0,0.0,0.0,0.0,0.0,0.0,0.0,0.0
66733,0.0,0.0,0.0,0.0,0.0,0.0,0.0,0.0,0.0,0.0,0.0,0.0
66734,0.0,0.0,0.0,0.0,0.0,0.0,0.0,0.0,0.0,0.0,0.0,0.0
66735,0.0,0.0,0.0,0.0,0.0,0.0,0.0,0.0,0.0,0.0,0.0,0.0
66745,0.0,0.0,0.0,0.0,0.0,0.0,0.0,0.0,0.0,0.0,0.0,0.0
66746,0.0,0.0,0.0,0.0,0.0,0.0,0.0,0.0,0.0,0.0,0.0,0.0
66747,0.0,0.0,0.0,0.0,0.0,0.0,0.0,0.0,0.0,0.0,0.0,0.0
66748,0.0,0.0,0.0,0.0,0.0,0.0,0.0,0.0,0.0,0.0,0.0,0.0
66749,0.0,0.0,0.0,0.0,0.0,0.0,0.0,0.0,0.0,0.0,0.0,0.0
66758,0.0,0.0,0.0,0.0,0.0,0.0,0.0,0.0,0.0,0.0,0.0,0.0
66759,0.0,0.0,0.0,0.0,0.0,0.0,0.0,0.0,0.0,0.0,0.0,0.0
66760,0.0,0.0,0.0,0.0,0.0,0.0,0.0,0.0,0.0,0.0,0.0,0.0
66761,0.0,0.0,0.0,0.0,0.0,0.0,0.0,0.0,0.0,0.0,0.0,0.0
66762,0.0,0.0,0.0,0.0,0.0,0.0,0.0,0.0,0.0,0.0,0.0,0.0
66763,0.0,0.0,0.0,0.0,0.0,0.0,0.0,0.0,0.0,0.0,0.0,0.0
66764,0.0,0.0,0.0,0.0,0.0,0.0,0.0,0.0,0.0,0.0,0.0,0.0
66767,0.0,0.0,0.0,0.0,0.0,0.0,0.0,0.0,0.0,0.0,0.0,0.0
66768,0.0,0.0,0.0,0.0,0.0,0.0,0.0,0.0,0.0,0.0,0.0,0.0
66769,0.0,0.0,0.0,0.0,0.0,0.0,0.0,0.0,0.0,0.0,0.0,0.0
66770,0.0,0.0,0.0,0.0,0.0,0.0,0.0,0.0,0.0,0.0,0.0,0.0
66771,0.0,0.0,0.0,0.0,0.0,0.0,0.0,0.0,0.0,0.0,0.0,0.0
66779,0.0,0.0,0.0,0.0,0.0,0.0,0.0,0.0,0.0,0.0,0.0,0.0
66781,0.0,0.0,0.0,0.0,0.0,0.0,0.0,0.0,0.0,0.0,0.0,0.0
66782,0.0,0.0,0.0,0.0,0.0,0.0,0.0,0.0,0.0,0.0,0.0,0.0
66783,0.0,0.0,0.0,0.0,0.0,0.0,0.0,0.0,0.0,0.0,0.0,0.0
66784,0.0,0.0,0.0,0.0,0.0,0.0,0.0,0.0,0.0,0.0,0.0,0.0
66785,0.0,0.0,0.0,0.0,0.0,0.0,0.0,0.0,0.0,0.0,0.0,0.0
66786,0.0,0.0,0.0,0.0,0.0,0.0,0.0,0.0,0.0,0.0,0.0,0.0
66787,0.0,0.0,0.0,0.0,0.0,0.0,0.0,0.0,0.0,0.0,0.0,0.0
66788,0.0,0.0,0.0,0.0,0.0,0.0,0.0,0.0,0.0,0.0,0.0,0.0
66789,0.0,0.0,0.0,0.0,0.0,0.0,0.0,0.0,0.0,0.0,0.0,0.0
66790,0.0,0.0,0.0,0.0,0.0,0.0,0.0,0.0,0.0,0.0,0.0,0.0
66791,0.0,0.0,0.0,0.0,0.0,0.0,0.0,0.0,0.0,0.0,0.0,0.0
66792,0.0,0.0,0.0,0.0,0.0,0.0,0.0,0.0,0.0,0.0,0.0,0.0
66799,0.0,0.0,0.0,0.0,0.0,0.0,0.0,0.0,0.0,0.0,0.0,0.0
66800,0.0,0.0,0.0,0.0,0.0,0.0,0.0,0.0,0.0,0.0,0.0,0.0
66802,0.0,0.0,0.0,0.0,0.0,0.0,0.0,0.0,0.0,0.0,0.0,0.0
66803,0.0,0.0,0.0,0.0,0.0,0.0,0.0,0.0,0.0,0.0,0.0,0.0
66804,0.0,0.0,0.0,0.0,0.0,0.0,0.0,0.0,0.0,0.0,0.0,0.0
66805,0.0,0.0,0.0,0.0,0.0,0.0,0.0,0.0,0.0,0.0,0.0,0.0
66806,0.0,0.0,0.0,0.0,0.0,0.0,0.0,0.0,0.0,0.0,0.0,0.0
66808,0.0,0.0,0.0,0.0,0.0,0.0,0.0,0.0,0.0,0.0,0.0,0.0
66809,0.0,0.0,0.0,0.0,0.0,0.0,0.0,0.0,0.0,0.0,0.0,0.0
66810,0.0,0.0,0.0,0.0,0.0,0.0,0.0,0.0,0.0,0.0,0.0,0.0
66811,0.0,0.0,0.0,0.0,0.0,0.0,0.0,0.0,0.0,0.0,0.0,0.0
66812,0.0,0.0,0.0,0.0,0.0,0.0,0.0,0.0,0.0,0.0,0.0,0.0
66813,0.0,0.0,0.0,0.0,0.0,0.0,0.0,0.0,0.0,0.0,0.0,0.0
66814,0.0,0.0,0.0,0.0,0.0,0.0,0.0,0.0,0.0,0.0,0.0,0.0
66815,0.0,0.0,0.0,0.0,0.0,0.0,0.0,0.0,0.0,0.0,0.0,0.0
66816,0.0,0.0,0.0,0.0,0.0,0.0,0.0,0.0,0.0,0.0,0.0,0.0
66817,0.0,0.0,0.0,0.0,0.0,0.0,0.0,0.0,0.0,0.0,0.0,0.0
66818,0.0,0.0,0.0,0.0,0.0,0.0,0.0,0.0,0.0,0.0,0.0,0.0
66819,0.0,0.0,0.0,0.0,0.0,0.0,0.0,0.0,0.0,0.0,0.0,0.0
66820,0.0,0.0,0.0,0.0,0.0,0.0,0.0,0.0,0.0,0.0,0.0,0.0
66821,0.0,0.0,0.0,0.0,0.0,0.0,0.0,0.0,0.0,0.0,0.0,0.0
66822,0.0,0.0,0.0,0.0,0.0,0.0,0.0,0.0,0.0,0.0,0.0,0.0
66823,0.0,0.0,0.0,0.0,0.0,0.0,0.0,0.0,0.0,0.0,0.0,0.0
66824,0.0,0.0,0.0,0.0,0.0,0.0,0.0,0.0,0.0,0.0,0.0,0.0
66825,0.0,0.0,0.0,0.0,0.0,0.0,0.0,0.0,0.0,0.0,0.0,0.0
66826,0.0,0.0,0.0,0.0,0.0,0.0,0.0,0.0,0.0,0.0,0.0,0.0
66827,0.0,0.0,0.0,0.0,0.0,0.0,0.0,0.0,0.0,0.0,0.0,0.0
66828,0.0,0.0,0.0,0.0,0.0,0.0,0.0,0.0,0.0,0.0,0.0,0.0
66829,0.0,0.0,0.0,0.0,0.0,0.0,0.0,0.0,0.0,0.0,0.0,0.0
66830,0.0,0.0,0.0,0.0,0.0,0.0,0.0,0.0,0.0,0.0,0.0,0.0
66831,0.0,0.0,0.0,0.0,0.0,0.0,0.0,0.0,0.0,0.0,0.0,0.0
66832,0.0,0.0,0.0,0.0,0.0,0.0,0.0,0.0,0.0,0.0,0.0,0.0
66834,0.0,0.0,0.0,0.0,0.0,0.0,0.0,0.0,0.0,0.0,0.0,0.0
66835,0.0,0.0,0.0,0.0,0.0,0.0,0.0,0.0,0.0,0.0,0.0,0.0
66836,0.0,0.0,0.0,0.0,0.0,0.0,0.0,0.0,0.0,0.0,0.0,0.0
66837,0.0,0.0,0.0,0.0,0.0,0.0,0.0,0.0,0.0,0.0,0.0,0.0
66838,0.0,0.0,0.0,0.0,0.0,0.0,0.0,0.0,0.0,0.0,0.0,0.0
66839,0.0,0.0,0.0,0.0,0.0,0.0,0.0,0.0,0.0,0.0,0.0,0.0
66840,0.0,0.0,0.0,0.0,0.0,0.0,0.0,0.0,0.0,0.0,0.0,0.0
66841,0.0,0.0,0.0,0.0,0.0,0.0,0.0,0.0,0.0,0.0,0.0,0.0
66842,0.0,0.0,0.0,0.0,0.0,0.0,0.0,0.0,0.0,0.0,0.0,0.0
66843,0.0,0.0,0.0,0.0,0.0,0.0,0.0,0.0,0.0,0.0,0.0,0.0
66847,0.0,0.0,0.0,0.0,0.0,0.0,0.0,0.0,0.0,0.0,0.0,0.0
66850,0.0,0.0,0.0,0.0,0.0,0.0,0.0,0.0,0.0,0.0,0.0,0.0
66851,0.0,0.0,0.0,0.0,0.0,0.0,0.0,0.0,0.0,0.0,0.0,0.0
66852,0.0,0.0,0.0,0.0,0.0,0.0,0.0,0.0,0.0,0.0,0.0,0.0
66853,0.0,0.0,0.0,0.0,0.0,0.0,0.0,0.0,0.0,0.0,0.0,0.0
66854,0.0,0.0,0.0,0.0,0.0,0.0,0.0,0.0,0.0,0.0,0.0,0.0
66855,0.0,0.0,0.0,0.0,0.0,0.0,0.0,0.0,0.0,0.0,0.0,0.0
66856,0.0,0.0,0.0,0.0,0.0,0.0,0.0,0.0,0.0,0.0,0.0,0.0
66861,0.0,0.0,0.0,0.0,0.0,0.0,0.0,0.0,0.0,0.0,0.0,0.0
66862,0.0,0.0,0.0,0.0,0.0,0.0,0.0,0.0,0.0,0.0,0.0,0.0
66863,0.0,0.0,0.0,0.0,0.0,0.0,0.0,0.0,0.0,0.0,0.0,0.0
66865,0.0,0.0,0.0,0.0,0.0,0.0,0.0,0.0,0.0,0.0,0.0,0.0
66866,0.0,0.0,0.0,0.0,0.0,0.0,0.0,0.0,0.0,0.0,0.0,0.0
66867,0.0,0.0,0.0,0.0,0.0,0.0,0.0,0.0,0.0,0.0,0.0,0.0
66868,0.0,0.0,0.0,0.0,0.0,0.0,0.0,0.0,0.0,0.0,0.0,0.0
66869,0.0,0.0,0.0,0.0,0.0,0.0,0.0,0.0,0.0,0.0,0.0,0.0
66870,0.0,0.0,0.0,0.0,0.0,0.0,0.0,0.0,0.0,0.0,0.0,0.0
66871,0.0,0.0,0.0,0.0,0.0,0.0,0.0,0.0,0.0,0.0,0.0,0.0
66877,0.0,0.0,0.0,0.0,0.0,0.0,0.0,0.0,0.0,0.0,0.0,0.0
66878,0.0,0.0,0.0,0.0,0.0,0.0,0.0,0.0,0.0,0.0,0.0,0.0
66879,0.0,0.0,0.0,0.0,0.0,0.0,0.0,0.0,0.0,0.0,0.0,0.0
66880,0.0,0.0,0.0,0.0,0.0,0.0,0.0,0.0,0.0,0.0,0.0,0.0
66883,0.0,0.0,0.0,0.0,0.0,0.0,0.0,0.0,0.0,0.0,0.0,0.0
66884,0.0,0.0,0.0,0.0,0.0,0.0,0.0,0.0,0.0,0.0,0.0,0.0
66885,0.0,0.0,0.0,0.0,0.0,0.0,0.0,0.0,0.0,0.0,0.0,0.0
66886,0.0,0.0,0.0,0.0,0.0,0.0,0.0,0.0,0.0,0.0,0.0,0.0
66887,0.0,0.0,0.0,0.0,0.0,0.0,0.0,0.0,0.0,0.0,0.0,0.0
66888,0.0,0.0,0.0,0.0,0.0,0.0,0.0,0.0,0.0,0.0,0.0,0.0
66889,0.0,0.0,0.0,0.0,0.0,0.0,0.0,0.0,0.0,0.0,0.0,0.0
66890,0.0,0.0,0.0,0.0,0.0,0.0,0.0,0.0,0.0,0.0,0.0,0.0
66891,0.0,0.0,0.0,0.0,0.0,0.0,0.0,0.0,0.0,0.0,0.0,0.0
66894,0.0,0.0,0.0,0.0,0.0,0.0,0.0,0.0,0.0,0.0,0.0,0.0
66895,0.0,0.0,0.0,0.0,0.0,0.0,0.0,0.0,0.0,0.0,0.0,0.0
66896,0.0,0.0,0.0,0.0,0.0,0.0,0.0,0.0,0.0,0.0,0.0,0.0
66914,0.0,0.0,0.0,0.0,0.0,0.0,0.0,0.0,0.0,0.0,0.0,0.0
66920,0.0,0.0,0.0,0.0,0.0,0.0,0.0,0.0,0.0,0.0,0.0,0.0
66922,0.0,0.0,0.0,0.0,0.0,0.0,0.0,0.0,0.0,0.0,0.0,0.0
66944,0.0,0.0,0.0,0.0,0.0,0.0,0.0,0.0,0.0,0.0,0.0,0.0
66952,0.0,0.0,0.0,0.0,0.0,0.0,0.0,0.0,0.0,0.0,0.0,0.0
66971,0.0,0.0,0.0,0.0,0.0,0.0,0.0,0.0,0.0,0.0,0.0,0.0
66984,0.0,0.0,0.0,0.0,0.0,0.0,0.0,0.0,0.0,0.0,0.0,0.0
66998,0.0,0.0,0.0,0.0,0.0,0.0,0.0,0.0,0.0,0.0,0.0,0.0
67004,0.0,0.0,0.0,0.0,0.0,0.0,0.0,0.0,0.0,0.0,0.0,0.0
67019,0.0,0.0,0.0,0.0,0.0,0.0,0.0,0.0,0.0,0.0,0.0,0.0
67031,0.0,0.0,0.0,0.0,0.0,0.0,0.0,0.0,0.0,0.0,0.0,0.0
67038,0.0,0.0,0.0,0.0,0.0,0.0,0.0,0.0,0.0,0.0,0.0,0.0
67051,0.0,0.0,0.0,0.0,0.0,0.0,0.0,0.0,0.0,0.0,0.0,0.0
67053,0.0,0.0,0.0,0.0,0.0,0.0,0.0,0.0,0.0,0.0,0.0,0.0
67067,0.0,0.0,0.0,0.0,0.0,0.0,0.0,0.0,0.0,0.0,0.0,0.0
67071,0.0,0.0,0.0,0.0,0.0,0.0,0.0,0.0,0.0,0.0,0.0,0.0
67075,0.0,0.0,0.0,0.0,0.0,0.0,0.0,0.0,0.0,0.0,0.0,0.0
67110,0.0,0.0,0.0,0.0,0.0,0.0,0.0,0.0,0.0,0.0,0.0,0.0
67178,0.0,0.0,0.0,0.0,0.0,0.0,0.0,0.0,0.0,0.0,0.0,0.0
67182,0.0,0.0,0.0,0.0,0.0,0.0,0.0,0.0,0.0,0.0,0.0,0.0
67183,0.0,0.0,0.0,0.0,0.0,0.0,0.0,0.0,0.0,0.0,0.0,0.0
67192,0.0,0.0,0.0,0.0,0.0,0.0,0.0,0.0,0.0,0.0,0.0,0.0
67210,0.0,0.0,0.0,0.0,0.0,0.0,0.0,0.0,0.0,0.0,0.0,0.0
67228,0.0,0.0,0.0,0.0,0.0,0.0,0.0,0.0,0.0,0.0,0.0,0.0
67248,0.0,0.0,0.0,0.0,0.0,0.0,0.0,0.0,0.0,0.0,0.0,0.0
67269,0.0,0.0,0.0,0.0,0.0,0.0,0.0,0.0,0.0,0.0,0.0,0.0
67294,0.0,0.0,0.0,0.0,0.0,0.0,0.0,0.0,0.0,0.0,0.0,0.0
67307,0.0,0.0,0.0,0.0,0.0,0.0,0.0,0.0,0.0,0.0,0.0,0.0
67311,0.0,0.0,0.0,0.0,0.0,0.0,0.0,0.0,0.0,0.0,0.0,0.0
67372,0.0,0.0,0.0,0.0,0.0,0.0,0.0,0.0,0.0,0.0,0.0,0.0
67378,0.0,0.0,0.0,0.0,0.0,0.0,0.0,0.0,0.0,0.0,0.0,0.0
67427,0.0,0.0,0.0,0.0,0.0,0.0,0.0,0.0,0.0,0.0,0.0,0.0
67438,0.0,0.0,0.0,0.0,0.0,0.0,0.0,0.0,0.0,0.0,0.0,0.0
67491,0.0,0.0,0.0,0.0,0.0,0.0,0.0,0.0,0.0,0.0,0.0,0.0
67516,0.0,0.0,0.0,0.0,0.0,0.0,0.0,0.0,0.0,0.0,0.0,0.0
67554,0.0,0.0,0.0,0.0,0.0,0.0,0.0,0.0,0.0,0.0,0.0,0.0
67586,0.0,0.0,0.0,0.0,0.0,0.0,0.0,0.0,0.0,0.0,0.0,0.0
67597,0.0,0.0,0.0,0.0,0.0,0.0,0.0,0.0,0.0,0.0,0.0,0.0
67652,0.0,0.0,0.0,0.0,0.0,0.0,0.0,0.0,0.0,0.0,0.0,0.0
67718,0.0,0.0,0.0,0.0,0.0,0.0,0.0,0.0,0.0,0.0,0.0,0.0
67800,0.0,0.0,0.0,0.0,0.0,0.0,0.0,0.0,0.0,0.0,0.0,0.0
67807,0.0,0.0,0.0,0.0,0.0,0.0,0.0,0.0,0.0,0.0,0.0,0.0
67840,0.0,0.0,0.0,0.0,0.0,0.0,0.0,0.0,0.0,0.0,0.0,0.0
67877,0.0,0.0,0.0,0.0,0.0,0.0,0.0,0.0,0.0,0.0,0.0,0.0
67889,0.0,0.0,0.0,0.0,0.0,0.0,0.0,0.0,0.0,0.0,0.0,0.0
67894,0.0,0.0,0.0,0.0,0.0,0.0,0.0,0.0,0.0,0.0,0.0,0.0
67896,0.0,0.0,0.0,0.0,0.0,0.0,0.0,0.0,0.0,0.0,0.0,0.0
67924,0.0,0.0,0.0,0.0,0.0,0.0,0.0,0.0,0.0,0.0,0.0,0.0
67971,0.0,0.0,0.0,0.0,0.0,0.0,0.0,0.0,0.0,0.0,0.0,0.0
67973,0.0,0.0,0.0,0.0,0.0,0.0,0.0,0.0,0.0,0.0,0.0,0.0
67977,0.0,0.0,0.0,0.0,0.0,0.0,0.0,0.0,0.0,0.0,0.0,0.0
68011,0.0,0.0,0.0,0.0,0.0,0.0,0.0,0.0,0.0,0.0,0.0,0.0
68074,0.0,0.0,0.0,0.0,0.0,0.0,0.0,0.0,0.0,0.0,0.0,0.0
68082,0.0,0.0,0.0,0.0,0.0,0.0,0.0,0.0,0.0,0.0,0.0,0.0
68126,0.0,0.0,0.0,0.0,0.0,0.0,0.0,0.0,0.0,0.0,0.0,0.0
68140,0.0,0.0,0.0,0.0,0.0,0.0,0.0,0.0,0.0,0.0,0.0,0.0
68177,0.0,0.0,0.0,0.0,0.0,0.0,0.0,0.0,0.0,0.0,0.0,0.0
68185,0.0,0.0,0.0,0.0,0.0,0.0,0.0,0.0,0.0,0.0,0.0,0.0
68192,0.0,0.0,0.0,0.0,0.0,0.0,0.0,0.0,0.0,0.0,0.0,0.0
68197,0.0,0.0,0.0,0.0,0.0,0.0,0.0,0.0,0.0,0.0,0.0,0.0
68211,0.0,0.0,0.0,0.0,0.0,0.0,0.0,0.0,0.0,0.0,0.0,0.0
68235,0.0,0.0,0.0,0.0,0.0,0.0,0.0,0.0,0.0,0.0,0.0,0.0
68256,0.0,0.0,0.0,0.0,0.0,0.0,0.0,0.0,0.0,0.0,0.0,0.0
68257,0.0,-96880.6171875,0.0,0.0,0.0,0.0,0.0,0.0,0.0,0.0,0.0,0.0
68278,0.0,0.0,0.0,0.0,0.0,0.0,0.0,0.0,0.0,0.0,0.0,0.0
68280,0.0,0.0,0.0,0.0,0.0,0.0,0.0,0.0,0.0,0.0,0.0,0.0
68282,0.0,0.0,0.0,0.0,0.0,0.0,0.0,0.0,0.0,0.0,0.0,0.0
68307,0.0,0.0,0.0,0.0,0.0,0.0,0.0,0.0,0.0,0.0,0.0,0.0
68333,0.0,0.0,0.0,0.0,0.0,0.0,0.0,0.0,0.0,0.0,0.0,0.0
68345,0.0,0.0,0.0,0.0,0.0,0.0,0.0,0.0,0.0,0.0,0.0,0.0
68354,0.0,0.0,0.0,0.0,0.0,0.0,0.0,0.0,0.0,0.0,0.0,0.0
68390,0.0,0.0,0.0,0.0,0.0,0.0,0.0,0.0,0.0,0.0,0.0,0.0
68422,0.0,0.0,0.0,0.0,0.0,0.0,0.0,0.0,0.0,0.0,0.0,0.0
68442,0.0,0.0,0.0,0.0,0.0,0.0,0.0,0.0,0.0,0.0,0.0,0.0
68503,0.0,0.0,0.0,0.0,0.0,0.0,0.0,0.0,0.0,0.0,0.0,0.0
68507,0.0,0.0,0.0,0.0,0.0,0.0,0.0,0.0,0.0,0.0,0.0,0.0
68526,0.0,0.0,0.0,0.0,0.0,0.0,0.0,0.0,0.0,0.0,0.0,0.0
68528,0.0,0.0,0.0,0.0,0.0,0.0,0.0,0.0,0.0,0.0,0.0,0.0
68591,0.0,0.0,0.0,0.0,0.0,0.0,0.0,0.0,0.0,0.0,0.0,0.0
68619,0.0,0.0,0.0,0.0,0.0,0.0,0.0,0.0,0.0,0.0,0.0,0.0
68631,0.0,0.0,0.0,0.0,0.0,0.0,0.0,0.0,0.0,0.0,0.0,0.0
68738,0.0,0.0,0.0,0.0,0.0,0.0,0.0,0.0,0.0,0.0,0.0,0.0
68761,0.0,0.0,0.0,0.0,0.0,0.0,0.0,0.0,0.0,0.0,0.0,0.0
68789,0.0,0.0,0.0,0.0,0.0,0.0,0.0,0.0,0.0,0.0,0.0,0.0
68800,0.0,0.0,0.0,0.0,0.0,0.0,0.0,0.0,0.0,0.0,0.0,0.0
68802,0.0,0.0,0.0,0.0,0.0,0.0,0.0,0.0,0.0,0.0,0.0,0.0
68836,0.0,0.0,0.0,0.0,0.0,0.0,0.0,0.0,0.0,0.0,0.0,0.0
68858,0.0,0.0,0.0,0.0,0.0,0.0,0.0,0.0,0.0,0.0,0.0,0.0
68859,0.0,0.0,0.0,0.0,0.0,0.0,0.0,0.0,0.0,0.0,0.0,0.0
68863,0.0,0.0,0.0,0.0,0.0,0.0,0.0,0.0,0.0,0.0,0.0,0.0
68963,0.0,0.0,0.0,0.0,0.0,0.0,0.0,0.0,0.0,0.0,0.0,0.0
68964,0.0,0.0,0.0,0.0,0.0,0.0,0.0,0.0,0.0,0.0,0.0,0.0
69009,0.0,0.0,0.0,0.0,0.0,0.0,0.0,0.0,0.0,0.0,0.0,0.0
69017,0.0,0.0,0.0,0.0,0.0,0.0,0.0,0.0,0.0,0.0,0.0,0.0
69070,0.0,0.0,0.0,0.0,0.0,0.0,0.0,0.0,0.0,0.0,0.0,0.0
69071,0.0,0.0,0.0,0.0,0.0,0.0,0.0,0.0,0.0,0.0,0.0,0.0
69087,0.0,0.0,0.0,0.0,0.0,0.0,0.0,0.0,0.0,0.0,0.0,0.0
69100,0.0,0.0,0.0,0.0,0.0,0.0,0.0,0.0,0.0,0.0,0.0,0.0
69109,0.0,0.0,0.0,0.0,0.0,0.0,0.0,0.0,0.0,0.0,0.0,0.0
69118,0.0,0.0,0.0,0.0,0.0,0.0,0.0,0.0,0.0,0.0,0.0,0.0
69139,0.0,0.0,0.0,0.0,0.0,0.0,0.0,0.0,0.0,0.0,0.0,0.0
69252,0.0,0.0,0.0,0.0,0.0,0.0,0.0,0.0,0.0,0.0,0.0,0.0
69271,0.0,0.0,0.0,0.0,0.0,0.0,0.0,0.0,0.0,0.0,0.0,0.0
69279,0.0,0.0,0.0,0.0,0.0,0.0,0.0,0.0,0.0,0.0,0.0,0.0
69280,0.0,0.0,0.0,0.0,0.0,0.0,0.0,0.0,0.0,0.0,0.0,0.0
69288,0.0,0.0,0.0,0.0,0.0,0.0,0.0,0.0,0.0,0.0,0.0,0.0
69330,0.0,0.0,0.0,0.0,0.0,0.0,0.0,0.0,0.0,0.0,0.0,0.0
69413,0.0,0.0,0.0,0.0,0.0,0.0,0.0,0.0,0.0,0.0,0.0,0.0
69420,0.0,0.0,0.0,0.0,0.0,0.0,0.0,0.0,0.0,0.0,0.0,0.0
69423,0.0,0.0,0.0,0.0,0.0,0.0,0.0,0.0,0.0,0.0,0.0,0.0
69460,0.0,0.0,0.0,0.0,0.0,0.0,0.0,0.0,0.0,0.0,0.0,0.0
69514,0.0,0.0,0.0,0.0,0.0,0.0,0.0,0.0,0.0,0.0,0.0,0.0
69583,0.0,0.0,0.0,0.0,0.0,0.0,0.0,0.0,0.0,0.0,0.0,0.0
69626,0.0,0.0,0.0,0.0,0.0,0.0,0.0,0.0,0.0,0.0,0.0,0.0
69634,0.0,0.0,0.0,0.0,0.0,0.0,0.0,0.0,0.0,0.0,0.0,0.0
69692,0.0,0.0,0.0,0.0,0.0,0.0,0.0,0.0,0.0,0.0,0.0,0.0
69738,0.0,0.0,0.0,0.0,0.0,0.0,0.0,0.0,0.0,0.0,0.0,0.0
69755,0.0,0.0,0.0,0.0,0.0,0.0,0.0,0.0,0.0,0.0,0.0,0.0
69767,0.0,0.0,0.0,0.0,0.0,0.0,0.0,0.0,0.0,0.0,0.0,0.0
69771,0.0,0.0,0.0,0.0,0.0,0.0,0.0,0.0,0.0,0.0,0.0,0.0
69810,0.0,0.0,0.0,0.0,0.0,0.0,0.0,0.0,0.0,0.0,0.0,0.0
69833,0.0,0.0,0.0,0.0,0.0,0.0,0.0,0.0,0.0,0.0,0.0,0.0
69836,0.0,0.0,0.0,0.0,0.0,0.0,0.0,0.0,0.0,0.0,0.0,0.0
69849,0.0,0.0,0.0,0.0,0.0,0.0,0.0,0.0,0.0,0.0,0.0,0.0
69899,0.0,0.0,0.0,0.0,0.0,0.0,0.0,0.0,0.0,0.0,0.0,0.0
69914,0.0,0.0,0.0,0.0,0.0,0.0,0.0,0.0,0.0,0.0,0.0,0.0
69930,0.0,0.0,0.0,0.0,0.0,0.0,0.0,0.0,0.0,0.0,0.0,0.0
69945,0.0,0.0,0.0,0.0,0.0,0.0,0.0,0.0,0.0,0.0,0.0,0.0
69992,0.0,0.0,0.0,0.0,0.0,0.0,0.0,0.0,0.0,0.0,0.0,0.0
70018,0.0,0.0,0.0,0.0,0.0,0.0,0.0,0.0,0.0,0.0,0.0,0.0
70060,0.0,0.0,0.0,0.0,0.0,0.0,0.0,0.0,0.0,0.0,0.0,0.0
70078,0.0,0.0,0.0,0.0,0.0,0.0,0.0,0.0,0.0,0.0,0.0,0.0
70090,0.0,0.0,0.0,0.0,0.0,0.0,0.0,0.0,0.0,0.0,0.0,0.0
70108,0.0,0.0,0.0,0.0,0.0,0.0,0.0,0.0,0.0,0.0,0.0,0.0
70125,0.0,0.0,0.0,0.0,0.0,0.0,0.0,0.0,0.0,0.0,0.0,0.0
70151,0.0,0.0,0.0,0.0,0.0,0.0,0.0,0.0,0.0,0.0,0.0,0.0
70193,0.0,0.0,0.0,0.0,0.0,0.0,0.0,0.0,0.0,0.0,0.0,0.0
70224,0.0,0.0,0.0,0.0,0.0,0.0,0.0,0.0,0.0,0.0,0.0,0.0
70259,0.0,0.0,0.0,0.0,0.0,0.0,0.0,0.0,0.0,0.0,0.0,0.0
70263,0.0,0.0,0.0,0.0,0.0,0.0,0.0,0.0,0.0,0.0,0.0,0.0
70270,0.0,0.0,0.0,0.0,0.0,0.0,0.0,0.0,0.0,0.0,0.0,0.0
70290,0.0,0.0,0.0,0.0,0.0,0.0,0.0,0.0,0.0,0.0,0.0,0.0
70309,0.0,0.0,0.0,0.0,0.0,0.0,0.0,0.0,0.0,0.0,0.0,0.0
70312,0.0,0.0,0.0,0.0,0.0,0.0,0.0,0.0,0.0,0.0,0.0,0.0
70372,0.0,0.0,0.0,0.0,0.0,0.0,0.0,0.0,0.0,0.0,0.0,0.0
70376,0.0,0.0,0.0,0.0,0.0,0.0,0.0,0.0,0.0,0.0,0.0,0.0
70417,0.0,0.0,0.0,0.0,0.0,0.0,0.0,0.0,0.0,0.0,0.0,0.0
70425,0.0,0.0,0.0,0.0,0.0,0.0,0.0,0.0,0.0,0.0,0.0,0.0
70452,0.0,0.0,0.0,0.0,0.0,0.0,0.0,0.0,0.0,0.0,0.0,0.0
70487,0.0,0.0,0.0,0.0,0.0,0.0,0.0,0.0,0.0,0.0,0.0,0.0
70557,0.0,0.0,0.0,0.0,0.0,0.0,0.0,0.0,0.0,0.0,0.0,0.0
70577,0.0,0.0,0.0,0.0,0.0,0.0,0.0,0.0,0.0,0.0,0.0,0.0
70591,0.0,0.0,0.0,0.0,0.0,0.0,0.0,0.0,0.0,0.0,0.0,0.0
70616,0.0,0.0,0.0,0.0,0.0,0.0,0.0,0.0,0.0,0.0,0.0,0.0
70668,0.0,0.0,0.0,0.0,0.0,0.0,0.0,0.0,0.0,0.0,0.0,0.0
70691,0.0,0.0,0.0,0.0,0.0,0.0,0.0,0.0,0.0,0.0,0.0,0.0
70757,0.0,0.0,0.0,0.0,0.0,0.0,0.0,0.0,0.0,0.0,0.0,0.0
70803,0.0,0.0,0.0,0.0,0.0,0.0,0.0,0.0,0.0,0.0,0.0,0.0
70818,0.0,0.0,0.0,0.0,0.0,0.0,0.0,0.0,0.0,0.0,0.0,0.0
70889,0.0,0.0,0.0,0.0,0.0,0.0,0.0,0.0,0.0,0.0,0.0,0.0
70896,0.0,0.0,0.0,0.0,0.0,0.0,0.0,0.0,0.0,0.0,0.0,0.0
70941,0.0,0.0,0.0,0.0,0.0,0.0,0.0,0.0,0.0,0.0,0.0,0.0
70951,0.0,0.0,0.0,0.0,0.0,0.0,0.0,0.0,0.0,0.0,0.0,0.0
70991,0.0,0.0,0.0,0.0,0.0,0.0,0.0,0.0,0.0,0.0,0.0,0.0
71001,0.0,0.0,0.0,0.0,0.0,0.0,0.0,0.0,0.0,0.0,0.0,0.0
71016,0.0,0.0,0.0,0.0,0.0,0.0,0.0,0.0,0.0,0.0,0.0,0.0
71105,0.0,0.0,0.0,0.0,0.0,0.0,0.0,0.0,0.0,0.0,0.0,0.0
71110,0.0,0.0,0.0,0.0,0.0,0.0,0.0,0.0,0.0,0.0,0.0,0.0
71116,0.0,0.0,0.0,0.0,0.0,0.0,0.0,0.0,0.0,0.0,0.0,0.0
71136,0.0,0.0,0.0,0.0,0.0,0.0,0.0,0.0,0.0,0.0,0.0,0.0
71179,0.0,0.0,0.0,0.0,0.0,0.0,0.0,0.0,0.0,0.0,0.0,0.0
71188,0.0,0.0,0.0,0.0,0.0,0.0,0.0,0.0,0.0,0.0,0.0,0.0
71204,0.0,0.0,0.0,0.0,0.0,0.0,0.0,0.0,0.0,0.0,0.0,0.0
71221,0.0,0.0,0.0,0.0,0.0,0.0,0.0,0.0,0.0,0.0,0.0,0.0
71243,0.0,0.0,0.0,0.0,0.0,0.0,0.0,0.0,0.0,0.0,0.0,0.0
71269,0.0,0.0,0.0,0.0,0.0,0.0,0.0,0.0,0.0,0.0,0.0,0.0
71280,0.0,0.0,0.0,0.0,0.0,0.0,0.0,0.0,0.0,0.0,0.0,0.0
71288,0.0,0.0,0.0,0.0,0.0,0.0,0.0,0.0,0.0,0.0,0.0,0.0
71324,0.0,0.0,0.0,0.0,0.0,0.0,0.0,0.0,0.0,0.0,0.0,0.0
71340,0.0,0.0,0.0,0.0,0.0,0.0,0.0,0.0,0.0,0.0,0.0,0.0
71341,0.0,0.0,0.0,0.0,0.0,0.0,0.0,0.0,0.0,0.0,0.0,0.0
71366,0.0,0.0,0.0,0.0,0.0,0.0,0.0,0.0,0.0,0.0,0.0,0.0
71368,0.0,0.0,0.0,0.0,0.0,0.0,0.0,0.0,0.0,0.0,0.0,0.0
71393,0.0,0.0,0.0,0.0,0.0,0.0,0.0,0.0,0.0,0.0,0.0,0.0
71396,0.0,0.0,0.0,0.0,0.0,0.0,0.0,0.0,0.0,0.0,0.0,0.0
71404,0.0,0.0,0.0,0.0,0.0,0.0,0.0,0.0,0.0,0.0,0.0,0.0
71413,0.0,0.0,0.0,0.0,0.0,0.0,0.0,0.0,0.0,0.0,0.0,0.0
71416,0.0,0.0,0.0,0.0,0.0,0.0,0.0,0.0,0.0,0.0,0.0,0.0
71433,0.0,0.0,0.0,0.0,0.0,0.0,0.0,0.0,0.0,0.0,0.0,0.0
71529,0.0,0.0,0.0,0.0,0.0,0.0,0.0,0.0,0.0,0.0,0.0,0.0
71540,0.0,0.0,0.0,0.0,0.0,0.0,0.0,0.0,0.0,0.0,0.0,0.0
71549,0.0,0.0,0.0,0.0,0.0,0.0,0.0,0.0,0.0,0.0,0.0,0.0
71570,0.0,0.0,0.0,0.0,0.0,0.0,0.0,0.0,0.0,0.0,0.0,0.0
71612,0.0,0.0,0.0,0.0,0.0,0.0,0.0,0.0,0.0,0.0,0.0,0.0
71664,0.0,0.0,0.0,0.0,0.0,0.0,0.0,0.0,0.0,0.0,0.0,0.0
71754,0.0,0.0,0.0,0.0,0.0,0.0,0.0,0.0,0.0,0.0,0.0,0.0
71771,0.0,0.0,0.0,0.0,0.0,0.0,0.0,0.0,0.0,0.0,0.0,0.0
71789,0.0,0.0,0.0,0.0,0.0,0.0,0.0,0.0,0.0,0.0,0.0,0.0
71806,0.0,0.0,0.0,0.0,0.0,0.0,0.0,0.0,0.0,0.0,0.0,0.0
71819,0.0,0.0,0.0,0.0,0.0,0.0,0.0,0.0,0.0,0.0,0.0,0.0
71832,0.0,0.0,0.0,0.0,0.0,0.0,0.0,0.0,0.0,0.0,0.0,0.0
71864,0.0,0.0,0.0,0.0,0.0,0.0,0.0,0.0,0.0,0.0,0.0,0.0
71871,0.0,0.0,0.0,0.0,0.0,0.0,0.0,0.0,0.0,0.0,0.0,0.0
71874,0.0,0.0,0.0,0.0,0.0,0.0,0.0,0.0,0.0,0.0,0.0,0.0
71909,0.0,0.0,0.0,0.0,0.0,0.0,0.0,0.0,0.0,0.0,0.0,0.0
71923,0.0,0.0,0.0,0.0,0.0,0.0,0.0,0.0,0.0,0.0,0.0,0.0
71926,0.0,0.0,0.0,0.0,0.0,0.0,0.0,0.0,0.0,0.0,0.0,0.0
71938,0.0,0.0,0.0,0.0,0.0,0.0,0.0,0.0,0.0,0.0,0.0,0.0
71958,0.0,0.0,0.0,0.0,0.0,0.0,0.0,0.0,0.0,0.0,0.0,0.0
71976,0.0,0.0,0.0,0.0,0.0,0.0,0.0,0.0,0.0,0.0,0.0,0.0
71986,0.0,0.0,0.0,0.0,0.0,0.0,0.0,0.0,0.0,0.0,0.0,0.0
72006,0.0,0.0,0.0,0.0,0.0,0.0,0.0,0.0,0.0,0.0,0.0,0.0
72026,0.0,0.0,0.0,0.0,0.0,0.0,0.0,0.0,0.0,0.0,0.0,0.0
72035,0.0,0.0,0.0,0.0,0.0,0.0,0.0,0.0,0.0,0.0,0.0,0.0
72072,0.0,0.0,0.0,0.0,0.0,0.0,0.0,0.0,0.0,0.0,0.0,0.0
72073,0.0,0.0,0.0,0.0,0.0,0.0,0.0,0.0,0.0,0.0,0.0,0.0
72084,0.0,0.0,0.0,0.0,0.0,0.0,0.0,0.0,0.0,0.0,0.0,0.0
72096,0.0,0.0,0.0,0.0,0.0,0.0,0.0,0.0,0.0,0.0,0.0,0.0
72122,0.0,0.0,0.0,0.0,0.0,0.0,0.0,0.0,0.0,0.0,0.0,0.0
72131,0.0,0.0,0.0,0.0,0.0,0.0,0.0,0.0,0.0,0.0,0.0,0.0
72139,0.0,0.0,0.0,0.0,0.0,0.0,0.0,0.0,0.0,0.0,0.0,0.0
72165,0.0,0.0,0.0,0.0,0.0,0.0,0.0,0.0,0.0,0.0,0.0,0.0
72181,0.0,0.0,0.0,0.0,0.0,0.0,0.0,0.0,0.0,0.0,0.0,0.0
72231,0.0,0.0,0.0,0.0,0.0,0.0,0.0,0.0,0.0,0.0,0.0,0.0
72247,0.0,0.0,0.0,0.0,0.0,0.0,0.0,0.0,0.0,0.0,0.0,0.0
72311,0.0,0.0,0.0,0.0,0.0,0.0,0.0,0.0,0.0,0.0,0.0,0.0
72359,0.0,0.0,0.0,0.0,0.0,0.0,0.0,0.0,0.0,0.0,0.0,0.0
72443,0.0,0.0,0.0,0.0,0.0,0.0,0.0,0.0,0.0,0.0,0.0,0.0
72446,0.0,0.0,0.0,0.0,0.0,0.0,0.0,0.0,0.0,0.0,0.0,0.0
72472,0.0,0.0,0.0,0.0,0.0,0.0,0.0,0.0,0.0,0.0,0.0,0.0
72518,0.0,0.0,0.0,0.0,0.0,0.0,0.0,0.0,0.0,0.0,0.0,0.0
72528,0.0,0.0,0.0,0.0,0.0,0.0,0.0,0.0,0.0,0.0,0.0,0.0
72575,0.0,0.0,0.0,0.0,0.0,0.0,0.0,0.0,0.0,0.0,0.0,0.0
72591,0.0,0.0,0.0,0.0,0.0,0.0,0.0,0.0,0.0,0.0,0.0,0.0
72617,0.0,0.0,0.0,0.0,0.0,0.0,0.0,0.0,0.0,0.0,0.0,0.0
72659,0.0,0.0,0.0,0.0,0.0,0.0,0.0,0.0,0.0,0.0,0.0,0.0
72680,0.0,0.0,0.0,0.0,0.0,0.0,0.0,0.0,0.0,0.0,0.0,0.0
72686,0.0,0.0,0.0,0.0,0.0,0.0,0.0,0.0,0.0,0.0,0.0,0.0
72691,0.0,0.0,0.0,0.0,0.0,0.0,0.0,0.0,0.0,0.0,0.0,0.0
72722,0.0,0.0,0.0,0.0,0.0,0.0,0.0,0.0,0.0,0.0,0.0,0.0
72739,0.0,0.0,0.0,0.0,0.0,0.0,0.0,0.0,0.0,0.0,0.0,0.0
72751,0.0,0.0,0.0,0.0,0.0,0.0,0.0,0.0,0.0,0.0,0.0,0.0
72792,0.0,0.0,0.0,0.0,0.0,0.0,0.0,0.0,0.0,0.0,0.0,0.0
72813,0.0,0.0,0.0,0.0,0.0,0.0,0.0,0.0,0.0,0.0,0.0,0.0
72839,0.0,0.0,0.0,0.0,0.0,0.0,0.0,0.0,0.0,0.0,0.0,0.0
72909,0.0,0.0,0.0,0.0,0.0,0.0,0.0,0.0,0.0,0.0,0.0,0.0
72925,0.0,0.0,0.0,0.0,0.0,0.0,0.0,0.0,0.0,0.0,0.0,0.0
72940,0.0,0.0,0.0,0.0,0.0,0.0,0.0,0.0,0.0,0.0,0.0,0.0
72959,0.0,0.0,0.0,0.0,0.0,0.0,0.0,0.0,0.0,0.0,0.0,0.0
72965,0.0,0.0,0.0,0.0,0.0,0.0,0.0,0.0,0.0,0.0,0.0,0.0
72970,0.0,0.0,0.0,0.0,0.0,0.0,0.0,0.0,0.0,0.0,0.0,0.0
72979,0.0,0.0,0.0,0.0,0.0,0.0,0.0,0.0,0.0,0.0,0.0,0.0
72988,0.0,0.0,0.0,0.0,0.0,0.0,0.0,0.0,0.0,0.0,0.0,0.0
73007,0.0,0.0,0.0,0.0,0.0,0.0,0.0,0.0,0.0,0.0,0.0,0.0
73010,0.0,0.0,0.0,0.0,0.0,0.0,0.0,0.0,0.0,0.0,0.0,0.0
73030,0.0,0.0,0.0,0.0,0.0,0.0,0.0,0.0,0.0,0.0,0.0,0.0
73066,0.0,0.0,0.0,0.0,0.0,0.0,0.0,0.0,0.0,0.0,0.0,0.0
73082,0.0,0.0,0.0,0.0,0.0,0.0,0.0,0.0,0.0,0.0,0.0,0.0
73102,0.0,0.0,0.0,0.0,0.0,0.0,0.0,0.0,0.0,0.0,0.0,0.0
73104,0.0,0.0,0.0,0.0,0.0,0.0,0.0,0.0,0.0,0.0,0.0,0.0
73105,0.0,0.0,0.0,0.0,0.0,0.0,0.0,0.0,0.0,0.0,0.0,0.0
73153,0.0,0.0,0.0,0.0,0.0,0.0,0.0,0.0,0.0,0.0,0.0,0.0
73165,0.0,0.0,0.0,0.0,0.0,0.0,0.0,0.0,0.0,0.0,0.0,0.0
73173,0.0,0.0,0.0,0.0,0.0,0.0,0.0,0.0,0.0,0.0,0.0,0.0
73185,0.0,0.0,0.0,0.0,0.0,0.0,0.0,0.0,0.0,0.0,0.0,0.0
73189,0.0,0.0,0.0,0.0,0.0,0.0,0.0,0.0,0.0,0.0,0.0,0.0
73194,0.0,0.0,0.0,0.0,0.0,0.0,0.0,0.0,0.0,0.0,0.0,0.0
73269,0.0,0.0,0.0,0.0,0.0,0.0,0.0,0.0,0.0,0.0,0.0,0.0
73270,0.0,0.0,0.0,0.0,0.0,0.0,0.0,0.0,0.0,0.0,0.0,0.0
73278,0.0,0.0,0.0,0.0,0.0,0.0,0.0,0.0,0.0,0.0,0.0,0.0
73290,0.0,0.0,0.0,0.0,0.0,0.0,0.0,0.0,0.0,0.0,0.0,0.0
73297,0.0,0.0,0.0,0.0,0.0,0.0,0.0,0.0,0.0,0.0,0.0,0.0
73301,0.0,0.0,0.0,0.0,0.0,0.0,0.0,0.0,0.0,0.0,0.0,0.0
73415,0.0,0.0,0.0,0.0,0.0,0.0,0.0,0.0,0.0,0.0,0.0,0.0
73430,0.0,0.0,0.0,0.0,0.0,0.0,0.0,0.0,0.0,0.0,0.0,0.0
73433,0.0,0.0,0.0,0.0,0.0,0.0,0.0,0.0,0.0,0.0,0.0,0.0
73445,0.0,0.0,0.0,0.0,0.0,0.0,0.0,0.0,0.0,0.0,0.0,0.0
73470,0.0,0.0,0.0,0.0,0.0,0.0,0.0,0.0,0.0,0.0,0.0,0.0
73522,0.0,0.0,0.0,0.0,0.0,0.0,0.0,0.0,0.0,0.0,0.0,0.0
73563,0.0,0.0,0.0,0.0,0.0,0.0,0.0,0.0,0.0,0.0,0.0,0.0
73618,0.0,0.0,0.0,0.0,0.0,0.0,0.0,0.0,0.0,0.0,0.0,0.0
73641,0.0,0.0,0.0,0.0,0.0,0.0,0.0,0.0,0.0,0.0,0.0,0.0
73653,0.0,0.0,0.0,0.0,0.0,0.0,0.0,0.0,0.0,0.0,0.0,0.0
73665,0.0,0.0,0.0,0.0,0.0,0.0,0.0,0.0,0.0,0.0,0.0,0.0
73671,0.0,0.0,0.0,0.0,0.0,0.0,0.0,0.0,0.0,0.0,0.0,0.0
73672,0.0,0.0,0.0,0.0,0.0,0.0,0.0,0.0,0.0,0.0,0.0,0.0
73677,0.0,0.0,0.0,0.0,0.0,0.0,0.0,0.0,0.0,0.0,0.0,0.0
73726,0.0,0.0,0.0,0.0,0.0,0.0,0.0,0.0,0.0,0.0,0.0,0.0
73731,0.0,0.0,0.0,0.0,0.0,0.0,0.0,0.0,0.0,0.0,0.0,0.0
73800,0.0,0.0,0.0,0.0,0.0,0.0,0.0,0.0,0.0,0.0,0.0,0.0
73922,0.0,0.0,0.0,0.0,0.0,0.0,0.0,0.0,0.0,0.0,0.0,0.0
73926,0.0,0.0,0.0,0.0,0.0,0.0,0.0,0.0,0.0,0.0,0.0,0.0
73942,0.0,0.0,0.0,0.0,0.0,0.0,0.0,0.0,0.0,0.0,0.0,0.0
73956,0.0,0.0,0.0,0.0,0.0,0.0,0.0,0.0,0.0,0.0,0.0,0.0
73974,0.0,0.0,0.0,0.0,0.0,0.0,0.0,0.0,0.0,0.0,0.0,0.0
73980,0.0,0.0,0.0,0.0,0.0,0.0,0.0,0.0,0.0,0.0,0.0,0.0
74010,0.0,0.0,0.0,0.0,0.0,0.0,0.0,0.0,0.0,0.0,0.0,0.0
74045,0.0,0.0,0.0,0.0,0.0,0.0,0.0,0.0,0.0,0.0,0.0,0.0
74051,0.0,0.0,0.0,0.0,0.0,0.0,0.0,0.0,0.0,0.0,0.0,0.0
74053,0.0,0.0,0.0,0.0,0.0,0.0,0.0,0.0,0.0,0.0,0.0,0.0
74058,0.0,0.0,0.0,0.0,0.0,0.0,0.0,0.0,0.0,0.0,0.0,0.0
74109,0.0,0.0,0.0,0.0,0.0,0.0,0.0,0.0,0.0,0.0,0.0,0.0
74129,0.0,0.0,0.0,0.0,0.0,0.0,0.0,0.0,0.0,0.0,0.0,0.0
74133,0.0,0.0,0.0,0.0,0.0,0.0,0.0,0.0,0.0,0.0,0.0,0.0
74184,0.0,0.0,0.0,0.0,0.0,0.0,0.0,0.0,0.0,0.0,0.0,0.0
74273,0.0,0.0,0.0,0.0,0.0,0.0,0.0,0.0,0.0,0.0,0.0,0.0
74284,0.0,0.0,0.0,0.0,0.0,0.0,0.0,0.0,0.0,0.0,0.0,0.0
74387,0.0,0.0,0.0,0.0,0.0,0.0,0.0,0.0,0.0,0.0,0.0,0.0
74392,0.0,0.0,0.0,0.0,0.0,0.0,0.0,0.0,0.0,0.0,0.0,0.0
74425,0.0,0.0,0.0,0.0,0.0,0.0,0.0,0.0,0.0,0.0,0.0,0.0
74432,0.0,0.0,0.0,0.0,0.0,0.0,0.0,0.0,0.0,0.0,0.0,0.0
74489,0.0,0.0,0.0,0.0,0.0,0.0,0.0,0.0,0.0,0.0,0.0,0.0
74497,0.0,0.0,0.0,0.0,0.0,0.0,0.0,0.0,0.0,0.0,0.0,0.0
74500,0.0,0.0,0.0,0.0,0.0,0.0,0.0,0.0,0.0,0.0,0.0,0.0
74519,0.0,0.0,0.0,0.0,0.0,0.0,0.0,0.0,0.0,0.0,0.0,0.0
74532,0.0,0.0,0.0,0.0,0.0,0.0,0.0,0.0,0.0,0.0,0.0,0.0
74558,0.0,0.0,0.0,0.0,0.0,0.0,0.0,0.0,0.0,0.0,0.0,0.0
74570,0.0,0.0,0.0,0.0,0.0,0.0,0.0,0.0,0.0,0.0,0.0,0.0
74571,0.0,0.0,0.0,0.0,0.0,0.0,0.0,0.0,0.0,0.0,0.0,0.0
74585,0.0,0.0,0.0,0.0,0.0,0.0,0.0,0.0,0.0,0.0,0.0,0.0
74612,0.0,0.0,0.0,0.0,0.0,0.0,0.0,0.0,0.0,0.0,0.0,0.0
74685,0.0,0.0,0.0,0.0,0.0,0.0,0.0,0.0,0.0,0.0,0.0,0.0
74728,0.0,0.0,0.0,0.0,0.0,0.0,0.0,0.0,0.0,0.0,0.0,0.0
74793,0.0,0.0,0.0,0.0,0.0,0.0,0.0,0.0,0.0,0.0,0.0,0.0
74849,0.0,0.0,0.0,0.0,0.0,0.0,0.0,0.0,0.0,0.0,0.0,0.0
74851,0.0,0.0,0.0,0.0,0.0,0.0,0.0,0.0,0.0,0.0,0.0,0.0
74874,0.0,0.0,0.0,0.0,0.0,0.0,0.0,0.0,0.0,0.0,0.0,0.0
74878,0.0,0.0,0.0,0.0,0.0,0.0,0.0,0.0,0.0,0.0,0.0,0.0
74887,0.0,0.0,0.0,0.0,0.0,0.0,0.0,0.0,0.0,0.0,0.0,0.0
74908,0.0,0.0,0.0,0.0,0.0,0.0,0.0,0.0,0.0,0.0,0.0,0.0
74922,0.0,0.0,0.0,0.0,0.0,0.0,0.0,0.0,0.0,0.0,0.0,0.0
74929,0.0,0.0,0.0,0.0,0.0,0.0,0.0,0.0,0.0,0.0,0.0,0.0
74932,0.0,0.0,0.0,0.0,0.0,0.0,0.0,0.0,0.0,0.0,0.0,0.0
74961,0.0,0.0,0.0,0.0,0.0,0.0,0.0,0.0,0.0,0.0,0.0,0.0
74966,0.0,0.0,0.0,0.0,0.0,0.0,0.0,0.0,0.0,0.0,0.0,0.0
74986,0.0,0.0,0.0,0.0,0.0,0.0,0.0,0.0,0.0,0.0,0.0,0.0
74992,0.0,0.0,0.0,0.0,0.0,0.0,0.0,0.0,0.0,0.0,0.0,0.0
75013,0.0,0.0,0.0,0.0,0.0,0.0,0.0,0.0,0.0,0.0,0.0,0.0
75019,0.0,0.0,0.0,0.0,0.0,0.0,0.0,0.0,0.0,0.0,0.0,0.0
75052,0.0,0.0,0.0,0.0,0.0,0.0,0.0,0.0,0.0,0.0,0.0,0.0
75066,0.0,0.0,0.0,0.0,0.0,0.0,0.0,0.0,0.0,0.0,0.0,0.0
75071,0.0,0.0,0.0,0.0,0.0,0.0,0.0,0.0,0.0,0.0,0.0,0.0
75081,0.0,0.0,0.0,0.0,0.0,0.0,0.0,0.0,0.0,0.0,0.0,0.0
75088,0.0,0.0,0.0,0.0,0.0,0.0,0.0,0.0,0.0,0.0,0.0,0.0
75099,0.0,0.0,0.0,0.0,0.0,0.0,0.0,0.0,0.0,0.0,0.0,0.0
75133,0.0,0.0,0.0,0.0,0.0,0.0,0.0,0.0,0.0,0.0,0.0,0.0
75148,0.0,0.0,0.0,0.0,0.0,0.0,0.0,0.0,0.0,0.0,0.0,0.0
75150,0.0,0.0,0.0,0.0,0.0,0.0,0.0,0.0,0.0,0.0,0.0,0.0
75154,0.0,0.0,0.0,0.0,0.0,0.0,0.0,0.0,0.0,0.0,0.0,0.0
75198,0.0,0.0,0.0,0.0,0.0,0.0,0.0,0.0,0.0,0.0,0.0,0.0
75288,0.0,0.0,0.0,0.0,0.0,0.0,0.0,0.0,0.0,0.0,0.0,0.0
75334,0.0,0.0,0.0,0.0,0.0,0.0,0.0,0.0,0.0,0.0,0.0,0.0
75401,0.0,0.0,0.0,0.0,0.0,0.0,0.0,0.0,0.0,0.0,0.0,0.0
75403,0.0,0.0,0.0,0.0,0.0,0.0,0.0,0.0,0.0,0.0,0.0,0.0
75409,0.0,0.0,0.0,0.0,0.0,0.0,0.0,0.0,0.0,0.0,0.0,0.0
75441,0.0,0.0,0.0,0.0,0.0,0.0,0.0,0.0,0.0,0.0,0.0,0.0
75456,0.0,0.0,0.0,0.0,0.0,0.0,0.0,0.0,0.0,0.0,0.0,0.0
75462,0.0,0.0,0.0,0.0,0.0,0.0,0.0,0.0,0.0,0.0,0.0,0.0
75464,0.0,0.0,0.0,0.0,0.0,0.0,0.0,0.0,0.0,0.0,0.0,0.0
75479,0.0,0.0,0.0,0.0,0.0,0.0,0.0,0.0,0.0,0.0,0.0,0.0
75482,0.0,0.0,0.0,0.0,0.0,0.0,0.0,0.0,0.0,0.0,0.0,0.0
75489,0.0,0.0,0.0,0.0,0.0,0.0,0.0,0.0,0.0,0.0,0.0,0.0
75505,0.0,0.0,0.0,0.0,0.0,0.0,0.0,0.0,0.0,0.0,0.0,0.0
75534,0.0,0.0,0.0,0.0,0.0,0.0,0.0,0.0,0.0,0.0,0.0,0.0
75551,0.0,0.0,0.0,0.0,0.0,0.0,0.0,0.0,0.0,0.0,0.0,0.0
75552,0.0,0.0,0.0,0.0,0.0,0.0,0.0,0.0,0.0,0.0,0.0,0.0
75571,0.0,0.0,0.0,0.0,0.0,0.0,0.0,0.0,0.0,0.0,0.0,0.0
75583,0.0,0.0,0.0,0.0,0.0,0.0,0.0,0.0,0.0,0.0,0.0,0.0
75630,0.0,0.0,0.0,0.0,0.0,0.0,0.0,0.0,0.0,0.0,0.0,0.0
75635,0.0,0.0,0.0,0.0,0.0,0.0,0.0,0.0,0.0,0.0,0.0,0.0
75657,0.0,0.0,0.0,0.0,0.0,0.0,0.0,0.0,0.0,0.0,0.0,0.0
75681,0.0,0.0,0.0,0.0,0.0,0.0,0.0,0.0,0.0,0.0,0.0,0.0
75691,0.0,0.0,0.0,0.0,0.0,0.0,0.0,0.0,0.0,0.0,0.0,0.0
75766,0.0,0.0,0.0,0.0,0.0,0.0,0.0,0.0,0.0,0.0,0.0,0.0
75935,0.0,0.0,0.0,0.0,0.0,0.0,0.0,0.0,0.0,0.0,0.0,0.0
75940,0.0,0.0,0.0,0.0,0.0,0.0,0.0,0.0,0.0,0.0,0.0,0.0
75978,0.0,0.0,0.0,0.0,0.0,0.0,0.0,0.0,0.0,0.0,0.0,0.0
75991,0.0,0.0,0.0,0.0,0.0,0.0,0.0,0.0,0.0,0.0,0.0,0.0
76022,0.0,0.0,0.0,0.0,0.0,0.0,0.0,0.0,0.0,0.0,0.0,0.0
76026,0.0,0.0,0.0,0.0,0.0,0.0,0.0,0.0,0.0,0.0,0.0,0.0
76029,0.0,0.0,0.0,0.0,0.0,0.0,0.0,0.0,0.0,0.0,0.0,0.0
76048,0.0,0.0,0.0,0.0,0.0,0.0,0.0,0.0,0.0,0.0,0.0,0.0
76052,0.0,0.0,0.0,0.0,0.0,0.0,0.0,0.0,0.0,0.0,0.0,0.0
76076,0.0,0.0,0.0,0.0,0.0,0.0,0.0,0.0,0.0,0.0,0.0,0.0
76167,0.0,0.0,0.0,0.0,0.0,0.0,0.0,0.0,0.0,0.0,0.0,0.0
76175,0.0,0.0,0.0,0.0,0.0,0.0,0.0,0.0,0.0,0.0,0.0,0.0
76184,0.0,0.0,0.0,0.0,0.0,0.0,0.0,0.0,0.0,0.0,0.0,0.0
76185,0.0,0.0,0.0,0.0,0.0,0.0,0.0,0.0,0.0,0.0,0.0,0.0
76196,0.0,0.0,0.0,0.0,0.0,0.0,0.0,0.0,0.0,0.0,0.0,0.0
76216,0.0,0.0,0.0,0.0,0.0,0.0,0.0,0.0,0.0,0.0,0.0,0.0
76289,0.0,-353125.46875,0.0,0.0,0.0,0.0,0.0,0.0,0.0,0.0,0.0,0.0
76291,0.0,0.0,0.0,0.0,0.0,0.0,0.0,0.0,0.0,0.0,0.0,0.0
76305,0.0,0.0,0.0,0.0,0.0,0.0,0.0,0.0,0.0,0.0,0.0,0.0
76315,0.0,0.0,0.0,0.0,0.0,0.0,0.0,0.0,0.0,0.0,0.0,0.0
76338,0.0,0.0,0.0,0.0,0.0,0.0,0.0,0.0,0.0,0.0,0.0,0.0
76358,0.0,0.0,0.0,0.0,0.0,0.0,0.0,0.0,0.0,0.0,0.0,0.0
76376,0.0,0.0,0.0,0.0,0.0,0.0,0.0,0.0,0.0,0.0,0.0,0.0
76383,0.0,0.0,0.0,0.0,0.0,0.0,0.0,0.0,0.0,0.0,0.0,0.0
76420,0.0,0.0,0.0,0.0,0.0,0.0,0.0,0.0,0.0,0.0,0.0,0.0
76445,0.0,0.0,0.0,0.0,0.0,0.0,0.0,0.0,0.0,0.0,0.0,0.0
76486,0.0,0.0,0.0,0.0,0.0,0.0,0.0,0.0,0.0,0.0,0.0,0.0
76527,0.0,0.0,0.0,0.0,0.0,0.0,0.0,0.0,0.0,0.0,0.0,0.0
76545,0.0,0.0,0.0,0.0,0.0,0.0,0.0,0.0,0.0,0.0,0.0,0.0
76569,0.0,0.0,0.0,0.0,0.0,0.0,0.0,0.0,0.0,0.0,0.0,0.0
76571,0.0,0.0,0.0,0.0,0.0,0.0,0.0,0.0,0.0,0.0,0.0,0.0
76590,0.0,0.0,0.0,0.0,0.0,0.0,0.0,0.0,0.0,-255207.29057501443,0.0,0.0
76603,0.0,0.0,0.0,0.0,0.0,0.0,0.0,0.0,0.0,0.0,0.0,0.0
76633,0.0,0.0,0.0,0.0,0.0,0.0,0.0,0.0,0.0,0.0,0.0,0.0
76665,0.0,0.0,0.0,0.0,0.0,0.0,0.0,0.0,0.0,0.0,0.0,0.0
76667,0.0,0.0,0.0,0.0,0.0,0.0,0.0,0.0,0.0,0.0,0.0,0.0
76672,0.0,0.0,0.0,0.0,0.0,0.0,0.0,0.0,0.0,0.0,0.0,0.0
76676,0.0,0.0,0.0,0.0,0.0,0.0,0.0,0.0,0.0,0.0,0.0,0.0
76688,0.0,0.0,0.0,0.0,0.0,0.0,0.0,0.0,0.0,0.0,0.0,0.0
76692,0.0,0.0,0.0,0.0,0.0,0.0,0.0,0.0,0.0,0.0,0.0,0.0
76701,0.0,0.0,0.0,0.0,0.0,0.0,0.0,0.0,0.0,0.0,0.0,0.0
76716,0.0,0.0,0.0,0.0,0.0,0.0,0.0,0.0,0.0,0.0,0.0,0.0
76742,0.0,0.0,0.0,0.0,0.0,0.0,0.0,0.0,0.0,0.0,0.0,0.0
76768,0.0,0.0,0.0,0.0,0.0,0.0,0.0,0.0,0.0,0.0,0.0,0.0
76785,0.0,0.0,0.0,0.0,0.0,0.0,0.0,0.0,0.0,0.0,0.0,0.0
76831,0.0,0.0,0.0,0.0,0.0,0.0,0.0,0.0,0.0,0.0,0.0,0.0
76841,0.0,0.0,0.0,0.0,0.0,0.0,0.0,0.0,0.0,0.0,0.0,0.0
76848,0.0,0.0,0.0,0.0,0.0,0.0,0.0,0.0,0.0,0.0,0.0,0.0
76867,0.0,0.0,0.0,0.0,0.0,0.0,0.0,0.0,0.0,0.0,0.0,0.0
76908,0.0,0.0,0.0,0.0,0.0,0.0,0.0,0.0,0.0,0.0,0.0,0.0
76915,0.0,0.0,0.0,0.0,0.0,0.0,0.0,0.0,0.0,0.0,0.0,0.0
76918,0.0,0.0,0.0,0.0,0.0,0.0,0.0,0.0,0.0,0.0,0.0,0.0
76937,0.0,0.0,0.0,0.0,0.0,0.0,0.0,0.0,0.0,0.0,0.0,0.0
76939,0.0,0.0,0.0,0.0,0.0,0.0,0.0,0.0,0.0,0.0,0.0,0.0
76947,0.0,0.0,0.0,0.0,0.0,0.0,0.0,0.0,0.0,0.0,0.0,0.0
76960,0.0,0.0,0.0,0.0,0.0,0.0,0.0,0.0,0.0,0.0,0.0,0.0
76974,0.0,0.0,0.0,0.0,0.0,0.0,0.0,0.0,0.0,0.0,0.0,0.0
76978,0.0,0.0,0.0,0.0,0.0,0.0,0.0,0.0,0.0,0.0,0.0,0.0
76984,0.0,0.0,0.0,0.0,0.0,0.0,0.0,0.0,0.0,0.0,0.0,0.0
77019,0.0,0.0,0.0,0.0,0.0,0.0,0.0,0.0,0.0,0.0,0.0,0.0
77039,0.0,0.0,0.0,0.0,0.0,0.0,0.0,0.0,0.0,0.0,0.0,0.0
77093,0.0,0.0,0.0,0.0,0.0,0.0,0.0,0.0,0.0,0.0,0.0,0.0
77107,0.0,0.0,0.0,0.0,0.0,0.0,0.0,0.0,0.0,0.0,0.0,0.0
77113,0.0,0.0,0.0,0.0,0.0,0.0,0.0,0.0,0.0,0.0,0.0,0.0
77145,0.0,0.0,0.0,0.0,0.0,0.0,0.0,0.0,0.0,0.0,0.0,0.0
77151,0.0,0.0,0.0,0.0,0.0,0.0,0.0,0.0,0.0,0.0,0.0,0.0
77152,0.0,0.0,0.0,0.0,0.0,0.0,0.0,0.0,0.0,0.0,0.0,0.0
77185,0.0,0.0,0.0,0.0,0.0,0.0,0.0,0.0,0.0,0.0,0.0,0.0
77187,0.0,0.0,0.0,0.0,0.0,0.0,0.0,0.0,0.0,0.0,0.0,0.0
77196,0.0,0.0,0.0,0.0,0.0,0.0,0.0,0.0,0.0,0.0,0.0,0.0
77200,0.0,0.0,0.0,0.0,0.0,0.0,0.0,0.0,0.0,0.0,0.0,0.0
77203,0.0,0.0,0.0,0.0,0.0,0.0,0.0,0.0,0.0,0.0,0.0,0.0
77213,0.0,0.0,0.0,0.0,0.0,0.0,0.0,0.0,0.0,0.0,0.0,0.0
77237,0.0,0.0,0.0,0.0,0.0,0.0,0.0,0.0,0.0,0.0,0.0,0.0
77252,0.0,0.0,0.0,0.0,0.0,0.0,0.0,0.0,0.0,0.0,0.0,0.0
77294,0.0,0.0,0.0,0.0,0.0,0.0,0.0,0.0,0.0,0.0,0.0,0.0
77306,0.0,0.0,0.0,0.0,0.0,0.0,0.0,0.0,0.0,0.0,0.0,0.0
77310,0.0,0.0,0.0,0.0,0.0,0.0,0.0,0.0,0.0,0.0,0.0,0.0
77315,0.0,0.0,0.0,0.0,0.0,0.0,0.0,0.0,0.0,0.0,0.0,0.0
77345,0.0,0.0,0.0,0.0,0.0,0.0,0.0,0.0,0.0,0.0,0.0,0.0
77351,0.0,0.0,0.0,0.0,0.0,0.0,0.0,0.0,0.0,0.0,0.0,0.0
77353,0.0,0.0,0.0,0.0,0.0,0.0,0.0,0.0,0.0,0.0,0.0,0.0
77393,0.0,0.0,0.0,0.0,0.0,0.0,0.0,0.0,0.0,0.0,0.0,0.0
77404,0.0,0.0,0.0,0.0,0.0,0.0,0.0,0.0,0.0,0.0,0.0,0.0
77411,0.0,0.0,0.0,0.0,0.0,0.0,0.0,0.0,0.0,0.0,0.0,0.0
77414,0.0,0.0,0.0,0.0,0.0,0.0,0.0,0.0,0.0,0.0,0.0,0.0
77419,0.0,0.0,0.0,0.0,0.0,0.0,0.0,0.0,0.0,0.0,0.0,0.0
77438,0.0,0.0,0.0,0.0,0.0,0.0,0.0,0.0,0.0,0.0,0.0,0.0
77442,0.0,0.0,0.0,0.0,0.0,0.0,0.0,0.0,0.0,0.0,0.0,0.0
77507,0.0,0.0,0.0,0.0,0.0,0.0,0.0,0.0,0.0,0.0,0.0,0.0
77525,0.0,0.0,0.0,0.0,0.0,0.0,0.0,0.0,0.0,0.0,0.0,0.0
77610,0.0,0.0,0.0,0.0,0.0,0.0,0.0,0.0,0.0,0.0,0.0,0.0
77618,0.0,0.0,0.0,0.0,0.0,0.0,0.0,0.0,0.0,0.0,0.0,0.0
77623,0.0,0.0,0.0,0.0,0.0,0.0,0.0,0.0,0.0,0.0,0.0,0.0
77639,0.0,0.0,0.0,0.0,0.0,0.0,0.0,0.0,0.0,0.0,0.0,0.0
77657,0.0,0.0,0.0,0.0,0.0,0.0,0.0,0.0,0.0,0.0,0.0,0.0
77702,0.0,0.0,0.0,0.0,0.0,0.0,0.0,0.0,0.0,0.0,0.0,0.0
77719,0.0,0.0,0.0,0.0,0.0,0.0,0.0,0.0,0.0,0.0,0.0,0.0
77727,0.0,0.0,0.0,0.0,0.0,0.0,0.0,0.0,0.0,0.0,0.0,0.0
77739,0.0,0.0,0.0,0.0,0.0,0.0,0.0,0.0,0.0,0.0,0.0,0.0
77753,0.0,0.0,0.0,0.0,0.0,0.0,0.0,0.0,0.0,0.0,0.0,0.0
77807,0.0,0.0,0.0,0.0,0.0,0.0,0.0,0.0,0.0,0.0,0.0,0.0
77878,0.0,0.0,0.0,0.0,0.0,0.0,0.0,0.0,0.0,0.0,0.0,0.0
77892,0.0,0.0,0.0,0.0,0.0,0.0,0.0,0.0,-21428.478515625,-16322.6689453125,0.0,0.0
77904,0.0,0.0,0.0,0.0,0.0,0.0,0.0,0.0,0.0,0.0,0.0,0.0
77905,0.0,0.0,0.0,0.0,0.0,0.0,0.0,0.0,0.0,0.0,0.0,0.0
77945,0.0,0.0,0.0,0.0,0.0,0.0,0.0,0.0,0.0,0.0,0.0,0.0
78039,0.0,0.0,0.0,0.0,0.0,0.0,0.0,0.0,0.0,0.0,0.0,0.0
78076,0.0,0.0,0.0,0.0,0.0,0.0,0.0,0.0,0.0,0.0,0.0,0.0
78082,0.0,0.0,0.0,0.0,0.0,0.0,0.0,0.0,0.0,0.0,0.0,0.0
78091,0.0,0.0,0.0,0.0,0.0,0.0,0.0,0.0,0.0,0.0,0.0,0.0
78101,0.0,0.0,0.0,0.0,0.0,0.0,0.0,0.0,0.0,0.0,0.0,0.0
78121,0.0,0.0,0.0,0.0,0.0,0.0,0.0,0.0,0.0,0.0,0.0,0.0
78124,0.0,0.0,0.0,0.0,0.0,0.0,0.0,0.0,0.0,0.0,0.0,0.0
78128,0.0,0.0,0.0,0.0,0.0,0.0,0.0,0.0,0.0,0.0,0.0,0.0
78206,0.0,0.0,0.0,0.0,0.0,0.0,0.0,0.0,0.0,0.0,0.0,0.0
78220,0.0,0.0,0.0,0.0,0.0,0.0,0.0,0.0,0.0,0.0,0.0,0.0
78222,0.0,0.0,0.0,0.0,0.0,0.0,0.0,0.0,0.0,0.0,0.0,0.0
78229,0.0,0.0,0.0,0.0,0.0,0.0,0.0,0.0,0.0,0.0,0.0,0.0
78238,0.0,0.0,0.0,0.0,0.0,0.0,0.0,0.0,0.0,0.0,0.0,0.0
78249,0.0,0.0,0.0,0.0,0.0,0.0,0.0,0.0,0.0,0.0,0.0,0.0
78259,0.0,0.0,0.0,0.0,0.0,0.0,0.0,0.0,0.0,0.0,0.0,0.0
78263,0.0,0.0,0.0,0.0,0.0,0.0,0.0,0.0,0.0,0.0,0.0,0.0
78272,0.0,0.0,0.0,0.0,0.0,0.0,0.0,0.0,0.0,0.0,0.0,0.0
78295,0.0,0.0,0.0,0.0,0.0,0.0,0.0,0.0,0.0,0.0,0.0,0.0
78335,0.0,0.0,0.0,0.0,0.0,0.0,0.0,0.0,0.0,0.0,0.0,0.0
78339,0.0,0.0,0.0,0.0,0.0,0.0,0.0,0.0,0.0,0.0,0.0,0.0
78393,0.0,0.0,0.0,0.0,0.0,0.0,0.0,0.0,0.0,0.0,0.0,0.0
78403,0.0,0.0,0.0,0.0,0.0,0.0,0.0,0.0,0.0,0.0,0.0,0.0
78422,0.0,0.0,0.0,0.0,0.0,0.0,0.0,0.0,0.0,0.0,0.0,0.0
78433,0.0,0.0,0.0,0.0,0.0,0.0,0.0,0.0,0.0,0.0,0.0,0.0
78447,0.0,0.0,0.0,0.0,0.0,0.0,0.0,0.0,0.0,0.0,0.0,0.0
78470,0.0,0.0,0.0,0.0,0.0,0.0,0.0,0.0,0.0,0.0,0.0,0.0
78505,0.0,0.0,0.0,0.0,0.0,0.0,0.0,0.0,0.0,0.0,0.0,0.0
78519,0.0,0.0,0.0,0.0,0.0,0.0,0.0,0.0,0.0,0.0,0.0,0.0
78526,0.0,0.0,0.0,0.0,0.0,0.0,0.0,0.0,0.0,0.0,0.0,0.0
